stories_id,publish_date,title,url,language,ap_syndicated,themes,media_id,media_name,media_url
"834382014","2018-03-28 08:00:18","Concerns about ice, environment spur NHL to fight climate change by thinking green","http://rssfeeds.usatoday.com/~/535607040/0/usatodaycomsports-topstories~Concerns-about-ice-environment-spur-NHL-to-fight-climate-change-by-thinking-green/","en","False","hockey, ice","4","USA Today","http://www.usatoday.com"
"900447429","2018-06-13 02:34:37","Hints From Heloise: The basics of buttermilk","https://www.washingtonpost.com/lifestyle/style/hints-from-heloise-the-basics-of-buttermilk/2018/06/07/9737a4b2-637d-11e8-99d2-0d678ec08c2f_story.html","en","False","medicine and health, dairy products, food","2","Washington Post","http://washingtonpost.com"
"938970152","2018-07-27 12:42:41","Britain gets more than half its electricity from low-carbon sources","https://nypost.com/2018/07/27/britain-gets-more-than-half-its-electricity-from-low-carbon-sources/","en","False","environment, energy and power, electric light and power, light","7","New York Post","http://www.nypost.com/"
"1004756557","2018-09-27 08:00:16","How Renewables Lead to a World of Peak Energy","https://www.washingtonpost.com/business/how-renewables-lead-to-a-world-of-peak-energy/2018/09/27/111d750e-c256-11e8-9451-e878f96be19b_story.html","en","False","energy and power, electric light and power, light","2","Washington Post","http://washingtonpost.com"
"1038452668","2018-10-24 18:45:26","Scientists Push for a Crash Program to Scrub Carbon From the Air","https://www.nytimes.com/2018/10/24/climate/global-warming-carbon-removal.html","en","False","global warming, environment, weather, energy and power, air pollution, food, electric light and power, light, chemistry","1","New York Times","http://nytimes.com"
"1039560152","2018-10-25 17:00:09","Project Syndicate: A carbon zero economy is easily within reach","http://www.marketwatch.com/news/story.asp?guid=%7B2F4ECECC-D85B-11E8-80F1-F97EEE5ED72F%7D&siteid=rss&rss=1","en","False","global warming, environment, editorials, weather, economic conditions and trends, energy and power, air pollution, electric light and power, light","1150","Wall Street Journal","https://www.wsj.com/"
"1046357841","2018-11-02 08:16:02","The Energy 202: Some Republicans in close races are (ever so slightly) changing their tune on climate change","https://www.washingtonpost.com/news/powerpost/paloma/the-energy-202/2018/11/02/the-energy-202-some-republicans-in-close-races-are-ever-so-slightly-changing-their-tune-on-climate-change/5bdb39a41b326b37e00b5a92/","en","False","politics and government, united states politics and government, elections, governors (us), global warming","2","Washington Post","http://washingtonpost.com"
"1113361250","2018-11-17 00:00:00","Facing Deadlier Fires, California Tries Something New: More Logging","https://www.wsj.com/articles/facing-deadlier-fires-california-tries-something-new-more-logging-1542390642","en","False","environment, editorials, weather, trees and shrubs, fires and firefighters, fires and firemen, forests and forestry","1150","Wall Street Journal","https://www.wsj.com/"
"1113498563","2018-12-07 07:00:00","Vast forests of dead or stressed trees prompt new approach to restoration","https://www.washingtonpost.com/national/health-science/vast-forests-of-dead-or-stressed-trees-prompt-new-federal-approach-to-restoration-out-west/2018/12/06/9d24baec-f804-11e8-8c9a-860ce2a8148f_story.html","en","False","forests and forestry","2","Washington Post","http://washingtonpost.com"
"1125835426","2018-12-24 05:00:02","How Does Your State Make Electricity?","https://www.nytimes.com/interactive/2018/12/24/climate/how-electricity-generation-changed-in-your-state.html?partner=rss&emc=rss","en","False","","1","New York Times","http://nytimes.com"
"1194061063","2019-02-13 05:00:01","How to Cut U.S. Emissions Faster? Do What These Countries Are Doing.","https://www.nytimes.com/interactive/2019/02/13/climate/cut-us-emissions-with-policies-from-other-countries.html?partner=rss&emc=rss","en","False","","1","New York Times","http://nytimes.com"
"1243207686","2019-04-09 22:11:19","A Green Real Deal, for Real Results, Real Soon","https://www.nytimes.com/2019/04/09/opinion/trump-2020-green-deal.html","en","False","politics and government, hurricanes and tropical storms","1","New York Times","http://nytimes.com"
"1253119387","2019-04-16 00:26:55","Marvel, demolition by tank, &lsquo;Alien&rsquo; returns: News from around our 50 states","http://rssfeeds.usatoday.com/~/600874428/0/usatoday-newstopstories~Marvel-demolition-by-tank-lsquoAlienrsquo-returns-News-from-around-our-states/","en","False","","4","USA Today","http://www.usatoday.com"
"1244331324","2018-07-13 05:30:02","In developing world, an expensive push to reduce cooking fire deaths falls short","http://rssfeeds.usatoday.com/~/558157000/0/usatoday-newstopstories~In-developing-world-an-expensive-push-to-reduce-cooking-fire-deaths-falls-short/","en","False","food","4","USA Today","http://www.usatoday.com"
"1271959773","2019-05-02 06:00:00","Alexandria council holds line on taxes, avoids spending cuts","https://www.washingtonpost.com/local/virginia-politics/alexandria-council-holds-line-on-taxes-avoids-spending-cuts/2019/05/01/790a1412-6c54-11e9-8f44-e8d8bb1df986_story.html","en","False","education and schools, finances, budgets and budgeting, taxation, property taxes","2","Washington Post","http://washingtonpost.com"
"1272055873","2019-05-02 08:06:04","The Energy 202: Seismic mapping in Atlantic could still pose trouble for Republicans on campaign trail","https://www.washingtonpost.com/news/powerpost/paloma/the-energy-202/2019/05/02/the-energy-202-seismic-mapping-in-atlantic-could-still-pose-trouble-for-republicans-on-campaign-trail/5cc9e0e51ad2e506550b2ede/","en","False","politics and government, finances, united states politics and government, elections, oil (petroleum) and gasoline, environment, energy and power, gas (fuel), water","2","Washington Post","http://washingtonpost.com"
"1279315519","2019-05-10 08:17:47","The Energy 202: The GOP campaign against the Green New Deal may be working","https://www.washingtonpost.com/news/powerpost/paloma/the-energy-202/2019/05/10/the-energy-202-the-gop-campaign-against-the-green-new-deal-may-be-working/5cd46e0f1ad2e544f001dc9e/","en","False","politics and government, elections","2","Washington Post","http://washingtonpost.com"
"1296310475","2019-05-29 00:22:35","Shakespeare and steel, mystery rifle, Goner Records: News from around our 50 states","http://rssfeeds.usatoday.com/~/602495288/0/usatoday-newstopstories~Shakespeare-and-steel-mystery-rifle-Goner-Records-News-from-around-our-states/","en","False","computers and the internet, finances, crime and criminals, frauds and swindling, futures and options trading","4","USA Today","http://www.usatoday.com"
"1345260471","2019-07-22 10:20:13.174284","Scientists are looking at these indicators to measure climate change - Washington Post","https://www.washingtonpost.com/graphics/national/gauging-climate-change/","en","False","global warming, environment, air pollution, chemistry","2","Washington Post","http://washingtonpost.com"
"1349514585","2019-07-26 12:11:14","These states are producing the most renewable energy. Where does yours rank?","http://rssfeeds.usatoday.com/~/604916992/0/usatodaycommoney-topstories~These-states-are-producing-the-most-renewable-energy-Where-does-yours-rank/","en","False","environment, energy and power, air pollution, electric light and power, light, gas (fuel)","4","USA Today","http://www.usatoday.com"
"1371770643","2019-08-22 13:37:30","The Conversation: We now have the technology to create a grid of cheap fully renewable electricity","http://www.marketwatch.com/news/story.asp?guid=%7B714DC12E-C4EC-11E9-839F-B6A7BC3F2202%7D&siteid=rss&rss=1","en","False","global warming, environment, energy and power, electric light and power, light","1150","Wall Street Journal","https://www.wsj.com/"
"1389178525","2019-09-11 10:29:18","An Electric Temple of Culture Fires Up","https://www.nytimes.com/2019/09/11/arts/design/ewerk-luckenwalde-renewable-energy.html","en","False","art, energy and power, electric light and power, light","1","New York Times","http://nytimes.com"
"1400271864","2019-09-23 19:01:38","For Our Future, the Oil and Gas Industry Must Go Green","https://www.nytimes.com/2019/09/23/opinion/climate-change-fossil-fuels.html","en","False","finances, oil (petroleum) and gasoline, global warming, environment, economic conditions and trends, energy and power, gas (fuel)","1","New York Times","http://nytimes.com"
"1402348853","2019-09-25 16:24:17","Africa’s charcoal trade is decimating fragile forest cover","https://nypost.com/2019/09/25/africas-charcoal-trade-is-decimating-fragile-forest-cover/","en","False","global warming, environment, agriculture, forests and forestry, land use policies","7","New York Post","http://www.nypost.com/"
"1431770107","2019-10-29 19:26:05","California is ‘winning’ its way into the Stone Age","http://nypost.com/2019/10/29/california-is-winning-its-way-into-the-stone-age/","en","False","books and literature, energy and power, electric light and power, light, blackouts and brownouts (electrical)","7","New York Post","http://www.nypost.com/"
"1436387879","","Organizations - Times Topics - The New York Times","https://archive.nytimes.com/topics.nytimes.com/top/reference/timestopics/organizations/all/index.html","en","False","no index terms from nytimes","1","New York Times","http://nytimes.com"
"1455156672","2019-11-26 13:08:49","A Teacher, an Artist, a Scientist and More. They’re All Visionaries.","https://www.nytimes.com/2019/11/26/world/visionaries-pushing-boundaries.html","en","False","computers and the internet","1","New York Times","http://nytimes.com"
"1574725700","2020-01-16 16:25:18","Microsoft aims to be ‘carbon negative’ by 2030","http://feeds.marketwatch.com/~r/marketwatch/software/~3/DPfpqFJmfhA/story.asp","en","False","global warming, environment, weather, air pollution, space","1150","Wall Street Journal","https://www.wsj.com/"
"1595147257","2020-05-02 12:06:44","Why eco-leftists are suddenly turning on Michael Moore","https://nypost.com/2020/05/02/why-eco-leftists-are-suddenly-turning-on-michael-moore/","en","False","motion pictures, environment, energy and power, air pollution, electric light and power, light","7","New York Post","http://www.nypost.com/"
"1605747181","2020-05-13 16:08:23","In a First, Renewable Energy Is Poised to Eclipse Coal in U.S.","https://www.nytimes.com/2020/05/13/climate/coronavirus-coal-electricity-renewables.html","en","False","","1","New York Times","http://nytimes.com"
"1609629133","2020-05-18 05:00:31","Coronavirus Lets Salamanders Own the Road","https://www.nytimes.com/2020/05/18/science/salamanders-amphibians-wildlife-migration.html","en","False","medicine and health, research","1","New York Times","http://nytimes.com"
"1622454779","2020-06-01 08:16:18","The Energy 202: Coronavirus pandemic could give Democrats easier way to repeal major Trump EPA rules","https://www.washingtonpost.com/politics/the-energy-202-coronavirus-pandemic-could-give-democrats-easier-way-to-repeal-major-trump-epa-rules/2020/06/01/b88d2ef4-df19-43dc-9fcb-4352dd0f3f76_story.html?utm_source=rss&utm_medium=referral&utm_campaign=wp_politics","en","False","","2","Washington Post","http://washingtonpost.com"
"1656741171","2020-07-08 23:32:06","Here’s why carbon emissions at utilities can fall even during a powerful economy","http://www.marketwatch.com/news/story.asp?guid=%7BCA495EAC-C052-11EA-A5DF-06681C35537A%7D&siteid=rss&rss=1","en","False","environment, energy and power, air pollution, electric light and power, light, chemistry","1150","Wall Street Journal","https://www.wsj.com/"
"1663079226","2020-07-15 15:54:11","Phytoplankton enhance Arctic Ocean’s ability to soak up carbon dioxide, study finds","https://nypost.com/2020/07/15/phytoplankton-enhance-arctic-oceans-ability-to-soak-up-carbon-dioxide-study-finds/","en","False","environment, space, science and technology, research","7","New York Post","http://www.nypost.com/"
"1672555896","2020-07-30 07:00:33","Biden calls for 100 percent clean electricity by 2035. Here’s how far we have to go.","https://www.washingtonpost.com/climate-environment/2020/07/30/biden-calls-100-percent-clean-electricity-by-2035-heres-how-far-we-have-go/?utm_source=rss&utm_medium=referral&utm_campaign=wp_national","en","False","","2","Washington Post","http://washingtonpost.com"
"1683477137","2020-08-14 12:18:23","Record Arctic blazes may herald new ‘fire regime’ decades sooner than anticipated","https://www.washingtonpost.com/weather/2020/08/14/record-arctic-fires/?utm_source=rss&utm_medium=referral&utm_campaign=wp_homepage","en","False","","2","Washington Post","http://washingtonpost.com"
"1712789623","2020-09-16 09:21:16","Smoke from fires in California, Oregon and Washington are nearing Europe","https://www.washingtonpost.com/weather/2020/09/16/wildfire-smoke-reaches-europe/?utm_source=rss&utm_medium=referral&utm_campaign=wp_homepage","en","False","global warming, environment, weather, fires and firefighters, fires and firemen, air pollution, chemistry","2","Washington Post","http://washingtonpost.com"
"1712865540","2020-09-16 09:44:30","Western wildfire smoke nearing Europe, may be on around-the-world journey","https://www.washingtonpost.com/weather/2020/09/16/wildfire-smoke-reaches-europe/","en","False","global warming, environment, weather, fires and firefighters, fires and firemen, air pollution, chemistry","2","Washington Post","http://washingtonpost.com"
"1732056273","2020-10-07 08:05:41","The Energy 202: Trump administration dinged by government watchdog for pandemic relief for oil companies","https://www.washingtonpost.com/politics/2020/10/07/energy-202-trump-administration-dinged-by-government-watchdog-pandemic-relief-oil-companies/","en","False","finances, medicine and health, oil (petroleum) and gasoline, diseases and conditions, international trade and world market, economic conditions and trends, prices (fares, fees and rates), energy and power","2","Washington Post","http://washingtonpost.com"
"1732947283","2020-10-08 07:16:00","Hydrogen's Dirty Little Secret","https://www.wsj.com/articles/hydrogens-dirty-little-secret-11602155800","en","False","oil (petroleum) and gasoline, environment, energy and power, air pollution, gas (fuel)","1150","Wall Street Journal","https://www.wsj.com/"
"1732989820","2020-10-08 08:00:00","Global Oil Demand Won't Peak Before 2040, OPEC Says","https://www.wsj.com/articles/global-oil-demand-wont-peak-before-2040-opec-says-11602158400","en","False","oil (petroleum) and gasoline, international trade and world market, economic conditions and trends, energy and power, production","1150","Wall Street Journal","https://www.wsj.com/"
"1735653428","2020-10-11 12:00:00","Renewable-Energy Stocks Are Getting a Biden Bump","https://www.wsj.com/articles/renewable-energy-stocks-are-getting-a-biden-bump-11602432000","en","False","politics and government, finances, economic conditions and trends, stocks and bonds","1150","Wall Street Journal","https://www.wsj.com/"
"1750649197","2020-10-26 19:44:07","Joe Biden’s insane war on oil","https://nypost.com/2020/10/26/joe-bidens-insane-war-on-oil/","en","False","","7","New York Post","http://www.nypost.com/"
"1792794148","2020-12-09 09:36:45.186059","Two GOP senators back tree planting as answer to climate change","https://www.washingtonpost.com/politics/2020/12/09/energy-202-two-gop-senators-back-tree-planting-answer-climate-change/?utm_source=rss&utm_medium=referral&utm_campaign=wp_homepage","en","False","politics and government, law and legislation, united states politics and government, environment","2","Washington Post","http://washingtonpost.com"
"1794852878","2020-12-11 08:00:06","The Energy 202: Trump team hurries to finish environmental rollbacks before Biden takes over","https://www.washingtonpost.com/politics/2020/12/11/energy-202-trump-team-hurries-finish-environmental-rollbacks-before-biden-takes-over/","en","False","politics and government, environment, air pollution","2","Washington Post","http://washingtonpost.com"
"1798926418","2020-12-16 01:00:00","BP Boosts Its Bet on Trees","https://www.wsj.com/articles/bp-boosts-its-bet-on-trees-11608098400","en","False","finances, oil (petroleum) and gasoline, global warming, environment, energy and power, mergers, acquisitions and divestitures","1150","Wall Street Journal","https://www.wsj.com/"
"1809230418","2020-12-27 16:21:00","Biden's Climate All Stars","https://www.wsj.com/articles/bidens-climate-all-stars-11609104094","en","False","finances","1150","Wall Street Journal","https://www.wsj.com/"
"1835857163","2021-01-27 15:00:06","Joe Biden and Tom Vilsack's Big Plan to Save Rural America","https://www.nytimes.com/2021/01/27/opinion/biden-vilsack-agriculture-climate-change.html","en","False","politics and government, environment, energy and power, agriculture, farmers","1","New York Times","http://nytimes.com"
"1846384636","2021-02-08 15:13:43","A Surprise in Africa: Air Pollution Falls as Economies Rise","https://www.nytimes.com/2021/02/08/climate/africa-pollution-climate-change.html","en","False","","1","New York Times","http://nytimes.com"
"1847907949","2021-02-09 13:00:00","Airlines Aim to Reduce Carbon Footprint With Greener Fuels","https://www.wsj.com/articles/airlines-push-to-reduce-carbon-footprint-with-greener-fuels-11612893657?mod=pls_whats_news_us_business_f","en","False","oil (petroleum) and gasoline, environment, airlines and airplanes, energy and power, air pollution","1150","Wall Street Journal","https://www.wsj.com/"
"1854175782","2021-02-16 15:40:00","The Conversation: What’s behind the Texas power outages?","http://www.marketwatch.com/news/story.asp?guid=%7B21005575-02D4-D4B5-4572-D29015556165%7D&siteid=rss&rss=1","en","False","environment, weather, energy and power, electric light and power, light, blackouts and brownouts (electrical), gas (fuel)","1150","Wall Street Journal","https://www.wsj.com/"
"1870046514","2021-03-04 13:06:00",": Chevron deepens carbon-capture push with Microsoft, Schlumberger linkage","http://www.marketwatch.com/news/story.asp?guid=%7B21005575-02D4-D4B5-4572-D2DE2D1BDEA5%7D&siteid=rss&rss=1","en","False","finances, oil (petroleum) and gasoline, environment, energy and power, air pollution, electric light and power, light","1150","Wall Street Journal","https://www.wsj.com/"
"1882009802","2021-03-18 03:47:45","What’s the Green Fuel of the Future for Shipping?","https://www.washingtonpost.com/business/energy/whats-the-green-fuel-of-the-future-for-shipping/2021/03/18/936edb42-87a7-11eb-be4a-24b89f616f2c_story.html?utm_source=rss&utm_medium=referral&utm_campaign=wp_business","en","False","environment, energy and power","2","Washington Post","http://washingtonpost.com"
"1892991169","2020-09-16 00:00:00","Western wildfire smoke nearing Europe, may be on an around-the-world journey","https://www.washingtonpost.com/weather/2020/09/16/wildfire-smoke-reaches-europe/?itid=lk_inline_manual_42","en","False","global warming, environment, weather, energy and power, fires and firefighters, air pollution, electric light and power, light","2","Washington Post","http://washingtonpost.com"
"1908736352","2021-04-21 16:19:00","The Conversation: The U.S. electric-power sector is halfway to zero carbon emissions","http://www.marketwatch.com/news/story.asp?guid=%7B21005575-02D4-D4B5-4572-D3ACF7BF8EE2%7D&siteid=rss&rss=1","en","False","global warming, environment, weather, energy and power, air pollution, electric light and power, light, chemistry","1150","Wall Street Journal","https://www.wsj.com/"
"1944582574","2021-05-28 05:00:41","Flying and Climate: Airlines Under Pressure to Cut Emissions","https://www.nytimes.com/2021/05/28/business/energy-environment/airlines-climate-planes-emissions.html","en","False","finances, medicine and health, labor, environment, airlines and airplanes, air pollution","1","New York Times","http://nytimes.com"
"1950194027","2021-06-03 10:00:00","Heavy Industry's Daunting Net-Zero Challenge","https://www.wsj.com/articles/heavy-industrys-daunting-net-zero-challenge-11622728800?mod=pls_whats_news_us_business_f","en","False","global warming, environment, weather, energy and power, air pollution, electric light and power, light, chemistry","1150","Wall Street Journal","https://www.wsj.com/"
"1984926180","2021-07-08 10:56:00","Global Wind, Solar Capacity Rose at Sharpest Pace Ever Last Year, BP Says","https://www.wsj.com/articles/global-wind-solar-capacity-rose-sharpest-ever-last-year-report-finds-11625756215?mod=rss_markets_main","en","False","energy and power, electric light and power, light","1150","Wall Street Journal","https://www.wsj.com/"
"1990024880","2021-07-14 04:29:00","EU Readies Sweeping Economic Plan to Combat Climate Change","https://www.wsj.com/articles/eu-to-propose-sweeping-economic-plan-to-combat-climate-change-11626251377?mod=pls_whats_news_us_business_f","en","False","taxation, oil (petroleum) and gasoline, global warming, environment, international trade and world market, economic conditions and trends, energy and power, air pollution, electric light and power, light","1150","Wall Street Journal","https://www.wsj.com/"
"1991674811","2021-07-15 17:40:00",": Hydrogen, ammonia and a clean-fuel standard could help get the world to net-zero emissions","http://www.marketwatch.com/news/story.asp?guid=%7B20C05575-04D4-B545-7529-2AB4F3BFA8FA%7D&siteid=rss&rss=1","en","False","oil (petroleum) and gasoline, global warming, environment, automobiles, energy and power, air pollution, chemistry","1150","Wall Street Journal","https://www.wsj.com/"
"1992534151","2021-07-16 13:30:43","Wildfires Are Intensifying. Here’s Why, and What Can Be Done.","https://www.nytimes.com/2021/07/16/climate/wildfires-smoke-safety-questions.html","en","False","fires and firefighters, fires and firemen, arson, forests and forestry","1","New York Times","http://nytimes.com"
"1994889715","2021-07-19 13:20:20","'Dry Thunderstorms' Are Forecast for Montana, Raising the Wildfire Risk","https://www.nytimes.com/live/2021/07/19/us/climate-heat-wave/dry-thunderstorm-wildfires","en","False","fires and firefighters, fires and firemen, arson, forests and forestry","1","New York Times","http://nytimes.com"
"2008213620","2021-08-02 11:49:00","Tax Guy: Check out these generous tax credits for energy-
saving equipment at home — and there are no income limits","http://www.marketwatch.com/news/story.asp?guid=%7B20C05575-04D4-B545-757D-862D8FBB9BB8%7D&siteid=rss&rss=1","en","False","finances, taxation, energy and power, electric light and power, light, credit, tax credits","1150","Wall Street Journal","https://www.wsj.com/"
"2116923418","2021-11-26 17:40:00","The COP26 Plan to Keep Africa Poor","https://www.wsj.com/articles/the-cop26-plan-to-keep-africa-poor-climate-change-clean-energy-11637964581","en","False","","1150","Wall Street Journal","https://www.wsj.com/"
"2122470708","2021-12-02 05:02:41","Europe Met a Climate Target. But Is It Burning Less Carbon?","https://www.nytimes.com/2021/12/02/climate/europe-climate-pledge-carbon-emissions.html","en","False","global warming, environment, weather, energy and power, air pollution, electric light and power, light","1","New York Times","http://nytimes.com"
"2306140246","2022-05-11 14:49:42","From Addiction to … Aviation? Tobacco, an Unexpected Fuel for the Future","https://www.nytimes.com/2022/05/11/learning/from-addiction-to-aviation-tobacco-an-unexpected-fuel-for-the-future.html","en","False","medicine and health, diseases and conditions, smoking and tobacco","1","New York Times","http://nytimes.com"
"2311810004","2022-05-17 16:40:02","Europe Rethinks Its Reliance on Burning Wood for Electricity","https://www.nytimes.com/2022/05/17/climate/wood-pellet-renewable-energy-europe.html","en","False","politics and government, environment, energy and power, air pollution, electric light and power, light","1","New York Times","http://nytimes.com"
"2320954455","2022-05-27 03:00:09","‘Stranger Things’ Is Back. Here’s Where We Left Off in Season 3.","https://www.nytimes.com/2022/05/27/arts/television/stranger-things-recap.html","en","False","television, reviews","1","New York Times","http://nytimes.com"
"2328807032","2022-06-04 11:00:05","Climate Change Needs Durable Solutions. Tree Planting Isn’t One.","https://www.nytimes.com/2022/06/04/opinion/environment/climate-change-trees-carbon-removal.html","en","False","global warming, environment, weather, trees and shrubs, air pollution, chemistry","1","New York Times","http://nytimes.com"
"2344117491","2022-06-21 06:09:09","Nationwide train strike brings Britain to a standstill, exposing economic unease.","https://www.nytimes.com/live/2022/06/21/business/economy-news-inflation-stocks/nationwide-train-strike-brings-britain-to-a-standstill-exposing-economic-unease","en","False","labor, oil (petroleum) and gasoline, strikes, economic conditions and trends, energy and power, gas (fuel)","1","New York Times","http://nytimes.com"
"2367524596","2022-07-15 20:36:27","Ignore the greenies: Offshore drilling produces not just oil  but fish — and lots of them","https://nypost.com/2022/07/15/offshore-drilling-produces-not-just-oil-but-fish-and-lots-of-them/","en","False","politics and government, united states politics and government, oil (petroleum) and gasoline, environment, international trade and world market, energy and power, production","7","New York Post","http://www.nypost.com/"
"2372980832","2022-07-21 07:00:21","Struggling to Stay Cool? So Is the Generator Powering Your Aircon","https://www.washingtonpost.com/business/energy/struggling-to-staycool-so-is-the-generator-powering-your-aircon/2022/07/21/a7a21028-0949-11ed-80b6-43f2bfcc6662_story.html?utm_source=rss&utm_medium=referral&utm_campaign=wp_business","en","False","environment, energy and power, electric light and power, light, atomic energy","2","Washington Post","http://washingtonpost.com"
"2377743965","2022-07-27 07:53:51","Sen. Wyden tees up bill to protect grasslands amid drought, wildfires","https://www.washingtonpost.com/politics/2022/07/27/sen-wyden-tees-up-bill-protect-grasslands-amid-drought-wildfires/?utm_source=rss&utm_medium=referral&utm_campaign=wp_climate-environment","en","False","global warming, environment, weather, agriculture, drought, land use policies","2","Washington Post","http://washingtonpost.com"
"2380774306","2022-07-30 11:00:10","The Case Against Commercial Logging in Wildfire-Prone Forests","https://www.nytimes.com/2022/07/30/opinion/california-wildfires-oak-fire-yosemite-sequoias.html","en","False","environment, fires and firefighters, fires and firemen, forests and forestry","1","New York Times","http://nytimes.com"
"2383736961","2022-08-02 20:22:40","Celebrities use private jets excessively. It’s a climate nightmare.","https://www.washingtonpost.com/climate-environment/2022/08/02/taylor-swift-kylie-jenner-private-jet-emissions/?utm_source=rss&utm_medium=referral&utm_campaign=wp_climate-environment","en","False","computers and the internet, global warming, environment","2","Washington Post","http://washingtonpost.com"
"2405605552","2022-08-28 09:13:24","New York Is Beating Texas in Carbon-Free Electricity, But Maybe Not for Long","https://www.washingtonpost.com/business/energy/new-york-is-beating-texas-in-carbon-free-electricity-but-maybe-not-for-long/2022/08/28/2722e570-26d2-11ed-a90a-fce4015dfc8f_story.html?utm_source=rss&utm_medium=referral&utm_campaign=wp_business","en","False","environment, weather, energy and power, air pollution, electric light and power, light, chemistry","2","Washington Post","http://washingtonpost.com"
"2420459449","2022-09-14 03:00:08","An Oily Challenge: Evict Stinky Old Furnaces in Favor of Heat Pumps","https://www.nytimes.com/2022/09/14/climate/oil-gas-furnace-heat-pump.html","en","False","oil (petroleum) and gasoline, energy and power, housing","1","New York Times","http://nytimes.com"
"2441413946","2022-10-07 07:35:00","Outside the Box: The U.S. needs a unified energy industry to deal with soaring oil prices, OPEC+ and climate change","http://www.marketwatch.com/news/story.asp?guid=%7B20C06575-04D4-B545-7130-80C293F3FFCF%7D&siteid=rss&rss=1","en","False","politics and government, law and legislation, united states politics and government, oil (petroleum) and gasoline, environment, international trade and world market, united states economy, prices (fares, fees and rates), energy and power, gas (fuel)","1150","Wall Street Journal","https://www.wsj.com/"
"2447650714","2022-10-14 07:00:00","Germany got rich on exports and cheap Russian gas. Now it’s in trouble.","https://www.washingtonpost.com/world/2022/10/14/germany-economy-recession-energy-exports/?utm_source=rss&utm_medium=referral&utm_campaign=wp_business","en","False","labor, recession and depression, international trade and world market, economic conditions and trends, prices (fares, fees and rates), energy and power, food, electric light and power, light, production","2","Washington Post","http://washingtonpost.com"
"2463182020","2022-10-30 07:12:43","It’s Better to Mine the World’s Rainforests Than Farm Them","https://www.washingtonpost.com/business/energy/its-better-to-mine-the-worlds-rainforests-than-farm-them/2022/10/30/6d58a618-58a7-11ed-bc40-b5a130f95ee7_story.html?utm_source=rss&utm_medium=referral&utm_campaign=wp_business","en","False","environment, mines and mining, agriculture, metals and minerals","2","Washington Post","http://washingtonpost.com"
"2470566046","2022-11-07 07:00:00","In a shift, U.S. says companies are pivotal to climate talks’ success","https://www.washingtonpost.com/climate-environment/2022/11/07/climate-cop27-biden-companies-un/?utm_source=rss&utm_medium=referral&utm_campaign=wp_business","en","False","politics and government, finances, united states politics and government, global warming, international relations, economic conditions and trends","2","Washington Post","http://washingtonpost.com"
