label,count,pct,sample_size,tags_id
"Obama","415","0.060337307356789764","","9362721"
"Donald Trump","263","0.03823785984297761","","9362284"
"Barack Obama","236","0.03431230008723466","","9362763"
"Trump","194","0.028205873800523407","","9362872"
"Jerry Brown","112","0.01628380343123001","","9367511"
"Joe Biden","102","0.014829892410584472","","9363134"
"Al Gore","102","0.014829892410584472","","9367577"
"Bernie Sanders","96","0.01395754579819715","","9362750"
"Mongabay","86","0.012503634777551615","","10155864"
"George W. Bush","85","0.01235824367548706","","9363130"
"Bill McKibben","81","0.011776679267228845","","9408953"
"Fukushima","79","0.011485897063099739","","9374455"
"Scott Pruitt","78","0.011340505961035184","","9371011"
"DOE","77","0.011195114858970632","","9381778"
"Hillary Clinton","76","0.011049723756906077","","9362747"
"Angela Merkel","64","0.009305030532131433","","9363560"
"Tesla","64","0.009305030532131433","","9369660"
"Bill Gates","63","0.00915963943006688","","9390654"
"Bush","53","0.007705728409421343","","9362968"
"Mitch McConnell","52","0.00756033730735679","","9362936"
"Michael Moore","46","0.006687990694969468","","9362762"
"Rick Perry","46","0.006687990694969468","","9365900"
"Jeff Gibbs","45","0.006542599592904914","","29441547"
"Clinton","44","0.00639720849084036","","9362980"
"John Kerry","42","0.0061064262867112536","","9364532"
"Drax","41","0.0059610351846467","","9366478"
"Tom Vilsack","41","0.0059610351846467","","9450032"
"James Hansen","40","0.005815644082582146","","9437059"
"Narendra Modi","39","0.005670252980517592","","9365328"
"Biden","37","0.005379470776388485","","9365736"
"Lisa Murkowski","37","0.005379470776388485","","9368354"
"Rhett A. Butler","37","0.005379470776388485","","10852351"
"David Cameron","36","0.005234079674323932","","9363420"
"Elizabeth Warren","35","0.005088688572259378","","9364527"
"brown","35","0.005088688572259378","","9364727"
"Jair Bolsonaro","35","0.005088688572259378","","9378114"
"Ronald Reagan","33","0.00479790636813027","","9362809"
"Davan Maharaj","33","0.00479790636813027","","9385452"
"Gina McCarthy","33","0.00479790636813027","","9399505"
"Richard Nixon","32","0.004652515266065717","","9364171"
"Davis","32","0.004652515266065717","","9369165"
"Alex Guillén","32","0.004652515266065717","","9455541"
"Ted Cruz","31","0.004507124164001163","","9362748"
"Ed Markey","31","0.004507124164001163","","9387136"
"doi","31","0.004507124164001163","","9612583"
"Mitt Romney","30","0.004361733061936609","","9365875"
"Eric Wolff","29","0.004216341959872056","","9451590"
"NYE","29","0.004216341959872056","","9490150"
"Darius Dixon","29","0.004216341959872056","","9529353"
"Ron Milo","29","0.004216341959872056","","25663457"
"woody waste","29","0.004216341959872056","","40319611"
"Greta Thunberg","29","0.004216341959872056","","73335219"
"Jay Inslee","28","0.004070950857807502","","9434808"
"John Barrasso","27","0.003925559755742949","","9378331"
"Steven Chu","27","0.003925559755742949","","9450415"
"Pope Francis","26","0.003780168653678395","","9363204"
"Bill Clinton","26","0.003780168653678395","","9363221"
"Xi Jinping","26","0.003780168653678395","","9363823"
"Paul Ryan","26","0.003780168653678395","","9364205"
"Ryan Zinke","26","0.003780168653678395","","9366525"
"Susan Collins","26","0.003780168653678395","","9368355"
"bush","26","0.003780168653678395","","9374873"
"Arnold Schwarzenegger","26","0.003780168653678395","","9391108"
"REDD","26","0.003780168653678395","","9575867"
"Andrew Wheeler","26","0.003780168653678395","","9686302"
"Kamala Harris","25","0.003634777551613841","","9363331"
"Nancy Pelosi","25","0.003634777551613841","","9364036"
"Charles","25","0.003634777551613841","","9369005"
"Anthony Adragna","25","0.003634777551613841","","9455543"
"Tom Steyer","25","0.003634777551613841","","9458539"
"Enviva","25","0.003634777551613841","","36163316"
"Harry Reid","24","0.0034893864495492877","","9363374"
"Richard Branson","24","0.0034893864495492877","","9366764"
"Michael Mann","24","0.0034893864495492877","","9368399"
"Chuck Grassley","24","0.0034893864495492877","","9377138"
"Elon Musk","24","0.0034893864495492877","","9384651"
"DOI","24","0.0034893864495492877","","9567249"
"Mike Pence","23","0.003343995347484734","","9362945"
"Ron Wyden","23","0.003343995347484734","","9363375"
"Porter","23","0.003343995347484734","","9364431"
"Joe Manchin","23","0.003343995347484734","","9374828"
"Ernest Moniz","23","0.003343995347484734","","9420842"
"Glen Peters","23","0.003343995347484734","","9437068"
"Jim Inhofe","23","0.003343995347484734","","9451868"
"Solyndra","23","0.003343995347484734","","9473544"
"Valens","23","0.003343995347484734","","9629619"
"Boris Johnson","22","0.00319860424542018","","9363715"
"Chuck Schumer","22","0.00319860424542018","","9364810"
"Dorothy Thompson","22","0.00319860424542018","","9366477"
"David","22","0.00319860424542018","","9367183"
"Naoto Kan","22","0.00319860424542018","","9456469"
"E.O. Wilson","22","0.00319860424542018","","9548650"
"Seyed Sadredin","22","0.00319860424542018","","27870656"
"Marco Rubio","21","0.0030532131433556268","","9362942"
"John McCain","21","0.0030532131433556268","","9362949"
"Dianne Feinstein","21","0.0030532131433556268","","9364118"
"Michael Brune","21","0.0030532131433556268","","9367457"
"Thomas","21","0.0030532131433556268","","9368099"
"Barbara Boxer","21","0.0030532131433556268","","9379720"
"EDGAR","21","0.0030532131433556268","","9546760"
"Frank Sanchez","21","0.0030532131433556268","","10055710"
"Rick Spurlock","21","0.0030532131433556268","","54934575"
"Harvey","20","0.002907822041291073","","9368946"
"Gavin Newsom","20","0.002907822041291073","","9372682"
"Dilma Rousseff","20","0.002907822041291073","","9375568"
"George Monbiot","20","0.002907822041291073","","9384794"
"Paul LePage","20","0.002907822041291073","","9416285"
"Janet Mills","20","0.002907822041291073","","9623019"
"Stephanie Donovan","20","0.002907822041291073","","10125002"
"Denny Boyles","20","0.002907822041291073","","10125008"
"Rex Tillerson","19","0.0027624309392265192","","9362874"
"Robin","19","0.0027624309392265192","","9366929"
"George Osborne","19","0.0027624309392265192","","9375350"
"Ed Davey","19","0.0027624309392265192","","9376654"
"Michael Caine","19","0.0027624309392265192","","9384587"
"Sheldon Whitehouse","19","0.0027624309392265192","","9404082"
"Annie Snider","19","0.0027624309392265192","","9561078"
"Christopher Capra","19","0.0027624309392265192","","31623106"
"Amber Rudd","18","0.002617039837161966","","9363543"
"Paul","18","0.002617039837161966","","9364175"
"Charlie Baker","18","0.002617039837161966","","9364474"
"Steve Carell","18","0.002617039837161966","","9365448"
"Emmanuel Macron","18","0.002617039837161966","","9365980"
"LinkedIn","18","0.002617039837161966","","9373946"
"Bryan Cranston","18","0.002617039837161966","","9403561"
"Bill Cosby","18","0.002617039837161966","","9403953"
"Samuel L. Jackson","18","0.002617039837161966","","9432048"
"-- Bob Dylan","18","0.002617039837161966","","10037930"
"Wayne Rogers","18","0.002617039837161966","","10439859"
"John James Audubon","18","0.002617039837161966","","10786465"
"-- Adolf Hitler","18","0.002617039837161966","","10923807"
"Dennis Serpa","18","0.002617039837161966","","37392509"
"Trey Irwin","18","0.002617039837161966","","39523288"
"Alexandria Ocasio-Cortez","18","0.002617039837161966","","44318694"
"","18","0.002617039837161966","","95295564"
"","18","0.002617039837161966","","95295565"
"Joe","17","0.002471648735097412","","9364446"
"Ralph Northam","17","0.002471648735097412","","9364825"
"Johnson","17","0.002471648735097412","","9364861"
"Jones","17","0.002471648735097412","","9364879"
"ALEC","17","0.002471648735097412","","9365804"
"Van Jones","17","0.002471648735097412","","9365812"
"Cory Booker","17","0.002471648735097412","","9365894"
"IRENA","17","0.002471648735097412","","9374897"
"Kevin Anderson","17","0.002471648735097412","","9375094"
"Greg Barker","17","0.002471648735097412","","9422080"
"David Roberts","17","0.002471648735097412","","9596828"
"Tim Searchinger","17","0.002471648735097412","","9612783"
"Tyler Robson","17","0.002471648735097412","","24142217"
"Charles Darwin","16","0.0023262576330328583","","9362170"
"Michael Bloomberg","16","0.0023262576330328583","","9363124"
"Brown","16","0.0023262576330328583","","9365131"
"Naomi Klein","16","0.0023262576330328583","","9367857"
"St. Paul","16","0.0023262576330328583","","9385407"
"David Koch","16","0.0023262576330328583","","9387157"
"David Attenborough","16","0.0023262576330328583","","9396394"
"Justin Catanoso","16","0.0023262576330328583","","9669309"
"rice","16","0.0023262576330328583","","9698050"
"Dan Bacher","16","0.0023262576330328583","","9730002"
"William Moomaw","16","0.0023262576330328583","","11566809"
"Vera Eckert","16","0.0023262576330328583","","28428643"
"Fred Upton","15","0.0021808665309683045","","9364738"
"Henry Waxman","15","0.0021808665309683045","","9365931"
"HuffPost","15","0.0021808665309683045","","9370012"
"Getty","15","0.0021808665309683045","","9372559"
"Andrew Cuomo","15","0.0021808665309683045","","9373032"
"Steve Tsang","15","0.0021808665309683045","","9394900"
"Andrew Restuccia","15","0.0021808665309683045","","9400094"
"Tom Carper","15","0.0021808665309683045","","9401447"
"John Muir","15","0.0021808665309683045","","9465085"
"Joe Romm","15","0.0021808665309683045","","9467373"
"Vinod Khosla","15","0.0021808665309683045","","9501779"
"Nicole Liu","15","0.0021808665309683045","","9504010"
"Josh Fox","15","0.0021808665309683045","","9548406"
"Rhett Butler","15","0.0021808665309683045","","9669313"
"Kathryn Phillips","15","0.0021808665309683045","","10310902"
"Darren Goode","15","0.0021808665309683045","","10360156"
"Alexandra Li","15","0.0021808665309683045","","30250639"
"Dongsheng","15","0.0021808665309683045","","32545992"
"","15","0.0021808665309683045","","86480268"
"","15","0.0021808665309683045","","94685473"
"","15","0.0021808665309683045","","94685475"
"","15","0.0021808665309683045","","94685476"
"","15","0.0021808665309683045","","94685477"
"Maria Cantwell","14","0.002035475428903751","","9363177"
"Putin","14","0.002035475428903751","","9363338"
"John","14","0.002035475428903751","","9367167"
"John Cornyn","14","0.002035475428903751","","9372369"
"Warren Buffett","14","0.002035475428903751","","9375621"
"Lamar Smith","14","0.002035475428903751","","9376485"
"Sandy","14","0.002035475428903751","","9389920"
"Rick Snyder","14","0.002035475428903751","","9394809"
"Steve Daines","14","0.002035475428903751","","9409981"
"Michael Liebreich","14","0.002035475428903751","","9415221"
"Tom Kiernan","14","0.002035475428903751","","9473525"
"ClimateDenierRoundup","14","0.002035475428903751","","10703806"
"Zhang Yixin","14","0.002035475428903751","","67186076"
"","14","0.002035475428903751","","75055834"
"","14","0.002035475428903751","","92396241"
"","14","0.002035475428903751","","94718728"
"","14","0.002035475428903751","","94718731"
"","14","0.002035475428903751","","94718734"
"Jimmy Carter","13","0.0018900843268391974","","9363557"
"Moore","13","0.0018900843268391974","","9364965"
"Angus King","13","0.0018900843268391974","","9366369"
"Jeff Bezos","13","0.0018900843268391974","","9368367"
"Jackson","13","0.0018900843268391974","","9371882"
"Baker","13","0.0018900843268391974","","9374401"
"Rob Portman","13","0.0018900843268391974","","9374812"
"Chris Mooney","13","0.0018900843268391974","","9374895"
"Tom","13","0.0018900843268391974","","9374957"
"Michel Temer","13","0.0018900843268391974","","9375563"
"Ken Salazar","13","0.0018900843268391974","","9375622"
"Pat Toomey","13","0.0018900843268391974","","9378330"
"Palmer","13","0.0018900843268391974","","9389757"
"Henry Ford","13","0.0018900843268391974","","9393564"
"Forbes","13","0.0018900843268391974","","9394080"
"Frank Pallone","13","0.0018900843268391974","","9400847"
"Madison","13","0.0018900843268391974","","9404235"
"Tom Hicks","13","0.0018900843268391974","","9409733"
"Sabah","13","0.0018900843268391974","","9411007"
"Elana Schor","13","0.0018900843268391974","","9421175"
"Ken Caldeira","13","0.0018900843268391974","","9505230"
"Sally Jewell","13","0.0018900843268391974","","9517586"
"Vaclav Smil","13","0.0018900843268391974","","9550351"
"Paul Ehrlich","13","0.0018900843268391974","","9558792"
"Rachel Carson","13","0.0018900843268391974","","9569922"
"Benzinga","13","0.0018900843268391974","","9674697"
"Liz Weston","13","0.0018900843268391974","","9675841"
"LanzaTech","13","0.0018900843268391974","","9750193"
"Erica Martinson","13","0.0018900843268391974","","10252250"
"Vladimir Putin","12","0.0017446932247746438","","9362290"
"Jon Tester","12","0.0017446932247746438","","9364787"
"Thomas Jefferson","12","0.0017446932247746438","","9365866"
"George H.W. Bush","12","0.0017446932247746438","","9366345"
"Ben","12","0.0017446932247746438","","9370201"
"Jeff Bingaman","12","0.0017446932247746438","","9379724"
"Gizmodo","12","0.0017446932247746438","","9381797"
"Hinkley","12","0.0017446932247746438","","9394393"
"Joni Ernst","12","0.0017446932247746438","","9397126"
"Mark Jacobson","12","0.0017446932247746438","","9402034"
"Chris Sununu","12","0.0017446932247746438","","9408884"
"Oliver Geden","12","0.0017446932247746438","","9465179"
"Chris Huhne","12","0.0017446932247746438","","9478250"
"Ray Mabus","12","0.0017446932247746438","","9489263"
"Rob Jackson","12","0.0017446932247746438","","9491112"
"Esther Whieldon","12","0.0017446932247746438","","9529358"
"Michael Regan","12","0.0017446932247746438","","9674490"
"Dave Goulson","12","0.0017446932247746438","","9683511"
"Mary Anne Hitt","12","0.0017446932247746438","","9683571"
"KiOR","12","0.0017446932247746438","","10395104"
"William Schlesinger","12","0.0017446932247746438","","10544408"
"Pakalolo","12","0.0017446932247746438","","10941505"
"Ozzie Zehner","12","0.0017446932247746438","","11531125"
"getty","12","0.0017446932247746438","","28008506"
"Klaus Lackner","12","0.0017446932247746438","","29657289"
"Danna Smith","12","0.0017446932247746438","","32201093"
"Jeff Flake","11","0.00159930212271009","","9362937"
"John Podesta","11","0.00159930212271009","","9363014"
"Jesus","11","0.00159930212271009","","9363873"
"Heidi Heitkamp","11","0.00159930212271009","","9364789"
"Reagan","11","0.00159930212271009","","9365068"
"Robert","11","0.00159930212271009","","9365217"
"Maria","11","0.00159930212271009","","9365415"
"Breitbart","11","0.00159930212271009","","9367888"
"Sonny Perdue","11","0.00159930212271009","","9368160"
"Michael","11","0.00159930212271009","","9369548"
"Orrin Hatch","11","0.00159930212271009","","9370120"
"Perry","11","0.00159930212271009","","9370404"
"Stephen Harper","11","0.00159930212271009","","9370569"
"Duke","11","0.00159930212271009","","9373775"
"Williams","11","0.00159930212271009","","9374143"
"iStock","11","0.00159930212271009","","9376414"
"Venus","11","0.00159930212271009","","9384040"
"Bakken","11","0.00159930212271009","","9393906"
"Christiana Figueres","11","0.00159930212271009","","9395551"
"Jennifer Granholm","11","0.00159930212271009","","9396975"
"Paul Allen","11","0.00159930212271009","","9397597"
"E. coli","11","0.00159930212271009","","9412153"
"David Bernhardt","11","0.00159930212271009","","9462566"
"Seth Borenstein","11","0.00159930212271009","","9466846"
"Lisa Jackson","11","0.00159930212271009","","9479926"
"Marc Morano","11","0.00159930212271009","","9483701"
"Achim Steiner","11","0.00159930212271009","","9570356"
"David Sharp","11","0.00159930212271009","","9570937"
"Gerber","11","0.00159930212271009","","9692117"
"Matthew Davis","11","0.00159930212271009","","9745999"
"Alex Jackson","11","0.00159930212271009","","10046894"
"Christopher Recchia","11","0.00159930212271009","","10075423"
"Julia Baum","11","0.00159930212271009","","10129508"
"William Cheung","11","0.00159930212271009","","10524493"
"Nina Chestney","11","0.00159930212271009","","11326051"
"Jeremy Hance","11","0.00159930212271009","","11994357"
"Mary Booth","11","0.00159930212271009","","28035843"
"Bernadette Del Chiaro","11","0.00159930212271009","","31785636"
"Will Gardiner","11","0.00159930212271009","","33098983"
"Mike Pompeo","10","0.0014539110206455365","","9362758"
"Theodore Roosevelt","10","0.0014539110206455365","","9363223"
"Jeff Sessions","10","0.0014539110206455365","","9363289"
"Mother Jones","10","0.0014539110206455365","","9363376"
"Shinzo Abe","10","0.0014539110206455365","","9363428"
"Lindsey Graham","10","0.0014539110206455365","","9363637"
"Sam Brownback","10","0.0014539110206455365","","9364470"
"Jeb Bush","10","0.0014539110206455365","","9364820"
"Smith","10","0.0014539110206455365","","9364886"
"John Kasich","10","0.0014539110206455365","","9366307"
"Kirsten Gillibrand","10","0.0014539110206455365","","9366370"
"Jonathan","10","0.0014539110206455365","","9369167"
"Roy Cooper","10","0.0014539110206455365","","9375355"
"Joshua","10","0.0014539110206455365","","9375734"
"Shakespeare","10","0.0014539110206455365","","9377151"
"Lamar Alexander","10","0.0014539110206455365","","9381054"
"Mark Dayton","10","0.0014539110206455365","","9391913"
"Jane Goodall","10","0.0014539110206455365","","9407275"
"Tom Coburn","10","0.0014539110206455365","","9446431"
"Ben Lefebvre","10","0.0014539110206455365","","9455553"
"Amory Lovins","10","0.0014539110206455365","","9474616"
"Kathleen Hartnett White","10","0.0014539110206455365","","9480206"
"Daniel Yergin","10","0.0014539110206455365","","9480813"
"Abigail Ross Hopper","10","0.0014539110206455365","","9493575"
"Matt Mead","10","0.0014539110206455365","","9499744"
"Kirk Smith","10","0.0014539110206455365","","9525228"
"Karolin Schaps","10","0.0014539110206455365","","9667536"
"Jim Nielsen","10","0.0014539110206455365","","9705431"
"— Trump","10","0.0014539110206455365","","9713033"
"Pomerantz","10","0.0014539110206455365","","10017709"
"Michael E. Webber","10","0.0014539110206455365","","10240890"
"Greg Asner","10","0.0014539110206455365","","10890598"
"Catherine Reheis-Boyd","10","0.0014539110206455365","","11090882"
"David Hertz","10","0.0014539110206455365","","16868405"
"Dear Liz","10","0.0014539110206455365","","31528627"
"Christopher","9","0.001308519918580983","","9363337"
"Dick Cheney","9","0.001308519918580983","","9363393"
"Phillips","9","0.001308519918580983","","9364006"
"Adam","9","0.001308519918580983","","9365579"
"Jason Chaffetz","9","0.001308519918580983","","9366357"
"Justin","9","0.001308519918580983","","9366361"
"Greg Gianforte","9","0.001308519918580983","","9366363"
"Quartz","9","0.001308519918580983","","9366688"
"George Bush","9","0.001308519918580983","","9366833"
"Prince Charles","9","0.001308519918580983","","9366933"
"William","9","0.001308519918580983","","9367021"
"Reno","9","0.001308519918580983","","9368924"
"dole","9","0.001308519918580983","","9371973"
"Tom Udall","9","0.001308519918580983","","9374807"
"Susan Fenton","9","0.001308519918580983","","9375143"
"António Guterres","9","0.001308519918580983","","9377557"
"Wilson","9","0.001308519918580983","","9379819"
"Jerry","9","0.001308519918580983","","9380290"
"Ron Johnson","9","0.001308519918580983","","9381712"
"Monroe","9","0.001308519918580983","","9382507"
"Kevin de León","9","0.001308519918580983","","9385061"
"MarketWatch","9","0.001308519918580983","","9390157"
"Fraser","9","0.001308519918580983","","9393394"
"Fatih Birol","9","0.001308519918580983","","9395764"
"Sarah Ferris","9","0.001308519918580983","","9403865"
"Pat Roberts","9","0.001308519918580983","","9412846"
"Deb Fischer","9","0.001308519918580983","","9421960"
"David Wagner","9","0.001308519918580983","","9443362"
"Daniel Lippman","9","0.001308519918580983","","9448207"
"Jesse Jenkins","9","0.001308519918580983","","9452016"
"Don Young","9","0.001308519918580983","","9452268"
"Carl Pope","9","0.001308519918580983","","9453701"
"Mike Allen","9","0.001308519918580983","","9465400"
"Jesse Ausubel","9","0.001308519918580983","","9486217"
"John Berger","9","0.001308519918580983","","9498980"
"John Doerr","9","0.001308519918580983","","9503741"
"Bill Dodd","9","0.001308519918580983","","9554444"
"gigatons","9","0.001308519918580983","","9584432"
"Kerry Emanuel","9","0.001308519918580983","","9623166"
"Thomas Crowther","9","0.001308519918580983","","9623218"
"Susanna Twidale","9","0.001308519918580983","","9674049"
"haddock","9","0.001308519918580983","","9688114"
"Geert De Clercq","9","0.001308519918580983","","9808816"
"pollock","9","0.001308519918580983","","9973793"
"Samantha Joye","9","0.001308519918580983","","10150530"
"Barry Cinnamon","9","0.001308519918580983","","10247675"
"Chad Hanson","9","0.001308519918580983","","10331123"
"Walter Einenkel","9","0.001308519918580983","","10703803"
"Carlos Nobre","9","0.001308519918580983","","11665332"
"James Hanken","9","0.001308519918580983","","11818978"
"Dan Esty","9","0.001308519918580983","","11964600"
"Thomas Werner","9","0.001308519918580983","","19804954"
"Paul Gaynor","9","0.001308519918580983","","26355792"
"Henry Curtis","9","0.001308519918580983","","27941490"
"Andrew Pershing","9","0.001308519918580983","","28137055"
"Boris Worm","9","0.001308519918580983","","28694744"
"Jeanine Cotter","9","0.001308519918580983","","41049292"
"Luminalt","9","0.001308519918580983","","50402690"
"Helen Northcutt White","9","0.001308519918580983","","202401332"
"John F. Kennedy","8","0.0011631288165164292","","9362803"
"Steve Horn","8","0.0011631288165164292","","9363191"
"Lincoln","8","0.0011631288165164292","","9363502"
"Theresa May","8","0.0011631288165164292","","9363658"
"Chung","8","0.0011631288165164292","","9364778"
"Richard Shelby","8","0.0011631288165164292","","9364816"
"Marshall","8","0.0011631288165164292","","9364975"
"Richard","8","0.0011631288165164292","","9366576"
"Michael Gove","8","0.0011631288165164292","","9366786"
"hake","8","0.0011631288165164292","","9366990"
"Francois Hollande","8","0.0011631288165164292","","9367423"
"Al Franken","8","0.0011631288165164292","","9367631"
"Albert Einstein","8","0.0011631288165164292","","9368117"
"Kevin Trenberth","8","0.0011631288165164292","","9368400"
"Kevin McCarthy","8","0.0011631288165164292","","9368746"
"Dan","8","0.0011631288165164292","","9370162"
"Jr.","8","0.0011631288165164292","","9373326"
"Juliet Eilperin","8","0.0011631288165164292","","9374780"
"Raúl Grijalva","8","0.0011631288165164292","","9375623"
"Charlie Crist","8","0.0011631288165164292","","9375974"
"Matthew Lewis","8","0.0011631288165164292","","9376121"
"Dana","8","0.0011631288165164292","","9377171"
"Heather Zichal","8","0.0011631288165164292","","9378496"
"Thomas Pyle","8","0.0011631288165164292","","9378504"
"Huffington","8","0.0011631288165164292","","9379880"
"Leonardo DiCaprio","8","0.0011631288165164292","","9380126"
"Mike Lee","8","0.0011631288165164292","","9381713"
"Jeanne Shaheen","8","0.0011631288165164292","","9381723"
"Scott Morrison","8","0.0011631288165164292","","9382030"
"James Inhofe","8","0.0011631288165164292","","9383055"
"FDR","8","0.0011631288165164292","","9384982"
"David Vitter","8","0.0011631288165164292","","9385129"
"Cortez","8","0.0011631288165164292","","9386887"
"Modi","8","0.0011631288165164292","","9391283"
"Prakash Javadekar","8","0.0011631288165164292","","9394764"
"Greg Walden","8","0.0011631288165164292","","9395918"
"Lewis","8","0.0011631288165164292","","9401639"
"Amy Klobuchar","8","0.0011631288165164292","","9404151"
"Robert Murray","8","0.0011631288165164292","","9410332"
"Ralph Nader","8","0.0011631288165164292","","9410962"
"Steve Bullock","8","0.0011631288165164292","","9414825"
"Max Baucus","8","0.0011631288165164292","","9427026"
"John Schellnhuber","8","0.0011631288165164292","","9431539"
"Michael Shellenberger","8","0.0011631288165164292","","9452018"
"RGGI","8","0.0011631288165164292","","9452019"
"Rajendra Pachauri","8","0.0011631288165164292","","9456695"
"James Steele","8","0.0011631288165164292","","9484922"
"Marcellus","8","0.0011631288165164292","","9541031"
"Tom Tidwell","8","0.0011631288165164292","","9564437"
"Janet McCabe","8","0.0011631288165164292","","9574918"
"John Rogers","8","0.0011631288165164292","","9588188"
"Philip Fearnside","8","0.0011631288165164292","","9661013"
"Jigar Shah","8","0.0011631288165164292","","9666979"
"Newsom","8","0.0011631288165164292","","9678356"
"David Keith","8","0.0011631288165164292","","9693418"
"Elizabeth Kolbert","8","0.0011631288165164292","","9694959"
"Amazonas","8","0.0011631288165164292","","9699557"
"Rachel Cleetus","8","0.0011631288165164292","","9744340"
"Elliott Negin","8","0.0011631288165164292","","9768178"
"Brooke Coleman","8","0.0011631288165164292","","9955639"
"Angelos Anastasiou","8","0.0011631288165164292","","10040647"
"Bob Dinneen","8","0.0011631288165164292","","10112982"
"Lynsey Paulo","8","0.0011631288165164292","","10764861"
"Veerabhadran Ramanathan","8","0.0011631288165164292","","10815818"
"Burt Rutan","8","0.0011631288165164292","","11042456"
"biochar","8","0.0011631288165164292","","27762664"
"CRON","8","0.0011631288165164292","","27765911"
"Joeri Rogelj","8","0.0011631288165164292","","28284607"
"Hans de Kroon","8","0.0011631288165164292","","28463796"
"Richard Groden","8","0.0011631288165164292","","28555820"
"Bill Moomaw","8","0.0011631288165164292","","36146950"
"Carter","7","0.0010177377144518756","","9363015"
"Mike","7","0.0010177377144518756","","9363288"
"Winston Churchill","7","0.0010177377144518756","","9363598"
"Franklin D. Roosevelt","7","0.0010177377144518756","","9363984"
"Theresa","7","0.0010177377144518756","","9364070"
"Brian Schatz","7","0.0010177377144518756","","9364207"
"Liam Fox","7","0.0010177377144518756","","9364303"
"Newt Gingrich","7","0.0010177377144518756","","9364756"
"Shelley Moore Capito","7","0.0010177377144518756","","9364796"
"Fox","7","0.0010177377144518756","","9364804"
"Stephen Colbert","7","0.0010177377144518756","","9364823"
"Tony Blair","7","0.0010177377144518756","","9365601"
"Mark Zuckerberg","7","0.0010177377144518756","","9365810"
"Santa Cruz","7","0.0010177377144518756","","9366274"
"Diana","7","0.0010177377144518756","","9366545"
"Kerry","7","0.0010177377144518756","","9366581"
"Brexit","7","0.0010177377144518756","","9366800"
"David Stanway","7","0.0010177377144518756","","9367304"
"Gerhard Schröder","7","0.0010177377144518756","","9367690"
"Carl Icahn","7","0.0010177377144518756","","9368274"
"Gabriel","7","0.0010177377144518756","","9369535"
"Scott Walker","7","0.0010177377144518756","","9370512"
"Raul Grijalva","7","0.0010177377144518756","","9371014"
"Kim Jong Un","7","0.0010177377144518756","","9371033"
"Daniel Sanchez","7","0.0010177377144518756","","9371042"
"Kevin","7","0.0010177377144518756","","9371129"
"Rick Scott","7","0.0010177377144518756","","9371402"
"Jeff Merkley","7","0.0010177377144518756","","9371460"
"Gordon","7","0.0010177377144518756","","9371589"
"Daniel","7","0.0010177377144518756","","9372601"
"Christ","7","0.0010177377144518756","","9374218"
"Jill Stein","7","0.0010177377144518756","","9374547"
"David Evans","7","0.0010177377144518756","","9375144"
"Pat McCrory","7","0.0010177377144518756","","9375354"
"Jake","7","0.0010177377144518756","","9375508"
"Joko Widodo","7","0.0010177377144518756","","9376550"
"Tony Abbott","7","0.0010177377144518756","","9377937"
"Andrew","7","0.0010177377144518756","","9378234"
"Kennedy","7","0.0010177377144518756","","9378538"
"Zika","7","0.0010177377144518756","","9384646"
"John Boehner","7","0.0010177377144518756","","9385131"
"Arlene Foster","7","0.0010177377144518756","","9385511"
"Terry McAuliffe","7","0.0010177377144518756","","9387494"
"viii","7","0.0010177377144518756","","9394127"
"Li Shuo","7","0.0010177377144518756","","9394686"
"Harris","7","0.0010177377144518756","","9395691"
"Jennifer Jenkins","7","0.0010177377144518756","","9396888"
"Rob Bishop","7","0.0010177377144518756","","9398503"
"Erik Solheim","7","0.0010177377144518756","","9399482"
"Earl Blumenauer","7","0.0010177377144518756","","9404947"
"Dannel P. Malloy","7","0.0010177377144518756","","9406762"
"Bill Nye","7","0.0010177377144518756","","9415201"
"Hansen","7","0.0010177377144518756","","9416715"
"Mark Potter","7","0.0010177377144518756","","9420834"
"Kelly Ayotte","7","0.0010177377144518756","","9421967"
"Steve Orlofsky","7","0.0010177377144518756","","9422634"
"Benson","7","0.0010177377144518756","","9427484"
"Naomi Oreskes","7","0.0010177377144518756","","9446905"
"Alister Doyle","7","0.0010177377144518756","","9448019"
"Daniel Kammen","7","0.0010177377144518756","","9451625"
"James Lovelock","7","0.0010177377144518756","","9453450"
"Rand Paul","7","0.0010177377144518756","","9455265"
"Winona LaDuke","7","0.0010177377144518756","","9456515"
"Jared Polis","7","0.0010177377144518756","","9460032"
"John Keppler","7","0.0010177377144518756","","9471484"
"Bjorn Lomborg","7","0.0010177377144518756","","9474421"
"Rhea Suh","7","0.0010177377144518756","","9475203"
"Daniel Simmons","7","0.0010177377144518756","","9502354"
"Earl Ray Tomblin","7","0.0010177377144518756","","9506139"
"Gina Raimondo","7","0.0010177377144518756","","9506141"
"Peter Shumlin","7","0.0010177377144518756","","9506149"
"Ottmar Edenhofer","7","0.0010177377144518756","","9522963"
"Dan Kammen","7","0.0010177377144518756","","9569861"
"Matt Ridley","7","0.0010177377144518756","","9569895"
"Jack Gerard","7","0.0010177377144518756","","9608101"
"David Shaffer","7","0.0010177377144518756","","9611703"
"Radha Muthiah","7","0.0010177377144518756","","9625898"
"Rhett","7","0.0010177377144518756","","9636287"
"Fred Cannon","7","0.0010177377144518756","","9667111"
"Mike Garland","7","0.0010177377144518756","","9678503"
"Aldo Leopold","7","0.0010177377144518756","","9683515"
"GAO","7","0.0010177377144518756","","9698054"
"Vandana Shiva","7","0.0010177377144518756","","9732862"
"Angmar","7","0.0010177377144518756","","9758348"
"Chris Packham","7","0.0010177377144518756","","9983693"
"Fisker","7","0.0010177377144518756","","9988141"
"Peter Atherton","7","0.0010177377144518756","","10040645"
"Jos Lelieveld","7","0.0010177377144518756","","10262594"
"SpaceShipOne","7","0.0010177377144518756","","10317650"
"Tom Buis","7","0.0010177377144518756","","10383523"
"Kirk R. Smith","7","0.0010177377144518756","","11513809"
"Thomas Lovejoy","7","0.0010177377144518756","","11778359"
"John Eick","7","0.0010177377144518756","","24352617"
"Jane Baird","7","0.0010177377144518756","","28014611"
"Patrick Woodcock","7","0.0010177377144518756","","28341491"
"Angus McCrone","7","0.0010177377144518756","","28959279"
"Michael Cammarata","7","0.0010177377144518756","","29203808"
"George W Bush","6","0.0008723466123873219","","9362792"
"Justin Trudeau","6","0.0008723466123873219","","9363252"
"Harper","6","0.0008723466123873219","","9363903"
"Sarah Palin","6","0.0008723466123873219","","9364048"
"Myron Ebell","6","0.0008723466123873219","","9364170"
"Rupert Murdoch","6","0.0008723466123873219","","9364193"
"Hitler","6","0.0008723466123873219","","9364504"
"Politico","6","0.0008723466123873219","","9364732"
"Nelson Mandela","6","0.0008723466123873219","","9364775"
"Adams","6","0.0008723466123873219","","9364902"
"Simon","6","0.0008723466123873219","","9364984"
"Adam Smith","6","0.0008723466123873219","","9365222"
"Caroline Lucas","6","0.0008723466123873219","","9365325"
"Jim","6","0.0008723466123873219","","9365339"
"Paul Krugman","6","0.0008723466123873219","","9365825"
"Peter","6","0.0008723466123873219","","9365960"
"Laura","6","0.0008723466123873219","","9366317"
"John Lewis","6","0.0008723466123873219","","9366419"
"Bozeman","6","0.0008723466123873219","","9366527"
"Romney","6","0.0008723466123873219","","9366837"
"George","6","0.0008723466123873219","","9367023"
"Brian","6","0.0008723466123873219","","9367175"
"Deng Xiaoping","6","0.0008723466123873219","","9367284"
"Mark Kirk","6","0.0008723466123873219","","9367860"
"Limbaugh","6","0.0008723466123873219","","9368390"
"Tom Price","6","0.0008723466123873219","","9368624"
"Irma","6","0.0008723466123873219","","9368947"
"wolf","6","0.0008723466123873219","","9369945"
"Chris","6","0.0008723466123873219","","9371762"
"Kate Brown","6","0.0008723466123873219","","9372440"
"Charlie","6","0.0008723466123873219","","9373182"
"fox","6","0.0008723466123873219","","9374765"
"Brady Dennis","6","0.0008723466123873219","","9374896"
"Richard Pullin","6","0.0008723466123873219","","9375037"
"Eisenhower","6","0.0008723466123873219","","9376749"
"Doug","6","0.0008723466123873219","","9377147"
"Rubio","6","0.0008723466123873219","","9377184"
"Leslie Adler","6","0.0008723466123873219","","9377386"
"Li Keqiang","6","0.0008723466123873219","","9377530"
"Martin McGuinness","6","0.0008723466123873219","","9377977"
"David Victor","6","0.0008723466123873219","","9378076"
"Pandora","6","0.0008723466123873219","","9379361"
"Martinez Monsivais","6","0.0008723466123873219","","9381438"
"Irene","6","0.0008723466123873219","","9382639"
"Ricardo Rosselló","6","0.0008723466123873219","","9382641"
"Jefferson","6","0.0008723466123873219","","9383780"
"Kim","6","0.0008723466123873219","","9384349"
"Franklin Roosevelt","6","0.0008723466123873219","","9384981"
"Nicholas Stern","6","0.0008723466123873219","","9385161"
"Roosevelt","6","0.0008723466123873219","","9386372"
"Janet Lawrence","6","0.0008723466123873219","","9386452"
"Morris","6","0.0008723466123873219","","9386701"
"Steve","6","0.0008723466123873219","","9388387"
"Rafael Correa","6","0.0008723466123873219","","9388510"
"Franco","6","0.0008723466123873219","","9388571"
"Darwin","6","0.0008723466123873219","","9391400"
"Murray","6","0.0008723466123873219","","9393750"
"Defra","6","0.0008723466123873219","","9395063"
"Strangelove","6","0.0008723466123873219","","9397057"
"Chris Coons","6","0.0008723466123873219","","9399736"
"Robert F. Kennedy Jr.","6","0.0008723466123873219","","9399746"
"Robert Watson","6","0.0008723466123873219","","9407352"
"Dan Sullivan","6","0.0008723466123873219","","9412848"
"Debbie Stabenow","6","0.0008723466123873219","","9414906"
"Patrick Greenfield","6","0.0008723466123873219","","9420469"
"Sherrod Brown","6","0.0008723466123873219","","9421615"
"James Watt","6","0.0008723466123873219","","9421701"
"David Waskow","6","0.0008723466123873219","","9421798"
"Mills","6","0.0008723466123873219","","9424658"
"Jonathan Clark","6","0.0008723466123873219","","9437386"
"Escherichia coli","6","0.0008723466123873219","","9444179"
"Jared Huffman","6","0.0008723466123873219","","9450492"
"Carol Browner","6","0.0008723466123873219","","9454272"
"Emily Holden","6","0.0008723466123873219","","9455547"
"T. Boone Pickens","6","0.0008723466123873219","","9460220"
"Mike Bloomberg","6","0.0008723466123873219","","9464520"
"John Shimkus","6","0.0008723466123873219","","9468265"
"Erika Johnsen","6","0.0008723466123873219","","9472855"
"Andy Tobin","6","0.0008723466123873219","","9474475"
"Paul Tonko","6","0.0008723466123873219","","9478671"
"Ted Turner","6","0.0008723466123873219","","9483393"
"Robert Bryce","6","0.0008723466123873219","","9486283"
"Tom Corbett","6","0.0008723466123873219","","9489955"
"Carl Sagan","6","0.0008723466123873219","","9491121"
"Hunt","6","0.0008723466123873219","","9495323"
"Marie Curie","6","0.0008723466123873219","","9497325"
"Archer Daniels","6","0.0008723466123873219","","9497374"
"Doug Parr","6","0.0008723466123873219","","9511970"
"Paul Bledsoe","6","0.0008723466123873219","","9529744"
"Carrion","6","0.0008723466123873219","","9542174"
"William Barr","6","0.0008723466123873219","","9544530"
"Bob Murray","6","0.0008723466123873219","","9544751"
"Tom Wigley","6","0.0008723466123873219","","9544907"
"Bob Keefe","6","0.0008723466123873219","","9563529"
"David Biello","6","0.0008723466123873219","","9567344"
"ICYMI","6","0.0008723466123873219","","9572957"
"Jeremy Rifkin","6","0.0008723466123873219","","9600254"
"David Crane","6","0.0008723466123873219","","9603282"
"David McNew/Getty","6","0.0008723466123873219","","9615517"
"Michael Norton","6","0.0008723466123873219","","9633334"
"Chris Prentice","6","0.0008723466123873219","","9641855"
"Robert Howarth","6","0.0008723466123873219","","9668523"
"David Blood","6","0.0008723466123873219","","9679767"
"Engie","6","0.0008723466123873219","","9692854"
"Thomas Malthus","6","0.0008723466123873219","","9693497"
"Enric Sala","6","0.0008723466123873219","","9709943"
"Claire Perry","6","0.0008723466123873219","","9723723"
"Kelsey Tamborrino","6","0.0008723466123873219","","9777408"
"Edward Davey","6","0.0008723466123873219","","9814560"
"Bill Fischer","6","0.0008723466123873219","","9908938"
"Ivanpah","6","0.0008723466123873219","","9940178"
"Gabe Elsner","6","0.0008723466123873219","","9997052"
"Talia Buford","6","0.0008723466123873219","","10208593"
"Luke Lirot","6","0.0008723466123873219","","10210743"
"Guenther Oettinger","6","0.0008723466123873219","","10312307"
"Phoebe Weston","6","0.0008723466123873219","","10621116"
"Karen Gievers","6","0.0008723466123873219","","10713074"
"Christopher House","6","0.0008723466123873219","","10723594"
"Julie Cart","6","0.0008723466123873219","","10819784"
"Paul A. Smith","6","0.0008723466123873219","","10910103"
"Daniel Pauly","6","0.0008723466123873219","","10988030"
"Lillian Riojas","6","0.0008723466123873219","","11110259"
"Joe Redner","6","0.0008723466123873219","","11631286"
"Norman Myers","6","0.0008723466123873219","","21190424"
"Robert L. Bradley","6","0.0008723466123873219","","21414410"
"KIUC","6","0.0008723466123873219","","23348825"
"Granger Morgan","6","0.0008723466123873219","","25863429"
"Matthew Stuber","6","0.0008723466123873219","","32326733"
"Chuck Madenjian","6","0.0008723466123873219","","50522344"
"Laura Doss-Hertz","6","0.0008723466123873219","","84249357"
"Fidel Castro","5","0.0007269555103227683","","9362283"
"Steve Bannon","5","0.0007269555103227683","","9362746"
"Raul Castro","5","0.0007269555103227683","","9362802"
"Bob Corker","5","0.0007269555103227683","","9362941"
"Pavel Molchanov","5","0.0007269555103227683","","9362947"
"Raymond James","5","0.0007269555103227683","","9362948"
"Hillary","5","0.0007269555103227683","","9362967"
"Michelle Obama","5","0.0007269555103227683","","9363126"
"Mary","5","0.0007269555103227683","","9363584"
"Hillary Rodham Clinton","5","0.0007269555103227683","","9363809"
"Matthew","5","0.0007269555103227683","","9363877"
"Aristotle","5","0.0007269555103227683","","9364236"
"Collin Peterson","5","0.0007269555103227683","","9364698"
"Bob Casey","5","0.0007269555103227683","","9364706"
"Martin Luther King Jr.","5","0.0007269555103227683","","9364769"
"Betsy DeVos","5","0.0007269555103227683","","9364818"
"Mao","5","0.0007269555103227683","","9365112"
"Matt Damon","5","0.0007269555103227683","","9365497"
"Wilbur Ross","5","0.0007269555103227683","","9365614"
"Ann Arbor","5","0.0007269555103227683","","9365651"
"Chris Christie","5","0.0007269555103227683","","9365660"
"Lawrence","5","0.0007269555103227683","","9365789"
"David Petraeus","5","0.0007269555103227683","","9365814"
"Ron Paul","5","0.0007269555103227683","","9365904"
"Robert E. Lee","5","0.0007269555103227683","","9365954"
"Neil Gorsuch","5","0.0007269555103227683","","9366142"
"Jack","5","0.0007269555103227683","","9366188"
"Martin Heinrich","5","0.0007269555103227683","","9366368"
"Kevin Brady","5","0.0007269555103227683","","9366591"
"Watson","5","0.0007269555103227683","","9366685"
"Hugo Chavez","5","0.0007269555103227683","","9366697"
"Lee","5","0.0007269555103227683","","9366777"
"John Lennon","5","0.0007269555103227683","","9366998"
"Warren","5","0.0007269555103227683","","9367164"
"Tim Kaine","5","0.0007269555103227683","","9367209"
"Margaret Atwood","5","0.0007269555103227683","","9367288"
"Stalin","5","0.0007269555103227683","","9367404"
"Tammy Duckworth","5","0.0007269555103227683","","9367861"
"Eric","5","0.0007269555103227683","","9367919"
"Michelle Bachelet","5","0.0007269555103227683","","9368373"
"woods","5","0.0007269555103227683","","9369105"
"John Oliver","5","0.0007269555103227683","","9370316"
"Einstein","5","0.0007269555103227683","","9372923"
"Hunter","5","0.0007269555103227683","","9373699"
"Steven Mufson","5","0.0007269555103227683","","9374763"
"Philip Blenkinsop","5","0.0007269555103227683","","9375220"
"Mark Ruffalo","5","0.0007269555103227683","","9375311"
"Barbara Lee","5","0.0007269555103227683","","9375809"
"Merrick Garland","5","0.0007269555103227683","","9376567"
"Benjamin Franklin","5","0.0007269555103227683","","9376971"
"Eric Schneiderman","5","0.0007269555103227683","","9377126"
"Mary Landrieu","5","0.0007269555103227683","","9379695"
"Koch","5","0.0007269555103227683","","9380595"
"Jokowi","5","0.0007269555103227683","","9380905"
"Joschka Fischer","5","0.0007269555103227683","","9381437"
"John Thune","5","0.0007269555103227683","","9381715"
"Heather Caygle","5","0.0007269555103227683","","9381759"
"Edward Tobin","5","0.0007269555103227683","","9383754"
"Jay Rockefeller","5","0.0007269555103227683","","9384838"
"Donald H. Rumsfeld","5","0.0007269555103227683","","9385428"
"Yoshihiko Noda","5","0.0007269555103227683","","9385749"
"Michael Johnson","5","0.0007269555103227683","","9386498"
"Dave","5","0.0007269555103227683","","9387987"
"Tom McClintock","5","0.0007269555103227683","","9391110"
"David Gregorio","5","0.0007269555103227683","","9393610"
"Winfried Kretschmann","5","0.0007269555103227683","","9396282"
"Lenny","5","0.0007269555103227683","","9397031"
"Mark Twain","5","0.0007269555103227683","","9398890"
"Stewart","5","0.0007269555103227683","","9399197"
"Peter Prengaman","5","0.0007269555103227683","","9399676"
"Gray Davis","5","0.0007269555103227683","","9400485"
"Christopher Thomond","5","0.0007269555103227683","","9400943"
"Tim Buckley","5","0.0007269555103227683","","9401041"
"Mike Conaway","5","0.0007269555103227683","","9401873"
"Walsh","5","0.0007269555103227683","","9401922"
"Kevin Cramer","5","0.0007269555103227683","","9402032"
"Loch Ness","5","0.0007269555103227683","","9405805"
"Arthur","5","0.0007269555103227683","","9406976"
"Fred","5","0.0007269555103227683","","9407474"
"Rosie","5","0.0007269555103227683","","9409049"
"Wolf","5","0.0007269555103227683","","9410265"
"Robert F. Kennedy","5","0.0007269555103227683","","9410656"
"flora","5","0.0007269555103227683","","9410955"
"Mark Harmon","5","0.0007269555103227683","","9413897"
"Peters","5","0.0007269555103227683","","9414108"
"Martin O'Malley","5","0.0007269555103227683","","9416330"
"cook","5","0.0007269555103227683","","9416494"
"McKinsey","5","0.0007269555103227683","","9416518"
"Eric Greitens","5","0.0007269555103227683","","9420771"
"Estelle Shirbon","5","0.0007269555103227683","","9420800"
"Zimmerman","5","0.0007269555103227683","","9425201"
"Theodore","5","0.0007269555103227683","","9428771"
"Chris Goodall","5","0.0007269555103227683","","9437075"
"Allan Savory","5","0.0007269555103227683","","9439099"
"moss","5","0.0007269555103227683","","9443452"
"Roger Pielke Jr.","5","0.0007269555103227683","","9446030"
"Wyden","5","0.0007269555103227683","","9447007"
"Markey","5","0.0007269555103227683","","9447011"
"Todd Stern","5","0.0007269555103227683","","9448016"
"Travis Fisher","5","0.0007269555103227683","","9448037"
"Henry David Thoreau","5","0.0007269555103227683","","9448490"
"Barbara Hendricks","5","0.0007269555103227683","","9452171"
"Peter DeFazio","5","0.0007269555103227683","","9452267"
"Bill Johnson","5","0.0007269555103227683","","9452719"
"Michael E. Mann","5","0.0007269555103227683","","9453991"
"Squire Patton Boggs","5","0.0007269555103227683","","9454714"
"Paul Revere","5","0.0007269555103227683","","9455622"
"McNeil","5","0.0007269555103227683","","9463818"
"Greenwood","5","0.0007269555103227683","","9465318"
"Kumi Naidoo","5","0.0007269555103227683","","9468571"
"David Morgan","5","0.0007269555103227683","","9471175"
"Hunter Biden","5","0.0007269555103227683","","9479867"
"Amanda Becker","5","0.0007269555103227683","","9480947"
"rosemary","5","0.0007269555103227683","","9483865"
"Kevin Drawbaugh","5","0.0007269555103227683","","9486526"
"Burgess","5","0.0007269555103227683","","9487107"
"Bruce Rastetter","5","0.0007269555103227683","","9488592"
"Steven Clarke","5","0.0007269555103227683","","9495687"
"Dan Brouillette","5","0.0007269555103227683","","9496474"
"John Nielsen-Gammon","5","0.0007269555103227683","","9501121"
"Cormac McCarthy","5","0.0007269555103227683","","9512103"
"Zinke","5","0.0007269555103227683","","9514691"
"Katharine Hayhoe","5","0.0007269555103227683","","9515414"
"Manoj Sinha","5","0.0007269555103227683","","9516477"
"Simon Evans","5","0.0007269555103227683","","9535246"
"xxiii","5","0.0007269555103227683","","9535733"
"Svante Arrhenius","5","0.0007269555103227683","","9536802"
"Jose Manuel Barroso","5","0.0007269555103227683","","9536855"
"Brad Plumer","5","0.0007269555103227683","","9556912"
"Mother Nature","5","0.0007269555103227683","","9564604"
"Nancy Pfund","5","0.0007269555103227683","","9572638"
"Elaine Hardcastle","5","0.0007269555103227683","","9595282"
"Larry Parnass","5","0.0007269555103227683","","9599546"
"Peter Raven","5","0.0007269555103227683","","9599755"
"Bruce Westerman","5","0.0007269555103227683","","9602059"
"Peet","5","0.0007269555103227683","","9606259"
"Anca Gurzu","5","0.0007269555103227683","","9613079"
"Dave Anderson","5","0.0007269555103227683","","9653214"
"Mike Wirth","5","0.0007269555103227683","","9656233"
"Jerry Taylor","5","0.0007269555103227683","","9657518"
"Jeremy Grantham","5","0.0007269555103227683","","9657863"
"Scott DiSavino","5","0.0007269555103227683","","9658416"
"Dan Shugar","5","0.0007269555103227683","","9668703"
"Christoph Steitz","5","0.0007269555103227683","","9674044"
"Brian Kahn","5","0.0007269555103227683","","9693918"
"Ann Weeks","5","0.0007269555103227683","","9724707"
"Connor Gibson","5","0.0007269555103227683","","9726936"
"Eric Davidson","5","0.0007269555103227683","","9727930"
"Mark Glover","5","0.0007269555103227683","","9742989"
"Rodrigues","5","0.0007269555103227683","","9753479"
"Mark Sumner","5","0.0007269555103227683","","9758810"
"Elizabeth Littlefield","5","0.0007269555103227683","","9764575"
"David Holmes","5","0.0007269555103227683","","9793292"
"Mato Grosso","5","0.0007269555103227683","","9813088"
"Jason Box","5","0.0007269555103227683","","9887281"
"Cathy Bussewitz","5","0.0007269555103227683","","9895271"
"Jack Andraka","5","0.0007269555103227683","","9927872"
"Peck Madigan Jones","5","0.0007269555103227683","","9931211"
"Hugh Welsh","5","0.0007269555103227683","","10038259"
"Kibler","5","0.0007269555103227683","","10053565"
"Ken Nolan","5","0.0007269555103227683","","10055284"
"Paul Hawken","5","0.0007269555103227683","","10099504"
"Bastrop","5","0.0007269555103227683","","10106337"
"Jan Zalasiewicz","5","0.0007269555103227683","","10130946"
"William Hardy","5","0.0007269555103227683","","10483730"
"Joe Simitian","5","0.0007269555103227683","","10501394"
"Bob Greco","5","0.0007269555103227683","","10536436"
"Seth Kaplan","5","0.0007269555103227683","","10573390"
"eDNA","5","0.0007269555103227683","","10592828"
"Maria Damanaki","5","0.0007269555103227683","","10606592"
"Malcolm North","5","0.0007269555103227683","","10719136"
"Zack Colman","5","0.0007269555103227683","","10744447"
"Carl Safina","5","0.0007269555103227683","","10768719"
"John Flesher","5","0.0007269555103227683","","10784903"
"Daniel Kish","5","0.0007269555103227683","","10825247"
"Jacqueline McGlade","5","0.0007269555103227683","","10847739"
"Christoph Gebald","5","0.0007269555103227683","","10912075"
"David Beavers","5","0.0007269555103227683","","11158025"
"poopdogcomedy","5","0.0007269555103227683","","11190122"
"Stephen Pyne","5","0.0007269555103227683","","11377382"
"Carrie Annand","5","0.0007269555103227683","","11384815"
"Leslie Brooks","5","0.0007269555103227683","","11441664"
"Scott Stephens","5","0.0007269555103227683","","11549742"
"Marcia Blomberg","5","0.0007269555103227683","","11600894"
"Rick Stafford","5","0.0007269555103227683","","11760189"
"Terry Kilgore","5","0.0007269555103227683","","11838547"
"HECO","5","0.0007269555103227683","","18303454"
"Michael Jerrett","5","0.0007269555103227683","","24746299"
"Buttigieg","5","0.0007269555103227683","","26796206"
"Angel Hsu","5","0.0007269555103227683","","28012591"
"Corbin Newman","5","0.0007269555103227683","","28102673"
"Henrik Karlsson","5","0.0007269555103227683","","28104411"
"Robert Bonnie","5","0.0007269555103227683","","28128459"
"William R. Moomaw","5","0.0007269555103227683","","28195038"
"Mike McGowan","5","0.0007269555103227683","","28457017"
"Geoff Holmes","5","0.0007269555103227683","","28971042"
"Raízen","5","0.0007269555103227683","","29069312"
"Jan Wurzbacher","5","0.0007269555103227683","","29228558"
"Dana Doran","5","0.0007269555103227683","","29791708"
"Dave Gram","5","0.0007269555103227683","","29941333"
"Cabo Pulmo","5","0.0007269555103227683","","32534371"
"Iain Staffell","5","0.0007269555103227683","","36163381"
"Mokurai","5","0.0007269555103227683","","36186023"
"Ane Alencar","5","0.0007269555103227683","","36277957"
"Rita Frost","5","0.0007269555103227683","","39139902"
"Sandi Howard","5","0.0007269555103227683","","67574475"
"Homer Bhullar","5","0.0007269555103227683","","124693175"
"210-345-3331Gautam Srivastava","5","0.0007269555103227683","","199395372"
"Gary Cohn","4","0.0005815644082582146","","9362743"
"Donald J. Trump","4","0.0005815644082582146","","9362749"
"Lisa","4","0.0005815644082582146","","9362770"
"Eric Trump","4","0.0005815644082582146","","9362795"
"David Brown","4","0.0005815644082582146","","9362846"
"Erica Werner","4","0.0005815644082582146","","9363140"
"Nicolas Maduro","4","0.0005815644082582146","","9363158"
"Richard Burr","4","0.0005815644082582146","","9364116"
"John Coequyt","4","0.0005815644082582146","","9364172"
"Kelly","4","0.0005815644082582146","","9364187"
"Julian Assange","4","0.0005815644082582146","","9364278"
"Bob Dylan","4","0.0005815644082582146","","9364444"
"Larry Hogan","4","0.0005815644082582146","","9364475"
"Mick Mulvaney","4","0.0005815644082582146","","9364721"
"George Soros","4","0.0005815644082582146","","9364748"
"Sullivan","4","0.0005815644082582146","","9364857"
"Anderson","4","0.0005815644082582146","","9364966"
"Lyndon Johnson","4","0.0005815644082582146","","9365154"
"Rudy Giuliani","4","0.0005815644082582146","","9365658"
"Thomas Friedman","4","0.0005815644082582146","","9365829"
"Martin Luther King","4","0.0005815644082582146","","9365901"
"Carmichael","4","0.0005815644082582146","","9366458"
"Levi Strauss","4","0.0005815644082582146","","9366624"
"Ben Cardin","4","0.0005815644082582146","","9366680"
"Martha","4","0.0005815644082582146","","9367077"
"Devin Nunes","4","0.0005815644082582146","","9367526"
"Janet Yellen","4","0.0005815644082582146","","9367882"
"Julie","4","0.0005815644082582146","","9368159"
"Scott","4","0.0005815644082582146","","9369630"
"Barry","4","0.0005815644082582146","","9370721"
"Taylor","4","0.0005815644082582146","","9371366"
"Riley","4","0.0005815644082582146","","9372518"
"Cantor Fitzgerald","4","0.0005815644082582146","","9372668"
"Dean Heller","4","0.0005815644082582146","","9372680"
"Alice","4","0.0005815644082582146","","9372792"
"Joaquin","4","0.0005815644082582146","","9373903"
"Brian Skoloff","4","0.0005815644082582146","","9374260"
"Helena","4","0.0005815644082582146","","9374443"
"Sanchez","4","0.0005815644082582146","","9374628"
"Levi","4","0.0005815644082582146","","9375488"
"Camilla","4","0.0005815644082582146","","9375703"
"Hank Johnson","4","0.0005815644082582146","","9376561"
"Luna","4","0.0005815644082582146","","9376901"
"fisher","4","0.0005815644082582146","","9378028"
"Rick","4","0.0005815644082582146","","9378628"
"savanna","4","0.0005815644082582146","","9378897"
"Olympia Snowe","4","0.0005815644082582146","","9379713"
"McConnell","4","0.0005815644082582146","","9380394"
"Bill Trott","4","0.0005815644082582146","","9381082"
"Tulsi Gabbard","4","0.0005815644082582146","","9381227"
"Dale Hudson","4","0.0005815644082582146","","9381328"
"John Hoeven","4","0.0005815644082582146","","9381689"
"Ian Roberts","4","0.0005815644082582146","","9382762"
"hardy","4","0.0005815644082582146","","9383842"
"Chad","4","0.0005815644082582146","","9384737"
"Sarah","4","0.0005815644082582146","","9385993"
"Robert Menendez","4","0.0005815644082582146","","9386099"
"Katy Daigle","4","0.0005815644082582146","","9386169"
"Booker","4","0.0005815644082582146","","9386638"
"Edmund Blair","4","0.0005815644082582146","","9387608"
"Bob","4","0.0005815644082582146","","9388251"
"Tony","4","0.0005815644082582146","","9390563"
"Stephen Hawking","4","0.0005815644082582146","","9390652"
"Kim Reynolds","4","0.0005815644082582146","","9391600"
"Jonathan J. Cooper","4","0.0005815644082582146","","9391685"
"Jonathan Allen","4","0.0005815644082582146","","9392355"
"Merkel","4","0.0005815644082582146","","9393886"
"Barker","4","0.0005815644082582146","","9395137"
"Chris Van Hollen","4","0.0005815644082582146","","9395178"
"Louise Heavens","4","0.0005815644082582146","","9395354"
"Gerald Ford","4","0.0005815644082582146","","9395919"
"Cohen","4","0.0005815644082582146","","9395954"
"Alex Salmond","4","0.0005815644082582146","","9397038"
"Neil Young","4","0.0005815644082582146","","9397768"
"Ken Cuccinelli","4","0.0005815644082582146","","9398111"
"Heather Swift","4","0.0005815644082582146","","9398501"
"Carr","4","0.0005815644082582146","","9399173"
"David Goodman","4","0.0005815644082582146","","9399640"
"Rice","4","0.0005815644082582146","","9401699"
"Thom Tillis","4","0.0005815644082582146","","9403548"
"taro","4","0.0005815644082582146","","9403632"
"JFK","4","0.0005815644082582146","","9404174"
"Carl Bildt","4","0.0005815644082582146","","9404352"
"Kathy Castor","4","0.0005815644082582146","","9404946"
"Jane Merriman","4","0.0005815644082582146","","9406295"
"Yuri Gagarin","4","0.0005815644082582146","","9407348"
"Stephen Smith","4","0.0005815644082582146","","9408232"
"Jim Justice","4","0.0005815644082582146","","9408876"
"John Abraham","4","0.0005815644082582146","","9409027"
"Wangari Maathai","4","0.0005815644082582146","","9409183"
"Teddy Roosevelt","4","0.0005815644082582146","","9411026"
"Mitch Daniels","4","0.0005815644082582146","","9411278"
"Roy Blunt","4","0.0005815644082582146","","9412842"
"Markus Wacket","4","0.0005815644082582146","","9415409"
"Mike Thompson","4","0.0005815644082582146","","9417409"
"John Hickenlooper","4","0.0005815644082582146","","9421617"
"Phil Murphy","4","0.0005815644082582146","","9421624"
"Charles Boustany","4","0.0005815644082582146","","9421977"
"David Hayes","4","0.0005815644082582146","","9423649"
"Villa Clara","4","0.0005815644082582146","","9424472"
"Roger","4","0.0005815644082582146","","9427734"
"Nichola Groom","4","0.0005815644082582146","","9433641"
"Judith","4","0.0005815644082582146","","9435985"
"David Kreutzer","4","0.0005815644082582146","","9437018"
