[{"ap_syndicated":null,"collect_date":"2018-10-10 13:24:53.801638","feeds":null,"guid":"https://www.nytimes.com/2018/10/10/climate/white-house-approves-climate-report-what-that-means.html","language":"en","media_id":1,"media_name":null,"media_url":null,"processed_stories_id":null,"publish_date":"2018-10-10 16:52:33","stories_id":1020205199,"story_tags":[{"stories_id":1020205199,"tag":"geonames_6252001","tag_set":"mc-geocoder@media.mit.edu","tag_sets_id":1011,"tags_id":8878461},{"stories_id":1020205199,"tag":"geonames_5815135","tag_set":"mc-geocoder@media.mit.edu","tag_sets_id":1011,"tags_id":8878481},{"stories_id":1020205199,"tag":"geonames_2155400","tag_set":"mc-geocoder@media.mit.edu","tag_sets_id":1011,"tags_id":8878624},{"stories_id":1020205199,"tag":"geonames_4662168","tag_set":"mc-geocoder@media.mit.edu","tag_sets_id":1011,"tags_id":8878725},{"stories_id":1020205199,"tag":"geonames_5224323","tag_set":"mc-geocoder@media.mit.edu","tag_sets_id":1011,"tags_id":8878836},{"stories_id":1020205199,"tag":"geonames_4667282","tag_set":"mc-geocoder@media.mit.edu","tag_sets_id":1011,"tags_id":8879476},{"stories_id":1020205199,"tag":"nyt_labeller_v1.0.0","tag_set":"nyt_labels_version","tag_sets_id":1964,"tags_id":9360669},{"stories_id":1020205199,"tag":"global warming","tag_set":"nyt_labels","tag_sets_id":1963,"tags_id":9360886},{"stories_id":1020205199,"tag":"environment","tag_set":"nyt_labels","tag_sets_id":1963,"tags_id":9360887},{"stories_id":1020205199,"tag":"weather","tag_set":"nyt_labels","tag_sets_id":1963,"tags_id":9360902},{"stories_id":1020205199,"tag":"White House","tag_set":"cliff_organizations","tag_sets_id":2388,"tags_id":9362736},{"stories_id":1020205199,"tag":"New York Times","tag_set":"cliff_organizations","tag_sets_id":2388,"tags_id":9362756},{"stories_id":1020205199,"tag":"United Nations","tag_set":"cliff_organizations","tag_sets_id":2388,"tags_id":9362785},{"stories_id":1020205199,"tag":"Trump","tag_set":"cliff_people","tag_sets_id":2389,"tags_id":9362872},{"stories_id":1020205199,"tag":"Exxon","tag_set":"cliff_organizations","tag_sets_id":2388,"tags_id":9362930},{"stories_id":1020205199,"tag":"Congress","tag_set":"cliff_organizations","tag_sets_id":2388,"tags_id":9362962},{"stories_id":1020205199,"tag":"Trump administration","tag_set":"cliff_organizations","tag_sets_id":2388,"tags_id":9362998},{"stories_id":1020205199,"tag":"University of California","tag_set":"cliff_organizations","tag_sets_id":2388,"tags_id":9363455},{"stories_id":1020205199,"tag":"General Motors","tag_set":"cliff_organizations","tag_sets_id":2388,"tags_id":9363690},{"stories_id":1020205199,"tag":"Johnson & Johnson","tag_set":"cliff_organizations","tag_sets_id":2388,"tags_id":9365058},{"stories_id":1020205199,"tag":"Davis","tag_set":"cliff_people","tag_sets_id":2389,"tags_id":9369165},{"stories_id":1020205199,"tag":"Michael","tag_set":"cliff_people","tag_sets_id":2389,"tags_id":9369548},{"stories_id":1020205199,"tag":"Rick Scott","tag_set":"cliff_people","tag_sets_id":2389,"tags_id":9371402},{"stories_id":1020205199,"tag":"Exxon Mobil","tag_set":"cliff_organizations","tag_sets_id":2388,"tags_id":9376186},{"stories_id":1020205199,"tag":"Unilever","tag_set":"cliff_organizations","tag_sets_id":2388,"tags_id":9377391},{"stories_id":1020205199,"tag":"James A. Baker III","tag_set":"cliff_people","tag_sets_id":2389,"tags_id":9378510},{"stories_id":1020205199,"tag":"Mark Landler","tag_set":"cliff_people","tag_sets_id":2389,"tags_id":9378990},{"stories_id":1020205199,"tag":"PepsiCo","tag_set":"cliff_organizations","tag_sets_id":2388,"tags_id":9384276},{"stories_id":1020205199,"tag":"Sheldon Whitehouse","tag_set":"cliff_people","tag_sets_id":2389,"tags_id":9404082},{"stories_id":1020205199,"tag":"William Nordhaus","tag_set":"cliff_people","tag_sets_id":2389,"tags_id":9437058},{"stories_id":1020205199,"tag":"Safeway","tag_set":"cliff_organizations","tag_sets_id":2388,"tags_id":9498684},{"stories_id":1020205199,"tag":"Paul Romer","tag_set":"cliff_people","tag_sets_id":2389,"tags_id":9500720},{"stories_id":1020205199,"tag":"Brad Plumer","tag_set":"cliff_people","tag_sets_id":2389,"tags_id":9556912},{"stories_id":1020205199,"tag":"Coral Davenport","tag_set":"cliff_people","tag_sets_id":2389,"tags_id":9584745},{"stories_id":1020205199,"tag":"John Schwartz","tag_set":"cliff_people","tag_sets_id":2389,"tags_id":9585229},{"stories_id":1020205199,"tag":"cliff_clavin_v2.4.1","tag_set":"geocoder_version","tag_sets_id":1937,"tags_id":9696677},{"stories_id":1020205199,"tag":"Nadja Popovich","tag_set":"cliff_people","tag_sets_id":2389,"tags_id":9754497},{"stories_id":1020205199,"tag":"Ted Halstead","tag_set":"cliff_people","tag_sets_id":2389,"tags_id":10031725},{"stories_id":1020205199,"tag":"Rockefeller Family Fund","tag_set":"cliff_organizations","tag_sets_id":2388,"tags_id":10068853},{"stories_id":1020205199,"tag":"Kevin Sack","tag_set":"cliff_people","tag_sets_id":2389,"tags_id":10158729},{"stories_id":1020205199,"tag":"Scott Silvestri","tag_set":"cliff_people","tag_sets_id":2389,"tags_id":11224055},{"stories_id":1020205199,"tag":"Lee Wasserman","tag_set":"cliff_people","tag_sets_id":2389,"tags_id":11564872},{"stories_id":1020205199,"tag":"Miguel Jaller","tag_set":"cliff_people","tag_sets_id":2389,"tags_id":36524316},{"stories_id":1020205199,"tag":"readability-lxml-0.7","tag_set":"extractor_version","tag_sets_id":1354,"tags_id":81092444}],"title":"The White House Approved a Climate Report (and What That Even Means)","url":"https://www.nytimes.com/2018/10/10/climate/white-house-approves-climate-report-what-that-means.html","word_count":null}]