[{"ap_syndicated":null,"collect_date":"2018-10-20 10:52:00.316332","feeds":null,"guid":"https://www.washingtonpost.com/business/economy/the-oil-giant-that-was-forced-to-shrink-to-greatness/2018/07/13/1be775e0-8159-11e8-b9a5-7e1c013f8c33_story.html?utm_term=.ded6aefd0bfe","language":"en","media_id":2,"media_name":null,"media_url":null,"processed_stories_id":null,"publish_date":"2018-07-13 00:00:00","stories_id":1034392015,"story_tags":[{"stories_id":1034392015,"tag":"guess_by_unknown","tag_set":"date_guess_method","tag_sets_id":508,"tags_id":50741492}],"title":"The oil giant that was ‘forced to shrink to greatness’","url":"https://www.washingtonpost.com/business/economy/the-oil-giant-that-was-forced-to-shrink-to-greatness/2018/07/13/1be775e0-8159-11e8-b9a5-7e1c013f8c33_story.html?utm_term=.ded6aefd0bfe","word_count":null}]