[{"ap_syndicated":null,"collect_date":"2019-01-30 07:53:35.498697","feeds":null,"guid":"https://www.nytimes.com/2019/01/30/business/dealbook/us-china-trade-talks.html","language":"en","media_id":1,"media_name":null,"media_url":null,"processed_stories_id":null,"publish_date":"2019-01-30 11:37:05","stories_id":1179073375,"story_tags":[{"stories_id":1179073375,"tag":"geonames_6252001","tag_set":"mc-geocoder@media.mit.edu","tag_sets_id":1011,"tags_id":8878461},{"stories_id":1179073375,"tag":"geonames_5332921","tag_set":"mc-geocoder@media.mit.edu","tag_sets_id":1011,"tags_id":8878533},{"stories_id":1179073375,"tag":"geonames_1816670","tag_set":"mc-geocoder@media.mit.edu","tag_sets_id":1011,"tags_id":8878606},{"stories_id":1179073375,"tag":"geonames_4667282","tag_set":"mc-geocoder@media.mit.edu","tag_sets_id":1011,"tags_id":8879476},{"stories_id":1179073375,"tag":"geonames_4469407","tag_set":"mc-geocoder@media.mit.edu","tag_sets_id":1011,"tags_id":8880101},{"stories_id":1179073375,"tag":"geonames_5814616","tag_set":"mc-geocoder@media.mit.edu","tag_sets_id":1011,"tags_id":8900561},{"stories_id":1179073375,"tag":"geonames_5367815","tag_set":"mc-geocoder@media.mit.edu","tag_sets_id":1011,"tags_id":8984968},{"stories_id":1179073375,"tag":"geonames_4647963","tag_set":"mc-geocoder@media.mit.edu","tag_sets_id":1011,"tags_id":9025469},{"stories_id":1179073375,"tag":"geonames_5806017","tag_set":"mc-geocoder@media.mit.edu","tag_sets_id":1011,"tags_id":9026026},{"stories_id":1179073375,"tag":"nyt_labeller_v1.0.0","tag_set":"nyt_labels_version","tag_sets_id":1964,"tags_id":9360669},{"stories_id":1179073375,"tag":"politics and government","tag_set":"nyt_labels","tag_sets_id":1963,"tags_id":9360836},{"stories_id":1179073375,"tag":"finances","tag_set":"nyt_labels","tag_sets_id":1963,"tags_id":9360840},{"stories_id":1179073375,"tag":"international trade and world market","tag_set":"nyt_labels","tag_sets_id":1963,"tags_id":9360983},{"stories_id":1179073375,"tag":"Reuters","tag_set":"cliff_organizations","tag_sets_id":2388,"tags_id":9362267},{"stories_id":1179073375,"tag":"Facebook","tag_set":"cliff_organizations","tag_sets_id":2388,"tags_id":9362725},{"stories_id":1179073375,"tag":"Goldman Sachs","tag_set":"cliff_organizations","tag_sets_id":2388,"tags_id":9362730},{"stories_id":1179073375,"tag":"Senate","tag_set":"cliff_organizations","tag_sets_id":2388,"tags_id":9362741},{"stories_id":1179073375,"tag":"Trump","tag_set":"cliff_people","tag_sets_id":2389,"tags_id":9362872},{"stories_id":1179073375,"tag":"Mitch McConnell","tag_set":"cliff_people","tag_sets_id":2389,"tags_id":9362936},{"stories_id":1179073375,"tag":"Congress","tag_set":"cliff_organizations","tag_sets_id":2388,"tags_id":9362962},{"stories_id":1179073375,"tag":"Clinton","tag_set":"cliff_people","tag_sets_id":2389,"tags_id":9362980},{"stories_id":1179073375,"tag":"European Union","tag_set":"cliff_organizations","tag_sets_id":2388,"tags_id":9362999},{"stories_id":1179073375,"tag":"Roger Stone","tag_set":"cliff_people","tag_sets_id":2389,"tags_id":9363016},{"stories_id":1179073375,"tag":"Bloomberg","tag_set":"cliff_organizations","tag_sets_id":2388,"tags_id":9363116},{"stories_id":1179073375,"tag":"Treasury","tag_set":"cliff_organizations","tag_sets_id":2388,"tags_id":9363650},{"stories_id":1179073375,"tag":"Walmart","tag_set":"cliff_organizations","tag_sets_id":2388,"tags_id":9363718},{"stories_id":1179073375,"tag":"Nicolás Maduro","tag_set":"cliff_people","tag_sets_id":2389,"tags_id":9363774},{"stories_id":1179073375,"tag":"World Bank","tag_set":"cliff_organizations","tag_sets_id":2388,"tags_id":9363853},{"stories_id":1179073375,"tag":"Theresa","tag_set":"cliff_people","tag_sets_id":2389,"tags_id":9364070},{"stories_id":1179073375,"tag":"Congressional Budget Office","tag_set":"cliff_organizations","tag_sets_id":2388,"tags_id":9364202},{"stories_id":1179073375,"tag":"AT&T","tag_set":"cliff_organizations","tag_sets_id":2388,"tags_id":9365718},{"stories_id":1179073375,"tag":"Ford Motor","tag_set":"cliff_organizations","tag_sets_id":2388,"tags_id":9366297},{"stories_id":1179073375,"tag":"Steven Mnuchin","tag_set":"cliff_people","tag_sets_id":2389,"tags_id":9366312},{"stories_id":1179073375,"tag":"Amazon","tag_set":"cliff_organizations","tag_sets_id":2388,"tags_id":9366535},{"stories_id":1179073375,"tag":"New York Stock Exchange","tag_set":"cliff_organizations","tag_sets_id":2388,"tags_id":9367281},{"stories_id":1179073375,"tag":"Fed","tag_set":"cliff_organizations","tag_sets_id":2388,"tags_id":9367877},{"stories_id":1179073375,"tag":"Federal Reserve","tag_set":"cliff_organizations","tag_sets_id":2388,"tags_id":9368261},{"stories_id":1179073375,"tag":"CNBC","tag_set":"cliff_organizations","tag_sets_id":2388,"tags_id":9368264},{"stories_id":1179073375,"tag":"Tesla","tag_set":"cliff_people","tag_sets_id":2389,"tags_id":9369660},{"stories_id":1179073375,"tag":"Senate Finance Committee","tag_set":"cliff_organizations","tag_sets_id":2388,"tags_id":9370119},{"stories_id":1179073375,"tag":"Tom Brady","tag_set":"cliff_people","tag_sets_id":2389,"tags_id":9372061},{"stories_id":1179073375,"tag":"Nasdaq","tag_set":"cliff_organizations","tag_sets_id":2388,"tags_id":9374301},{"stories_id":1179073375,"tag":"Huawei","tag_set":"cliff_organizations","tag_sets_id":2388,"tags_id":9378344},{"stories_id":1179073375,"tag":"Danske Bank","tag_set":"cliff_organizations","tag_sets_id":2388,"tags_id":9378432},{"stories_id":1179073375,"tag":"Pandora","tag_set":"cliff_people","tag_sets_id":2389,"tags_id":9379361},{"stories_id":1179073375,"tag":"BNP Paribas","tag_set":"cliff_organizations","tag_sets_id":2388,"tags_id":9379738},{"stories_id":1179073375,"tag":"JPMorgan Chase","tag_set":"cliff_organizations","tag_sets_id":2388,"tags_id":9379740},{"stories_id":1179073375,"tag":"House Oversight Committee","tag_set":"cliff_organizations","tag_sets_id":2388,"tags_id":9387352},{"stories_id":1179073375,"tag":"Sotheby","tag_set":"cliff_organizations","tag_sets_id":2388,"tags_id":9396364},{"stories_id":1179073375,"tag":"PG&E","tag_set":"cliff_organizations","tag_sets_id":2388,"tags_id":9400031},{"stories_id":1179073375,"tag":"eBay","tag_set":"cliff_organizations","tag_sets_id":2388,"tags_id":9401030},{"stories_id":1179073375,"tag":"Council of Economic Advisers","tag_set":"cliff_organizations","tag_sets_id":2388,"tags_id":9404072},{"stories_id":1179073375,"tag":"Harley-Davidson","tag_set":"cliff_organizations","tag_sets_id":2388,"tags_id":9406372},{"stories_id":1179073375,"tag":"David Malpass","tag_set":"cliff_people","tag_sets_id":2389,"tags_id":9408515},{"stories_id":1179073375,"tag":"Foxconn","tag_set":"cliff_organizations","tag_sets_id":2388,"tags_id":9414684},{"stories_id":1179073375,"tag":"NYT","tag_set":"cliff_organizations","tag_sets_id":2388,"tags_id":9424014},{"stories_id":1179073375,"tag":"Jerome Powell","tag_set":"cliff_people","tag_sets_id":2389,"tags_id":9438876},{"stories_id":1179073375,"tag":"Evercore","tag_set":"cliff_organizations","tag_sets_id":2388,"tags_id":9453758},{"stories_id":1179073375,"tag":"Jim Tankersley","tag_set":"cliff_people","tag_sets_id":2389,"tags_id":9456763},{"stories_id":1179073375,"tag":"Andrew Ross Sorkin","tag_set":"cliff_people","tag_sets_id":2389,"tags_id":9483073},{"stories_id":1179073375,"tag":"Stephen Grocer","tag_set":"cliff_people","tag_sets_id":2389,"tags_id":9483614},{"stories_id":1179073375,"tag":"WaPo","tag_set":"cliff_organizations","tag_sets_id":2388,"tags_id":9484987},{"stories_id":1179073375,"tag":"Kevin Hassett","tag_set":"cliff_people","tag_sets_id":2389,"tags_id":9485845},{"stories_id":1179073375,"tag":"Roger Lynch","tag_set":"cliff_people","tag_sets_id":2389,"tags_id":9522860},{"stories_id":1179073375,"tag":"Dan Reicher","tag_set":"cliff_people","tag_sets_id":2389,"tags_id":9537423},{"stories_id":1179073375,"tag":"GameStop","tag_set":"cliff_organizations","tag_sets_id":2388,"tags_id":9644370},{"stories_id":1179073375,"tag":"DealBook","tag_set":"cliff_organizations","tag_sets_id":2388,"tags_id":9652161},{"stories_id":1179073375,"tag":"cliff_clavin_v2.4.1","tag_set":"geocoder_version","tag_sets_id":1937,"tags_id":9696677},{"stories_id":1179073375,"tag":"Tiffany Hsu","tag_set":"cliff_people","tag_sets_id":2389,"tags_id":9708570},{"stories_id":1179073375,"tag":"Financial News","tag_set":"cliff_organizations","tag_sets_id":2388,"tags_id":9723349},{"stories_id":1179073375,"tag":"SiriusXM","tag_set":"cliff_organizations","tag_sets_id":2388,"tags_id":9835329},{"stories_id":1179073375,"tag":"Ivan Penn","tag_set":"cliff_people","tag_sets_id":2389,"tags_id":10242671},{"stories_id":1179073375,"tag":"DirecTV service","tag_set":"cliff_organizations","tag_sets_id":2388,"tags_id":11716399},{"stories_id":1179073375,"tag":"Gregory Schmidt","tag_set":"cliff_people","tag_sets_id":2389,"tags_id":28356756},{"stories_id":1179073375,"tag":"Kainos Capital","tag_set":"cliff_organizations","tag_sets_id":2388,"tags_id":29350310},{"stories_id":1179073375,"tag":"Juan Guaidó","tag_set":"cliff_people","tag_sets_id":2389,"tags_id":30254118},{"stories_id":1179073375,"tag":"William De Vijlder","tag_set":"cliff_people","tag_sets_id":2389,"tags_id":35006801},{"stories_id":1179073375,"tag":"John Startin","tag_set":"cliff_people","tag_sets_id":2389,"tags_id":52431576},{"stories_id":1179073375,"tag":"readability-lxml-0.7","tag_set":"extractor_version","tag_sets_id":1354,"tags_id":81092444}],"title":"DealBook Briefing: Hoping to Bridge the Gap in Trade Talks","url":"https://www.nytimes.com/2019/01/30/business/dealbook/us-china-trade-talks.html","word_count":null}]