[{"ap_syndicated":null,"collect_date":"2019-02-26 04:39:39.001386","feeds":null,"guid":"https://www.wsj.com/articles/pg-es-bankruptcy-shows-blindspots-in-green-investing-11550169342","language":"en","media_id":1150,"media_name":null,"media_url":null,"processed_stories_id":null,"publish_date":"2019-02-14 00:00:00","stories_id":1207581326,"story_tags":[{"stories_id":1207581326,"tag":"geonames_6252001","tag_set":"mc-geocoder@media.mit.edu","tag_sets_id":1011,"tags_id":8878461},{"stories_id":1207581326,"tag":"geonames_5332921","tag_set":"mc-geocoder@media.mit.edu","tag_sets_id":1011,"tags_id":8878533},{"stories_id":1207581326,"tag":"geonames_3867442","tag_set":"mc-geocoder@media.mit.edu","tag_sets_id":1011,"tags_id":8925260},{"stories_id":1207581326,"tag":"geonames_3867236","tag_set":"mc-geocoder@media.mit.edu","tag_sets_id":1011,"tags_id":8925261},{"stories_id":1207581326,"tag":"nyt_labeller_v1.0.0","tag_set":"nyt_labels_version","tag_sets_id":1964,"tags_id":9360669},{"stories_id":1207581326,"tag":"finances","tag_set":"nyt_labels","tag_sets_id":1963,"tags_id":9360840},{"stories_id":1207581326,"tag":"ratings and rating systems","tag_set":"nyt_labels","tag_sets_id":1963,"tags_id":9360876},{"stories_id":1207581326,"tag":"energy and power","tag_set":"nyt_labels","tag_sets_id":1963,"tags_id":9360997},{"stories_id":1207581326,"tag":"electric light and power","tag_set":"nyt_labels","tag_sets_id":1963,"tags_id":9361013},{"stories_id":1207581326,"tag":"light","tag_set":"nyt_labels","tag_sets_id":1963,"tags_id":9361014},{"stories_id":1207581326,"tag":"bankruptcies","tag_set":"nyt_labels","tag_sets_id":1963,"tags_id":9361241},{"stories_id":1207581326,"tag":"Reuters","tag_set":"cliff_organizations","tag_sets_id":2388,"tags_id":9362267},{"stories_id":1207581326,"tag":"Facebook","tag_set":"cliff_organizations","tag_sets_id":2388,"tags_id":9362725},{"stories_id":1207581326,"tag":"Facebook Inc.","tag_set":"cliff_organizations","tag_sets_id":2388,"tags_id":9372319},{"stories_id":1207581326,"tag":"MSCI","tag_set":"cliff_organizations","tag_sets_id":2388,"tags_id":9372904},{"stories_id":1207581326,"tag":"Volkswagen","tag_set":"cliff_organizations","tag_sets_id":2388,"tags_id":9374940},{"stories_id":1207581326,"tag":"Harvard Business School","tag_set":"cliff_organizations","tag_sets_id":2388,"tags_id":9376404},{"stories_id":1207581326,"tag":"Bank of America Merrill Lynch","tag_set":"cliff_organizations","tag_sets_id":2388,"tags_id":9392693},{"stories_id":1207581326,"tag":"PG&E","tag_set":"cliff_organizations","tag_sets_id":2388,"tags_id":9400031},{"stories_id":1207581326,"tag":"Volkswagen AG","tag_set":"cliff_organizations","tag_sets_id":2388,"tags_id":9433829},{"stories_id":1207581326,"tag":"Morningstar Inc.","tag_set":"cliff_organizations","tag_sets_id":2388,"tags_id":9506823},{"stories_id":1207581326,"tag":"KLD","tag_set":"cliff_organizations","tag_sets_id":2388,"tags_id":9640223},{"stories_id":1207581326,"tag":"MSCI Inc","tag_set":"cliff_organizations","tag_sets_id":2388,"tags_id":9650281},{"stories_id":1207581326,"tag":"ESG","tag_set":"cliff_organizations","tag_sets_id":2388,"tags_id":9674632},{"stories_id":1207581326,"tag":"cliff_clavin_v2.4.1","tag_set":"geocoder_version","tag_sets_id":1937,"tags_id":9696677},{"stories_id":1207581326,"tag":"George Serafeim","tag_set":"cliff_people","tag_sets_id":2389,"tags_id":9699190},{"stories_id":1207581326,"tag":"ESG Research","tag_set":"cliff_organizations","tag_sets_id":2388,"tags_id":9760720},{"stories_id":1207581326,"tag":"Ethan Powell","tag_set":"cliff_people","tag_sets_id":2389,"tags_id":10749457},{"stories_id":1207581326,"tag":"Rob Curran","tag_set":"cliff_people","tag_sets_id":2389,"tags_id":13451105},{"stories_id":1207581326,"tag":"Oliver Pursche","tag_set":"cliff_people","tag_sets_id":2389,"tags_id":28289378},{"stories_id":1207581326,"tag":"Bruderman","tag_set":"cliff_people","tag_sets_id":2389,"tags_id":28289379},{"stories_id":1207581326,"tag":"Linda-Eling Lee","tag_set":"cliff_people","tag_sets_id":2389,"tags_id":45124965},{"stories_id":1207581326,"tag":"guess_by_tag_meta","tag_set":"date_guess_method","tag_sets_id":508,"tags_id":50741386},{"stories_id":1207581326,"tag":"readability-lxml-0.7","tag_set":"extractor_version","tag_sets_id":1354,"tags_id":81092444},{"stories_id":1207581326,"tag":"KLD Social fund","tag_set":"cliff_organizations","tag_sets_id":2388,"tags_id":134130784},{"stories_id":1207581326,"tag":"—Robert Barba","tag_set":"cliff_people","tag_sets_id":2389,"tags_id":134130785}],"title":"PG&E’s Bankruptcy Shows Blindspots in Green Investing","url":"https://www.wsj.com/articles/pg-es-bankruptcy-shows-blindspots-in-green-investing-11550169342","word_count":null}]