[{"ap_syndicated":null,"collect_date":"2019-04-14 09:55:03.672441","feeds":null,"guid":"https://www.usatoday.com/story/news/nation/2019/04/14/trump-newsom-california-battles-changes-first-100-days/3353383002/","language":"en","media_id":4,"media_name":null,"media_url":null,"processed_stories_id":null,"publish_date":"2019-04-14 09:25:03","stories_id":1249795393,"story_tags":[{"stories_id":1249795393,"tag":"geonames_6252001","tag_set":"mc-geocoder@media.mit.edu","tag_sets_id":1011,"tags_id":8878461},{"stories_id":1249795393,"tag":"geonames_5332921","tag_set":"mc-geocoder@media.mit.edu","tag_sets_id":1011,"tags_id":8878533},{"stories_id":1249795393,"tag":"geonames_5391959","tag_set":"mc-geocoder@media.mit.edu","tag_sets_id":1011,"tags_id":8878536},{"stories_id":1249795393,"tag":"geonames_5368361","tag_set":"mc-geocoder@media.mit.edu","tag_sets_id":1011,"tags_id":8878543},{"stories_id":1249795393,"tag":"geonames_5391811","tag_set":"mc-geocoder@media.mit.edu","tag_sets_id":1011,"tags_id":8878710},{"stories_id":1249795393,"tag":"geonames_5389489","tag_set":"mc-geocoder@media.mit.edu","tag_sets_id":1011,"tags_id":8879532},{"stories_id":1249795393,"tag":"geonames_5112162","tag_set":"mc-geocoder@media.mit.edu","tag_sets_id":1011,"tags_id":8880643},{"stories_id":1249795393,"tag":"nyt_labeller_v1.0.0","tag_set":"nyt_labels_version","tag_sets_id":1964,"tags_id":9360669},{"stories_id":1249795393,"tag":"politics and government","tag_set":"nyt_labels","tag_sets_id":1963,"tags_id":9360836},{"stories_id":1249795393,"tag":"finances","tag_set":"nyt_labels","tag_sets_id":1963,"tags_id":9360840},{"stories_id":1249795393,"tag":"elections","tag_set":"nyt_labels","tag_sets_id":1963,"tags_id":9360851},{"stories_id":1249795393,"tag":"marriages","tag_set":"nyt_labels","tag_sets_id":1963,"tags_id":9360975},{"stories_id":1249795393,"tag":"Donald Trump","tag_set":"cliff_people","tag_sets_id":2389,"tags_id":9362284},{"stories_id":1249795393,"tag":"Supreme Court","tag_set":"cliff_organizations","tag_sets_id":2388,"tags_id":9362719},{"stories_id":1249795393,"tag":"Bernie Sanders","tag_set":"cliff_people","tag_sets_id":2389,"tags_id":9362750},{"stories_id":1249795393,"tag":"AP","tag_set":"cliff_organizations","tag_sets_id":2388,"tags_id":9362920},{"stories_id":1249795393,"tag":"Trump administration","tag_set":"cliff_organizations","tag_sets_id":2388,"tags_id":9362998},{"stories_id":1249795393,"tag":"Republican National Committee","tag_set":"cliff_organizations","tag_sets_id":2388,"tags_id":9363384},{"stories_id":1249795393,"tag":"Democratic party","tag_set":"cliff_organizations","tag_sets_id":2388,"tags_id":9363946},{"stories_id":1249795393,"tag":"Dianne Feinstein","tag_set":"cliff_people","tag_sets_id":2389,"tags_id":9364118},{"stories_id":1249795393,"tag":"national party","tag_set":"cliff_organizations","tag_sets_id":2388,"tags_id":9364465},{"stories_id":1249795393,"tag":"Jerry Brown","tag_set":"cliff_people","tag_sets_id":2389,"tags_id":9367511},{"stories_id":1249795393,"tag":"Getty","tag_set":"cliff_people","tag_sets_id":2389,"tags_id":9372559},{"stories_id":1249795393,"tag":"Gavin Newsom","tag_set":"cliff_people","tag_sets_id":2389,"tags_id":9372682},{"stories_id":1249795393,"tag":"USA TODAY","tag_set":"cliff_organizations","tag_sets_id":2388,"tags_id":9382850},{"stories_id":1249795393,"tag":"Willie Brown","tag_set":"cliff_people","tag_sets_id":2389,"tags_id":9386754},{"stories_id":1249795393,"tag":"Public Policy Institute of California","tag_set":"cliff_organizations","tag_sets_id":2388,"tags_id":9391101},{"stories_id":1249795393,"tag":"Xavier Becerra","tag_set":"cliff_people","tag_sets_id":2389,"tags_id":9394610},{"stories_id":1249795393,"tag":"Evan Vucci","tag_set":"cliff_people","tag_sets_id":2389,"tags_id":9397431},{"stories_id":1249795393,"tag":"Jack Citrin","tag_set":"cliff_people","tag_sets_id":2389,"tags_id":9413831},{"stories_id":1249795393,"tag":"Harmeet Dhillon","tag_set":"cliff_people","tag_sets_id":2389,"tags_id":9423241},{"stories_id":1249795393,"tag":"AOC","tag_set":"cliff_organizations","tag_sets_id":2388,"tags_id":9425892},{"stories_id":1249795393,"tag":"SAUL LOEB","tag_set":"cliff_people","tag_sets_id":2389,"tags_id":9478502},{"stories_id":1249795393,"tag":"Progressive Democrats of America","tag_set":"cliff_organizations","tag_sets_id":2388,"tags_id":9480763},{"stories_id":1249795393,"tag":"Scott Wiener","tag_set":"cliff_people","tag_sets_id":2389,"tags_id":9504262},{"stories_id":1249795393,"tag":"Rich Pedroncelli","tag_set":"cliff_people","tag_sets_id":2389,"tags_id":9525610},{"stories_id":1249795393,"tag":"Phyllis Lyon","tag_set":"cliff_people","tag_sets_id":2389,"tags_id":9581355},{"stories_id":1249795393,"tag":"Jennifer Siebel Newsom","tag_set":"cliff_people","tag_sets_id":2389,"tags_id":9611258},{"stories_id":1249795393,"tag":"Nathan Ballard","tag_set":"cliff_people","tag_sets_id":2389,"tags_id":9625942},{"stories_id":1249795393,"tag":"Richard Vogel","tag_set":"cliff_people","tag_sets_id":2389,"tags_id":9645972},{"stories_id":1249795393,"tag":"cliff_clavin_v2.4.1","tag_set":"geocoder_version","tag_sets_id":1937,"tags_id":9696677},{"stories_id":1249795393,"tag":"University of California, Berkeley","tag_set":"cliff_organizations","tag_sets_id":2388,"tags_id":9697503},{"stories_id":1249795393,"tag":"Huntington Beach","tag_set":"cliff_organizations","tag_sets_id":2388,"tags_id":9815427},{"stories_id":1249795393,"tag":"Del Martin","tag_set":"cliff_people","tag_sets_id":2389,"tags_id":9964215},{"stories_id":1249795393,"tag":"Newsom","tag_set":"cliff_organizations","tag_sets_id":2388,"tags_id":9989281},{"stories_id":1249795393,"tag":"Mike Eliason","tag_set":"cliff_people","tag_sets_id":2389,"tags_id":10193617},{"stories_id":1249795393,"tag":"Beale Air Force Base","tag_set":"cliff_organizations","tag_sets_id":2388,"tags_id":10375655},{"stories_id":1249795393,"tag":"Mark Baldassare","tag_set":"cliff_people","tag_sets_id":2389,"tags_id":10511718},{"stories_id":1249795393,"tag":"Bill Honigman","tag_set":"cliff_people","tag_sets_id":2389,"tags_id":10757862},{"stories_id":1249795393,"tag":"MONICA M. DAVEY","tag_set":"cliff_people","tag_sets_id":2389,"tags_id":10879694},{"stories_id":1249795393,"tag":"Vince Fong","tag_set":"cliff_people","tag_sets_id":2389,"tags_id":12253116},{"stories_id":1249795393,"tag":"California State Firefighters Association","tag_set":"cliff_organizations","tag_sets_id":2388,"tags_id":42904458},{"stories_id":1249795393,"tag":"Alexandria Ocasio-Cortez","tag_set":"cliff_people","tag_sets_id":2389,"tags_id":44318694},{"stories_id":1249795393,"tag":"readability-lxml-0.7","tag_set":"extractor_version","tag_sets_id":1354,"tags_id":81092444},{"stories_id":1249795393,"tag":"Damian Dovarganesd","tag_set":"cliff_people","tag_sets_id":2389,"tags_id":98185969},{"stories_id":1249795393,"tag":"Gene Gantt","tag_set":"cliff_people","tag_sets_id":2389,"tags_id":138522335}],"title":"As Trump battles California, Gov. Newsom makes big changes in first 100 days","url":"http://rssfeeds.usatoday.com/~/600821070/0/usatoday-newstopstories~As-Trump-battles-California-Gov-Newsom-makes-big-changes-in-first-days/","word_count":null}]