[{"ap_syndicated":null,"collect_date":"2019-04-26 11:26:26.311900","feeds":null,"guid":"{F4546E8E-682A-11E9-ACA1-3F2BE0CA201C}","language":"en","media_id":1150,"media_name":null,"media_url":null,"processed_stories_id":null,"publish_date":"2019-04-26 10:59:29","stories_id":1266998495,"story_tags":[{"stories_id":1266998495,"tag":"geonames_6252001","tag_set":"mc-geocoder@media.mit.edu","tag_sets_id":1011,"tags_id":8878461},{"stories_id":1266998495,"tag":"geonames_4482348","tag_set":"mc-geocoder@media.mit.edu","tag_sets_id":1011,"tags_id":8878553},{"stories_id":1266998495,"tag":"geonames_4460162","tag_set":"mc-geocoder@media.mit.edu","tag_sets_id":1011,"tags_id":8880950},{"stories_id":1266998495,"tag":"nyt_labeller_v1.0.0","tag_set":"nyt_labels_version","tag_sets_id":1964,"tags_id":9360669},{"stories_id":1266998495,"tag":"finances","tag_set":"nyt_labels","tag_sets_id":1963,"tags_id":9360840},{"stories_id":1266998495,"tag":"prices (fares, fees and rates)","tag_set":"nyt_labels","tag_sets_id":1963,"tags_id":9360996},{"stories_id":1266998495,"tag":"stocks and bonds","tag_set":"nyt_labels","tag_sets_id":1963,"tags_id":9361012},{"stories_id":1266998495,"tag":"interest rates","tag_set":"nyt_labels","tag_sets_id":1963,"tags_id":9361078},{"stories_id":1266998495,"tag":"Bloomberg","tag_set":"cliff_organizations","tag_sets_id":2388,"tags_id":9363116},{"stories_id":1266998495,"tag":"Federal Reserve","tag_set":"cliff_organizations","tag_sets_id":2388,"tags_id":9368261},{"stories_id":1266998495,"tag":"Duke University","tag_set":"cliff_organizations","tag_sets_id":2388,"tags_id":9376406},{"stories_id":1266998495,"tag":"National Bureau of Economic Research","tag_set":"cliff_organizations","tag_sets_id":2388,"tags_id":9453743},{"stories_id":1266998495,"tag":"Mark Hulbert","tag_set":"cliff_people","tag_sets_id":2389,"tags_id":9457117},{"stories_id":1266998495,"tag":"TCW Group","tag_set":"cliff_organizations","tag_sets_id":2388,"tags_id":9514769},{"stories_id":1266998495,"tag":"Bloomberg Business Week","tag_set":"cliff_organizations","tag_sets_id":2388,"tags_id":9636124},{"stories_id":1266998495,"tag":"Hulbert Financial Digest","tag_set":"cliff_organizations","tag_sets_id":2388,"tags_id":9648447},{"stories_id":1266998495,"tag":"Vincent Deluard","tag_set":"cliff_people","tag_sets_id":2389,"tags_id":9650208},{"stories_id":1266998495,"tag":"Campbell Harvey","tag_set":"cliff_people","tag_sets_id":2389,"tags_id":9679599},{"stories_id":1266998495,"tag":"cliff_clavin_v2.4.1","tag_set":"geocoder_version","tag_sets_id":1937,"tags_id":9696677},{"stories_id":1266998495,"tag":"Claude Erb","tag_set":"cliff_people","tag_sets_id":2389,"tags_id":10433357},{"stories_id":1266998495,"tag":"Humphrey Neill","tag_set":"cliff_people","tag_sets_id":2389,"tags_id":32121414},{"stories_id":1266998495,"tag":"readability-lxml-0.7","tag_set":"extractor_version","tag_sets_id":1354,"tags_id":81092444}],"title":"Mark Hulbert: Everyone thinks inflation is dead — but don’t be so sure","url":"http://www.marketwatch.com/news/story.asp?guid=%7BF4546E8E-682A-11E9-ACA1-3F2BE0CA201C%7D&siteid=rss&rss=1","word_count":null}]