[{"ap_syndicated":null,"collect_date":"2019-04-30 22:08:39.430858","feeds":null,"guid":"https://www.usatoday.com/story/money/business/2019/04/30/warren-buffett-invest-10-b-occidental-petroleum-anadarko-bid/3625404002/","language":"en","media_id":4,"media_name":null,"media_url":null,"processed_stories_id":null,"publish_date":"2019-04-30 10:39:17","stories_id":1270778105,"story_tags":[{"stories_id":1270778105,"tag":"geonames_6252001","tag_set":"mc-geocoder@media.mit.edu","tag_sets_id":1011,"tags_id":8878461},{"stories_id":1270778105,"tag":"geonames_4736286","tag_set":"mc-geocoder@media.mit.edu","tag_sets_id":1011,"tags_id":8878538},{"stories_id":1270778105,"tag":"nyt_labeller_v1.0.0","tag_set":"nyt_labels_version","tag_sets_id":1964,"tags_id":9360669},{"stories_id":1270778105,"tag":"finances","tag_set":"nyt_labels","tag_sets_id":1963,"tags_id":9360840},{"stories_id":1270778105,"tag":"oil (petroleum) and gasoline","tag_set":"nyt_labels","tag_sets_id":1963,"tags_id":9360884},{"stories_id":1270778105,"tag":"energy and power","tag_set":"nyt_labels","tag_sets_id":1963,"tags_id":9360997},{"stories_id":1270778105,"tag":"mergers, acquisitions and divestitures","tag_set":"nyt_labels","tag_sets_id":1963,"tags_id":9361071},{"stories_id":1270778105,"tag":"AP","tag_set":"cliff_organizations","tag_sets_id":2388,"tags_id":9362920},{"stories_id":1270778105,"tag":"Chevron","tag_set":"cliff_organizations","tag_sets_id":2388,"tags_id":9362928},{"stories_id":1270778105,"tag":"CNBC","tag_set":"cliff_organizations","tag_sets_id":2388,"tags_id":9368264},{"stories_id":1270778105,"tag":"Berkshire","tag_set":"cliff_organizations","tag_sets_id":2388,"tags_id":9369239},{"stories_id":1270778105,"tag":"Warren Buffett","tag_set":"cliff_people","tag_sets_id":2389,"tags_id":9375621},{"stories_id":1270778105,"tag":"Berkshire Hathaway","tag_set":"cliff_organizations","tag_sets_id":2388,"tags_id":9377229},{"stories_id":1270778105,"tag":"Phillips","tag_set":"cliff_organizations","tag_sets_id":2388,"tags_id":9380516},{"stories_id":1270778105,"tag":"Anadarko Petroleum","tag_set":"cliff_organizations","tag_sets_id":2388,"tags_id":9393051},{"stories_id":1270778105,"tag":"Occidental","tag_set":"cliff_organizations","tag_sets_id":2388,"tags_id":9417548},{"stories_id":1270778105,"tag":"Berkshire Hathaway Energy","tag_set":"cliff_organizations","tag_sets_id":2388,"tags_id":9423282},{"stories_id":1270778105,"tag":"Nati Harnik","tag_set":"cliff_people","tag_sets_id":2389,"tags_id":9454396},{"stories_id":1270778105,"tag":"Anadarko","tag_set":"cliff_organizations","tag_sets_id":2388,"tags_id":9477067},{"stories_id":1270778105,"tag":"Occidental Petroleum","tag_set":"cliff_organizations","tag_sets_id":2388,"tags_id":9483057},{"stories_id":1270778105,"tag":"Vicki Hollub","tag_set":"cliff_people","tag_sets_id":2389,"tags_id":9660490},{"stories_id":1270778105,"tag":"cliff_clavin_v2.4.1","tag_set":"geocoder_version","tag_sets_id":1937,"tags_id":9696677},{"stories_id":1270778105,"tag":"Tom DiChristopher","tag_set":"cliff_people","tag_sets_id":2389,"tags_id":9702207},{"stories_id":1270778105,"tag":"readability-lxml-0.7","tag_set":"extractor_version","tag_sets_id":1354,"tags_id":81092444},{"stories_id":1270778105,"tag":"Occidental Petroleum for Anadarko","tag_set":"cliff_organizations","tag_sets_id":2388,"tags_id":154498700}],"title":"Warren Buffett commits $10 billion in Occidental Petroleum for Anadarko takeover","url":"http://rssfeeds.usatoday.com/~/601413546/0/usatodaycommoney-topstories~Warren-Buffett-commits-billion-in-Occidental-Petroleum-for-Anadarko-takeover/","word_count":null}]