[{"ap_syndicated":null,"collect_date":"2019-05-26 18:16:00.205123","feeds":null,"guid":"https://www.washingtonpost.com/politics/sen-kirsten-gillibrands-presidential-campaign-problem-a-crowded-niche/2019/05/26/9bc02b82-75c2-11e9-bd25-c989555e7766_story.html","language":"en","media_id":2,"media_name":null,"media_url":null,"processed_stories_id":null,"publish_date":"2019-05-26 16:23:23","stories_id":1294203874,"story_tags":[{"stories_id":1294203874,"tag":"geonames_6252001","tag_set":"mc-geocoder@media.mit.edu","tag_sets_id":1011,"tags_id":8878461},{"stories_id":1294203874,"tag":"geonames_5090174","tag_set":"mc-geocoder@media.mit.edu","tag_sets_id":1011,"tags_id":8879620},{"stories_id":1294203874,"tag":"Supreme Court","tag_set":"cliff_organizations","tag_sets_id":2388,"tags_id":9362719},{"stories_id":1294203874,"tag":"Hillary Clinton","tag_set":"cliff_people","tag_sets_id":2389,"tags_id":9362747},{"stories_id":1294203874,"tag":"Washington Post","tag_set":"cliff_organizations","tag_sets_id":2388,"tags_id":9362798},{"stories_id":1294203874,"tag":"Democratic National Committee","tag_set":"cliff_organizations","tag_sets_id":2388,"tags_id":9363009},{"stories_id":1294203874,"tag":"Joe Biden","tag_set":"cliff_people","tag_sets_id":2389,"tags_id":9363134},{"stories_id":1294203874,"tag":"House","tag_set":"cliff_organizations","tag_sets_id":2388,"tags_id":9363164},{"stories_id":1294203874,"tag":"senate","tag_set":"cliff_organizations","tag_sets_id":2388,"tags_id":9363230},{"stories_id":1294203874,"tag":"State","tag_set":"cliff_organizations","tag_sets_id":2388,"tags_id":9363944},{"stories_id":1294203874,"tag":"Elizabeth Warren","tag_set":"cliff_people","tag_sets_id":2389,"tags_id":9364527},{"stories_id":1294203874,"tag":"Kirsten Gillibrand","tag_set":"cliff_people","tag_sets_id":2389,"tags_id":9366370},{"stories_id":1294203874,"tag":"Al Franken","tag_set":"cliff_people","tag_sets_id":2389,"tags_id":9367631},{"stories_id":1294203874,"tag":"Beyoncé","tag_set":"cliff_people","tag_sets_id":2389,"tags_id":9374932},{"stories_id":1294203874,"tag":"NARAL Pro-Choice America","tag_set":"cliff_organizations","tag_sets_id":2388,"tags_id":9387204},{"stories_id":1294203874,"tag":"Amy Klobuchar","tag_set":"cliff_people","tag_sets_id":2389,"tags_id":9404151},{"stories_id":1294203874,"tag":"Alabama","tag_set":"cliff_organizations","tag_sets_id":2388,"tags_id":9423857},{"stories_id":1294203874,"tag":"Ilyse Hogue","tag_set":"cliff_people","tag_sets_id":2389,"tags_id":9473410},{"stories_id":1294203874,"tag":"Andrew Yang","tag_set":"cliff_people","tag_sets_id":2389,"tags_id":9501840},{"stories_id":1294203874,"tag":"Hank Sheinkopf","tag_set":"cliff_people","tag_sets_id":2389,"tags_id":9512507},{"stories_id":1294203874,"tag":"Kamala D. Harris","tag_set":"cliff_people","tag_sets_id":2389,"tags_id":9519113},{"stories_id":1294203874,"tag":"Washington Post-ABC News","tag_set":"cliff_organizations","tag_sets_id":2388,"tags_id":9542129},{"stories_id":1294203874,"tag":"WARNER","tag_set":"cliff_organizations","tag_sets_id":2388,"tags_id":9554569},{"stories_id":1294203874,"tag":"Marianne Williamson","tag_set":"cliff_people","tag_sets_id":2389,"tags_id":9674930},{"stories_id":1294203874,"tag":"cliff_clavin_v2.4.1","tag_set":"geocoder_version","tag_sets_id":1937,"tags_id":9696677},{"stories_id":1294203874,"tag":"Randy Hanson","tag_set":"cliff_people","tag_sets_id":2389,"tags_id":9883949},{"stories_id":1294203874,"tag":"Marti Gould Cummings","tag_set":"cliff_people","tag_sets_id":2389,"tags_id":10007446},{"stories_id":1294203874,"tag":"Colby-Sawyer College","tag_set":"cliff_organizations","tag_sets_id":2388,"tags_id":10016001},{"stories_id":1294203874,"tag":"Sarah Rice/For","tag_set":"cliff_people","tag_sets_id":2389,"tags_id":12642712},{"stories_id":1294203874,"tag":"Trump a coward","tag_set":"cliff_people","tag_sets_id":2389,"tags_id":29663337},{"stories_id":1294203874,"tag":"Jackie Wood","tag_set":"cliff_people","tag_sets_id":2389,"tags_id":29818322},{"stories_id":1294203874,"tag":"Alex Pringle","tag_set":"cliff_people","tag_sets_id":2389,"tags_id":37621373},{"stories_id":1294203874,"tag":"guess_by_unknown","tag_set":"date_guess_method","tag_sets_id":508,"tags_id":50741492},{"stories_id":1294203874,"tag":"Alexis Magnan-Callaway","tag_set":"cliff_people","tag_sets_id":2389,"tags_id":72105923},{"stories_id":1294203874,"tag":"Lori Kyer","tag_set":"cliff_people","tag_sets_id":2389,"tags_id":122672502},{"stories_id":1294203874,"tag":"Tilton Brothers Brewing","tag_set":"cliff_organizations","tag_sets_id":2388,"tags_id":133416180},{"stories_id":1294203874,"tag":"Emmy Wyatt","tag_set":"cliff_people","tag_sets_id":2389,"tags_id":158135903},{"stories_id":1294203874,"tag":"Auburn County Democrats","tag_set":"cliff_organizations","tag_sets_id":2388,"tags_id":165241801},{"stories_id":1294203874,"tag":"Gillibrand Tilton","tag_set":"cliff_people","tag_sets_id":2389,"tags_id":165241802}],"title":"Sen. Kirsten Gillibrand’s presidential campaign problem: A crowded niche","url":"https://www.washingtonpost.com/politics/sen-kirsten-gillibrands-presidential-campaign-problem-a-crowded-niche/2019/05/26/9bc02b82-75c2-11e9-bd25-c989555e7766_story.html","word_count":null}]