[{"ap_syndicated":null,"collect_date":"2019-05-29 09:48:24.136307","feeds":null,"guid":"http://nypost.com/?post_type=article&p=13884797","language":"en","media_id":7,"media_name":null,"media_url":null,"processed_stories_id":null,"publish_date":"2019-05-29 09:41:36","stories_id":1296781184,"story_tags":[{"stories_id":1296781184,"tag":"geonames_6252001","tag_set":"mc-geocoder@media.mit.edu","tag_sets_id":1011,"tags_id":8878461},{"stories_id":1296781184,"tag":"geonames_5165418","tag_set":"mc-geocoder@media.mit.edu","tag_sets_id":1011,"tags_id":8878703},{"stories_id":1296781184,"tag":"geonames_4509884","tag_set":"mc-geocoder@media.mit.edu","tag_sets_id":1011,"tags_id":8880125},{"stories_id":1296781184,"tag":"nyt_labeller_v1.0.0","tag_set":"nyt_labels_version","tag_sets_id":1964,"tags_id":9360669},{"stories_id":1296781184,"tag":"global warming","tag_set":"nyt_labels","tag_sets_id":1963,"tags_id":9360886},{"stories_id":1296781184,"tag":"weather","tag_set":"nyt_labels","tag_sets_id":1963,"tags_id":9360902},{"stories_id":1296781184,"tag":"ABC","tag_set":"cliff_organizations","tag_sets_id":2388,"tags_id":9362473},{"stories_id":1296781184,"tag":"Trump","tag_set":"cliff_people","tag_sets_id":2389,"tags_id":9362872},{"stories_id":1296781184,"tag":"GOP","tag_set":"cliff_organizations","tag_sets_id":2388,"tags_id":9362923},{"stories_id":1296781184,"tag":"cliff_clavin_v2.4.1","tag_set":"geocoder_version","tag_sets_id":1937,"tags_id":9696677},{"stories_id":1296781184,"tag":"Jamie Simpson","tag_set":"cliff_people","tag_sets_id":2389,"tags_id":11585016},{"stories_id":1296781184,"tag":"Alexandria Ocasio-Cortez","tag_set":"cliff_people","tag_sets_id":2389,"tags_id":44318694},{"stories_id":1296781184,"tag":"readability-lxml-0.7","tag_set":"extractor_version","tag_sets_id":1354,"tags_id":81092444}],"title":"Ocasio-Cortez uses viral weatherman to mock GOP on climate change","url":"https://nypost.com/2019/05/29/ocasio-cortez-uses-viral-weatherman-to-mock-gop-on-climate-change/","word_count":null}]