[{"ap_syndicated":null,"collect_date":"2019-06-03 05:51:10.860036","feeds":null,"guid":"https://www.usatoday.com/story/opinion/2019/06/03/climate-change-requires-collective-action-more-than-single-acts-column/1275965001/","language":"en","media_id":4,"media_name":null,"media_url":null,"processed_stories_id":null,"publish_date":"2019-06-03 05:00:04","stories_id":1300879362,"story_tags":[{"stories_id":1300879362,"tag":"geonames_1605651","tag_set":"mc-geocoder@media.mit.edu","tag_sets_id":1011,"tags_id":8878894},{"stories_id":1300879362,"tag":"geonames_1609348","tag_set":"mc-geocoder@media.mit.edu","tag_sets_id":1011,"tags_id":8878899},{"stories_id":1300879362,"tag":"geonames_1609350","tag_set":"mc-geocoder@media.mit.edu","tag_sets_id":1011,"tags_id":8878911},{"stories_id":1300879362,"tag":"nyt_labeller_v1.0.0","tag_set":"nyt_labels_version","tag_sets_id":1964,"tags_id":9360669},{"stories_id":1300879362,"tag":"advertising and marketing","tag_set":"nyt_labels","tag_sets_id":1963,"tags_id":9360849},{"stories_id":1300879362,"tag":"environment","tag_set":"nyt_labels","tag_sets_id":1963,"tags_id":9360887},{"stories_id":1300879362,"tag":"advertising","tag_set":"nyt_labels","tag_sets_id":1963,"tags_id":9360908},{"stories_id":1300879362,"tag":"Donald Trump","tag_set":"cliff_people","tag_sets_id":2389,"tags_id":9362284},{"stories_id":1300879362,"tag":"Republican","tag_set":"cliff_organizations","tag_sets_id":2388,"tags_id":9362742},{"stories_id":1300879362,"tag":"George H.W. Bush","tag_set":"cliff_people","tag_sets_id":2389,"tags_id":9366345},{"stories_id":1300879362,"tag":"Lauren","tag_set":"cliff_people","tag_sets_id":2389,"tags_id":9373493},{"stories_id":1300879362,"tag":"Penn State University","tag_set":"cliff_organizations","tag_sets_id":2388,"tags_id":9374712},{"stories_id":1300879362,"tag":"Michael E. Mann","tag_set":"cliff_people","tag_sets_id":2389,"tags_id":9453991},{"stories_id":1300879362,"tag":"Earth System Science Center","tag_set":"cliff_organizations","tag_sets_id":2388,"tags_id":9476740},{"stories_id":1300879362,"tag":"cliff_clavin_v2.4.1","tag_set":"geocoder_version","tag_sets_id":1937,"tags_id":9696677},{"stories_id":1300879362,"tag":"Jonathan Brockopp","tag_set":"cliff_people","tag_sets_id":2389,"tags_id":34557353},{"stories_id":1300879362,"tag":"Democratic Party on board","tag_set":"cliff_organizations","tag_sets_id":2388,"tags_id":44215039},{"stories_id":1300879362,"tag":"readability-lxml-0.7","tag_set":"extractor_version","tag_sets_id":1354,"tags_id":81092444}],"title":"You can&apos;t save the climate by going vegan. Corporate polluters must be held accountable.","url":"http://rssfeeds.usatoday.com/~/602661506/0/usatoday-newstopstories~You-canapost-save-the-climate-by-going-vegan-Corporate-polluters-must-be-held-accountable/","word_count":null}]