[{"ap_syndicated":null,"collect_date":"2019-06-06 21:14:43.259028","feeds":null,"guid":"https://www.nytimes.com/2019/06/06/climate/bloomberg-climate-pledge-coal.html","language":"en","media_id":1,"media_name":null,"media_url":null,"processed_stories_id":null,"publish_date":"2019-06-07 01:06:57","stories_id":1304611006,"story_tags":[{"stories_id":1304611006,"tag":"guess_by_tag_time","tag_set":"date_guess_method","tag_sets_id":508,"tags_id":50741428}],"title":"Michael Bloomberg Promises $500 Million to Help End Coal","url":"https://www.nytimes.com/2019/06/06/climate/bloomberg-climate-pledge-coal.html","word_count":null}]