[{"ap_syndicated":null,"collect_date":"2019-06-11 14:23:16.586255","feeds":null,"guid":"https://www.usatoday.com/story/news/politics/elections/2019/06/11/pete-buttigieg-foreign-policy-here-takeaways-bloomington-speech/1421494001/","language":"en","media_id":4,"media_name":null,"media_url":null,"processed_stories_id":null,"publish_date":"2019-06-11 13:45:53","stories_id":1308567078,"story_tags":[{"stories_id":1308567078,"tag":"geonames_6252001","tag_set":"mc-geocoder@media.mit.edu","tag_sets_id":1011,"tags_id":8878461},{"stories_id":1308567078,"tag":"geonames_4921868","tag_set":"mc-geocoder@media.mit.edu","tag_sets_id":1011,"tags_id":8878577},{"stories_id":1308567078,"tag":"geonames_4254679","tag_set":"mc-geocoder@media.mit.edu","tag_sets_id":1011,"tags_id":9025515},{"stories_id":1308567078,"tag":"nyt_labeller_v1.0.0","tag_set":"nyt_labels_version","tag_sets_id":1964,"tags_id":9360669},{"stories_id":1308567078,"tag":"politics and government","tag_set":"nyt_labels","tag_sets_id":1963,"tags_id":9360836},{"stories_id":1308567078,"tag":"united states politics and government","tag_set":"nyt_labels","tag_sets_id":1963,"tags_id":9360846},{"stories_id":1308567078,"tag":"elections","tag_set":"nyt_labels","tag_sets_id":1963,"tags_id":9360851},{"stories_id":1308567078,"tag":"presidents and presidency (us)","tag_set":"nyt_labels","tag_sets_id":1963,"tags_id":9360853},{"stories_id":1308567078,"tag":"armament, defense and military forces","tag_set":"nyt_labels","tag_sets_id":1963,"tags_id":9360868},{"stories_id":1308567078,"tag":"united states international relations","tag_set":"nyt_labels","tag_sets_id":1963,"tags_id":9360933},{"stories_id":1308567078,"tag":"international relations","tag_set":"nyt_labels","tag_sets_id":1963,"tags_id":9360934},{"stories_id":1308567078,"tag":"biographical information","tag_set":"nyt_labels","tag_sets_id":1963,"tags_id":9360968},{"stories_id":1308567078,"tag":"presidential election of 2008","tag_set":"nyt_labels","tag_sets_id":1963,"tags_id":9360972},{"stories_id":1308567078,"tag":"Vladimir Putin","tag_set":"cliff_people","tag_sets_id":2389,"tags_id":9362290},{"stories_id":1308567078,"tag":"Supreme Court","tag_set":"cliff_organizations","tag_sets_id":2388,"tags_id":9362719},{"stories_id":1308567078,"tag":"White House","tag_set":"cliff_organizations","tag_sets_id":2388,"tags_id":9362736},{"stories_id":1308567078,"tag":"Barack Obama","tag_set":"cliff_people","tag_sets_id":2389,"tags_id":9362763},{"stories_id":1308567078,"tag":"Trump","tag_set":"cliff_people","tag_sets_id":2389,"tags_id":9362872},{"stories_id":1308567078,"tag":"Congress","tag_set":"cliff_organizations","tag_sets_id":2388,"tags_id":9362962},{"stories_id":1308567078,"tag":"Isis","tag_set":"cliff_organizations","tag_sets_id":2388,"tags_id":9365127},{"stories_id":1308567078,"tag":"Indiana University","tag_set":"cliff_organizations","tag_sets_id":2388,"tags_id":9366856},{"stories_id":1308567078,"tag":"Netanyahu","tag_set":"cliff_people","tag_sets_id":2389,"tags_id":9367714},{"stories_id":1308567078,"tag":"Detroit Free Press","tag_set":"cliff_organizations","tag_sets_id":2388,"tags_id":9412580},{"stories_id":1308567078,"tag":"Mike Thompson","tag_set":"cliff_people","tag_sets_id":2389,"tags_id":9417409},{"stories_id":1308567078,"tag":"Jonathan Greenblatt","tag_set":"cliff_people","tag_sets_id":2389,"tags_id":9420448},{"stories_id":1308567078,"tag":"Brett Kavanaugh","tag_set":"cliff_people","tag_sets_id":2389,"tags_id":9446348},{"stories_id":1308567078,"tag":"Robert Scheer","tag_set":"cliff_people","tag_sets_id":2389,"tags_id":9454761},{"stories_id":1308567078,"tag":"Pete Buttigieg","tag_set":"cliff_people","tag_sets_id":2389,"tags_id":9504322},{"stories_id":1308567078,"tag":"Alfred E. Neuman","tag_set":"cliff_people","tag_sets_id":2389,"tags_id":9661962},{"stories_id":1308567078,"tag":"cliff_clavin_v2.4.1","tag_set":"geocoder_version","tag_sets_id":1937,"tags_id":9696677},{"stories_id":1308567078,"tag":"readability-lxml-0.7","tag_set":"extractor_version","tag_sets_id":1354,"tags_id":81092444}],"title":"Pete Buttigieg just rolled out details on his foreign policy plan. Here are the big takeaways.","url":"http://rssfeeds.usatoday.com/~/602966716/0/usatodaycomwashington-topstories~Pete-Buttigieg-just-rolled-out-details-on-his-foreign-policy-plan-Here-are-the-big-takeaways/","word_count":null}]