[{"ap_syndicated":null,"collect_date":"2019-09-06 09:55:23.880868","feeds":null,"guid":"HASH(0x8bf63a0)","language":"en","media_id":1150,"media_name":null,"media_url":null,"processed_stories_id":null,"publish_date":"2019-09-06 10:51:33","stories_id":1385043432,"story_tags":[{"stories_id":1385043432,"tag":"geonames_6252001","tag_set":"mc-geocoder@media.mit.edu","tag_sets_id":1011,"tags_id":8878461},{"stories_id":1385043432,"tag":"nyt_labeller_v1.0.0","tag_set":"nyt_labels_version","tag_sets_id":1964,"tags_id":9360669},{"stories_id":1385043432,"tag":"finances","tag_set":"nyt_labels","tag_sets_id":1963,"tags_id":9360840},{"stories_id":1385043432,"tag":"medicine and health","tag_set":"nyt_labels","tag_sets_id":1963,"tags_id":9360852},{"stories_id":1385043432,"tag":"labor","tag_set":"nyt_labels","tag_sets_id":1963,"tags_id":9360859},{"stories_id":1385043432,"tag":"insurance","tag_set":"nyt_labels","tag_sets_id":1963,"tags_id":9360924},{"stories_id":1385043432,"tag":"health insurance and managed care","tag_set":"nyt_labels","tag_sets_id":1963,"tags_id":9360936},{"stories_id":1385043432,"tag":"wages and salaries","tag_set":"nyt_labels","tag_sets_id":1963,"tags_id":9360984},{"stories_id":1385043432,"tag":"nursing and nurses","tag_set":"nyt_labels","tag_sets_id":1963,"tags_id":9361149},{"stories_id":1385043432,"tag":"Bureau of Labor Statistics","tag_set":"cliff_organizations","tag_sets_id":2388,"tags_id":9400178},{"stories_id":1385043432,"tag":"Bureau of Labor","tag_set":"cliff_organizations","tag_sets_id":2388,"tags_id":9461267},{"stories_id":1385043432,"tag":"Association of American Medical","tag_set":"cliff_organizations","tag_sets_id":2388,"tags_id":9465286},{"stories_id":1385043432,"tag":"cliff_clavin_v2.4.1","tag_set":"geocoder_version","tag_sets_id":1937,"tags_id":9696677},{"stories_id":1385043432,"tag":"readability-lxml-0.7","tag_set":"extractor_version","tag_sets_id":1354,"tags_id":81092444}],"title":"4 fast-growing medical jobs that pay at least $100,000 (and don’t require an M.D.)","url":"http://feeds.marketwatch.com/~r/marketwatch/pf/~3/wcSkr1RUAcI/story.asp","word_count":null}]