[{"ap_syndicated":null,"collect_date":"2019-10-16 06:47:46.581724","feeds":null,"guid":"https://www.usatoday.com/story/opinion/2019/10/16/tim-ryan-democratic-candidate-ohio-2020-column/3988962002/","language":"en","media_id":4,"media_name":null,"media_url":null,"processed_stories_id":null,"publish_date":"2019-10-16 06:01:00","stories_id":1420201419,"story_tags":[{"stories_id":1420201419,"tag":"geonames_6252001","tag_set":"mc-geocoder@media.mit.edu","tag_sets_id":1011,"tags_id":8878461},{"stories_id":1420201419,"tag":"geonames_4853828","tag_set":"mc-geocoder@media.mit.edu","tag_sets_id":1011,"tags_id":8878584},{"stories_id":1420201419,"tag":"geonames_4862182","tag_set":"mc-geocoder@media.mit.edu","tag_sets_id":1011,"tags_id":8878998},{"stories_id":1420201419,"tag":"nyt_labeller_v1.0.0","tag_set":"nyt_labels_version","tag_sets_id":1964,"tags_id":9360669},{"stories_id":1420201419,"tag":"politics and government","tag_set":"nyt_labels","tag_sets_id":1963,"tags_id":9360836},{"stories_id":1420201419,"tag":"united states politics and government","tag_set":"nyt_labels","tag_sets_id":1963,"tags_id":9360846},{"stories_id":1420201419,"tag":"elections","tag_set":"nyt_labels","tag_sets_id":1963,"tags_id":9360851},{"stories_id":1420201419,"tag":"presidents and presidency (us)","tag_set":"nyt_labels","tag_sets_id":1963,"tags_id":9360853},{"stories_id":1420201419,"tag":"gun control","tag_set":"nyt_labels","tag_sets_id":1963,"tags_id":9360895},{"stories_id":1420201419,"tag":"firearms","tag_set":"nyt_labels","tag_sets_id":1963,"tags_id":9360935},{"stories_id":1420201419,"tag":"football","tag_set":"nyt_labels","tag_sets_id":1963,"tags_id":9360945},{"stories_id":1420201419,"tag":"Donald Trump","tag_set":"cliff_people","tag_sets_id":2389,"tags_id":9362284},{"stories_id":1420201419,"tag":"Democratic Party","tag_set":"cliff_organizations","tag_sets_id":2388,"tags_id":9362724},{"stories_id":1420201419,"tag":"White House","tag_set":"cliff_organizations","tag_sets_id":2388,"tags_id":9362736},{"stories_id":1420201419,"tag":"Senate","tag_set":"cliff_organizations","tag_sets_id":2388,"tags_id":9362741},{"stories_id":1420201419,"tag":"Mitch McConnell","tag_set":"cliff_people","tag_sets_id":2389,"tags_id":9362936},{"stories_id":1420201419,"tag":"Congress","tag_set":"cliff_organizations","tag_sets_id":2388,"tags_id":9362962},{"stories_id":1420201419,"tag":"Quinnipiac","tag_set":"cliff_organizations","tag_sets_id":2388,"tags_id":9380668},{"stories_id":1420201419,"tag":"Tim Ryan","tag_set":"cliff_people","tag_sets_id":2389,"tags_id":9381761},{"stories_id":1420201419,"tag":"yang","tag_set":"cliff_people","tag_sets_id":2389,"tags_id":9407895},{"stories_id":1420201419,"tag":"Des Moines Register","tag_set":"cliff_organizations","tag_sets_id":2388,"tags_id":9447024},{"stories_id":1420201419,"tag":"cliff_clavin_v2.4.1","tag_set":"geocoder_version","tag_sets_id":1937,"tags_id":9696677},{"stories_id":1420201419,"tag":"Iowa State Fair","tag_set":"cliff_organizations","tag_sets_id":2388,"tags_id":9781014},{"stories_id":1420201419,"tag":"Rekha Basu","tag_set":"cliff_people","tag_sets_id":2389,"tags_id":9834287},{"stories_id":1420201419,"tag":"big ag","tag_set":"cliff_organizations","tag_sets_id":2388,"tags_id":11128169},{"stories_id":1420201419,"tag":"readability-lxml-0.7","tag_set":"extractor_version","tag_sets_id":1354,"tags_id":81092444},{"stories_id":1420201419,"tag":"Olivia Sun via OlyDrop","tag_set":"cliff_people","tag_sets_id":2389,"tags_id":187972385}],"title":"Democratic candidate Tim Ryan draws on both football, meditation in his presidential bid","url":"http://rssfeeds.usatoday.com/~/607845186/0/news-opinion~Democratic-candidate-Tim-Ryan-draws-on-both-football-meditation-in-his-presidential-bid/","word_count":null}]