[{"ap_syndicated":null,"collect_date":"2020-04-12 22:22:27.948105","feeds":null,"guid":"https://www.newsweek.com/alexandria-ocasio-cortez-white-people-do-work-pod-save-america-1454579?fbclid=IwAR1PNwbbt817RbS3FLf9AWSli51_3KvGKU-KJqhAdXWVwXvXW0QxnsE-XBs","language":"en","media_id":2,"media_name":null,"media_url":null,"processed_stories_id":null,"publish_date":"2019-08-15 17:24:31","stories_id":1576623190,"story_tags":[{"stories_id":1576623190,"tag":"guess_by_tag_meta","tag_set":"date_guess_method","tag_sets_id":508,"tags_id":50741386}],"title":"Alexandria Ocasio-Cortez Says 'We Need White People' To 'Do The Work' Of Racial and Economic Justice","url":"https://www.newsweek.com/alexandria-ocasio-cortez-white-people-do-work-pod-save-america-1454579?fbclid=IwAR1PNwbbt817RbS3FLf9AWSli51_3KvGKU-KJqhAdXWVwXvXW0QxnsE-XBs","word_count":null}]