[{"ap_syndicated":null,"collect_date":"2020-04-15 07:17:33.691323","feeds":null,"guid":"https://www.usatoday.com/story/news/2020/04/15/bagpipe-blowing-fire-chief-bruce-springsteen-jon-bon-jovi-benefit-chickens-go-waste-news-around-stat/2994770001/","language":"en","media_id":4,"media_name":null,"media_url":null,"processed_stories_id":null,"publish_date":"2020-04-15 00:50:21","stories_id":1578674707,"story_tags":[{"stories_id":1578674707,"tag":"geonames_6252001","tag_set":"mc-geocoder@media.mit.edu","tag_sets_id":1011,"tags_id":8878461},{"stories_id":1578674707,"tag":"geonames_5128581","tag_set":"mc-geocoder@media.mit.edu","tag_sets_id":1011,"tags_id":8878486},{"stories_id":1578674707,"tag":"geonames_4347778","tag_set":"mc-geocoder@media.mit.edu","tag_sets_id":1011,"tags_id":8878525},{"stories_id":1578674707,"tag":"geonames_5855797","tag_set":"mc-geocoder@media.mit.edu","tag_sets_id":1011,"tags_id":8878683},{"stories_id":1578674707,"tag":"geonames_5586437","tag_set":"mc-geocoder@media.mit.edu","tag_sets_id":1011,"tags_id":8879381},{"stories_id":1578674707,"tag":"geonames_4119403","tag_set":"mc-geocoder@media.mit.edu","tag_sets_id":1011,"tags_id":8881240},{"stories_id":1578674707,"tag":"geonames_5231851","tag_set":"mc-geocoder@media.mit.edu","tag_sets_id":1011,"tags_id":8881484},{"stories_id":1578674707,"tag":"geonames_4458372","tag_set":"mc-geocoder@media.mit.edu","tag_sets_id":1011,"tags_id":8881953},{"stories_id":1578674707,"tag":"geonames_7276754","tag_set":"mc-geocoder@media.mit.edu","tag_sets_id":1011,"tags_id":8898009},{"stories_id":1578674707,"tag":"geonames_4986963","tag_set":"mc-geocoder@media.mit.edu","tag_sets_id":1011,"tags_id":9025808},{"stories_id":1578674707,"tag":"geonames_5427771","tag_set":"mc-geocoder@media.mit.edu","tag_sets_id":1011,"tags_id":9025944},{"stories_id":1578674707,"tag":"geonames_4167583","tag_set":"mc-geocoder@media.mit.edu","tag_sets_id":1011,"tags_id":9025980},{"stories_id":1578674707,"tag":"geonames_5092268","tag_set":"mc-geocoder@media.mit.edu","tag_sets_id":1011,"tags_id":9026271},{"stories_id":1578674707,"tag":"nyt_labeller_v1.0.0","tag_set":"nyt_labels_version","tag_sets_id":1964,"tags_id":9360669},{"stories_id":1578674707,"tag":"medicine and health","tag_set":"nyt_labels","tag_sets_id":1963,"tags_id":9360852},{"stories_id":1578674707,"tag":"diseases and conditions","tag_set":"nyt_labels","tag_sets_id":1963,"tags_id":9360942},{"stories_id":1578674707,"tag":"prisons and prisoners","tag_set":"nyt_labels","tag_sets_id":1963,"tags_id":9361042},{"stories_id":1578674707,"tag":"Donald Trump","tag_set":"cliff_people","tag_sets_id":2389,"tags_id":9362284},{"stories_id":1578674707,"tag":"White House","tag_set":"cliff_organizations","tag_sets_id":2388,"tags_id":9362736},{"stories_id":1578674707,"tag":"Senate","tag_set":"cliff_organizations","tag_sets_id":2388,"tags_id":9362741},{"stories_id":1578674707,"tag":"GOP","tag_set":"cliff_organizations","tag_sets_id":2388,"tags_id":9362923},{"stories_id":1578674707,"tag":"FBI","tag_set":"cliff_organizations","tag_sets_id":2388,"tags_id":9362961},{"stories_id":1578674707,"tag":"House","tag_set":"cliff_organizations","tag_sets_id":2388,"tags_id":9363164},{"stories_id":1578674707,"tag":"Lincoln","tag_set":"cliff_people","tag_sets_id":2389,"tags_id":9363502},{"stories_id":1578674707,"tag":"Whoopi Goldberg","tag_set":"cliff_people","tag_sets_id":2389,"tags_id":9364518},{"stories_id":1578674707,"tag":"Tom Wolf","tag_set":"cliff_people","tag_sets_id":2389,"tags_id":9364828},{"stories_id":1578674707,"tag":"CDC","tag_set":"cliff_organizations","tag_sets_id":2388,"tags_id":9364831},{"stories_id":1578674707,"tag":"American Medical Association","tag_set":"cliff_organizations","tag_sets_id":2388,"tags_id":9364850},{"stories_id":1578674707,"tag":"Bruce Springsteen","tag_set":"cliff_people","tag_sets_id":2389,"tags_id":9365557},{"stories_id":1578674707,"tag":"Howard","tag_set":"cliff_people","tag_sets_id":2389,"tags_id":9365838},{"stories_id":1578674707,"tag":"election board","tag_set":"cliff_organizations","tag_sets_id":2388,"tags_id":9367937},{"stories_id":1578674707,"tag":"GE","tag_set":"cliff_organizations","tag_sets_id":2388,"tags_id":9369925},{"stories_id":1578674707,"tag":"New York Giants","tag_set":"cliff_organizations","tag_sets_id":2388,"tags_id":9370139},{"stories_id":1578674707,"tag":"EMS","tag_set":"cliff_organizations","tag_sets_id":2388,"tags_id":9371761},{"stories_id":1578674707,"tag":"Jackson","tag_set":"cliff_people","tag_sets_id":2389,"tags_id":9371882},{"stories_id":1578674707,"tag":"Iberia","tag_set":"cliff_organizations","tag_sets_id":2388,"tags_id":9372654},{"stories_id":1578674707,"tag":"National Park Service","tag_set":"cliff_organizations","tag_sets_id":2388,"tags_id":9373690},{"stories_id":1578674707,"tag":"Elijah Cummings","tag_set":"cliff_people","tag_sets_id":2389,"tags_id":9374290},{"stories_id":1578674707,"tag":"Helena","tag_set":"cliff_people","tag_sets_id":2389,"tags_id":9374443},{"stories_id":1578674707,"tag":"Albuquerque Journal","tag_set":"cliff_organizations","tag_sets_id":2388,"tags_id":9374733},{"stories_id":1578674707,"tag":"Republican Party","tag_set":"cliff_organizations","tag_sets_id":2388,"tags_id":9374874},{"stories_id":1578674707,"tag":"Greg Abbott","tag_set":"cliff_people","tag_sets_id":2389,"tags_id":9374917},{"stories_id":1578674707,"tag":"Skype","tag_set":"cliff_organizations","tag_sets_id":2388,"tags_id":9376342},{"stories_id":1578674707,"tag":"Chris Rock","tag_set":"cliff_people","tag_sets_id":2389,"tags_id":9377306},{"stories_id":1578674707,"tag":"Federal Bureau of Prisons","tag_set":"cliff_organizations","tag_sets_id":2388,"tags_id":9377598},{"stories_id":1578674707,"tag":"Department of Corrections","tag_set":"cliff_organizations","tag_sets_id":2388,"tags_id":9377683},{"stories_id":1578674707,"tag":"Legislature","tag_set":"cliff_organizations","tag_sets_id":2388,"tags_id":9377684},{"stories_id":1578674707,"tag":"Republican House","tag_set":"cliff_organizations","tag_sets_id":2388,"tags_id":9379023},{"stories_id":1578674707,"tag":"Mike DeWine","tag_set":"cliff_people","tag_sets_id":2389,"tags_id":9379688},{"stories_id":1578674707,"tag":"tribal council","tag_set":"cliff_organizations","tag_sets_id":2388,"tags_id":9380694},{"stories_id":1578674707,"tag":"National Weather Service","tag_set":"cliff_organizations","tag_sets_id":2388,"tags_id":9382501},{"stories_id":1578674707,"tag":"Providence Journal","tag_set":"cliff_organizations","tag_sets_id":2388,"tags_id":9384610},{"stories_id":1578674707,"tag":"Doug Ducey","tag_set":"cliff_people","tag_sets_id":2389,"tags_id":9394204},{"stories_id":1578674707,"tag":"Montgomery","tag_set":"cliff_people","tag_sets_id":2389,"tags_id":9395885},{"stories_id":1578674707,"tag":"Doug Burgum","tag_set":"cliff_people","tag_sets_id":2389,"tags_id":9404186},{"stories_id":1578674707,"tag":"Sylvester Turner","tag_set":"cliff_people","tag_sets_id":2389,"tags_id":9406216},{"stories_id":1578674707,"tag":"Saquon Barkley","tag_set":"cliff_people","tag_sets_id":2389,"tags_id":9406503},{"stories_id":1578674707,"tag":"International Air Transport Association","tag_set":"cliff_organizations","tag_sets_id":2388,"tags_id":9407976},{"stories_id":1578674707,"tag":"Department of State","tag_set":"cliff_organizations","tag_sets_id":2388,"tags_id":9408569},{"stories_id":1578674707,"tag":"Washington National Cathedral","tag_set":"cliff_organizations","tag_sets_id":2388,"tags_id":9408676},{"stories_id":1578674707,"tag":"Bozeman Daily Chronicle","tag_set":"cliff_organizations","tag_sets_id":2388,"tags_id":9409586},{"stories_id":1578674707,"tag":"Steve Bullock","tag_set":"cliff_people","tag_sets_id":2389,"tags_id":9414825},{"stories_id":1578674707,"tag":"St. Louis Public Radio","tag_set":"cliff_organizations","tag_sets_id":2388,"tags_id":9416579},{"stories_id":1578674707,"tag":"Jon Bon Jovi","tag_set":"cliff_people","tag_sets_id":2389,"tags_id":9417797},{"stories_id":1578674707,"tag":"David Ige","tag_set":"cliff_people","tag_sets_id":2389,"tags_id":9421623},{"stories_id":1578674707,"tag":"Eric Holcomb","tag_set":"cliff_people","tag_sets_id":2389,"tags_id":9422965},{"stories_id":1578674707,"tag":"Michelle Lujan Grisham","tag_set":"cliff_people","tag_sets_id":2389,"tags_id":9430681},{"stories_id":1578674707,"tag":"Portland Press Herald","tag_set":"cliff_organizations","tag_sets_id":2388,"tags_id":9433141},{"stories_id":1578674707,"tag":"Danny DeVito","tag_set":"cliff_people","tag_sets_id":2389,"tags_id":9441898},{"stories_id":1578674707,"tag":"Phil Scott","tag_set":"cliff_people","tag_sets_id":2389,"tags_id":9455100},{"stories_id":1578674707,"tag":"NICS","tag_set":"cliff_organizations","tag_sets_id":2388,"tags_id":9455269},{"stories_id":1578674707,"tag":"Salem","tag_set":"cliff_people","tag_sets_id":2389,"tags_id":9459378},{"stories_id":1578674707,"tag":"WABC","tag_set":"cliff_organizations","tag_sets_id":2388,"tags_id":9460949},{"stories_id":1578674707,"tag":"Gretchen Whitmer","tag_set":"cliff_people","tag_sets_id":2389,"tags_id":9464154},{"stories_id":1578674707,"tag":"Tony Bennett","tag_set":"cliff_people","tag_sets_id":2389,"tags_id":9468601},{"stories_id":1578674707,"tag":"Kay Ivey","tag_set":"cliff_people","tag_sets_id":2389,"tags_id":9475491},{"stories_id":1578674707,"tag":"Clay Higgins","tag_set":"cliff_people","tag_sets_id":2389,"tags_id":9479883},{"stories_id":1578674707,"tag":"Benton","tag_set":"cliff_people","tag_sets_id":2389,"tags_id":9484054},{"stories_id":1578674707,"tag":"Kweisi Mfume","tag_set":"cliff_people","tag_sets_id":2389,"tags_id":9486369},{"stories_id":1578674707,"tag":"Kentucky Supreme Court","tag_set":"cliff_organizations","tag_sets_id":2388,"tags_id":9489984},{"stories_id":1578674707,"tag":"Bismarck","tag_set":"cliff_people","tag_sets_id":2389,"tags_id":9499293},{"stories_id":1578674707,"tag":"MDOC","tag_set":"cliff_organizations","tag_sets_id":2388,"tags_id":9502808},{"stories_id":1578674707,"tag":"Pete Ricketts","tag_set":"cliff_people","tag_sets_id":2389,"tags_id":9506148},{"stories_id":1578674707,"tag":"Brad Wilson","tag_set":"cliff_people","tag_sets_id":2389,"tags_id":9506856},{"stories_id":1578674707,"tag":"Lansing","tag_set":"cliff_people","tag_sets_id":2389,"tags_id":9515148},{"stories_id":1578674707,"tag":"News & Observer","tag_set":"cliff_organizations","tag_sets_id":2388,"tags_id":9524249},{"stories_id":1578674707,"tag":"DNR","tag_set":"cliff_organizations","tag_sets_id":2388,"tags_id":9534587},{"stories_id":1578674707,"tag":"WCBS","tag_set":"cliff_organizations","tag_sets_id":2388,"tags_id":9541386},{"stories_id":1578674707,"tag":"James Browning","tag_set":"cliff_people","tag_sets_id":2389,"tags_id":9543295},{"stories_id":1578674707,"tag":"WUSA-TV","tag_set":"cliff_organizations","tag_sets_id":2388,"tags_id":9549065},{"stories_id":1578674707,"tag":"Brad Little","tag_set":"cliff_people","tag_sets_id":2389,"tags_id":9553512},{"stories_id":1578674707,"tag":"MBTA","tag_set":"cliff_organizations","tag_sets_id":2388,"tags_id":9567681},{"stories_id":1578674707,"tag":"Bill Lee","tag_set":"cliff_people","tag_sets_id":2389,"tags_id":9573162},{"stories_id":1578674707,"tag":"Hawaiian Electric","tag_set":"cliff_organizations","tag_sets_id":2388,"tags_id":9578486},{"stories_id":1578674707,"tag":"Vermont Air National Guard","tag_set":"cliff_organizations","tag_sets_id":2388,"tags_id":9585325},{"stories_id":1578674707,"tag":"Wanda Murren","tag_set":"cliff_people","tag_sets_id":2389,"tags_id":9603292},{"stories_id":1578674707,"tag":"Massachusetts Bay Transportation Authority","tag_set":"cliff_organizations","tag_sets_id":2388,"tags_id":9612804},{"stories_id":1578674707,"tag":"state Department of Natural Resources","tag_set":"cliff_organizations","tag_sets_id":2388,"tags_id":9641807},{"stories_id":1578674707,"tag":"Topeka Capital-Journal","tag_set":"cliff_organizations","tag_sets_id":2388,"tags_id":9643257},{"stories_id":1578674707,"tag":"Mike Nowatzki","tag_set":"cliff_people","tag_sets_id":2389,"tags_id":9710253},{"stories_id":1578674707,"tag":"Mike West","tag_set":"cliff_people","tag_sets_id":2389,"tags_id":9746429},{"stories_id":1578674707,"tag":"Robert Long","tag_set":"cliff_people","tag_sets_id":2389,"tags_id":9746618},{"stories_id":1578674707,"tag":"state Department of Public Health","tag_set":"cliff_organizations","tag_sets_id":2388,"tags_id":9988804},{"stories_id":1578674707,"tag":"WPIX","tag_set":"cliff_organizations","tag_sets_id":2388,"tags_id":10008598},{"stories_id":1578674707,"tag":"Broward Circuit","tag_set":"cliff_organizations","tag_sets_id":2388,"tags_id":10023835},{"stories_id":1578674707,"tag":"Kevin Foley","tag_set":"cliff_people","tag_sets_id":2389,"tags_id":10039998},{"stories_id":1578674707,"tag":"Tommy Taylor","tag_set":"cliff_people","tag_sets_id":2389,"tags_id":10111392},{"stories_id":1578674707,"tag":"Maine Center for Disease Control and Prevention","tag_set":"cliff_organizations","tag_sets_id":2388,"tags_id":10131282},{"stories_id":1578674707,"tag":"Dennis Bailey","tag_set":"cliff_people","tag_sets_id":2389,"tags_id":10169586},{"stories_id":1578674707,"tag":"Maui News","tag_set":"cliff_organizations","tag_sets_id":2388,"tags_id":10247683},{"stories_id":1578674707,"tag":"Joe Ganim","tag_set":"cliff_people","tag_sets_id":2389,"tags_id":10513255},{"stories_id":1578674707,"tag":"LM Wind Power","tag_set":"cliff_organizations","tag_sets_id":2388,"tags_id":10546475},{"stories_id":1578674707,"tag":"geonames_4086637","tag_set":"mc-geocoder@media.mit.edu","tag_sets_id":1011,"tags_id":10596426},{"stories_id":1578674707,"tag":"Missouri Department of Labor","tag_set":"cliff_organizations","tag_sets_id":2388,"tags_id":10677601},{"stories_id":1578674707,"tag":"Anthony Grant","tag_set":"cliff_people","tag_sets_id":2389,"tags_id":10693670},{"stories_id":1578674707,"tag":"Luz Escamilla","tag_set":"cliff_people","tag_sets_id":2389,"tags_id":10867038},{"stories_id":1578674707,"tag":"Elko Daily Free Press","tag_set":"cliff_organizations","tag_sets_id":2388,"tags_id":11120099},{"stories_id":1578674707,"tag":"Kim Stenson","tag_set":"cliff_people","tag_sets_id":2389,"tags_id":11171901},{"stories_id":1578674707,"tag":"Anna Hui","tag_set":"cliff_people","tag_sets_id":2389,"tags_id":11199374},{"stories_id":1578674707,"tag":"Allen Harim","tag_set":"cliff_people","tag_sets_id":2389,"tags_id":11240671},{"stories_id":1578674707,"tag":"Stephanie Howse","tag_set":"cliff_people","tag_sets_id":2389,"tags_id":11417990},{"stories_id":1578674707,"tag":"Geoff Kors","tag_set":"cliff_people","tag_sets_id":2389,"tags_id":11815856},{"stories_id":1578674707,"tag":"Kevin Stitt","tag_set":"cliff_people","tag_sets_id":2389,"tags_id":11829572},{"stories_id":1578674707,"tag":"Steve Erdman","tag_set":"cliff_people","tag_sets_id":2389,"tags_id":11901045},{"stories_id":1578674707,"tag":"Tom Griffiths","tag_set":"cliff_people","tag_sets_id":2389,"tags_id":14308468},{"stories_id":1578674707,"tag":"Stephen Erickson","tag_set":"cliff_people","tag_sets_id":2389,"tags_id":18889698},{"stories_id":1578674707,"tag":"Steve Halloran","tag_set":"cliff_people","tag_sets_id":2389,"tags_id":21297323},{"stories_id":1578674707,"tag":"Chad Bianco","tag_set":"cliff_people","tag_sets_id":2389,"tags_id":29731616},{"stories_id":1578674707,"tag":"Marshall County High School","tag_set":"cliff_organizations","tag_sets_id":2388,"tags_id":30014428},{"stories_id":1578674707,"tag":"Jamie Jameson","tag_set":"cliff_people","tag_sets_id":2389,"tags_id":31062245},{"stories_id":1578674707,"tag":"Jackie Saunders","tag_set":"cliff_people","tag_sets_id":2389,"tags_id":31491087},{"stories_id":1578674707,"tag":"Kimberly Klacik","tag_set":"cliff_people","tag_sets_id":2389,"tags_id":31720798},{"stories_id":1578674707,"tag":"Steve Smothermon","tag_set":"cliff_people","tag_sets_id":2389,"tags_id":31969261},{"stories_id":1578674707,"tag":"Holly Porter","tag_set":"cliff_people","tag_sets_id":2389,"tags_id":33277641},{"stories_id":1578674707,"tag":"Greg Hertz","tag_set":"cliff_people","tag_sets_id":2389,"tags_id":33431267},{"stories_id":1578674707,"tag":"Charlie Graddick","tag_set":"cliff_people","tag_sets_id":2389,"tags_id":33542328},{"stories_id":1578674707,"tag":"Gabriel Parker","tag_set":"cliff_people","tag_sets_id":2389,"tags_id":33791569},{"stories_id":1578674707,"tag":"Gianfranco Pezzino","tag_set":"cliff_people","tag_sets_id":2389,"tags_id":34499565},{"stories_id":1578674707,"tag":"Allen Harim Foods","tag_set":"cliff_organizations","tag_sets_id":2388,"tags_id":37912078},{"stories_id":1578674707,"tag":"Delta Regional Medical Center","tag_set":"cliff_organizations","tag_sets_id":2388,"tags_id":38401799},{"stories_id":1578674707,"tag":"Kwethluk","tag_set":"cliff_people","tag_sets_id":2389,"tags_id":40018125},{"stories_id":1578674707,"tag":"Des Moines International","tag_set":"cliff_organizations","tag_sets_id":2388,"tags_id":41088713},{"stories_id":1578674707,"tag":"Colorado Emerald Society","tag_set":"cliff_organizations","tag_sets_id":2388,"tags_id":43703360},{"stories_id":1578674707,"tag":"Boris Epchook","tag_set":"cliff_people","tag_sets_id":2389,"tags_id":45283152},{"stories_id":1578674707,"tag":"Dennis Foust","tag_set":"cliff_people","tag_sets_id":2389,"tags_id":47640500},{"stories_id":1578674707,"tag":"Marshall Circuit","tag_set":"cliff_organizations","tag_sets_id":2388,"tags_id":50443793},{"stories_id":1578674707,"tag":"KYUK-AM","tag_set":"cliff_organizations","tag_sets_id":2388,"tags_id":67574310},{"stories_id":1578674707,"tag":"readability-lxml-0.7","tag_set":"extractor_version","tag_sets_id":1354,"tags_id":81092444},{"stories_id":1578674707,"tag":"Kwethluk Tribal Council","tag_set":"cliff_organizations","tag_sets_id":2388,"tags_id":81795401},{"stories_id":1578674707,"tag":"Perri Freeman","tag_set":"cliff_people","tag_sets_id":2389,"tags_id":117453319},{"stories_id":1578674707,"tag":"North Dakota County Auditors Association","tag_set":"cliff_organizations","tag_sets_id":2388,"tags_id":130237676},{"stories_id":1578674707,"tag":"Nora Meyers Sackett","tag_set":"cliff_people","tag_sets_id":2389,"tags_id":131507097},{"stories_id":1578674707,"tag":"O’Fallon","tag_set":"cliff_people","tag_sets_id":2389,"tags_id":136504764},{"stories_id":1578674707,"tag":"Mary Ann O’Hara","tag_set":"cliff_people","tag_sets_id":2389,"tags_id":161176071},{"stories_id":1578674707,"tag":"Bureau of Pardons and Paroles","tag_set":"cliff_organizations","tag_sets_id":2388,"tags_id":185337704},{"stories_id":1578674707,"tag":"cliff_clavin_v2.6.0","tag_set":"geocoder_version","tag_sets_id":1937,"tags_id":189462640},{"stories_id":1578674707,"tag":"New Jersey Pandemic Relief Fund","tag_set":"cliff_organizations","tag_sets_id":2388,"tags_id":199317307},{"stories_id":1578674707,"tag":"Nathan Van Zweden","tag_set":"cliff_people","tag_sets_id":2389,"tags_id":199960803},{"stories_id":1578674707,"tag":"Charles Richard Rootes","tag_set":"cliff_people","tag_sets_id":2389,"tags_id":200840930},{"stories_id":1578674707,"tag":"Kwethluk Police Department","tag_set":"cliff_organizations","tag_sets_id":2388,"tags_id":200891231},{"stories_id":1578674707,"tag":"Weston Bar Association","tag_set":"cliff_organizations","tag_sets_id":2388,"tags_id":200921837},{"stories_id":1578674707,"tag":"Falls Park Farmer","tag_set":"cliff_organizations","tag_sets_id":2388,"tags_id":200943034},{"stories_id":1578674707,"tag":"Delaware Poultry Industry","tag_set":"cliff_organizations","tag_sets_id":2388,"tags_id":200960301},{"stories_id":1578674707,"tag":"Winnebago County Emergency Operations Center and Salvation Army","tag_set":"cliff_organizations","tag_sets_id":2388,"tags_id":200960458}],"title":"Bagpipe-blowing fire chief, Bruce Springsteen-Jon Bon Jovi benefit, chickens go to waste: News from around our 50 states","url":"http://rssfeeds.usatoday.com/~/621593738/0/usatoday-newstopstories~Bagpipeblowing-fire-chief-Bruce-SpringsteenJon-Bon-Jovi-benefit-chickens-go-to-waste-News-from-around-our-states/","word_count":null}]