[{"ap_syndicated":null,"collect_date":"2020-04-30 05:22:55.874098","feeds":null,"guid":"https://www.nytimes.com/2020/04/30/opinion/coronavirus-oil-prices-texas.html","language":"en","media_id":1,"media_name":null,"media_url":null,"processed_stories_id":null,"publish_date":"2020-04-30 05:00:15","stories_id":1593090402,"story_tags":[{"stories_id":1593090402,"tag":"geonames_6252001","tag_set":"mc-geocoder@media.mit.edu","tag_sets_id":1011,"tags_id":8878461},{"stories_id":1593090402,"tag":"geonames_4736286","tag_set":"mc-geocoder@media.mit.edu","tag_sets_id":1011,"tags_id":8878538},{"stories_id":1593090402,"tag":"geonames_5526337","tag_set":"mc-geocoder@media.mit.edu","tag_sets_id":1011,"tags_id":8883363},{"stories_id":1593090402,"tag":"nyt_labeller_v1.0.0","tag_set":"nyt_labels_version","tag_sets_id":1964,"tags_id":9360669},{"stories_id":1593090402,"tag":"oil (petroleum) and gasoline","tag_set":"nyt_labels","tag_sets_id":1963,"tags_id":9360884},{"stories_id":1593090402,"tag":"Google","tag_set":"cliff_organizations","tag_sets_id":2388,"tags_id":9363209},{"stories_id":1593090402,"tag":"readability-lxml-0.7","tag_set":"extractor_version","tag_sets_id":1354,"tags_id":81092444},{"stories_id":1593090402,"tag":"Carrie McKean","tag_set":"cliff_people","tag_sets_id":2389,"tags_id":166922604},{"stories_id":1593090402,"tag":"cliff_clavin_v2.6.0","tag_set":"geocoder_version","tag_sets_id":1937,"tags_id":189462640}],"title":"This ‘Big Oil’ Bust Is Killing My Small Town","url":"https://www.nytimes.com/2020/04/30/opinion/coronavirus-oil-prices-texas.html","word_count":null}]