[{"ap_syndicated":null,"collect_date":"2020-05-07 05:12:41.151926","feeds":null,"guid":"https://www.nytimes.com/2019/10/20/world/europe/switzerland-election.html?searchResultPosition=12","language":"en","media_id":1,"media_name":null,"media_url":null,"processed_stories_id":null,"publish_date":"2019-10-20 08:53:29","stories_id":1599460320,"story_tags":[{"stories_id":1599460320,"tag":"geonames_2658434","tag_set":"mc-geocoder@media.mit.edu","tag_sets_id":1011,"tags_id":8879101},{"stories_id":1599460320,"tag":"geonames_2660645","tag_set":"mc-geocoder@media.mit.edu","tag_sets_id":1011,"tags_id":8880977},{"stories_id":1599460320,"tag":"geonames_2660646","tag_set":"mc-geocoder@media.mit.edu","tag_sets_id":1011,"tags_id":8945386},{"stories_id":1599460320,"tag":"nyt_labeller_v1.0.0","tag_set":"nyt_labels_version","tag_sets_id":1964,"tags_id":9360669},{"stories_id":1599460320,"tag":"politics and government","tag_set":"nyt_labels","tag_sets_id":1963,"tags_id":9360836},{"stories_id":1599460320,"tag":"elections","tag_set":"nyt_labels","tag_sets_id":1963,"tags_id":9360851},{"stories_id":1599460320,"tag":"legislatures and parliaments","tag_set":"nyt_labels","tag_sets_id":1963,"tags_id":9360961},{"stories_id":1599460320,"tag":"European Union","tag_set":"cliff_organizations","tag_sets_id":2388,"tags_id":9362999},{"stories_id":1599460320,"tag":"Christian Democrats","tag_set":"cliff_organizations","tag_sets_id":2388,"tags_id":9367670},{"stories_id":1599460320,"tag":"Green Party","tag_set":"cliff_organizations","tag_sets_id":2388,"tags_id":9376712},{"stories_id":1599460320,"tag":"People’s Party","tag_set":"cliff_organizations","tag_sets_id":2388,"tags_id":9380534},{"stories_id":1599460320,"tag":"Social Democratic Party","tag_set":"cliff_organizations","tag_sets_id":2388,"tags_id":9390423},{"stories_id":1599460320,"tag":"Social Democrats","tag_set":"cliff_organizations","tag_sets_id":2388,"tags_id":9396277},{"stories_id":1599460320,"tag":"Roger Köppel","tag_set":"cliff_people","tag_sets_id":2389,"tags_id":10131027},{"stories_id":1599460320,"tag":"Swiss People’s Party","tag_set":"cliff_organizations","tag_sets_id":2388,"tags_id":10278759},{"stories_id":1599460320,"tag":"Geneva University","tag_set":"cliff_organizations","tag_sets_id":2388,"tags_id":11022179},{"stories_id":1599460320,"tag":"Pascal Sciarini","tag_set":"cliff_people","tag_sets_id":2389,"tags_id":11431272},{"stories_id":1599460320,"tag":"Lukas Goldber","tag_set":"cliff_people","tag_sets_id":2389,"tags_id":22967290},{"stories_id":1599460320,"tag":"Green Liberal Party","tag_set":"cliff_organizations","tag_sets_id":2388,"tags_id":28121856},{"stories_id":1599460320,"tag":"Flavia Kleiner","tag_set":"cliff_people","tag_sets_id":2389,"tags_id":30362957},{"stories_id":1599460320,"tag":"Regula Rytz","tag_set":"cliff_people","tag_sets_id":2389,"tags_id":33452588},{"stories_id":1599460320,"tag":"guess_by_tag_time","tag_set":"date_guess_method","tag_sets_id":508,"tags_id":50741428},{"stories_id":1599460320,"tag":"readability-lxml-0.7","tag_set":"extractor_version","tag_sets_id":1354,"tags_id":81092444},{"stories_id":1599460320,"tag":"cliff_clavin_v2.6.0","tag_set":"geocoder_version","tag_sets_id":1937,"tags_id":189462640},{"stories_id":1599460320,"tag":"Bathasar Glättli","tag_set":"cliff_people","tag_sets_id":2389,"tags_id":202788889}],"title":"Swiss Voters Appear to Deliver ‘Green Wave,’ Rebuking Far Right - The New York Times","url":"https://www.nytimes.com/2019/10/20/world/europe/switzerland-election.html?searchResultPosition=12","word_count":null}]