[{"ap_syndicated":null,"collect_date":"2020-05-27 10:19:08.980613","feeds":null,"guid":"https://www.nytimes.com/2020/05/27/business/hydrogen-fuel-climate-change.html","language":"en","media_id":1,"media_name":null,"media_url":null,"processed_stories_id":null,"publish_date":"2020-05-27 10:06:37","stories_id":1618041683,"story_tags":[{"stories_id":1618041683,"tag":"geonames_5332921","tag_set":"mc-geocoder@media.mit.edu","tag_sets_id":1011,"tags_id":8878533},{"stories_id":1618041683,"tag":"geonames_4736286","tag_set":"mc-geocoder@media.mit.edu","tag_sets_id":1011,"tags_id":8878538},{"stories_id":1618041683,"tag":"geonames_4482348","tag_set":"mc-geocoder@media.mit.edu","tag_sets_id":1011,"tags_id":8878553},{"stories_id":1618041683,"tag":"geonames_3175395","tag_set":"mc-geocoder@media.mit.edu","tag_sets_id":1011,"tags_id":8878643},{"stories_id":1618041683,"tag":"geonames_3174618","tag_set":"mc-geocoder@media.mit.edu","tag_sets_id":1011,"tags_id":8878644},{"stories_id":1618041683,"tag":"geonames_5551752","tag_set":"mc-geocoder@media.mit.edu","tag_sets_id":1011,"tags_id":8878730},{"stories_id":1618041683,"tag":"geonames_2951839","tag_set":"mc-geocoder@media.mit.edu","tag_sets_id":1011,"tags_id":8879152},{"stories_id":1618041683,"tag":"geonames_5308655","tag_set":"mc-geocoder@media.mit.edu","tag_sets_id":1011,"tags_id":8879154},{"stories_id":1618041683,"tag":"geonames_3181042","tag_set":"mc-geocoder@media.mit.edu","tag_sets_id":1011,"tags_id":8881475},{"stories_id":1618041683,"tag":"geonames_3172394","tag_set":"mc-geocoder@media.mit.edu","tag_sets_id":1011,"tags_id":8883221},{"stories_id":1618041683,"tag":"geonames_4717560","tag_set":"mc-geocoder@media.mit.edu","tag_sets_id":1011,"tags_id":8883238},{"stories_id":1618041683,"tag":"geonames_3173435","tag_set":"mc-geocoder@media.mit.edu","tag_sets_id":1011,"tags_id":8890947},{"stories_id":1618041683,"tag":"geonames_2952455","tag_set":"mc-geocoder@media.mit.edu","tag_sets_id":1011,"tags_id":9211543},{"stories_id":1618041683,"tag":"nyt_labeller_v1.0.0","tag_set":"nyt_labels_version","tag_sets_id":1964,"tags_id":9360669},{"stories_id":1618041683,"tag":"environment","tag_set":"nyt_labels","tag_sets_id":1963,"tags_id":9360887},{"stories_id":1618041683,"tag":"energy and power","tag_set":"nyt_labels","tag_sets_id":1963,"tags_id":9360997},{"stories_id":1618041683,"tag":"air pollution","tag_set":"nyt_labels","tag_sets_id":1963,"tags_id":9361007},{"stories_id":1618041683,"tag":"food","tag_set":"nyt_labels","tag_sets_id":1963,"tags_id":9361010},{"stories_id":1618041683,"tag":"electric light and power","tag_set":"nyt_labels","tag_sets_id":1963,"tags_id":9361013},{"stories_id":1618041683,"tag":"light","tag_set":"nyt_labels","tag_sets_id":1963,"tags_id":9361014},{"stories_id":1618041683,"tag":"Goldman Sachs","tag_set":"cliff_organizations","tag_sets_id":2388,"tags_id":9362730},{"stories_id":1618041683,"tag":"Shell","tag_set":"cliff_organizations","tag_sets_id":2388,"tags_id":9363630},{"stories_id":1618041683,"tag":"Royal Dutch Shell","tag_set":"cliff_organizations","tag_sets_id":2388,"tags_id":9388915},{"stories_id":1618041683,"tag":"Anheuser-Busch","tag_set":"cliff_organizations","tag_sets_id":2388,"tags_id":9391807},{"stories_id":1618041683,"tag":"Enel","tag_set":"cliff_organizations","tag_sets_id":2388,"tags_id":9434285},{"stories_id":1618041683,"tag":"McKinsey & Company","tag_set":"cliff_organizations","tag_sets_id":2388,"tags_id":9455005},{"stories_id":1618041683,"tag":"Snam","tag_set":"cliff_organizations","tag_sets_id":2388,"tags_id":9493980},{"stories_id":1618041683,"tag":"Bosch","tag_set":"cliff_people","tag_sets_id":2389,"tags_id":9525800},{"stories_id":1618041683,"tag":"Antonella","tag_set":"cliff_people","tag_sets_id":2389,"tags_id":9641631},{"stories_id":1618041683,"tag":"Iveco","tag_set":"cliff_organizations","tag_sets_id":2388,"tags_id":9669681},{"stories_id":1618041683,"tag":"Oxford Institute for Energy Studies","tag_set":"cliff_organizations","tag_sets_id":2388,"tags_id":10019540},{"stories_id":1618041683,"tag":"Jonathan Stern","tag_set":"cliff_people","tag_sets_id":2389,"tags_id":10414012},{"stories_id":1618041683,"tag":"Giuseppe Conte","tag_set":"cliff_people","tag_sets_id":2389,"tags_id":10496263},{"stories_id":1618041683,"tag":"Nikola","tag_set":"cliff_organizations","tag_sets_id":2388,"tags_id":10889219},{"stories_id":1618041683,"tag":"Marco Alverà","tag_set":"cliff_people","tag_sets_id":2389,"tags_id":11573305},{"stories_id":1618041683,"tag":"Paolo Scaroni","tag_set":"cliff_people","tag_sets_id":2389,"tags_id":17201427},{"stories_id":1618041683,"tag":"Cummins Engine","tag_set":"cliff_organizations","tag_sets_id":2388,"tags_id":30566641},{"stories_id":1618041683,"tag":"CNH Industrial","tag_set":"cliff_organizations","tag_sets_id":2388,"tags_id":30890851},{"stories_id":1618041683,"tag":"geonames_4483439","tag_set":"mc-geocoder@media.mit.edu","tag_sets_id":1011,"tags_id":31041842},{"stories_id":1618041683,"tag":"Oliver Bishop","tag_set":"cliff_people","tag_sets_id":2389,"tags_id":32871987},{"stories_id":1618041683,"tag":"Bernd Heid","tag_set":"cliff_people","tag_sets_id":2389,"tags_id":37115341},{"stories_id":1618041683,"tag":"Angie Slaughter","tag_set":"cliff_people","tag_sets_id":2389,"tags_id":54699260},{"stories_id":1618041683,"tag":"Meike Becker","tag_set":"cliff_people","tag_sets_id":2389,"tags_id":66903166},{"stories_id":1618041683,"tag":"readability-lxml-0.7","tag_set":"extractor_version","tag_sets_id":1354,"tags_id":81092444},{"stories_id":1618041683,"tag":"cliff_clavin_v2.6.0","tag_set":"geocoder_version","tag_sets_id":1937,"tags_id":189462640},{"stories_id":1618041683,"tag":"rich paccheri","tag_set":"cliff_people","tag_sets_id":2389,"tags_id":204197042},{"stories_id":1618041683,"tag":"Vincenzo Milito","tag_set":"cliff_people","tag_sets_id":2389,"tags_id":204197043}],"title":"Hydrogen as Fuel? An Italian Pasta Factory Shows How It Could Work","url":"https://www.nytimes.com/2020/05/27/business/hydrogen-fuel-climate-change.html","word_count":null}]