[{"ap_syndicated":null,"collect_date":"2020-05-28 10:46:40.861548","feeds":null,"guid":"https://www.washingtonpost.com/climate-solutions/2020/05/28/energy-efficient-homes/?utm_source=rss&utm_medium=referral&utm_campaign=wp_climate-environment","language":"en","media_id":2,"media_name":null,"media_url":null,"processed_stories_id":null,"publish_date":"2020-05-28 08:46:33","stories_id":1619080117,"story_tags":[{"stories_id":1619080117,"tag":"guess_by_unknown","tag_set":"date_guess_method","tag_sets_id":508,"tags_id":50741492}],"title":"Energy efficiency helped the Empire State Building save money and cut carbon. It can help you, too.","url":"https://www.washingtonpost.com/climate-solutions/2020/05/28/energy-efficient-homes/?utm_source=rss&utm_medium=referral&utm_campaign=wp_climate-environment","word_count":null}]