[{"ap_syndicated":null,"collect_date":"2020-07-29 15:03:02.090185","feeds":null,"guid":"{A8B75FB4-D1A0-11EA-B9FF-AC5AA83EB5BC}","language":"en","media_id":1150,"media_name":null,"media_url":null,"processed_stories_id":null,"publish_date":"2020-07-29 14:41:46","stories_id":1671441797,"story_tags":[{"stories_id":1671441797,"tag":"geonames_6252001","tag_set":"mc-geocoder@media.mit.edu","tag_sets_id":1011,"tags_id":8878461},{"stories_id":1671441797,"tag":"geonames_4736286","tag_set":"mc-geocoder@media.mit.edu","tag_sets_id":1011,"tags_id":8878538},{"stories_id":1671441797,"tag":"geonames_4719457","tag_set":"mc-geocoder@media.mit.edu","tag_sets_id":1011,"tags_id":8882892},{"stories_id":1671441797,"tag":"nyt_labeller_v1.0.0","tag_set":"nyt_labels_version","tag_sets_id":1964,"tags_id":9360669},{"stories_id":1671441797,"tag":"medicine and health","tag_set":"nyt_labels","tag_sets_id":1963,"tags_id":9360852},{"stories_id":1671441797,"tag":"diseases and conditions","tag_set":"nyt_labels","tag_sets_id":1963,"tags_id":9360942},{"stories_id":1671441797,"tag":"Facebook","tag_set":"cliff_organizations","tag_sets_id":2388,"tags_id":9362725},{"stories_id":1671441797,"tag":"White House","tag_set":"cliff_organizations","tag_sets_id":2388,"tags_id":9362736},{"stories_id":1671441797,"tag":"Donald Trump Jr.","tag_set":"cliff_people","tag_sets_id":2389,"tags_id":9362977},{"stories_id":1671441797,"tag":"YouTube","tag_set":"cliff_organizations","tag_sets_id":2388,"tags_id":9364054},{"stories_id":1671441797,"tag":"Boeing","tag_set":"cliff_organizations","tag_sets_id":2388,"tags_id":9364153},{"stories_id":1671441797,"tag":"Intel","tag_set":"cliff_organizations","tag_sets_id":2388,"tags_id":9367220},{"stories_id":1671441797,"tag":"Dow Jones","tag_set":"cliff_organizations","tag_sets_id":2388,"tags_id":9367708},{"stories_id":1671441797,"tag":"Centers for Disease Control and Prevention","tag_set":"cliff_organizations","tag_sets_id":2388,"tags_id":9368621},{"stories_id":1671441797,"tag":"GE","tag_set":"cliff_organizations","tag_sets_id":2388,"tags_id":9369925},{"stories_id":1671441797,"tag":"Boeing Co.","tag_set":"cliff_organizations","tag_sets_id":2388,"tags_id":9372658},{"stories_id":1671441797,"tag":"Amgen","tag_set":"cliff_organizations","tag_sets_id":2388,"tags_id":9373432},{"stories_id":1671441797,"tag":"University of Minnesota","tag_set":"cliff_organizations","tag_sets_id":2388,"tags_id":9376586},{"stories_id":1671441797,"tag":"Johns Hopkins University","tag_set":"cliff_organizations","tag_sets_id":2388,"tags_id":9379616},{"stories_id":1671441797,"tag":"Sanofi","tag_set":"cliff_organizations","tag_sets_id":2388,"tags_id":9380045},{"stories_id":1671441797,"tag":"social-media","tag_set":"cliff_organizations","tag_sets_id":2388,"tags_id":9385887},{"stories_id":1671441797,"tag":"Tupperware","tag_set":"cliff_organizations","tag_sets_id":2388,"tags_id":9386360},{"stories_id":1671441797,"tag":"Roche","tag_set":"cliff_people","tag_sets_id":2389,"tags_id":9386790},{"stories_id":1671441797,"tag":"Boeing Co","tag_set":"cliff_organizations","tag_sets_id":2388,"tags_id":9387684},{"stories_id":1671441797,"tag":"AMC","tag_set":"cliff_organizations","tag_sets_id":2388,"tags_id":9388367},{"stories_id":1671441797,"tag":"Starbucks Corp","tag_set":"cliff_organizations","tag_sets_id":2388,"tags_id":9392662},{"stories_id":1671441797,"tag":"FactSet","tag_set":"cliff_organizations","tag_sets_id":2388,"tags_id":9419501},{"stories_id":1671441797,"tag":"MarketWatch","tag_set":"cliff_organizations","tag_sets_id":2388,"tags_id":9432481},{"stories_id":1671441797,"tag":"AMD","tag_set":"cliff_organizations","tag_sets_id":2388,"tags_id":9467787},{"stories_id":1671441797,"tag":"U.S. PIRG","tag_set":"cliff_organizations","tag_sets_id":2388,"tags_id":9486448},{"stories_id":1671441797,"tag":"General Electric Co","tag_set":"cliff_organizations","tag_sets_id":2388,"tags_id":9497450},{"stories_id":1671441797,"tag":"Comcast Corp","tag_set":"cliff_organizations","tag_sets_id":2388,"tags_id":9510208},{"stories_id":1671441797,"tag":"Visa Inc","tag_set":"cliff_organizations","tag_sets_id":2388,"tags_id":9520429},{"stories_id":1671441797,"tag":"Amgen Inc","tag_set":"cliff_organizations","tag_sets_id":2388,"tags_id":9523534},{"stories_id":1671441797,"tag":"SeaWorld","tag_set":"cliff_organizations","tag_sets_id":2388,"tags_id":9546705},{"stories_id":1671441797,"tag":"Walt Disney Co.","tag_set":"cliff_organizations","tag_sets_id":2388,"tags_id":9566915},{"stories_id":1671441797,"tag":"CMCSA","tag_set":"cliff_organizations","tag_sets_id":2388,"tags_id":9602791},{"stories_id":1671441797,"tag":"Advanced Micro Devices Inc.","tag_set":"cliff_organizations","tag_sets_id":2388,"tags_id":9644125},{"stories_id":1671441797,"tag":"Miguel Fernandez","tag_set":"cliff_people","tag_sets_id":2389,"tags_id":9648156},{"stories_id":1671441797,"tag":"Wingstop Inc","tag_set":"cliff_organizations","tag_sets_id":2388,"tags_id":9664125},{"stories_id":1671441797,"tag":"Christopher Rolland","tag_set":"cliff_people","tag_sets_id":2389,"tags_id":9675096},{"stories_id":1671441797,"tag":"SeaWorld Entertainment Inc","tag_set":"cliff_organizations","tag_sets_id":2388,"tags_id":9683954},{"stories_id":1671441797,"tag":"Denbury","tag_set":"cliff_organizations","tag_sets_id":2388,"tags_id":9689424},{"stories_id":1671441797,"tag":"Regeneron Pharmaceuticals Inc.","tag_set":"cliff_organizations","tag_sets_id":2388,"tags_id":9690431},{"stories_id":1671441797,"tag":"Boston Scientific Corp","tag_set":"cliff_organizations","tag_sets_id":2388,"tags_id":9694942},{"stories_id":1671441797,"tag":"AMC Entertainment Holdings Inc","tag_set":"cliff_organizations","tag_sets_id":2388,"tags_id":9706129},{"stories_id":1671441797,"tag":"Levi Garraway","tag_set":"cliff_people","tag_sets_id":2389,"tags_id":9722947},{"stories_id":1671441797,"tag":"Flags Entertainment Corp","tag_set":"cliff_organizations","tag_sets_id":2388,"tags_id":9733186},{"stories_id":1671441797,"tag":"Denbury Resources Inc","tag_set":"cliff_organizations","tag_sets_id":2388,"tags_id":9733191},{"stories_id":1671441797,"tag":"Biomedical Advanced Research and Development Authority","tag_set":"cliff_organizations","tag_sets_id":2388,"tags_id":9762718},{"stories_id":1671441797,"tag":"Roche AG","tag_set":"cliff_organizations","tag_sets_id":2388,"tags_id":9819406},{"stories_id":1671441797,"tag":"Michael Osterholm","tag_set":"cliff_people","tag_sets_id":2389,"tags_id":10059775},{"stories_id":1671441797,"tag":"Universal Filmed Entertainment Group","tag_set":"cliff_organizations","tag_sets_id":2388,"tags_id":10146445},{"stories_id":1671441797,"tag":"Chris Kendall","tag_set":"cliff_people","tag_sets_id":2389,"tags_id":10449184},{"stories_id":1671441797,"tag":"SeaWorld Entertainment Inc.","tag_set":"cliff_organizations","tag_sets_id":2388,"tags_id":11304178},{"stories_id":1671441797,"tag":"Cruise Line Holdings Ltd","tag_set":"cliff_organizations","tag_sets_id":2388,"tags_id":11565220},{"stories_id":1671441797,"tag":"Jaimy Lee","tag_set":"cliff_people","tag_sets_id":2389,"tags_id":28530028},{"stories_id":1671441797,"tag":"Tupperware Brands Corp.","tag_set":"cliff_organizations","tag_sets_id":2388,"tags_id":29177002},{"stories_id":1671441797,"tag":"Steve Madden Ltd","tag_set":"cliff_organizations","tag_sets_id":2388,"tags_id":29275554},{"stories_id":1671441797,"tag":"federation of state Public Interest Research Groups","tag_set":"cliff_organizations","tag_sets_id":2388,"tags_id":31013666},{"stories_id":1671441797,"tag":"Baker Hughes Co","tag_set":"cliff_organizations","tag_sets_id":2388,"tags_id":31592865},{"stories_id":1671441797,"tag":"Actemra","tag_set":"cliff_people","tag_sets_id":2389,"tags_id":32058208},{"stories_id":1671441797,"tag":"White House task force","tag_set":"cliff_organizations","tag_sets_id":2388,"tags_id":32300790},{"stories_id":1671441797,"tag":"Apron Holdings Inc","tag_set":"cliff_organizations","tag_sets_id":2388,"tags_id":32621245},{"stories_id":1671441797,"tag":"Dow component Intel Corp","tag_set":"cliff_organizations","tag_sets_id":2388,"tags_id":33368506},{"stories_id":1671441797,"tag":"Larry Culp","tag_set":"cliff_people","tag_sets_id":2389,"tags_id":39531275},{"stories_id":1671441797,"tag":"Matt Wellington","tag_set":"cliff_people","tag_sets_id":2389,"tags_id":40621396},{"stories_id":1671441797,"tag":"readability-lxml-0.7","tag_set":"extractor_version","tag_sets_id":1354,"tags_id":81092444},{"stories_id":1671441797,"tag":"cliff_clavin_v2.6.0","tag_set":"geocoder_version","tag_sets_id":1937,"tags_id":189462640},{"stories_id":1671441797,"tag":"Stella Immanuel","tag_set":"cliff_people","tag_sets_id":2389,"tags_id":208524548}],"title":"Coronavirus update: U.S. death toll edges closer to 150,000, and White House task force says 21 states are in the ‘red zone’","url":"http://www.marketwatch.com/news/story.asp?guid=%7BA8B75FB4-D1A0-11EA-B9FF-AC5AA83EB5BC%7D&siteid=rss&rss=1","word_count":null}]