[{"ap_syndicated":null,"collect_date":"2020-08-14 08:09:54.338150","feeds":null,"guid":"https://www.nytimes.com/2020/08/14/world/middleeast/palestinians-israel-uae-annexation-peace.html","language":"en","media_id":1,"media_name":null,"media_url":null,"processed_stories_id":null,"publish_date":"2020-08-14 07:45:30","stories_id":1683214914,"story_tags":[{"stories_id":1683214914,"tag":"geonames_294640","tag_set":"mc-geocoder@media.mit.edu","tag_sets_id":1011,"tags_id":8878501},{"stories_id":1683214914,"tag":"geonames_281184","tag_set":"mc-geocoder@media.mit.edu","tag_sets_id":1011,"tags_id":8878505},{"stories_id":1683214914,"tag":"geonames_282239","tag_set":"mc-geocoder@media.mit.edu","tag_sets_id":1011,"tags_id":8878511},{"stories_id":1683214914,"tag":"geonames_292968","tag_set":"mc-geocoder@media.mit.edu","tag_sets_id":1011,"tags_id":8878574},{"stories_id":1683214914,"tag":"geonames_285153","tag_set":"mc-geocoder@media.mit.edu","tag_sets_id":1011,"tags_id":8879003},{"stories_id":1683214914,"tag":"geonames_281133","tag_set":"mc-geocoder@media.mit.edu","tag_sets_id":1011,"tags_id":8879445},{"stories_id":1683214914,"tag":"geonames_4469407","tag_set":"mc-geocoder@media.mit.edu","tag_sets_id":1011,"tags_id":8880101},{"stories_id":1683214914,"tag":"nyt_labeller_v1.0.0","tag_set":"nyt_labels_version","tag_sets_id":1964,"tags_id":9360669},{"stories_id":1683214914,"tag":"politics and government","tag_set":"nyt_labels","tag_sets_id":1963,"tags_id":9360836},{"stories_id":1683214914,"tag":"international relations","tag_set":"nyt_labels","tag_sets_id":1963,"tags_id":9360934},{"stories_id":1683214914,"tag":"palestinians","tag_set":"nyt_labels","tag_sets_id":1963,"tags_id":9360987},{"stories_id":1683214914,"tag":"Obama","tag_set":"cliff_people","tag_sets_id":2389,"tags_id":9362721},{"stories_id":1683214914,"tag":"Trump","tag_set":"cliff_people","tag_sets_id":2389,"tags_id":9362872},{"stories_id":1683214914,"tag":"Trump administration","tag_set":"cliff_organizations","tag_sets_id":2388,"tags_id":9362998},{"stories_id":1683214914,"tag":"Hamas","tag_set":"cliff_organizations","tag_sets_id":2388,"tags_id":9363346},{"stories_id":1683214914,"tag":"Palestinian Authority","tag_set":"cliff_organizations","tag_sets_id":2388,"tags_id":9363349},{"stories_id":1683214914,"tag":"Mahmoud Abbas","tag_set":"cliff_people","tag_sets_id":2389,"tags_id":9363351},{"stories_id":1683214914,"tag":"Abu Dhabi","tag_set":"cliff_people","tag_sets_id":2389,"tags_id":9363704},{"stories_id":1683214914,"tag":"Benjamin Netanyahu","tag_set":"cliff_people","tag_sets_id":2389,"tags_id":9364565},{"stories_id":1683214914,"tag":"Palestine Liberation Organization","tag_set":"cliff_organizations","tag_sets_id":2388,"tags_id":9367604},{"stories_id":1683214914,"tag":"Saeb Erekat","tag_set":"cliff_people","tag_sets_id":2389,"tags_id":9380608},{"stories_id":1683214914,"tag":"U.A.E.","tag_set":"cliff_organizations","tag_sets_id":2388,"tags_id":9384087},{"stories_id":1683214914,"tag":"Mohammed bin Zayed","tag_set":"cliff_people","tag_sets_id":2389,"tags_id":9386075},{"stories_id":1683214914,"tag":"Mohammed Najib","tag_set":"cliff_people","tag_sets_id":2389,"tags_id":9408988},{"stories_id":1683214914,"tag":"Nader","tag_set":"cliff_people","tag_sets_id":2389,"tags_id":9452773},{"stories_id":1683214914,"tag":"Palestinian Finance Ministry","tag_set":"cliff_organizations","tag_sets_id":2388,"tags_id":9563045},{"stories_id":1683214914,"tag":"Yediot Ahronot","tag_set":"cliff_organizations","tag_sets_id":2388,"tags_id":9580925},{"stories_id":1683214914,"tag":"Muhammad Dahlan","tag_set":"cliff_people","tag_sets_id":2389,"tags_id":9607494},{"stories_id":1683214914,"tag":"Birzeit University","tag_set":"cliff_organizations","tag_sets_id":2388,"tags_id":9724944},{"stories_id":1683214914,"tag":"Ghassan Khatib","tag_set":"cliff_people","tag_sets_id":2389,"tags_id":9898678},{"stories_id":1683214914,"tag":"Al-Hayat al-Jadida","tag_set":"cliff_organizations","tag_sets_id":2388,"tags_id":10299858},{"stories_id":1683214914,"tag":"Nour Odeh","tag_set":"cliff_people","tag_sets_id":2389,"tags_id":10518853},{"stories_id":1683214914,"tag":"Husam Zumlot","tag_set":"cliff_people","tag_sets_id":2389,"tags_id":30141088},{"stories_id":1683214914,"tag":"readability-lxml-0.7","tag_set":"extractor_version","tag_sets_id":1354,"tags_id":81092444},{"stories_id":1683214914,"tag":"Levi Duchman","tag_set":"cliff_people","tag_sets_id":2389,"tags_id":126631372},{"stories_id":1683214914,"tag":"cliff_clavin_v2.6.0","tag_set":"geocoder_version","tag_sets_id":1937,"tags_id":189462640},{"stories_id":1683214914,"tag":"Ashraf Hamoudeh","tag_set":"cliff_people","tag_sets_id":2389,"tags_id":212754681}],"title":"For Palestinians, Israel-U. A.E. Deal Swaps One Nightmare for Another","url":"https://www.nytimes.com/2020/08/14/world/middleeast/palestinians-israel-uae-annexation-peace.html","word_count":null}]