[{"ap_syndicated":null,"collect_date":"2020-09-12 12:17:35.770003","feeds":null,"guid":"https://www.nytimes.com/2020/09/12/world/middleeast/bahrain-israel.html","language":"en","media_id":1,"media_name":null,"media_url":null,"processed_stories_id":null,"publish_date":"2020-09-12 12:01:11","stories_id":1709460088,"story_tags":[{"stories_id":1709460088,"tag":"geonames_294640","tag_set":"mc-geocoder@media.mit.edu","tag_sets_id":1011,"tags_id":8878501},{"stories_id":1709460088,"tag":"geonames_5037779","tag_set":"mc-geocoder@media.mit.edu","tag_sets_id":1011,"tags_id":8878534},{"stories_id":1709460088,"tag":"geonames_4482348","tag_set":"mc-geocoder@media.mit.edu","tag_sets_id":1011,"tags_id":8878553},{"stories_id":1709460088,"tag":"geonames_4469407","tag_set":"mc-geocoder@media.mit.edu","tag_sets_id":1011,"tags_id":8880101},{"stories_id":1709460088,"tag":"geonames_5040425","tag_set":"mc-geocoder@media.mit.edu","tag_sets_id":1011,"tags_id":8899222},{"stories_id":1709460088,"tag":"nyt_labeller_v1.0.0","tag_set":"nyt_labels_version","tag_sets_id":1964,"tags_id":9360669},{"stories_id":1709460088,"tag":"politics and government","tag_set":"nyt_labels","tag_sets_id":1963,"tags_id":9360836},{"stories_id":1709460088,"tag":"united states politics and government","tag_set":"nyt_labels","tag_sets_id":1963,"tags_id":9360846},{"stories_id":1709460088,"tag":"united states international relations","tag_set":"nyt_labels","tag_sets_id":1963,"tags_id":9360933},{"stories_id":1709460088,"tag":"international relations","tag_set":"nyt_labels","tag_sets_id":1963,"tags_id":9360934},{"stories_id":1709460088,"tag":"international trade and world market","tag_set":"nyt_labels","tag_sets_id":1963,"tags_id":9360983},{"stories_id":1709460088,"tag":"palestinians","tag_set":"nyt_labels","tag_sets_id":1963,"tags_id":9360987},{"stories_id":1709460088,"tag":"White House","tag_set":"cliff_organizations","tag_sets_id":2388,"tags_id":9362736},{"stories_id":1709460088,"tag":"Barack Obama","tag_set":"cliff_people","tag_sets_id":2389,"tags_id":9362763},{"stories_id":1709460088,"tag":"Trump","tag_set":"cliff_people","tag_sets_id":2389,"tags_id":9362872},{"stories_id":1709460088,"tag":"Jared Kushner","tag_set":"cliff_people","tag_sets_id":2389,"tags_id":9362984},{"stories_id":1709460088,"tag":"Bill Clinton","tag_set":"cliff_people","tag_sets_id":2389,"tags_id":9363221},{"stories_id":1709460088,"tag":"American Embassy","tag_set":"cliff_organizations","tag_sets_id":2388,"tags_id":9363458},{"stories_id":1709460088,"tag":"Mohammed bin Salman","tag_set":"cliff_people","tag_sets_id":2389,"tags_id":9363796},{"stories_id":1709460088,"tag":"Benjamin Netanyahu","tag_set":"cliff_people","tag_sets_id":2389,"tags_id":9364565},{"stories_id":1709460088,"tag":"King Salman","tag_set":"cliff_people","tag_sets_id":2389,"tags_id":9366246},{"stories_id":1709460088,"tag":"Palestine Liberation Organization","tag_set":"cliff_organizations","tag_sets_id":2388,"tags_id":9367604},{"stories_id":1709460088,"tag":"Hamad bin Isa al-Khalifa","tag_set":"cliff_people","tag_sets_id":2389,"tags_id":9376526},{"stories_id":1709460088,"tag":"Yousef al-Otaiba","tag_set":"cliff_people","tag_sets_id":2389,"tags_id":9378291},{"stories_id":1709460088,"tag":"Prince Mohammed","tag_set":"cliff_people","tag_sets_id":2389,"tags_id":9404169},{"stories_id":1709460088,"tag":"Yedioth Ahronoth","tag_set":"cliff_organizations","tag_sets_id":2388,"tags_id":9416126},{"stories_id":1709460088,"tag":"Jamal Khashoggi","tag_set":"cliff_people","tag_sets_id":2389,"tags_id":9500308},{"stories_id":1709460088,"tag":"Martin S. Indyk","tag_set":"cliff_people","tag_sets_id":2389,"tags_id":9602911},{"stories_id":1709460088,"tag":"readability-lxml-0.7","tag_set":"extractor_version","tag_sets_id":1354,"tags_id":81092444},{"stories_id":1709460088,"tag":"cliff_clavin_v2.6.0","tag_set":"geocoder_version","tag_sets_id":1937,"tags_id":189462640}],"title":"Another Gulf State Recognizes Israel. Here’s Why It Matters.","url":"https://www.nytimes.com/2020/09/12/world/middleeast/bahrain-israel.html","word_count":null}]