[{"ap_syndicated":null,"collect_date":"2020-09-29 05:33:22.349905","feeds":null,"guid":"https://www.nytimes.com/2020/09/29/business/energy-environment/australia-rooftop-solar-coal.html","language":"en","media_id":1,"media_name":null,"media_url":null,"processed_stories_id":null,"publish_date":"2020-09-29 05:00:38","stories_id":1724200517,"story_tags":[{"stories_id":1724200517,"tag":"geonames_5332921","tag_set":"mc-geocoder@media.mit.edu","tag_sets_id":1011,"tags_id":8878533},{"stories_id":1724200517,"tag":"geonames_2077456","tag_set":"mc-geocoder@media.mit.edu","tag_sets_id":1011,"tags_id":8878705},{"stories_id":1724200517,"tag":"geonames_5330810","tag_set":"mc-geocoder@media.mit.edu","tag_sets_id":1011,"tags_id":8953392},{"stories_id":1724200517,"tag":"nyt_labeller_v1.0.0","tag_set":"nyt_labels_version","tag_sets_id":1964,"tags_id":9360669},{"stories_id":1724200517,"tag":"politics and government","tag_set":"nyt_labels","tag_sets_id":1963,"tags_id":9360836},{"stories_id":1724200517,"tag":"economic conditions and trends","tag_set":"nyt_labels","tag_sets_id":1963,"tags_id":9360989},{"stories_id":1724200517,"tag":"prices (fares, fees and rates)","tag_set":"nyt_labels","tag_sets_id":1963,"tags_id":9360996},{"stories_id":1724200517,"tag":"energy and power","tag_set":"nyt_labels","tag_sets_id":1963,"tags_id":9360997},{"stories_id":1724200517,"tag":"electric light and power","tag_set":"nyt_labels","tag_sets_id":1963,"tags_id":9361013},{"stories_id":1724200517,"tag":"light","tag_set":"nyt_labels","tag_sets_id":1963,"tags_id":9361014},{"stories_id":1724200517,"tag":"Peter","tag_set":"cliff_people","tag_sets_id":2389,"tags_id":9365960},{"stories_id":1724200517,"tag":"Parliament","tag_set":"cliff_organizations","tag_sets_id":2388,"tags_id":9366584},{"stories_id":1724200517,"tag":"Republican Party","tag_set":"cliff_organizations","tag_sets_id":2388,"tags_id":9374874},{"stories_id":1724200517,"tag":"Liberal Party","tag_set":"cliff_organizations","tag_sets_id":2388,"tags_id":9378259},{"stories_id":1724200517,"tag":"Matt Kean","tag_set":"cliff_people","tag_sets_id":2389,"tags_id":9756510},{"stories_id":1724200517,"tag":"Ivan Penn","tag_set":"cliff_people","tag_sets_id":2389,"tags_id":10242671},{"stories_id":1724200517,"tag":"Livia Albeck-Ripka","tag_set":"cliff_people","tag_sets_id":2389,"tags_id":11320835},{"stories_id":1724200517,"tag":"Warren Entsch","tag_set":"cliff_people","tag_sets_id":2389,"tags_id":11702992},{"stories_id":1724200517,"tag":"Clean Energy Council","tag_set":"cliff_organizations","tag_sets_id":2388,"tags_id":11985872},{"stories_id":1724200517,"tag":"Kane Thornton","tag_set":"cliff_people","tag_sets_id":2389,"tags_id":11985873},{"stories_id":1724200517,"tag":"Warwick Johnston","tag_set":"cliff_people","tag_sets_id":2389,"tags_id":29188575},{"stories_id":1724200517,"tag":"Bernadette Del Chiaro","tag_set":"cliff_people","tag_sets_id":2389,"tags_id":31785636},{"stories_id":1724200517,"tag":"renewable energy industry association","tag_set":"cliff_organizations","tag_sets_id":2388,"tags_id":42422455},{"stories_id":1724200517,"tag":"California Solar and Storage Association","tag_set":"cliff_organizations","tag_sets_id":2388,"tags_id":49286199},{"stories_id":1724200517,"tag":"readability-lxml-0.7","tag_set":"extractor_version","tag_sets_id":1354,"tags_id":81092444},{"stories_id":1724200517,"tag":"Eytan Lenko","tag_set":"cliff_people","tag_sets_id":2389,"tags_id":85028090},{"stories_id":1724200517,"tag":"cliff_clavin_v2.6.0","tag_set":"geocoder_version","tag_sets_id":1937,"tags_id":189462640},{"stories_id":1724200517,"tag":"Wood MacKenzie Power","tag_set":"cliff_organizations","tag_sets_id":2388,"tags_id":216295054},{"stories_id":1724200517,"tag":"Rishab Krishna Shrestha","tag_set":"cliff_people","tag_sets_id":2389,"tags_id":216295055}],"title":"How Coal-Loving Australia Became the Leader in Rooftop Solar","url":"https://www.nytimes.com/2020/09/29/business/energy-environment/australia-rooftop-solar-coal.html","word_count":null}]