[{"ap_syndicated":null,"collect_date":"2020-09-30 10:17:59.869806","feeds":null,"guid":"SB10535116806084793915704587007951855769964","language":"en","media_id":1150,"media_name":null,"media_url":null,"processed_stories_id":null,"publish_date":"2020-09-30 09:33:00","stories_id":1725480556,"story_tags":[{"stories_id":1725480556,"tag":"geonames_6252001","tag_set":"mc-geocoder@media.mit.edu","tag_sets_id":1011,"tags_id":8878461},{"stories_id":1725480556,"tag":"nyt_labeller_v1.0.0","tag_set":"nyt_labels_version","tag_sets_id":1964,"tags_id":9360669},{"stories_id":1725480556,"tag":"politics and government","tag_set":"nyt_labels","tag_sets_id":1963,"tags_id":9360836},{"stories_id":1725480556,"tag":"finances","tag_set":"nyt_labels","tag_sets_id":1963,"tags_id":9360840},{"stories_id":1725480556,"tag":"taxation","tag_set":"nyt_labels","tag_sets_id":1963,"tags_id":9360882},{"stories_id":1725480556,"tag":"environment","tag_set":"nyt_labels","tag_sets_id":1963,"tags_id":9360887},{"stories_id":1725480556,"tag":"international trade and world market","tag_set":"nyt_labels","tag_sets_id":1963,"tags_id":9360983},{"stories_id":1725480556,"tag":"energy and power","tag_set":"nyt_labels","tag_sets_id":1963,"tags_id":9360997},{"stories_id":1725480556,"tag":"electric light and power","tag_set":"nyt_labels","tag_sets_id":1963,"tags_id":9361013},{"stories_id":1725480556,"tag":"light","tag_set":"nyt_labels","tag_sets_id":1963,"tags_id":9361014},{"stories_id":1725480556,"tag":"Obama","tag_set":"cliff_people","tag_sets_id":2389,"tags_id":9362721},{"stories_id":1725480556,"tag":"Senate","tag_set":"cliff_organizations","tag_sets_id":2388,"tags_id":9362741},{"stories_id":1725480556,"tag":"Trump","tag_set":"cliff_people","tag_sets_id":2389,"tags_id":9362872},{"stories_id":1725480556,"tag":"Joe Biden","tag_set":"cliff_people","tag_sets_id":2389,"tags_id":9363134},{"stories_id":1725480556,"tag":"Wood Mackenzie","tag_set":"cliff_people","tag_sets_id":2389,"tags_id":9388159},{"stories_id":1725480556,"tag":"U.S. Energy Information Administration","tag_set":"cliff_organizations","tag_sets_id":2388,"tags_id":9443978},{"stories_id":1725480556,"tag":"readability-lxml-0.7","tag_set":"extractor_version","tag_sets_id":1354,"tags_id":81092444},{"stories_id":1725480556,"tag":"cliff_clavin_v2.6.0","tag_set":"geocoder_version","tag_sets_id":1937,"tags_id":189462640}],"title":"Renewable Energy Can Live With Trump or Biden","url":"https://www.wsj.com/articles/renewable-energy-can-live-with-trump-or-biden-11601472791","word_count":null}]