[{"ap_syndicated":null,"collect_date":"2020-10-12 05:54:30.226833","feeds":null,"guid":"SB12180803095940283781904587024692378170850","language":"en","media_id":1150,"media_name":null,"media_url":null,"processed_stories_id":null,"publish_date":"2020-10-12 05:30:00","stories_id":1736194403,"story_tags":[{"stories_id":1736194403,"tag":"geonames_6252001","tag_set":"mc-geocoder@media.mit.edu","tag_sets_id":1011,"tags_id":8878461},{"stories_id":1736194403,"tag":"geonames_5815135","tag_set":"mc-geocoder@media.mit.edu","tag_sets_id":1011,"tags_id":8878481},{"stories_id":1736194403,"tag":"geonames_2038349","tag_set":"mc-geocoder@media.mit.edu","tag_sets_id":1011,"tags_id":8878603},{"stories_id":1736194403,"tag":"geonames_1816670","tag_set":"mc-geocoder@media.mit.edu","tag_sets_id":1011,"tags_id":8878606},{"stories_id":1736194403,"tag":"geonames_6254926","tag_set":"mc-geocoder@media.mit.edu","tag_sets_id":1011,"tags_id":8878682},{"stories_id":1736194403,"tag":"geonames_5242283","tag_set":"mc-geocoder@media.mit.edu","tag_sets_id":1011,"tags_id":8880886},{"stories_id":1736194403,"tag":"nyt_labeller_v1.0.0","tag_set":"nyt_labels_version","tag_sets_id":1964,"tags_id":9360669},{"stories_id":1736194403,"tag":"politics and government","tag_set":"nyt_labels","tag_sets_id":1963,"tags_id":9360836},{"stories_id":1736194403,"tag":"finances","tag_set":"nyt_labels","tag_sets_id":1963,"tags_id":9360840},{"stories_id":1736194403,"tag":"united states politics and government","tag_set":"nyt_labels","tag_sets_id":1963,"tags_id":9360846},{"stories_id":1736194403,"tag":"elections","tag_set":"nyt_labels","tag_sets_id":1963,"tags_id":9360851},{"stories_id":1736194403,"tag":"stocks and bonds","tag_set":"nyt_labels","tag_sets_id":1963,"tags_id":9361012},{"stories_id":1736194403,"tag":"White House","tag_set":"cliff_organizations","tag_sets_id":2388,"tags_id":9362736},{"stories_id":1736194403,"tag":"Bernie Sanders","tag_set":"cliff_people","tag_sets_id":2389,"tags_id":9362750},{"stories_id":1736194403,"tag":"Trump","tag_set":"cliff_organizations","tag_sets_id":2388,"tags_id":9362787},{"stories_id":1736194403,"tag":"Trump","tag_set":"cliff_people","tag_sets_id":2389,"tags_id":9362872},{"stories_id":1736194403,"tag":"Congress","tag_set":"cliff_organizations","tag_sets_id":2388,"tags_id":9362962},{"stories_id":1736194403,"tag":"Joe Biden","tag_set":"cliff_people","tag_sets_id":2389,"tags_id":9363134},{"stories_id":1736194403,"tag":"Democratic","tag_set":"cliff_organizations","tag_sets_id":2388,"tags_id":9363325},{"stories_id":1736194403,"tag":"Elizabeth Warren","tag_set":"cliff_people","tag_sets_id":2389,"tags_id":9364527},{"stories_id":1736194403,"tag":"Medicare","tag_set":"cliff_organizations","tag_sets_id":2388,"tags_id":9364657},{"stories_id":1736194403,"tag":"S&P","tag_set":"cliff_organizations","tag_sets_id":2388,"tags_id":9368263},{"stories_id":1736194403,"tag":"WSJ","tag_set":"cliff_organizations","tag_sets_id":2388,"tags_id":9396028},{"stories_id":1736194403,"tag":"Tesla Inc","tag_set":"cliff_organizations","tag_sets_id":2388,"tags_id":9433823},{"stories_id":1736194403,"tag":"Invesco","tag_set":"cliff_organizations","tag_sets_id":2388,"tags_id":9463473},{"stories_id":1736194403,"tag":"Intel Corp","tag_set":"cliff_organizations","tag_sets_id":2388,"tags_id":9474268},{"stories_id":1736194403,"tag":"Goldman Sachs Group","tag_set":"cliff_organizations","tag_sets_id":2388,"tags_id":9501509},{"stories_id":1736194403,"tag":"Sunrun Inc.","tag_set":"cliff_organizations","tag_sets_id":2388,"tags_id":9550155},{"stories_id":1736194403,"tag":"EOG Resources Inc","tag_set":"cliff_organizations","tag_sets_id":2388,"tags_id":9619080},{"stories_id":1736194403,"tag":"Kristina Hooper","tag_set":"cliff_people","tag_sets_id":2389,"tags_id":9639803},{"stories_id":1736194403,"tag":"Strategas Research Partners","tag_set":"cliff_organizations","tag_sets_id":2388,"tags_id":9643885},{"stories_id":1736194403,"tag":"Micron Technology Inc","tag_set":"cliff_organizations","tag_sets_id":2388,"tags_id":9644084},{"stories_id":1736194403,"tag":"Vulcan Materials Co","tag_set":"cliff_organizations","tag_sets_id":2388,"tags_id":9647409},{"stories_id":1736194403,"tag":"Paul Vigna","tag_set":"cliff_people","tag_sets_id":2389,"tags_id":9652166},{"stories_id":1736194403,"tag":"Morgan Stanley Investment Management","tag_set":"cliff_organizations","tag_sets_id":2388,"tags_id":9660334},{"stories_id":1736194403,"tag":"Andrew Slimmon","tag_set":"cliff_people","tag_sets_id":2389,"tags_id":9660335},{"stories_id":1736194403,"tag":"Dan Clifton","tag_set":"cliff_people","tag_sets_id":2389,"tags_id":9679607},{"stories_id":1736194403,"tag":"NextEra Energy Inc","tag_set":"cliff_organizations","tag_sets_id":2388,"tags_id":9681639},{"stories_id":1736194403,"tag":"Geo Group Inc","tag_set":"cliff_organizations","tag_sets_id":2388,"tags_id":9686775},{"stories_id":1736194403,"tag":"iShares Global Clean Energy","tag_set":"cliff_organizations","tag_sets_id":2388,"tags_id":9713284},{"stories_id":1736194403,"tag":"Navient Corp","tag_set":"cliff_organizations","tag_sets_id":2388,"tags_id":9773798},{"stories_id":1736194403,"tag":"NAVI","tag_set":"cliff_people","tag_sets_id":2389,"tags_id":10981731},{"stories_id":1736194403,"tag":"Amrith Ramkumar","tag_set":"cliff_people","tag_sets_id":2389,"tags_id":15338676},{"stories_id":1736194403,"tag":"CoreCivic Inc","tag_set":"cliff_organizations","tag_sets_id":2388,"tags_id":28706232},{"stories_id":1736194403,"tag":"Granite Construction Inc","tag_set":"cliff_organizations","tag_sets_id":2388,"tags_id":30662971},{"stories_id":1736194403,"tag":"Cboe","tag_set":"cliff_organizations","tag_sets_id":2388,"tags_id":30871083},{"stories_id":1736194403,"tag":"SLM Corp","tag_set":"cliff_organizations","tag_sets_id":2388,"tags_id":31011870},{"stories_id":1736194403,"tag":"readability-lxml-0.7","tag_set":"extractor_version","tag_sets_id":1354,"tags_id":81092444},{"stories_id":1736194403,"tag":"cliff_clavin_v2.6.0","tag_set":"geocoder_version","tag_sets_id":1937,"tags_id":189462640},{"stories_id":1736194403,"tag":"Clifton of Strategas","tag_set":"cliff_people","tag_sets_id":2389,"tags_id":217273306}],"title":"How Investors Are Trading November's Election","url":"https://www.wsj.com/articles/how-investors-are-trading-novembers-election-11602495001","word_count":null}]