[{"ap_syndicated":null,"collect_date":"2020-10-12 08:27:51.514327","feeds":null,"guid":"https://www.washingtonpost.com/business/energy/why-big-oilshould-vote-for-joe-biden/2020/10/12/949105a4-0c82-11eb-b404-8d1e675ec701_story.html?utm_source=rss&utm_medium=referral&utm_campaign=wp_business","language":"en","media_id":2,"media_name":null,"media_url":null,"processed_stories_id":null,"publish_date":"2020-10-12 08:00:11","stories_id":1736329576,"story_tags":[{"stories_id":1736329576,"tag":"geonames_6252001","tag_set":"mc-geocoder@media.mit.edu","tag_sets_id":1011,"tags_id":8878461},{"stories_id":1736329576,"tag":"geonames_4699066","tag_set":"mc-geocoder@media.mit.edu","tag_sets_id":1011,"tags_id":8878528},{"stories_id":1736329576,"tag":"geonames_4736286","tag_set":"mc-geocoder@media.mit.edu","tag_sets_id":1011,"tags_id":8878538},{"stories_id":1736329576,"tag":"geonames_5790290","tag_set":"mc-geocoder@media.mit.edu","tag_sets_id":1011,"tags_id":8879094},{"stories_id":1736329576,"tag":"geonames_5220236","tag_set":"mc-geocoder@media.mit.edu","tag_sets_id":1011,"tags_id":9038613},{"stories_id":1736329576,"tag":"nyt_labeller_v1.0.0","tag_set":"nyt_labels_version","tag_sets_id":1964,"tags_id":9360669},{"stories_id":1736329576,"tag":"politics and government","tag_set":"nyt_labels","tag_sets_id":1963,"tags_id":9360836},{"stories_id":1736329576,"tag":"finances","tag_set":"nyt_labels","tag_sets_id":1963,"tags_id":9360840},{"stories_id":1736329576,"tag":"united states politics and government","tag_set":"nyt_labels","tag_sets_id":1963,"tags_id":9360846},{"stories_id":1736329576,"tag":"oil (petroleum) and gasoline","tag_set":"nyt_labels","tag_sets_id":1963,"tags_id":9360884},{"stories_id":1736329576,"tag":"editorials","tag_set":"nyt_labels","tag_sets_id":1963,"tags_id":9360894},{"stories_id":1736329576,"tag":"energy and power","tag_set":"nyt_labels","tag_sets_id":1963,"tags_id":9360997},{"stories_id":1736329576,"tag":"Donald Trump","tag_set":"cliff_people","tag_sets_id":2389,"tags_id":9362284},{"stories_id":1736329576,"tag":"Yale","tag_set":"cliff_organizations","tag_sets_id":2388,"tags_id":9362286},{"stories_id":1736329576,"tag":"Supreme Court","tag_set":"cliff_organizations","tag_sets_id":2388,"tags_id":9362719},{"stories_id":1736329576,"tag":"White House","tag_set":"cliff_organizations","tag_sets_id":2388,"tags_id":9362736},{"stories_id":1736329576,"tag":"Senate","tag_set":"cliff_organizations","tag_sets_id":2388,"tags_id":9362741},{"stories_id":1736329576,"tag":"Barack Obama","tag_set":"cliff_people","tag_sets_id":2389,"tags_id":9362763},{"stories_id":1736329576,"tag":"GOP","tag_set":"cliff_organizations","tag_sets_id":2388,"tags_id":9362923},{"stories_id":1736329576,"tag":"Mitch McConnell","tag_set":"cliff_people","tag_sets_id":2389,"tags_id":9362936},{"stories_id":1736329576,"tag":"Mike Pence","tag_set":"cliff_people","tag_sets_id":2389,"tags_id":9362945},{"stories_id":1736329576,"tag":"John McCain","tag_set":"cliff_people","tag_sets_id":2389,"tags_id":9362949},{"stories_id":1736329576,"tag":"Bloomberg","tag_set":"cliff_organizations","tag_sets_id":2388,"tags_id":9363116},{"stories_id":1736329576,"tag":"Joe Biden","tag_set":"cliff_people","tag_sets_id":2389,"tags_id":9363134},{"stories_id":1736329576,"tag":"Kamala Harris","tag_set":"cliff_people","tag_sets_id":2389,"tags_id":9363331},{"stories_id":1736329576,"tag":"Financial Times","tag_set":"cliff_organizations","tag_sets_id":2388,"tags_id":9365104},{"stories_id":1736329576,"tag":"Wall Street Journal","tag_set":"cliff_organizations","tag_sets_id":2388,"tags_id":9366539},{"stories_id":1736329576,"tag":"S&P","tag_set":"cliff_organizations","tag_sets_id":2388,"tags_id":9368263},{"stories_id":1736329576,"tag":"Dallas Fed","tag_set":"cliff_organizations","tag_sets_id":2388,"tags_id":9368942},{"stories_id":1736329576,"tag":"Ruth Bader Ginsburg","tag_set":"cliff_people","tag_sets_id":2389,"tags_id":9372756},{"stories_id":1736329576,"tag":"OPEC","tag_set":"cliff_organizations","tag_sets_id":2388,"tags_id":9375035},{"stories_id":1736329576,"tag":"Merrick Garland","tag_set":"cliff_people","tag_sets_id":2389,"tags_id":9376567},{"stories_id":1736329576,"tag":"Amy Coney Barrett","tag_set":"cliff_people","tag_sets_id":2389,"tags_id":9414459},{"stories_id":1736329576,"tag":"BP Plc","tag_set":"cliff_organizations","tag_sets_id":2388,"tags_id":9549363},{"stories_id":1736329576,"tag":"Liam Denning","tag_set":"cliff_people","tag_sets_id":2389,"tags_id":9601107},{"stories_id":1736329576,"tag":"ClearView Energy Partners","tag_set":"cliff_organizations","tag_sets_id":2388,"tags_id":10126832},{"stories_id":1736329576,"tag":"Spencer Dale","tag_set":"cliff_people","tag_sets_id":2389,"tags_id":10208330},{"stories_id":1736329576,"tag":"readability-lxml-0.7","tag_set":"extractor_version","tag_sets_id":1354,"tags_id":81092444},{"stories_id":1736329576,"tag":"geonames_4371791","tag_set":"mc-geocoder@media.mit.edu","tag_sets_id":1011,"tags_id":187517608},{"stories_id":1736329576,"tag":"cliff_clavin_v2.6.0","tag_set":"geocoder_version","tag_sets_id":1937,"tags_id":189462640}],"title":"Why Big Oil Should Vote for Joe Biden","url":"https://www.washingtonpost.com/business/energy/why-big-oilshould-vote-for-joe-biden/2020/10/12/949105a4-0c82-11eb-b404-8d1e675ec701_story.html?utm_source=rss&utm_medium=referral&utm_campaign=wp_business","word_count":null}]