[{"ap_syndicated":null,"collect_date":"2020-10-22 04:31:27.828465","feeds":null,"guid":"https://www.usatoday.com/story/news/politics/elections/2020/10/22/presidential-debate-questions-left-trump-and-biden-answer/3712214001/","language":"en","media_id":4,"media_name":null,"media_url":null,"processed_stories_id":null,"publish_date":"2020-10-22 04:00:10","stories_id":1746324756,"story_tags":[{"stories_id":1746324756,"tag":"geonames_6252001","tag_set":"mc-geocoder@media.mit.edu","tag_sets_id":1011,"tags_id":8878461},{"stories_id":1746324756,"tag":"geonames_4347778","tag_set":"mc-geocoder@media.mit.edu","tag_sets_id":1011,"tags_id":8878525},{"stories_id":1746324756,"tag":"geonames_4155995","tag_set":"mc-geocoder@media.mit.edu","tag_sets_id":1011,"tags_id":8878542},{"stories_id":1746324756,"tag":"geonames_6254927","tag_set":"mc-geocoder@media.mit.edu","tag_sets_id":1011,"tags_id":8878566},{"stories_id":1746324756,"tag":"geonames_4740686","tag_set":"mc-geocoder@media.mit.edu","tag_sets_id":1011,"tags_id":8878595},{"stories_id":1746324756,"tag":"geonames_4667282","tag_set":"mc-geocoder@media.mit.edu","tag_sets_id":1011,"tags_id":8879476},{"stories_id":1746324756,"tag":"geonames_5188843","tag_set":"mc-geocoder@media.mit.edu","tag_sets_id":1011,"tags_id":8890265},{"stories_id":1746324756,"tag":"geonames_4261983","tag_set":"mc-geocoder@media.mit.edu","tag_sets_id":1011,"tags_id":9026642},{"stories_id":1746324756,"tag":"geonames_5661173","tag_set":"mc-geocoder@media.mit.edu","tag_sets_id":1011,"tags_id":9027576},{"stories_id":1746324756,"tag":"nyt_labeller_v1.0.0","tag_set":"nyt_labels_version","tag_sets_id":1964,"tags_id":9360669},{"stories_id":1746324756,"tag":"politics and government","tag_set":"nyt_labels","tag_sets_id":1963,"tags_id":9360836},{"stories_id":1746324756,"tag":"united states politics and government","tag_set":"nyt_labels","tag_sets_id":1963,"tags_id":9360846},{"stories_id":1746324756,"tag":"elections","tag_set":"nyt_labels","tag_sets_id":1963,"tags_id":9360851},{"stories_id":1746324756,"tag":"presidents and presidency (us)","tag_set":"nyt_labels","tag_sets_id":1963,"tags_id":9360853},{"stories_id":1746324756,"tag":"taxation","tag_set":"nyt_labels","tag_sets_id":1963,"tags_id":9360882},{"stories_id":1746324756,"tag":"Donald Trump","tag_set":"cliff_people","tag_sets_id":2389,"tags_id":9362284},{"stories_id":1746324756,"tag":"Supreme Court","tag_set":"cliff_organizations","tag_sets_id":2388,"tags_id":9362719},{"stories_id":1746324756,"tag":"CBS News","tag_set":"cliff_organizations","tag_sets_id":2388,"tags_id":9362732},{"stories_id":1746324756,"tag":"White House","tag_set":"cliff_organizations","tag_sets_id":2388,"tags_id":9362736},{"stories_id":1746324756,"tag":"Senate","tag_set":"cliff_organizations","tag_sets_id":2388,"tags_id":9362741},{"stories_id":1746324756,"tag":"Hillary Clinton","tag_set":"cliff_people","tag_sets_id":2389,"tags_id":9362747},{"stories_id":1746324756,"tag":"New York Times","tag_set":"cliff_organizations","tag_sets_id":2388,"tags_id":9362756},{"stories_id":1746324756,"tag":"Washington Post","tag_set":"cliff_organizations","tag_sets_id":2388,"tags_id":9362798},{"stories_id":1746324756,"tag":"CNN","tag_set":"cliff_organizations","tag_sets_id":2388,"tags_id":9362932},{"stories_id":1746324756,"tag":"Mike Pence","tag_set":"cliff_people","tag_sets_id":2389,"tags_id":9362945},{"stories_id":1746324756,"tag":"FBI","tag_set":"cliff_organizations","tag_sets_id":2388,"tags_id":9362961},{"stories_id":1746324756,"tag":"NBC News","tag_set":"cliff_organizations","tag_sets_id":2388,"tags_id":9362992},{"stories_id":1746324756,"tag":"NBC","tag_set":"cliff_organizations","tag_sets_id":2388,"tags_id":9363117},{"stories_id":1746324756,"tag":"Joe Biden","tag_set":"cliff_people","tag_sets_id":2389,"tags_id":9363134},{"stories_id":1746324756,"tag":"Kamala Harris","tag_set":"cliff_people","tag_sets_id":2389,"tags_id":9363331},{"stories_id":1746324756,"tag":"George Washington University","tag_set":"cliff_organizations","tag_sets_id":2388,"tags_id":9363438},{"stories_id":1746324756,"tag":"ABC News","tag_set":"cliff_organizations","tag_sets_id":2388,"tags_id":9363445},{"stories_id":1746324756,"tag":"national intelligence","tag_set":"cliff_organizations","tag_sets_id":2388,"tags_id":9364112},{"stories_id":1746324756,"tag":"Fox News","tag_set":"cliff_organizations","tag_sets_id":2388,"tags_id":9364167},{"stories_id":1746324756,"tag":"Fox","tag_set":"cliff_people","tag_sets_id":2389,"tags_id":9364804},{"stories_id":1746324756,"tag":"Rudy Giuliani","tag_set":"cliff_people","tag_sets_id":2389,"tags_id":9365658},{"stories_id":1746324756,"tag":"House Intelligence Committee","tag_set":"cliff_organizations","tag_sets_id":2388,"tags_id":9366107},{"stories_id":1746324756,"tag":"Keystone","tag_set":"cliff_organizations","tag_sets_id":2388,"tags_id":9368394},{"stories_id":1746324756,"tag":"Adam Schiff","tag_set":"cliff_people","tag_sets_id":2389,"tags_id":9368740},{"stories_id":1746324756,"tag":"IRS","tag_set":"cliff_organizations","tag_sets_id":2388,"tags_id":9371486},{"stories_id":1746324756,"tag":"Ruth Bader Ginsburg","tag_set":"cliff_people","tag_sets_id":2389,"tags_id":9372756},{"stories_id":1746324756,"tag":"New York Post","tag_set":"cliff_organizations","tag_sets_id":2388,"tags_id":9374728},{"stories_id":1746324756,"tag":"Johns Hopkins University","tag_set":"cliff_organizations","tag_sets_id":2388,"tags_id":9379616},{"stories_id":1746324756,"tag":"USA TODAY","tag_set":"cliff_organizations","tag_sets_id":2388,"tags_id":9382850},{"stories_id":1746324756,"tag":"Jake Tapper","tag_set":"cliff_people","tag_sets_id":2389,"tags_id":9386718},{"stories_id":1746324756,"tag":"Christopher Wray","tag_set":"cliff_people","tag_sets_id":2389,"tags_id":9395805},{"stories_id":1746324756,"tag":"Chris Wallace","tag_set":"cliff_people","tag_sets_id":2389,"tags_id":9398091},{"stories_id":1746324756,"tag":"Amy Coney Barrett","tag_set":"cliff_people","tag_sets_id":2389,"tags_id":9414459},{"stories_id":1746324756,"tag":"will Trump","tag_set":"cliff_people","tag_sets_id":2389,"tags_id":9421210},{"stories_id":1746324756,"tag":"Leana Wen","tag_set":"cliff_people","tag_sets_id":2389,"tags_id":9447768},{"stories_id":1746324756,"tag":"Savannah Guthrie","tag_set":"cliff_people","tag_sets_id":2389,"tags_id":9451994},{"stories_id":1746324756,"tag":"Kristen Welker","tag_set":"cliff_people","tag_sets_id":2389,"tags_id":9467238},{"stories_id":1746324756,"tag":"Amanda Renteria","tag_set":"cliff_people","tag_sets_id":2389,"tags_id":9474506},{"stories_id":1746324756,"tag":"Hunter Biden","tag_set":"cliff_people","tag_sets_id":2389,"tags_id":9479867},{"stories_id":1746324756,"tag":"Belmont University","tag_set":"cliff_organizations","tag_sets_id":2388,"tags_id":9509635},{"stories_id":1746324756,"tag":"John Ratcliffe","tag_set":"cliff_people","tag_sets_id":2389,"tags_id":9529834},{"stories_id":1746324756,"tag":"William Barr","tag_set":"cliff_people","tag_sets_id":2389,"tags_id":9544530},{"stories_id":1746324756,"tag":"bombshell New York Times","tag_set":"cliff_organizations","tag_sets_id":2388,"tags_id":9587231},{"stories_id":1746324756,"tag":"Amos Hochstein","tag_set":"cliff_people","tag_sets_id":2389,"tags_id":9703975},{"stories_id":1746324756,"tag":"Tim Murtaugh","tag_set":"cliff_people","tag_sets_id":2389,"tags_id":9737204},{"stories_id":1746324756,"tag":"Andrew Bates","tag_set":"cliff_people","tag_sets_id":2389,"tags_id":9966070},{"stories_id":1746324756,"tag":"Kathryn Watson","tag_set":"cliff_people","tag_sets_id":2389,"tags_id":10041992},{"stories_id":1746324756,"tag":"Burisma","tag_set":"cliff_people","tag_sets_id":2389,"tags_id":10106263},{"stories_id":1746324756,"tag":"Walter Reed National Medical Center","tag_set":"cliff_organizations","tag_sets_id":2388,"tags_id":10849363},{"stories_id":1746324756,"tag":"Burisma","tag_set":"cliff_organizations","tag_sets_id":2388,"tags_id":11168123},{"stories_id":1746324756,"tag":"NBC News town hall","tag_set":"cliff_organizations","tag_sets_id":2388,"tags_id":29270558},{"stories_id":1746324756,"tag":"debates commission","tag_set":"cliff_organizations","tag_sets_id":2388,"tags_id":32182869},{"stories_id":1746324756,"tag":"Vadym Pozharskyi","tag_set":"cliff_people","tag_sets_id":2389,"tags_id":32392855},{"stories_id":1746324756,"tag":"will Biden","tag_set":"cliff_people","tag_sets_id":2389,"tags_id":33331962},{"stories_id":1746324756,"tag":"ABC News town hall","tag_set":"cliff_organizations","tag_sets_id":2388,"tags_id":72107060},{"stories_id":1746324756,"tag":"readability-lxml-0.7","tag_set":"extractor_version","tag_sets_id":1354,"tags_id":81092444},{"stories_id":1746324756,"tag":"geonames_4371791","tag_set":"mc-geocoder@media.mit.edu","tag_sets_id":1011,"tags_id":187517608},{"stories_id":1746324756,"tag":"cliff_clavin_v2.6.0","tag_set":"geocoder_version","tag_sets_id":1937,"tags_id":189462640}],"title":"From taxes to court-packing: Outstanding questions that will haunt Trump and Biden in final debate","url":"https://feeds.feedblitz.com/~/637385794/0/usatoday-newstopstories~From-taxes-to-courtpacking-Outstanding-questions-that-will-haunt-Trump-and-Biden-in-final-debate/","word_count":null}]