[{"ap_syndicated":null,"collect_date":"2020-11-10 06:24:50.995392","feeds":null,"guid":"{21004575-02D4-D4B5-4572-DF3CD03010C6}","language":"en","media_id":1150,"media_name":null,"media_url":null,"processed_stories_id":null,"publish_date":"2020-11-10 06:00:00","stories_id":1765287147,"story_tags":[{"stories_id":1765287147,"tag":"geonames_6252001","tag_set":"mc-geocoder@media.mit.edu","tag_sets_id":1011,"tags_id":8878461},{"stories_id":1765287147,"tag":"geonames_4482348","tag_set":"mc-geocoder@media.mit.edu","tag_sets_id":1011,"tags_id":8878553},{"stories_id":1765287147,"tag":"geonames_4460162","tag_set":"mc-geocoder@media.mit.edu","tag_sets_id":1011,"tags_id":8880950},{"stories_id":1765287147,"tag":"nyt_labeller_v1.0.0","tag_set":"nyt_labels_version","tag_sets_id":1964,"tags_id":9360669},{"stories_id":1765287147,"tag":"politics and government","tag_set":"nyt_labels","tag_sets_id":1963,"tags_id":9360836},{"stories_id":1765287147,"tag":"finances","tag_set":"nyt_labels","tag_sets_id":1963,"tags_id":9360840},{"stories_id":1765287147,"tag":"united states politics and government","tag_set":"nyt_labels","tag_sets_id":1963,"tags_id":9360846},{"stories_id":1765287147,"tag":"elections","tag_set":"nyt_labels","tag_sets_id":1963,"tags_id":9360851},{"stories_id":1765287147,"tag":"united states economy","tag_set":"nyt_labels","tag_sets_id":1963,"tags_id":9360990},{"stories_id":1765287147,"tag":"stocks and bonds","tag_set":"nyt_labels","tag_sets_id":1963,"tags_id":9361012},{"stories_id":1765287147,"tag":"Donald Trump","tag_set":"cliff_people","tag_sets_id":2389,"tags_id":9362284},{"stories_id":1765287147,"tag":"Biden","tag_set":"cliff_people","tag_sets_id":2389,"tags_id":9365736},{"stories_id":1765287147,"tag":"S&P","tag_set":"cliff_organizations","tag_sets_id":2388,"tags_id":9368263},{"stories_id":1765287147,"tag":"University of Colorado","tag_set":"cliff_organizations","tag_sets_id":2388,"tags_id":9368512},{"stories_id":1765287147,"tag":"Jeremy","tag_set":"cliff_people","tag_sets_id":2389,"tags_id":9370580},{"stories_id":1765287147,"tag":"University of Miami","tag_set":"cliff_organizations","tag_sets_id":2388,"tags_id":9371852},{"stories_id":1765287147,"tag":"Harvard Medical School","tag_set":"cliff_organizations","tag_sets_id":2388,"tags_id":9383980},{"stories_id":1765287147,"tag":"Brigham Young University","tag_set":"cliff_organizations","tag_sets_id":2388,"tags_id":9387526},{"stories_id":1765287147,"tag":"Alok Kumar","tag_set":"cliff_people","tag_sets_id":2389,"tags_id":9504735},{"stories_id":1765287147,"tag":"Institute of Psychology","tag_set":"cliff_organizations","tag_sets_id":2388,"tags_id":10215462},{"stories_id":1765287147,"tag":"Richard Geist","tag_set":"cliff_people","tag_sets_id":2389,"tags_id":10276499},{"stories_id":1765287147,"tag":"Yosef Bonaparte","tag_set":"cliff_people","tag_sets_id":2389,"tags_id":33372495},{"stories_id":1765287147,"tag":"readability-lxml-0.7","tag_set":"extractor_version","tag_sets_id":1354,"tags_id":81092444},{"stories_id":1765287147,"tag":"cliff_clavin_v2.6.0","tag_set":"geocoder_version","tag_sets_id":1937,"tags_id":189462640}],"title":"Mark Hulbert: Keep your politics out of your stock-market investment decisions","url":"http://www.marketwatch.com/news/story.asp?guid=%7B21004575-02D4-D4B5-4572-DF3CD03010C6%7D&siteid=rss&rss=1","word_count":null}]