[{"ap_syndicated":null,"collect_date":"2020-11-16 09:40:32.200925","feeds":null,"guid":"https://www.washingtonpost.com/politics/2020/11/16/energy-202-here-are-some-contenders-become-biden-top-environmental-officials/?utm_source=rss&utm_medium=referral&utm_campaign=wp_homepage","language":"en","media_id":2,"media_name":null,"media_url":null,"processed_stories_id":null,"publish_date":"2020-11-16 09:39:18.706069","stories_id":1771089941,"story_tags":[{"stories_id":1771089941,"tag":"geonames_6252001","tag_set":"mc-geocoder@media.mit.edu","tag_sets_id":1011,"tags_id":8878461},{"stories_id":1771089941,"tag":"geonames_5332921","tag_set":"mc-geocoder@media.mit.edu","tag_sets_id":1011,"tags_id":8878533},{"stories_id":1771089941,"tag":"geonames_5512994","tag_set":"mc-geocoder@media.mit.edu","tag_sets_id":1011,"tags_id":8896664},{"stories_id":1771089941,"tag":"nyt_labeller_v1.0.0","tag_set":"nyt_labels_version","tag_sets_id":1964,"tags_id":9360669},{"stories_id":1771089941,"tag":"politics and government","tag_set":"nyt_labels","tag_sets_id":1963,"tags_id":9360836},{"stories_id":1771089941,"tag":"united states politics and government","tag_set":"nyt_labels","tag_sets_id":1963,"tags_id":9360846},{"stories_id":1771089941,"tag":"elections","tag_set":"nyt_labels","tag_sets_id":1963,"tags_id":9360851},{"stories_id":1771089941,"tag":"environment","tag_set":"nyt_labels","tag_sets_id":1963,"tags_id":9360887},{"stories_id":1771089941,"tag":"Yale","tag_set":"cliff_organizations","tag_sets_id":2388,"tags_id":9362286},{"stories_id":1771089941,"tag":"Democratic Party","tag_set":"cliff_organizations","tag_sets_id":2388,"tags_id":9362724},{"stories_id":1771089941,"tag":"White House","tag_set":"cliff_organizations","tag_sets_id":2388,"tags_id":9362736},{"stories_id":1771089941,"tag":"Senate","tag_set":"cliff_organizations","tag_sets_id":2388,"tags_id":9362741},{"stories_id":1771089941,"tag":"Barack Obama","tag_set":"cliff_people","tag_sets_id":2389,"tags_id":9362763},{"stories_id":1771089941,"tag":"Trump","tag_set":"cliff_people","tag_sets_id":2389,"tags_id":9362872},{"stories_id":1771089941,"tag":"defense","tag_set":"cliff_organizations","tag_sets_id":2388,"tags_id":9362925},{"stories_id":1771089941,"tag":"Congress","tag_set":"cliff_organizations","tag_sets_id":2388,"tags_id":9362962},{"stories_id":1771089941,"tag":"Trump administration","tag_set":"cliff_organizations","tag_sets_id":2388,"tags_id":9362998},{"stories_id":1771089941,"tag":"Bloomberg","tag_set":"cliff_organizations","tag_sets_id":2388,"tags_id":9363116},{"stories_id":1771089941,"tag":"Google","tag_set":"cliff_organizations","tag_sets_id":2388,"tags_id":9363209},{"stories_id":1771089941,"tag":"Bill Clinton","tag_set":"cliff_people","tag_sets_id":2389,"tags_id":9363221},{"stories_id":1771089941,"tag":"Defense Department","tag_set":"cliff_organizations","tag_sets_id":2388,"tags_id":9363440},{"stories_id":1771089941,"tag":"Interior","tag_set":"cliff_organizations","tag_sets_id":2388,"tags_id":9363817},{"stories_id":1771089941,"tag":"Environmental Protection Agency","tag_set":"cliff_organizations","tag_sets_id":2388,"tags_id":9363956},{"stories_id":1771089941,"tag":"EPA","tag_set":"cliff_organizations","tag_sets_id":2388,"tags_id":9364166},{"stories_id":1771089941,"tag":"Stanford","tag_set":"cliff_organizations","tag_sets_id":2388,"tags_id":9364478},{"stories_id":1771089941,"tag":"NYU","tag_set":"cliff_organizations","tag_sets_id":2388,"tags_id":9365695},{"stories_id":1771089941,"tag":"Biden","tag_set":"cliff_people","tag_sets_id":2389,"tags_id":9365736},{"stories_id":1771089941,"tag":"Martin Heinrich","tag_set":"cliff_people","tag_sets_id":2389,"tags_id":9366368},{"stories_id":1771089941,"tag":"John F. Kerry","tag_set":"cliff_people","tag_sets_id":2389,"tags_id":9366716},{"stories_id":1771089941,"tag":"Interior Department","tag_set":"cliff_organizations","tag_sets_id":2388,"tags_id":9367363},{"stories_id":1771089941,"tag":"New York University","tag_set":"cliff_organizations","tag_sets_id":2388,"tags_id":9367475},{"stories_id":1771089941,"tag":"Jake Sullivan","tag_set":"cliff_people","tag_sets_id":2389,"tags_id":9368626},{"stories_id":1771089941,"tag":"House Natural Resources Committee","tag_set":"cliff_organizations","tag_sets_id":2388,"tags_id":9371543},{"stories_id":1771089941,"tag":"Steven Mufson","tag_set":"cliff_people","tag_sets_id":2389,"tags_id":9374763},{"stories_id":1771089941,"tag":"Juliet Eilperin","tag_set":"cliff_people","tag_sets_id":2389,"tags_id":9374780},{"stories_id":1771089941,"tag":"Tom Udall","tag_set":"cliff_people","tag_sets_id":2389,"tags_id":9374807},{"stories_id":1771089941,"tag":"Raúl Grijalva","tag_set":"cliff_people","tag_sets_id":2389,"tags_id":9375623},{"stories_id":1771089941,"tag":"Bloomberg News","tag_set":"cliff_organizations","tag_sets_id":2388,"tags_id":9377578},{"stories_id":1771089941,"tag":"Massachusetts Institute of Technology","tag_set":"cliff_organizations","tag_sets_id":2388,"tags_id":9377734},{"stories_id":1771089941,"tag":"Freedman","tag_set":"cliff_people","tag_sets_id":2389,"tags_id":9378679},{"stories_id":1771089941,"tag":"environmental protection","tag_set":"cliff_organizations","tag_sets_id":2388,"tags_id":9385519},{"stories_id":1771089941,"tag":"Energy Department","tag_set":"cliff_organizations","tag_sets_id":2388,"tags_id":9415772},{"stories_id":1771089941,"tag":"Stewart Udall","tag_set":"cliff_people","tag_sets_id":2389,"tags_id":9415844},{"stories_id":1771089941,"tag":"Senate Energy and Natural Resources Committee","tag_set":"cliff_organizations","tag_sets_id":2388,"tags_id":9416098},{"stories_id":1771089941,"tag":"Ernest Moniz","tag_set":"cliff_people","tag_sets_id":2389,"tags_id":9420842},{"stories_id":1771089941,"tag":"Georgia Tech","tag_set":"cliff_organizations","tag_sets_id":2388,"tags_id":9426066},{"stories_id":1771089941,"tag":"Michelle Lujan Grisham","tag_set":"cliff_people","tag_sets_id":2389,"tags_id":9430681},{"stories_id":1771089941,"tag":"Jay Inslee","tag_set":"cliff_people","tag_sets_id":2389,"tags_id":9434808},{"stories_id":1771089941,"tag":"Obama Foundation","tag_set":"cliff_organizations","tag_sets_id":2388,"tags_id":9448951},{"stories_id":1771089941,"tag":"energy","tag_set":"cliff_organizations","tag_sets_id":2388,"tags_id":9450843},{"stories_id":1771089941,"tag":"National Wildlife Federation","tag_set":"cliff_organizations","tag_sets_id":2388,"tags_id":9455537},{"stories_id":1771089941,"tag":"county commission","tag_set":"cliff_organizations","tag_sets_id":2388,"tags_id":9457315},{"stories_id":1771089941,"tag":"David Bernhardt","tag_set":"cliff_people","tag_sets_id":2389,"tags_id":9462566},{"stories_id":1771089941,"tag":"Mike Bloomberg","tag_set":"cliff_people","tag_sets_id":2389,"tags_id":9464520},{"stories_id":1771089941,"tag":"Elizabeth Sherwood-Randall","tag_set":"cliff_people","tag_sets_id":2389,"tags_id":9485191},{"stories_id":1771089941,"tag":"California Air Resources Board","tag_set":"cliff_organizations","tag_sets_id":2388,"tags_id":9486264},{"stories_id":1771089941,"tag":"Andrew M. Cuomo","tag_set":"cliff_people","tag_sets_id":2389,"tags_id":9504414},{"stories_id":1771089941,"tag":"Beau","tag_set":"cliff_people","tag_sets_id":2389,"tags_id":9511192},{"stories_id":1771089941,"tag":"Dan Reicher","tag_set":"cliff_people","tag_sets_id":2389,"tags_id":9537423},{"stories_id":1771089941,"tag":"Moms Clean Air Force","tag_set":"cliff_organizations","tag_sets_id":2388,"tags_id":9566141},{"stories_id":1771089941,"tag":"Mary Nichols","tag_set":"cliff_people","tag_sets_id":2389,"tags_id":9569914},{"stories_id":1771089941,"tag":"Jason Bordoff","tag_set":"cliff_people","tag_sets_id":2389,"tags_id":9574648},{"stories_id":1771089941,"tag":"Center for Western Priorities","tag_set":"cliff_organizations","tag_sets_id":2388,"tags_id":9584712},{"stories_id":1771089941,"tag":"Jared Blumenfeld","tag_set":"cliff_people","tag_sets_id":2389,"tags_id":9615479},{"stories_id":1771089941,"tag":"Richard Revesz","tag_set":"cliff_people","tag_sets_id":2389,"tags_id":9673480},{"stories_id":1771089941,"tag":"Arun Majumdar","tag_set":"cliff_people","tag_sets_id":2389,"tags_id":9708680},{"stories_id":1771089941,"tag":"Heather McTeer Toney","tag_set":"cliff_people","tag_sets_id":2389,"tags_id":9724146},{"stories_id":1771089941,"tag":"Ali Zaidi","tag_set":"cliff_people","tag_sets_id":2389,"tags_id":9729464},{"stories_id":1771089941,"tag":"Ian Bowles","tag_set":"cliff_people","tag_sets_id":2389,"tags_id":9766232},{"stories_id":1771089941,"tag":"Maue","tag_set":"cliff_people","tag_sets_id":2389,"tags_id":9906094},{"stories_id":1771089941,"tag":"Collin O'Mara","tag_set":"cliff_people","tag_sets_id":2389,"tags_id":10085880},{"stories_id":1771089941,"tag":"Arizona Corporation Commission","tag_set":"cliff_organizations","tag_sets_id":2388,"tags_id":10102436},{"stories_id":1771089941,"tag":"Aaron Weiss","tag_set":"cliff_people","tag_sets_id":2389,"tags_id":10231114},{"stories_id":1771089941,"tag":"Samenow","tag_set":"cliff_people","tag_sets_id":2389,"tags_id":10466123},{"stories_id":1771089941,"tag":"Mustafa Santiago Ali","tag_set":"cliff_people","tag_sets_id":2389,"tags_id":10573253},{"stories_id":1771089941,"tag":"Deb Haaland","tag_set":"cliff_people","tag_sets_id":2389,"tags_id":10756652},{"stories_id":1771089941,"tag":"Connecticut Department of Energy","tag_set":"cliff_organizations","tag_sets_id":2388,"tags_id":11605866},{"stories_id":1771089941,"tag":"Daniel Esty","tag_set":"cliff_people","tag_sets_id":2389,"tags_id":29881498},{"stories_id":1771089941,"tag":"Erika Mailman","tag_set":"cliff_people","tag_sets_id":2389,"tags_id":30552386},{"stories_id":1771089941,"tag":"Michael L. Connor","tag_set":"cliff_people","tag_sets_id":2389,"tags_id":32656628},{"stories_id":1771089941,"tag":"Stef Feldman","tag_set":"cliff_people","tag_sets_id":2389,"tags_id":34056794},{"stories_id":1771089941,"tag":"readability-lxml-0.7","tag_set":"extractor_version","tag_sets_id":1354,"tags_id":81092444},{"stories_id":1771089941,"tag":"Adewale “Wally” Adeyemo","tag_set":"cliff_people","tag_sets_id":2389,"tags_id":117326835},{"stories_id":1771089941,"tag":"cliff_clavin_v2.6.0","tag_set":"geocoder_version","tag_sets_id":1937,"tags_id":189462640},{"stories_id":1771089941,"tag":"board of Southern Co.","tag_set":"cliff_organizations","tag_sets_id":2388,"tags_id":210012070}],"title":"Here are the contenders to become Biden’s top environmental officials","url":"https://www.washingtonpost.com/politics/2020/11/16/energy-202-here-are-some-contenders-become-biden-top-environmental-officials/?utm_source=rss&utm_medium=referral&utm_campaign=wp_homepage","word_count":null}]