[{"ap_syndicated":null,"collect_date":"2020-11-16 16:41:00.617473","feeds":null,"guid":"{21005575-02D4-D4B5-4572-D112380F8A0B}","language":"en","media_id":1150,"media_name":null,"media_url":null,"processed_stories_id":null,"publish_date":"2020-11-16 16:15:00","stories_id":1771419777,"story_tags":[{"stories_id":1771419777,"tag":"geonames_2988507","tag_set":"mc-geocoder@media.mit.edu","tag_sets_id":1011,"tags_id":8878572},{"stories_id":1771419777,"tag":"geonames_3469034","tag_set":"mc-geocoder@media.mit.edu","tag_sets_id":1011,"tags_id":8878586},{"stories_id":1771419777,"tag":"nyt_labeller_v1.0.0","tag_set":"nyt_labels_version","tag_sets_id":1964,"tags_id":9360669},{"stories_id":1771419777,"tag":"computers and the internet","tag_set":"nyt_labels","tag_sets_id":1963,"tags_id":9360839},{"stories_id":1771419777,"tag":"finances","tag_set":"nyt_labels","tag_sets_id":1963,"tags_id":9360840},{"stories_id":1771419777,"tag":"global warming","tag_set":"nyt_labels","tag_sets_id":1963,"tags_id":9360886},{"stories_id":1771419777,"tag":"environment","tag_set":"nyt_labels","tag_sets_id":1963,"tags_id":9360887},{"stories_id":1771419777,"tag":"Washington Post","tag_set":"cliff_organizations","tag_sets_id":2388,"tags_id":9362798},{"stories_id":1771419777,"tag":"EDF","tag_set":"cliff_organizations","tag_sets_id":2388,"tags_id":9366473},{"stories_id":1771419777,"tag":"Amazon","tag_set":"cliff_organizations","tag_sets_id":2388,"tags_id":9366535},{"stories_id":1771419777,"tag":"Jeff Bezos","tag_set":"cliff_people","tag_sets_id":2389,"tags_id":9368367},{"stories_id":1771419777,"tag":"Microsoft","tag_set":"cliff_organizations","tag_sets_id":2388,"tags_id":9374723},{"stories_id":1771419777,"tag":"Warren Buffett","tag_set":"cliff_people","tag_sets_id":2389,"tags_id":9375621},{"stories_id":1771419777,"tag":"Berkshire Hathaway","tag_set":"cliff_organizations","tag_sets_id":2388,"tags_id":9377229},{"stories_id":1771419777,"tag":"Natural Resources Defense Council","tag_set":"cliff_organizations","tag_sets_id":2388,"tags_id":9378230},{"stories_id":1771419777,"tag":"Bill Gates","tag_set":"cliff_people","tag_sets_id":2389,"tags_id":9390654},{"stories_id":1771419777,"tag":"Environmental Defense Fund","tag_set":"cliff_organizations","tag_sets_id":2388,"tags_id":9394163},{"stories_id":1771419777,"tag":"Amazon.com Inc.","tag_set":"cliff_organizations","tag_sets_id":2388,"tags_id":9405783},{"stories_id":1771419777,"tag":"World Wildlife Fund","tag_set":"cliff_organizations","tag_sets_id":2388,"tags_id":9414171},{"stories_id":1771419777,"tag":"Fred Krupp","tag_set":"cliff_people","tag_sets_id":2389,"tags_id":9499371},{"stories_id":1771419777,"tag":"Pictet Asset Management","tag_set":"cliff_organizations","tag_sets_id":2388,"tags_id":9670155},{"stories_id":1771419777,"tag":"ESG","tag_set":"cliff_organizations","tag_sets_id":2388,"tags_id":9674632},{"stories_id":1771419777,"tag":"MacKenzie Scott","tag_set":"cliff_people","tag_sets_id":2389,"tags_id":12942249},{"stories_id":1771419777,"tag":"Mark Gunther","tag_set":"cliff_people","tag_sets_id":2389,"tags_id":37621500},{"stories_id":1771419777,"tag":"Steve Freedman","tag_set":"cliff_people","tag_sets_id":2389,"tags_id":37641869},{"stories_id":1771419777,"tag":"readability-lxml-0.7","tag_set":"extractor_version","tag_sets_id":1354,"tags_id":81092444},{"stories_id":1771419777,"tag":"cliff_clavin_v2.6.0","tag_set":"geocoder_version","tag_sets_id":1937,"tags_id":189462640}],"title":": Jeff Bezos — longtime climate-change offender and now a big donor — hands out first round of billions to fight global warming","url":"http://www.marketwatch.com/news/story.asp?guid=%7B21005575-02D4-D4B5-4572-D112380F8A0B%7D&siteid=rss&rss=1","word_count":null}]