[{"ap_syndicated":null,"collect_date":"2020-12-05 05:25:17.908212","feeds":null,"guid":"https://www.nytimes.com/2020/11/23/climate/general-motors-trump.html?smid=tw-nytimes&smtyp=cur","language":"en","media_id":1,"media_name":null,"media_url":null,"processed_stories_id":null,"publish_date":"2020-11-23 00:00:00","stories_id":1788586640,"story_tags":[{"stories_id":1788586640,"tag":"guess_by_unknown","tag_set":"date_guess_method","tag_sets_id":508,"tags_id":50741492}],"title":"General Motors Drops Support for Trump Climate Rollbacks - The New York Times","url":"https://www.nytimes.com/2020/11/23/climate/general-motors-trump.html?smid=tw-nytimes&smtyp=cur","word_count":null}]