[{"ap_syndicated":null,"collect_date":"2020-12-06 08:13:09.480747","feeds":null,"guid":"SB11892845440056434250904587138860104047778","language":"en","media_id":1150,"media_name":null,"media_url":null,"processed_stories_id":null,"publish_date":"2020-12-06 05:30:00","stories_id":1789551447,"story_tags":[{"stories_id":1789551447,"tag":"geonames_6252001","tag_set":"mc-geocoder@media.mit.edu","tag_sets_id":1011,"tags_id":8878461},{"stories_id":1789551447,"tag":"geonames_4896861","tag_set":"mc-geocoder@media.mit.edu","tag_sets_id":1011,"tags_id":8878482},{"stories_id":1789551447,"tag":"geonames_4398678","tag_set":"mc-geocoder@media.mit.edu","tag_sets_id":1011,"tags_id":8878483},{"stories_id":1789551447,"tag":"geonames_4887398","tag_set":"mc-geocoder@media.mit.edu","tag_sets_id":1011,"tags_id":8878485},{"stories_id":1789551447,"tag":"geonames_4413362","tag_set":"mc-geocoder@media.mit.edu","tag_sets_id":1011,"tags_id":8879150},{"stories_id":1789551447,"tag":"nyt_labeller_v1.0.0","tag_set":"nyt_labels_version","tag_sets_id":1964,"tags_id":9360669},{"stories_id":1789551447,"tag":"finances","tag_set":"nyt_labels","tag_sets_id":1963,"tags_id":9360840},{"stories_id":1789551447,"tag":"international trade and world market","tag_set":"nyt_labels","tag_sets_id":1963,"tags_id":9360983},{"stories_id":1789551447,"tag":"economic conditions and trends","tag_set":"nyt_labels","tag_sets_id":1963,"tags_id":9360989},{"stories_id":1789551447,"tag":"prices (fares, fees and rates)","tag_set":"nyt_labels","tag_sets_id":1963,"tags_id":9360996},{"stories_id":1789551447,"tag":"metals and minerals","tag_set":"nyt_labels","tag_sets_id":1963,"tags_id":9361171},{"stories_id":1789551447,"tag":"futures and options trading","tag_set":"nyt_labels","tag_sets_id":1963,"tags_id":9361222},{"stories_id":1789551447,"tag":"Goldman Sachs","tag_set":"cliff_organizations","tag_sets_id":2388,"tags_id":9362730},{"stories_id":1789551447,"tag":"Congress","tag_set":"cliff_organizations","tag_sets_id":2388,"tags_id":9362962},{"stories_id":1789551447,"tag":"Joe Biden","tag_set":"cliff_people","tag_sets_id":2389,"tags_id":9363134},{"stories_id":1789551447,"tag":"FactSet","tag_set":"cliff_organizations","tag_sets_id":2388,"tags_id":9419501},{"stories_id":1789551447,"tag":"Freeport","tag_set":"cliff_organizations","tag_sets_id":2388,"tags_id":9425727},{"stories_id":1789551447,"tag":"Commodity Futures Trading Commission","tag_set":"cliff_organizations","tag_sets_id":2388,"tags_id":9443516},{"stories_id":1789551447,"tag":"Mark Hansen","tag_set":"cliff_people","tag_sets_id":2389,"tags_id":9465237},{"stories_id":1789551447,"tag":"Freeport-McMoRan","tag_set":"cliff_organizations","tag_sets_id":2388,"tags_id":9639473},{"stories_id":1789551447,"tag":"Candice Bangsund","tag_set":"cliff_people","tag_sets_id":2389,"tags_id":9639866},{"stories_id":1789551447,"tag":"Freeport-McMoRan Inc.","tag_set":"cliff_organizations","tag_sets_id":2388,"tags_id":9702343},{"stories_id":1789551447,"tag":"Imperial","tag_set":"cliff_organizations","tag_sets_id":2388,"tags_id":9707140},{"stories_id":1789551447,"tag":"Glencore PLC","tag_set":"cliff_organizations","tag_sets_id":2388,"tags_id":10153880},{"stories_id":1789551447,"tag":"David Lilley","tag_set":"cliff_people","tag_sets_id":2389,"tags_id":10286366},{"stories_id":1789551447,"tag":"Century Aluminum Co.","tag_set":"cliff_organizations","tag_sets_id":2388,"tags_id":11992670},{"stories_id":1789551447,"tag":"Amrith Ramkumar","tag_set":"cliff_people","tag_sets_id":2389,"tags_id":15338676},{"stories_id":1789551447,"tag":"Richard Adkerson","tag_set":"cliff_people","tag_sets_id":2389,"tags_id":15716540},{"stories_id":1789551447,"tag":"Joe Wallace","tag_set":"cliff_people","tag_sets_id":2389,"tags_id":29402070},{"stories_id":1789551447,"tag":"Concord Resources Ltd.","tag_set":"cliff_organizations","tag_sets_id":2388,"tags_id":33597147},{"stories_id":1789551447,"tag":"Arion Investment Management","tag_set":"cliff_organizations","tag_sets_id":2388,"tags_id":36541972},{"stories_id":1789551447,"tag":"Darius Tabatabai","tag_set":"cliff_people","tag_sets_id":2389,"tags_id":37718293},{"stories_id":1789551447,"tag":"Jay Sandler","tag_set":"cliff_people","tag_sets_id":2389,"tags_id":77024919},{"stories_id":1789551447,"tag":"readability-lxml-0.7","tag_set":"extractor_version","tag_sets_id":1354,"tags_id":81092444},{"stories_id":1789551447,"tag":"cliff_clavin_v2.6.0","tag_set":"geocoder_version","tag_sets_id":1937,"tags_id":189462640},{"stories_id":1789551447,"tag":"Imperial Zinc Corp.","tag_set":"cliff_organizations","tag_sets_id":2388,"tags_id":215872370},{"stories_id":1789551447,"tag":"Euromet SA","tag_set":"cliff_organizations","tag_sets_id":2388,"tags_id":223541395},{"stories_id":1789551447,"tag":"Matteo Chareun","tag_set":"cliff_people","tag_sets_id":2389,"tags_id":223541396}],"title":"Soaring Metals Prices Signal Bets on Global Economic Recovery","url":"https://www.wsj.com/articles/soaring-metals-prices-signal-bets-on-global-economic-recovery-11607250600","word_count":null}]