[{"ap_syndicated":null,"collect_date":"2020-12-05 23:36:18.983461","feeds":null,"guid":"https://www.washingtonpost.com/washington-post-live/2020/11/19/coronavirus-leadership-during-crisis-with-colorado-gov-jared-polis/","language":"en","media_id":2,"media_name":null,"media_url":null,"processed_stories_id":null,"publish_date":"2020-11-19 00:00:00","stories_id":1789243216,"story_tags":[{"stories_id":1789243216,"tag":"geonames_6252001","tag_set":"mc-geocoder@media.mit.edu","tag_sets_id":1011,"tags_id":8878461},{"stories_id":1789243216,"tag":"geonames_5417618","tag_set":"mc-geocoder@media.mit.edu","tag_sets_id":1011,"tags_id":8878696},{"stories_id":1789243216,"tag":"nyt_labeller_v1.0.0","tag_set":"nyt_labels_version","tag_sets_id":1964,"tags_id":9360669},{"stories_id":1789243216,"tag":"education and schools","tag_set":"nyt_labels","tag_sets_id":1963,"tags_id":9360833},{"stories_id":1789243216,"tag":"finances","tag_set":"nyt_labels","tag_sets_id":1963,"tags_id":9360840},{"stories_id":1789243216,"tag":"Jared Polis","tag_set":"cliff_people","tag_sets_id":2389,"tags_id":9460032},{"stories_id":1789243216,"tag":"State Board of Education","tag_set":"cliff_organizations","tag_sets_id":2388,"tags_id":9484520},{"stories_id":1789243216,"tag":"guess_by_unknown","tag_set":"date_guess_method","tag_sets_id":508,"tags_id":50741492},{"stories_id":1789243216,"tag":"readability-lxml-0.7","tag_set":"extractor_version","tag_sets_id":1354,"tags_id":81092444},{"stories_id":1789243216,"tag":"cliff_clavin_v2.6.0","tag_set":"geocoder_version","tag_sets_id":1937,"tags_id":189462640}],"title":"Coronavirus: Leadership During Crisis with Colorado Gov. Jared Polis","url":"https://www.washingtonpost.com/washington-post-live/2020/11/19/coronavirus-leadership-during-crisis-with-colorado-gov-jared-polis/","word_count":null}]