[{"ap_syndicated":null,"collect_date":"2021-01-03 07:01:11.200746","feeds":null,"guid":"https://www.nytimes.com/2021/01/03/business/oil-industry-careers.html","language":"en","media_id":1,"media_name":null,"media_url":null,"processed_stories_id":null,"publish_date":"2021-01-03 05:00:15","stories_id":1813794848,"story_tags":[{"stories_id":1813794848,"tag":"guess_by_tag_time","tag_set":"date_guess_method","tag_sets_id":508,"tags_id":50741428}],"title":"‘A Slap in the Face’: The Pandemic Disrupts Young Oil Careers","url":"https://www.nytimes.com/2021/01/03/business/oil-industry-careers.html","word_count":null}]