[{"ap_syndicated":null,"collect_date":"2021-01-18 10:46:55.455970","feeds":null,"guid":"https://www.washingtonpost.com/climate-environment/2021/01/18/president-elect-biden-kill-keystone-xl-pipeline-fight-climate-change/?utm_source=rss&utm_medium=referral&utm_campaign=wp_national","language":"en","media_id":2,"media_name":null,"media_url":null,"processed_stories_id":null,"publish_date":"2021-01-18 10:40:36","stories_id":1827216041,"story_tags":[{"stories_id":1827216041,"tag":"geonames_6252001","tag_set":"mc-geocoder@media.mit.edu","tag_sets_id":1011,"tags_id":8878461},{"stories_id":1827216041,"tag":"geonames_5073708","tag_set":"mc-geocoder@media.mit.edu","tag_sets_id":1011,"tags_id":8879105},{"stories_id":1827216041,"tag":"geonames_5079614","tag_set":"mc-geocoder@media.mit.edu","tag_sets_id":1011,"tags_id":8911585},{"stories_id":1827216041,"tag":"geonames_500075","tag_set":"mc-geocoder@media.mit.edu","tag_sets_id":1011,"tags_id":8953609},{"stories_id":1827216041,"tag":"nyt_labeller_v1.0.0","tag_set":"nyt_labels_version","tag_sets_id":1964,"tags_id":9360669},{"stories_id":1827216041,"tag":"law and legislation","tag_set":"nyt_labels","tag_sets_id":1963,"tags_id":9360837},{"stories_id":1827216041,"tag":"finances","tag_set":"nyt_labels","tag_sets_id":1963,"tags_id":9360840},{"stories_id":1827216041,"tag":"oil (petroleum) and gasoline","tag_set":"nyt_labels","tag_sets_id":1963,"tags_id":9360884},{"stories_id":1827216041,"tag":"environment","tag_set":"nyt_labels","tag_sets_id":1963,"tags_id":9360887},{"stories_id":1827216041,"tag":"international trade and world market","tag_set":"nyt_labels","tag_sets_id":1963,"tags_id":9360983},{"stories_id":1827216041,"tag":"water","tag_set":"nyt_labels","tag_sets_id":1963,"tags_id":9361151},{"stories_id":1827216041,"tag":"land use policies","tag_set":"nyt_labels","tag_sets_id":1963,"tags_id":9361316},{"stories_id":1827216041,"tag":"Trump","tag_set":"cliff_people","tag_sets_id":2389,"tags_id":9362872},{"stories_id":1827216041,"tag":"Biden","tag_set":"cliff_people","tag_sets_id":2389,"tags_id":9365736},{"stories_id":1827216041,"tag":"Keystone","tag_set":"cliff_organizations","tag_sets_id":2388,"tags_id":9368394},{"stories_id":1827216041,"tag":"Army Corps of Engineers","tag_set":"cliff_organizations","tag_sets_id":2388,"tags_id":9370748},{"stories_id":1827216041,"tag":"Juliet Eilperin","tag_set":"cliff_people","tag_sets_id":2389,"tags_id":9374780},{"stories_id":1827216041,"tag":"National Association of Manufacturers","tag_set":"cliff_organizations","tag_sets_id":2388,"tags_id":9396686},{"stories_id":1827216041,"tag":"Keystone XL","tag_set":"cliff_organizations","tag_sets_id":2388,"tags_id":9399811},{"stories_id":1827216041,"tag":"Jane Kleeb","tag_set":"cliff_people","tag_sets_id":2389,"tags_id":9446498},{"stories_id":1827216041,"tag":"American Petroleum Institute","tag_set":"cliff_organizations","tag_sets_id":2388,"tags_id":9476750},{"stories_id":1827216041,"tag":"Keystone XL pipeline","tag_set":"cliff_organizations","tag_sets_id":2388,"tags_id":9477904},{"stories_id":1827216041,"tag":"Nebraska Public Service Commission","tag_set":"cliff_organizations","tag_sets_id":2388,"tags_id":9662716},{"stories_id":1827216041,"tag":"Brian Jorde","tag_set":"cliff_people","tag_sets_id":2389,"tags_id":28088286},{"stories_id":1827216041,"tag":"geonames_5066596","tag_set":"mc-geocoder@media.mit.edu","tag_sets_id":1011,"tags_id":32019277},{"stories_id":1827216041,"tag":"TC Energy","tag_set":"cliff_organizations","tag_sets_id":2388,"tags_id":35366086},{"stories_id":1827216041,"tag":"readability-lxml-0.7","tag_set":"extractor_version","tag_sets_id":1354,"tags_id":81092444},{"stories_id":1827216041,"tag":"cliff_clavin_v2.6.0","tag_set":"geocoder_version","tag_sets_id":1937,"tags_id":189462640}],"title":"President-elect Biden to kill Keystone XL pipeline in fight on climate change","url":"https://www.washingtonpost.com/climate-environment/2021/01/18/president-elect-biden-kill-keystone-xl-pipeline-fight-climate-change/?utm_source=rss&utm_medium=referral&utm_campaign=wp_national","word_count":null}]