[{"ap_syndicated":null,"collect_date":"2021-01-20 04:21:34.515268","feeds":null,"guid":"https://www.washingtonpost.com/business/energy/what-bidens-presidency-means-for-paris-climate-agreement/2021/01/20/d3f7e23e-5ae4-11eb-a849-6f9423a75ffd_story.html?utm_source=rss&utm_medium=referral&utm_campaign=wp_business","language":"en","media_id":2,"media_name":null,"media_url":null,"processed_stories_id":null,"publish_date":"2021-01-20 04:07:51","stories_id":1828827316,"story_tags":[{"stories_id":1828827316,"tag":"geonames_6252001","tag_set":"mc-geocoder@media.mit.edu","tag_sets_id":1011,"tags_id":8878461},{"stories_id":1828827316,"tag":"geonames_4736286","tag_set":"mc-geocoder@media.mit.edu","tag_sets_id":1011,"tags_id":8878538},{"stories_id":1828827316,"tag":"geonames_4717560","tag_set":"mc-geocoder@media.mit.edu","tag_sets_id":1011,"tags_id":8883238},{"stories_id":1828827316,"tag":"nyt_labeller_v1.0.0","tag_set":"nyt_labels_version","tag_sets_id":1964,"tags_id":9360669},{"stories_id":1828827316,"tag":"politics and government","tag_set":"nyt_labels","tag_sets_id":1963,"tags_id":9360836},{"stories_id":1828827316,"tag":"global warming","tag_set":"nyt_labels","tag_sets_id":1963,"tags_id":9360886},{"stories_id":1828827316,"tag":"environment","tag_set":"nyt_labels","tag_sets_id":1963,"tags_id":9360887},{"stories_id":1828827316,"tag":"weather","tag_set":"nyt_labels","tag_sets_id":1963,"tags_id":9360902},{"stories_id":1828827316,"tag":"air pollution","tag_set":"nyt_labels","tag_sets_id":1963,"tags_id":9361007},{"stories_id":1828827316,"tag":"Barack Obama","tag_set":"cliff_people","tag_sets_id":2389,"tags_id":9362763},{"stories_id":1828827316,"tag":"United Nations","tag_set":"cliff_organizations","tag_sets_id":2388,"tags_id":9362785},{"stories_id":1828827316,"tag":"UN","tag_set":"cliff_organizations","tag_sets_id":2388,"tags_id":9362786},{"stories_id":1828827316,"tag":"Trump","tag_set":"cliff_people","tag_sets_id":2389,"tags_id":9362872},{"stories_id":1828827316,"tag":"Biden","tag_set":"cliff_people","tag_sets_id":2389,"tags_id":9365736},{"stories_id":1828827316,"tag":"UN World Meteorological Organization","tag_set":"cliff_organizations","tag_sets_id":2388,"tags_id":12538599},{"stories_id":1828827316,"tag":"readability-lxml-0.7","tag_set":"extractor_version","tag_sets_id":1354,"tags_id":81092444},{"stories_id":1828827316,"tag":"cliff_clavin_v2.6.0","tag_set":"geocoder_version","tag_sets_id":1937,"tags_id":189462640}],"title":"What Biden’s Presidency Means for Paris Climate Agreement","url":"https://www.washingtonpost.com/business/energy/what-bidens-presidency-means-for-paris-climate-agreement/2021/01/20/d3f7e23e-5ae4-11eb-a849-6f9423a75ffd_story.html?utm_source=rss&utm_medium=referral&utm_campaign=wp_business","word_count":null}]