[{"ap_syndicated":null,"collect_date":"2021-01-19 09:20:20.007753","feeds":null,"guid":"SB10378217901379004408604587227702378516824","language":"en","media_id":1150,"media_name":null,"media_url":null,"processed_stories_id":null,"publish_date":"2021-01-19 08:07:00","stories_id":1828095831,"story_tags":[{"stories_id":1828095831,"tag":"geonames_6252001","tag_set":"mc-geocoder@media.mit.edu","tag_sets_id":1011,"tags_id":8878461},{"stories_id":1828095831,"tag":"geonames_2635167","tag_set":"mc-geocoder@media.mit.edu","tag_sets_id":1011,"tags_id":8878466},{"stories_id":1828095831,"tag":"geonames_6269131","tag_set":"mc-geocoder@media.mit.edu","tag_sets_id":1011,"tags_id":8878467},{"stories_id":1828095831,"tag":"geonames_4847385","tag_set":"mc-geocoder@media.mit.edu","tag_sets_id":1011,"tags_id":8878806},{"stories_id":1828095831,"tag":"geonames_5129210","tag_set":"mc-geocoder@media.mit.edu","tag_sets_id":1011,"tags_id":8879137},{"stories_id":1828095831,"tag":"nyt_labeller_v1.0.0","tag_set":"nyt_labels_version","tag_sets_id":1964,"tags_id":9360669},{"stories_id":1828095831,"tag":"finances","tag_set":"nyt_labels","tag_sets_id":1963,"tags_id":9360840},{"stories_id":1828095831,"tag":"oil (petroleum) and gasoline","tag_set":"nyt_labels","tag_sets_id":1963,"tags_id":9360884},{"stories_id":1828095831,"tag":"energy and power","tag_set":"nyt_labels","tag_sets_id":1963,"tags_id":9360997},{"stories_id":1828095831,"tag":"electric light and power","tag_set":"nyt_labels","tag_sets_id":1963,"tags_id":9361013},{"stories_id":1828095831,"tag":"light","tag_set":"nyt_labels","tag_sets_id":1963,"tags_id":9361014},{"stories_id":1828095831,"tag":"SSE","tag_set":"cliff_organizations","tag_sets_id":2388,"tags_id":9394927},{"stories_id":1828095831,"tag":"WSJ","tag_set":"cliff_organizations","tag_sets_id":2388,"tags_id":9396028},{"stories_id":1828095831,"tag":"Ian","tag_set":"cliff_people","tag_sets_id":2389,"tags_id":9427267},{"stories_id":1828095831,"tag":"J.P. Morgan Asset Management","tag_set":"cliff_organizations","tag_sets_id":2388,"tags_id":9674503},{"stories_id":1828095831,"tag":"Clarksons Platou","tag_set":"cliff_people","tag_sets_id":2389,"tags_id":16651126},{"stories_id":1828095831,"tag":"Scorpio Bulkers Inc.","tag_set":"cliff_organizations","tag_sets_id":2388,"tags_id":28890935},{"stories_id":1828095831,"tag":"Joe Wallace","tag_set":"cliff_people","tag_sets_id":2389,"tags_id":29402070},{"stories_id":1828095831,"tag":"Siemens Gamesa Renewable Energy SA","tag_set":"cliff_organizations","tag_sets_id":2388,"tags_id":30529677},{"stories_id":1828095831,"tag":"Emanuele Lauro","tag_set":"cliff_people","tag_sets_id":2389,"tags_id":31617577},{"stories_id":1828095831,"tag":"Hayfin Capital Management LLP","tag_set":"cliff_organizations","tag_sets_id":2388,"tags_id":32391994},{"stories_id":1828095831,"tag":"Julie Steinberg","tag_set":"cliff_people","tag_sets_id":2389,"tags_id":33500644},{"stories_id":1828095831,"tag":"Tony Foster","tag_set":"cliff_people","tag_sets_id":2389,"tags_id":34061880},{"stories_id":1828095831,"tag":"Basalt Infrastructure Partners LLP","tag_set":"cliff_organizations","tag_sets_id":2388,"tags_id":35145795},{"stories_id":1828095831,"tag":"Svein Engh","tag_set":"cliff_people","tag_sets_id":2389,"tags_id":52802048},{"stories_id":1828095831,"tag":"Andreas Povlsen","tag_set":"cliff_people","tag_sets_id":2389,"tags_id":79920138},{"stories_id":1828095831,"tag":"Marsoft Inc.","tag_set":"cliff_organizations","tag_sets_id":2388,"tags_id":80188098},{"stories_id":1828095831,"tag":"readability-lxml-0.7","tag_set":"extractor_version","tag_sets_id":1354,"tags_id":81092444},{"stories_id":1828095831,"tag":"Galya Petkova","tag_set":"cliff_people","tag_sets_id":2389,"tags_id":100207017},{"stories_id":1828095831,"tag":"Marine Capital","tag_set":"cliff_organizations","tag_sets_id":2388,"tags_id":107836262},{"stories_id":1828095831,"tag":"Jens Egenberg","tag_set":"cliff_people","tag_sets_id":2389,"tags_id":158254979},{"stories_id":1828095831,"tag":"cliff_clavin_v2.6.0","tag_set":"geocoder_version","tag_sets_id":1937,"tags_id":189462640},{"stories_id":1828095831,"tag":"Castle Ship Management Ltd.","tag_set":"cliff_organizations","tag_sets_id":2388,"tags_id":226688337},{"stories_id":1828095831,"tag":"Marine Capital Ltd.","tag_set":"cliff_organizations","tag_sets_id":2388,"tags_id":226688338},{"stories_id":1828095831,"tag":"Elbe Financial Solutions","tag_set":"cliff_organizations","tag_sets_id":2388,"tags_id":226688339},{"stories_id":1828095831,"tag":"Belinda Adye","tag_set":"cliff_people","tag_sets_id":2389,"tags_id":226688340}],"title":"Money Managers Look to Blue Seas for Green Investments","url":"https://www.wsj.com/articles/money-managers-look-to-blue-seas-for-green-investments-11611060569","word_count":null}]