[{"ap_syndicated":null,"collect_date":"2021-01-19 17:46:26.357665","feeds":null,"guid":"{21005575-02D4-D4B5-4572-D20EB6E6AB80}","language":"en","media_id":1150,"media_name":null,"media_url":null,"processed_stories_id":null,"publish_date":"2021-01-19 17:42:00","stories_id":1828485248,"story_tags":[{"stories_id":1828485248,"tag":"geonames_6252001","tag_set":"mc-geocoder@media.mit.edu","tag_sets_id":1011,"tags_id":8878461},{"stories_id":1828485248,"tag":"nyt_labeller_v1.0.0","tag_set":"nyt_labels_version","tag_sets_id":1964,"tags_id":9360669},{"stories_id":1828485248,"tag":"politics and government","tag_set":"nyt_labels","tag_sets_id":1963,"tags_id":9360836},{"stories_id":1828485248,"tag":"global warming","tag_set":"nyt_labels","tag_sets_id":1963,"tags_id":9360886},{"stories_id":1828485248,"tag":"environment","tag_set":"nyt_labels","tag_sets_id":1963,"tags_id":9360887},{"stories_id":1828485248,"tag":"energy and power","tag_set":"nyt_labels","tag_sets_id":1963,"tags_id":9360997},{"stories_id":1828485248,"tag":"air pollution","tag_set":"nyt_labels","tag_sets_id":1963,"tags_id":9361007},{"stories_id":1828485248,"tag":"electric light and power","tag_set":"nyt_labels","tag_sets_id":1963,"tags_id":9361013},{"stories_id":1828485248,"tag":"light","tag_set":"nyt_labels","tag_sets_id":1963,"tags_id":9361014},{"stories_id":1828485248,"tag":"Donald Trump","tag_set":"cliff_people","tag_sets_id":2389,"tags_id":9362284},{"stories_id":1828485248,"tag":"Barack Obama","tag_set":"cliff_people","tag_sets_id":2389,"tags_id":9362763},{"stories_id":1828485248,"tag":"Trump administration","tag_set":"cliff_organizations","tag_sets_id":2388,"tags_id":9362998},{"stories_id":1828485248,"tag":"Environmental Protection Agency","tag_set":"cliff_organizations","tag_sets_id":2388,"tags_id":9363956},{"stories_id":1828485248,"tag":"EPA","tag_set":"cliff_organizations","tag_sets_id":2388,"tags_id":9364166},{"stories_id":1828485248,"tag":"Biden","tag_set":"cliff_people","tag_sets_id":2389,"tags_id":9365736},{"stories_id":1828485248,"tag":"Environmental Defense Fund","tag_set":"cliff_organizations","tag_sets_id":2388,"tags_id":9394163},{"stories_id":1828485248,"tag":"Molly Block","tag_set":"cliff_people","tag_sets_id":2389,"tags_id":9398502},{"stories_id":1828485248,"tag":"Kathy Castor","tag_set":"cliff_people","tag_sets_id":2389,"tags_id":9404946},{"stories_id":1828485248,"tag":"Court of Appeals","tag_set":"cliff_organizations","tag_sets_id":2388,"tags_id":9458611},{"stories_id":1828485248,"tag":"U.S. Court of Appeals for the District of Columbia","tag_set":"cliff_organizations","tag_sets_id":2388,"tags_id":9488485},{"stories_id":1828485248,"tag":"Ben Levitan","tag_set":"cliff_people","tag_sets_id":2389,"tags_id":29438690},{"stories_id":1828485248,"tag":"Andrea McGimsey","tag_set":"cliff_people","tag_sets_id":2389,"tags_id":34785844},{"stories_id":1828485248,"tag":"readability-lxml-0.7","tag_set":"extractor_version","tag_sets_id":1354,"tags_id":81092444},{"stories_id":1828485248,"tag":"cliff_clavin_v2.6.0","tag_set":"geocoder_version","tag_sets_id":1937,"tags_id":189462640}],"title":": Court strikes down major Trump rollback of restrictions on power plants, paving way for Biden emission regulations","url":"http://www.marketwatch.com/news/story.asp?guid=%7B21005575-02D4-D4B5-4572-D20EB6E6AB80%7D&siteid=rss&rss=1","word_count":null}]