[{"ap_syndicated":null,"collect_date":"2021-01-19 12:14:32.146571","feeds":null,"guid":"https://www.nytimes.com/live/2021/01/19/business/us-economy-coronavirus/yellen-china","language":"en","media_id":1,"media_name":null,"media_url":null,"processed_stories_id":null,"publish_date":"2021-01-19 11:52:11","stories_id":1828237130,"story_tags":[{"stories_id":1828237130,"tag":"geonames_1814991","tag_set":"mc-geocoder@media.mit.edu","tag_sets_id":1011,"tags_id":8878478},{"stories_id":1828237130,"tag":"nyt_labeller_v1.0.0","tag_set":"nyt_labels_version","tag_sets_id":1964,"tags_id":9360669},{"stories_id":1828237130,"tag":"politics and government","tag_set":"nyt_labels","tag_sets_id":1963,"tags_id":9360836},{"stories_id":1828237130,"tag":"medicine and health","tag_set":"nyt_labels","tag_sets_id":1963,"tags_id":9360852},{"stories_id":1828237130,"tag":"international relations","tag_set":"nyt_labels","tag_sets_id":1963,"tags_id":9360934},{"stories_id":1828237130,"tag":"international trade and world market","tag_set":"nyt_labels","tag_sets_id":1963,"tags_id":9360983},{"stories_id":1828237130,"tag":"economic conditions and trends","tag_set":"nyt_labels","tag_sets_id":1963,"tags_id":9360989},{"stories_id":1828237130,"tag":"Trump","tag_set":"cliff_people","tag_sets_id":2389,"tags_id":9362872},{"stories_id":1828237130,"tag":"Trump administration","tag_set":"cliff_organizations","tag_sets_id":2388,"tags_id":9362998},{"stories_id":1828237130,"tag":"Biden","tag_set":"cliff_people","tag_sets_id":2389,"tags_id":9365736},{"stories_id":1828237130,"tag":"Yellen","tag_set":"cliff_people","tag_sets_id":2389,"tags_id":9395656},{"stories_id":1828237130,"tag":"U.S. Federal Housing Finance Agency","tag_set":"cliff_organizations","tag_sets_id":2388,"tags_id":13026210},{"stories_id":1828237130,"tag":"readability-lxml-0.7","tag_set":"extractor_version","tag_sets_id":1354,"tags_id":81092444},{"stories_id":1828237130,"tag":"cliff_clavin_v2.6.0","tag_set":"geocoder_version","tag_sets_id":1937,"tags_id":189462640}],"title":"Yellen says Biden team will address China’s “illegal, unfair and abusive” practices.","url":"https://www.nytimes.com/live/2021/01/19/business/us-economy-coronavirus/yellen-china","word_count":null}]