[{"ap_syndicated":null,"collect_date":"2021-01-21 17:55:19.210929","feeds":null,"guid":"https://www.washingtonpost.com/climate-environment/2021/01/21/tracking-bidens-environmental-actions/?utm_source=rss&utm_medium=referral&utm_campaign=wp_homepage","language":"en","media_id":2,"media_name":null,"media_url":null,"processed_stories_id":null,"publish_date":"2021-01-21 17:53:01.585673","stories_id":1830452278,"story_tags":[{"stories_id":1830452278,"tag":"geonames_6252001","tag_set":"mc-geocoder@media.mit.edu","tag_sets_id":1011,"tags_id":8878461},{"stories_id":1830452278,"tag":"geonames_5879092","tag_set":"mc-geocoder@media.mit.edu","tag_sets_id":1011,"tags_id":8878759},{"stories_id":1830452278,"tag":"geonames_4847385","tag_set":"mc-geocoder@media.mit.edu","tag_sets_id":1011,"tags_id":8878806},{"stories_id":1830452278,"tag":"geonames_202061","tag_set":"mc-geocoder@media.mit.edu","tag_sets_id":1011,"tags_id":8879258},{"stories_id":1830452278,"tag":"geonames_4717560","tag_set":"mc-geocoder@media.mit.edu","tag_sets_id":1011,"tags_id":8883238},{"stories_id":1830452278,"tag":"nyt_labeller_v1.0.0","tag_set":"nyt_labels_version","tag_sets_id":1964,"tags_id":9360669},{"stories_id":1830452278,"tag":"politics and government","tag_set":"nyt_labels","tag_sets_id":1963,"tags_id":9360836},{"stories_id":1830452278,"tag":"united states politics and government","tag_set":"nyt_labels","tag_sets_id":1963,"tags_id":9360846},{"stories_id":1830452278,"tag":"oil (petroleum) and gasoline","tag_set":"nyt_labels","tag_sets_id":1963,"tags_id":9360884},{"stories_id":1830452278,"tag":"global warming","tag_set":"nyt_labels","tag_sets_id":1963,"tags_id":9360886},{"stories_id":1830452278,"tag":"environment","tag_set":"nyt_labels","tag_sets_id":1963,"tags_id":9360887},{"stories_id":1830452278,"tag":"energy and power","tag_set":"nyt_labels","tag_sets_id":1963,"tags_id":9360997},{"stories_id":1830452278,"tag":"Supreme Court","tag_set":"cliff_organizations","tag_sets_id":2388,"tags_id":9362719},{"stories_id":1830452278,"tag":"Obama","tag_set":"cliff_people","tag_sets_id":2389,"tags_id":9362721},{"stories_id":1830452278,"tag":"White House","tag_set":"cliff_organizations","tag_sets_id":2388,"tags_id":9362736},{"stories_id":1830452278,"tag":"Senate","tag_set":"cliff_organizations","tag_sets_id":2388,"tags_id":9362741},{"stories_id":1830452278,"tag":"Trump","tag_set":"cliff_organizations","tag_sets_id":2388,"tags_id":9362787},{"stories_id":1830452278,"tag":"Trump","tag_set":"cliff_people","tag_sets_id":2389,"tags_id":9362872},{"stories_id":1830452278,"tag":"Congress","tag_set":"cliff_organizations","tag_sets_id":2388,"tags_id":9362962},{"stories_id":1830452278,"tag":"Trump administration","tag_set":"cliff_organizations","tag_sets_id":2388,"tags_id":9362998},{"stories_id":1830452278,"tag":"Interior","tag_set":"cliff_organizations","tag_sets_id":2388,"tags_id":9363817},{"stories_id":1830452278,"tag":"Environmental Protection Agency","tag_set":"cliff_organizations","tag_sets_id":2388,"tags_id":9363956},{"stories_id":1830452278,"tag":"EPA","tag_set":"cliff_organizations","tag_sets_id":2388,"tags_id":9364166},{"stories_id":1830452278,"tag":"Brown","tag_set":"cliff_people","tag_sets_id":2389,"tags_id":9365131},{"stories_id":1830452278,"tag":"Biden","tag_set":"cliff_people","tag_sets_id":2389,"tags_id":9365736},{"stories_id":1830452278,"tag":"BHP","tag_set":"cliff_organizations","tag_sets_id":2388,"tags_id":9366436},{"stories_id":1830452278,"tag":"John F. Kerry","tag_set":"cliff_people","tag_sets_id":2389,"tags_id":9366716},{"stories_id":1830452278,"tag":"Interior Department","tag_set":"cliff_organizations","tag_sets_id":2388,"tags_id":9367363},{"stories_id":1830452278,"tag":"Keystone","tag_set":"cliff_organizations","tag_sets_id":2388,"tags_id":9368394},{"stories_id":1830452278,"tag":"BLM","tag_set":"cliff_organizations","tag_sets_id":2388,"tags_id":9369326},{"stories_id":1830452278,"tag":"Bureau of Land Management","tag_set":"cliff_organizations","tag_sets_id":2388,"tags_id":9373685},{"stories_id":1830452278,"tag":"NEPA","tag_set":"cliff_organizations","tag_sets_id":2388,"tags_id":9401279},{"stories_id":1830452278,"tag":"Energy Department","tag_set":"cliff_organizations","tag_sets_id":2388,"tags_id":9415772},{"stories_id":1830452278,"tag":"Washington Post analysis","tag_set":"cliff_organizations","tag_sets_id":2388,"tags_id":9451615},{"stories_id":1830452278,"tag":"HFCs","tag_set":"cliff_organizations","tag_sets_id":2388,"tags_id":9455533},{"stories_id":1830452278,"tag":"U.S. Army Corps of Engineers","tag_set":"cliff_organizations","tag_sets_id":2388,"tags_id":9458051},{"stories_id":1830452278,"tag":"David Bernhardt","tag_set":"cliff_people","tag_sets_id":2389,"tags_id":9462566},{"stories_id":1830452278,"tag":"U.S. Forest Service","tag_set":"cliff_organizations","tag_sets_id":2388,"tags_id":9466829},{"stories_id":1830452278,"tag":"potash","tag_set":"cliff_organizations","tag_sets_id":2388,"tags_id":9480950},{"stories_id":1830452278,"tag":"USFS","tag_set":"cliff_organizations","tag_sets_id":2388,"tags_id":9564432},{"stories_id":1830452278,"tag":"National Petroleum Reserve-Alaska","tag_set":"cliff_organizations","tag_sets_id":2388,"tags_id":9612226},{"stories_id":1830452278,"tag":"NMP","tag_set":"cliff_organizations","tag_sets_id":2388,"tags_id":9632841},{"stories_id":1830452278,"tag":"Thacker","tag_set":"cliff_people","tag_sets_id":2389,"tags_id":9969136},{"stories_id":1830452278,"tag":"Alton","tag_set":"cliff_organizations","tag_sets_id":2388,"tags_id":10607295},{"stories_id":1830452278,"tag":"federal advisory panel","tag_set":"cliff_organizations","tag_sets_id":2388,"tags_id":10610735},{"stories_id":1830452278,"tag":"National Parks","tag_set":"cliff_organizations","tag_sets_id":2388,"tags_id":10890333},{"stories_id":1830452278,"tag":"Pacific Walrus","tag_set":"cliff_organizations","tag_sets_id":2388,"tags_id":11019420},{"stories_id":1830452278,"tag":"Atlantic bluefin","tag_set":"cliff_organizations","tag_sets_id":2388,"tags_id":11243584},{"stories_id":1830452278,"tag":"Sonoran Desert National Monument","tag_set":"cliff_organizations","tag_sets_id":2388,"tags_id":11726161},{"stories_id":1830452278,"tag":"Electric Motors","tag_set":"cliff_organizations","tag_sets_id":2388,"tags_id":29003069},{"stories_id":1830452278,"tag":"Atlantic Bluefin Tuna","tag_set":"cliff_organizations","tag_sets_id":2388,"tags_id":29447859},{"stories_id":1830452278,"tag":"Jordan Cove Energy Project","tag_set":"cliff_organizations","tag_sets_id":2388,"tags_id":33896224},{"stories_id":1830452278,"tag":"EPA Environmental Appeals Board","tag_set":"cliff_organizations","tag_sets_id":2388,"tags_id":41197104},{"stories_id":1830452278,"tag":"Federal Forest Management","tag_set":"cliff_organizations","tag_sets_id":2388,"tags_id":44482460},{"stories_id":1830452278,"tag":"USFS NEPA","tag_set":"cliff_organizations","tag_sets_id":2388,"tags_id":62575659},{"stories_id":1830452278,"tag":"readability-lxml-0.7","tag_set":"extractor_version","tag_sets_id":1354,"tags_id":81092444},{"stories_id":1830452278,"tag":"geonames_5250016","tag_set":"mc-geocoder@media.mit.edu","tag_sets_id":1011,"tags_id":187516778},{"stories_id":1830452278,"tag":"cliff_clavin_v2.6.0","tag_set":"geocoder_version","tag_sets_id":1937,"tags_id":189462640},{"stories_id":1830452278,"tag":"Tongass National Forest Roadless","tag_set":"cliff_organizations","tag_sets_id":2388,"tags_id":191914298},{"stories_id":1830452278,"tag":"Yazoo Backwater Area Pumps","tag_set":"cliff_organizations","tag_sets_id":2388,"tags_id":226724851},{"stories_id":1830452278,"tag":"National Climate Assessment Federal Advisory Panel","tag_set":"cliff_organizations","tag_sets_id":2388,"tags_id":226872301},{"stories_id":1830452278,"tag":"Financial Assurance for Offshore Drillers","tag_set":"cliff_organizations","tag_sets_id":2388,"tags_id":226872302},{"stories_id":1830452278,"tag":"Goodnews Bay Public Land","tag_set":"cliff_organizations","tag_sets_id":2388,"tags_id":226872303},{"stories_id":1830452278,"tag":"Tonto National Forest Under litigation","tag_set":"cliff_organizations","tag_sets_id":2388,"tags_id":226872304},{"stories_id":1830452278,"tag":"Sonoran Desert National Monument Grazing","tag_set":"cliff_organizations","tag_sets_id":2388,"tags_id":226872305},{"stories_id":1830452278,"tag":"Arctic National Wildlife Refuge Under litigation Leased drilling rights","tag_set":"cliff_organizations","tag_sets_id":2388,"tags_id":226872306},{"stories_id":1830452278,"tag":"Izembek National Wildlife Refuge Under litigation","tag_set":"cliff_organizations","tag_sets_id":2388,"tags_id":226872307},{"stories_id":1830452278,"tag":"Army Corps Permits Streamlined Army Corps of Engineers","tag_set":"cliff_organizations","tag_sets_id":2388,"tags_id":226872308},{"stories_id":1830452278,"tag":"Arctic National Wildlife Refuge Seismic Testing","tag_set":"cliff_organizations","tag_sets_id":2388,"tags_id":226872309}],"title":"Tracking Biden’s environmental actions","url":"https://www.washingtonpost.com/climate-environment/2021/01/21/tracking-bidens-environmental-actions/?utm_source=rss&utm_medium=referral&utm_campaign=wp_homepage","word_count":null}]