[{"ap_syndicated":null,"collect_date":"2021-01-25 05:15:32.088886","feeds":null,"guid":"https://www.nytimes.com/2021/01/25/opinion/electric-cars-climate-change.html","language":"en","media_id":1,"media_name":null,"media_url":null,"processed_stories_id":null,"publish_date":"2021-01-25 05:00:12","stories_id":1833179607,"story_tags":[{"stories_id":1833179607,"tag":"geonames_6252001","tag_set":"mc-geocoder@media.mit.edu","tag_sets_id":1011,"tags_id":8878461},{"stories_id":1833179607,"tag":"geonames_4662168","tag_set":"mc-geocoder@media.mit.edu","tag_sets_id":1011,"tags_id":8878725},{"stories_id":1833179607,"tag":"geonames_4644585","tag_set":"mc-geocoder@media.mit.edu","tag_sets_id":1011,"tags_id":8879038},{"stories_id":1833179607,"tag":"nyt_labeller_v1.0.0","tag_set":"nyt_labels_version","tag_sets_id":1964,"tags_id":9360669},{"stories_id":1833179607,"tag":"environment","tag_set":"nyt_labels","tag_sets_id":1963,"tags_id":9360887},{"stories_id":1833179607,"tag":"automobiles","tag_set":"nyt_labels","tag_sets_id":1963,"tags_id":9360914},{"stories_id":1833179607,"tag":"hurricanes and tropical storms","tag_set":"nyt_labels","tag_sets_id":1963,"tags_id":9360925},{"stories_id":1833179607,"tag":"Trump","tag_set":"cliff_people","tag_sets_id":2389,"tags_id":9362872},{"stories_id":1833179607,"tag":"Times","tag_set":"cliff_organizations","tag_sets_id":2388,"tags_id":9365707},{"stories_id":1833179607,"tag":"Nissan","tag_set":"cliff_organizations","tag_sets_id":2388,"tags_id":9374939},{"stories_id":1833179607,"tag":"Massachusetts Institute of Technology","tag_set":"cliff_organizations","tag_sets_id":2388,"tags_id":9377734},{"stories_id":1833179607,"tag":"flora","tag_set":"cliff_people","tag_sets_id":2389,"tags_id":9410955},{"stories_id":1833179607,"tag":"Denise Lu","tag_set":"cliff_people","tag_sets_id":2389,"tags_id":9583475},{"stories_id":1833179607,"tag":"Nadja Popovich","tag_set":"cliff_people","tag_sets_id":2389,"tags_id":9754497},{"stories_id":1833179607,"tag":"Margaret Renkl","tag_set":"cliff_people","tag_sets_id":2389,"tags_id":31463765},{"stories_id":1833179607,"tag":"readability-lxml-0.7","tag_set":"extractor_version","tag_sets_id":1354,"tags_id":81092444},{"stories_id":1833179607,"tag":"cliff_clavin_v2.6.0","tag_set":"geocoder_version","tag_sets_id":1937,"tags_id":189462640}],"title":"Even for Bargain Hunters, Green Cars Make Sense","url":"https://www.nytimes.com/2021/01/25/opinion/electric-cars-climate-change.html","word_count":null}]