[{"ap_syndicated":null,"collect_date":"2021-01-28 12:15:51.887164","feeds":null,"guid":"https://www.nytimes.com/live/2021/01/28/business/us-economy-coronavirus/gamestop-plunges-after-platforms-place-more-restrictions-on-trading","language":"en","media_id":1,"media_name":null,"media_url":null,"processed_stories_id":null,"publish_date":"2021-01-28 12:03:06","stories_id":1836776228,"story_tags":[{"stories_id":1836776228,"tag":"nyt_labeller_v1.0.0","tag_set":"nyt_labels_version","tag_sets_id":1964,"tags_id":9360669},{"stories_id":1836776228,"tag":"finances","tag_set":"nyt_labels","tag_sets_id":1963,"tags_id":9360840},{"stories_id":1836776228,"tag":"airlines and airplanes","tag_set":"nyt_labels","tag_sets_id":1963,"tags_id":9360940},{"stories_id":1836776228,"tag":"stocks and bonds","tag_set":"nyt_labels","tag_sets_id":1963,"tags_id":9361012},{"stories_id":1836776228,"tag":"Associated Press","tag_set":"cliff_organizations","tag_sets_id":2388,"tags_id":9362784},{"stories_id":1836776228,"tag":"American Airlines","tag_set":"cliff_organizations","tag_sets_id":2388,"tags_id":9363464},{"stories_id":1836776228,"tag":"General Motors","tag_set":"cliff_organizations","tag_sets_id":2388,"tags_id":9363690},{"stories_id":1836776228,"tag":"Mary Barra","tag_set":"cliff_people","tag_sets_id":2389,"tags_id":9363694},{"stories_id":1836776228,"tag":"Biden","tag_set":"cliff_people","tag_sets_id":2389,"tags_id":9365736},{"stories_id":1836776228,"tag":"Securities and Exchange Commission","tag_set":"cliff_organizations","tag_sets_id":2388,"tags_id":9366122},{"stories_id":1836776228,"tag":"Charles Schwab","tag_set":"cliff_people","tag_sets_id":2389,"tags_id":9375489},{"stories_id":1836776228,"tag":"spike","tag_set":"cliff_people","tag_sets_id":2389,"tags_id":9376588},{"stories_id":1836776228,"tag":"AMC","tag_set":"cliff_organizations","tag_sets_id":2388,"tags_id":9388367},{"stories_id":1836776228,"tag":"Ameritrade","tag_set":"cliff_organizations","tag_sets_id":2388,"tags_id":9433410},{"stories_id":1836776228,"tag":"General Motors Company","tag_set":"cliff_organizations","tag_sets_id":2388,"tags_id":9627930},{"stories_id":1836776228,"tag":"AMC Entertainment","tag_set":"cliff_organizations","tag_sets_id":2388,"tags_id":9638906},{"stories_id":1836776228,"tag":"GameStop","tag_set":"cliff_organizations","tag_sets_id":2388,"tags_id":9644370},{"stories_id":1836776228,"tag":"G.M.","tag_set":"cliff_people","tag_sets_id":2389,"tags_id":9659608},{"stories_id":1836776228,"tag":"AMC Entertainment Holdings","tag_set":"cliff_organizations","tag_sets_id":2388,"tags_id":9678312},{"stories_id":1836776228,"tag":"Robinhood","tag_set":"cliff_people","tag_sets_id":2389,"tags_id":9696485},{"stories_id":1836776228,"tag":"KOSS","tag_set":"cliff_people","tag_sets_id":2389,"tags_id":11720868},{"stories_id":1836776228,"tag":"Robinhood","tag_set":"cliff_organizations","tag_sets_id":2388,"tags_id":31036428},{"stories_id":1836776228,"tag":"Koss Corp.","tag_set":"cliff_organizations","tag_sets_id":2388,"tags_id":32645614},{"stories_id":1836776228,"tag":"Alexandria Ocasio-Cortez","tag_set":"cliff_people","tag_sets_id":2389,"tags_id":44318694},{"stories_id":1836776228,"tag":"readability-lxml-0.7","tag_set":"extractor_version","tag_sets_id":1354,"tags_id":81092444},{"stories_id":1836776228,"tag":"cliff_clavin_v2.6.0","tag_set":"geocoder_version","tag_sets_id":1937,"tags_id":189462640}],"title":"GameStop plunges after platforms place more restrictions on trading.","url":"https://www.nytimes.com/live/2021/01/28/business/us-economy-coronavirus/gamestop-plunges-after-platforms-place-more-restrictions-on-trading","word_count":null}]