[{"ap_syndicated":null,"collect_date":"2021-02-02 09:58:44.425110","feeds":null,"guid":"https://www.washingtonpost.com/opinions/2021/02/02/long-last-president-declares-that-era-small-government-is-over/?utm_source=rss&utm_medium=referral&utm_campaign=wp_homepage","language":"en","media_id":2,"media_name":null,"media_url":null,"processed_stories_id":null,"publish_date":"2021-02-02 09:54:44.096344","stories_id":1840221581,"story_tags":[{"stories_id":1840221581,"tag":"guess_by_unknown","tag_set":"date_guess_method","tag_sets_id":508,"tags_id":50741492}],"title":"At long last, a president declares that the era of small government is over","url":"https://www.washingtonpost.com/opinions/2021/02/02/long-last-president-declares-that-era-small-government-is-over/?utm_source=rss&utm_medium=referral&utm_campaign=wp_homepage","word_count":null}]