[{"ap_syndicated":null,"collect_date":"2021-02-11 08:22:30.200403","feeds":null,"guid":"https://www.nytimes.com/live/2021/02/11/business/stock-market-today/the-british-pound-climbs-to-three-year-high-and-investors-await-us-jobless-data","language":"en","media_id":1,"media_name":null,"media_url":null,"processed_stories_id":null,"publish_date":"2021-02-11 08:04:09","stories_id":1849070890,"story_tags":[{"stories_id":1849070890,"tag":"geonames_2635167","tag_set":"mc-geocoder@media.mit.edu","tag_sets_id":1011,"tags_id":8878466},{"stories_id":1849070890,"tag":"geonames_6269131","tag_set":"mc-geocoder@media.mit.edu","tag_sets_id":1011,"tags_id":8878467},{"stories_id":1849070890,"tag":"geonames_2643743","tag_set":"mc-geocoder@media.mit.edu","tag_sets_id":1011,"tags_id":8878473},{"stories_id":1849070890,"tag":"nyt_labeller_v1.0.0","tag_set":"nyt_labels_version","tag_sets_id":1964,"tags_id":9360669},{"stories_id":1849070890,"tag":"finances","tag_set":"nyt_labels","tag_sets_id":1963,"tags_id":9360840},{"stories_id":1849070890,"tag":"medicine and health","tag_set":"nyt_labels","tag_sets_id":1963,"tags_id":9360852},{"stories_id":1849070890,"tag":"oil (petroleum) and gasoline","tag_set":"nyt_labels","tag_sets_id":1963,"tags_id":9360884},{"stories_id":1849070890,"tag":"energy and power","tag_set":"nyt_labels","tag_sets_id":1963,"tags_id":9360997},{"stories_id":1849070890,"tag":"vaccination and immunization","tag_set":"nyt_labels","tag_sets_id":1963,"tags_id":9361041},{"stories_id":1849070890,"tag":"New York Times","tag_set":"cliff_organizations","tag_sets_id":2388,"tags_id":9362756},{"stories_id":1849070890,"tag":"European Union","tag_set":"cliff_organizations","tag_sets_id":2388,"tags_id":9362999},{"stories_id":1849070890,"tag":"Shell","tag_set":"cliff_organizations","tag_sets_id":2388,"tags_id":9363630},{"stories_id":1849070890,"tag":"E.U.","tag_set":"cliff_organizations","tag_sets_id":2388,"tags_id":9365392},{"stories_id":1849070890,"tag":"Bank of England","tag_set":"cliff_organizations","tag_sets_id":2388,"tags_id":9366780},{"stories_id":1849070890,"tag":"Labor Department","tag_set":"cliff_organizations","tag_sets_id":2388,"tags_id":9384561},{"stories_id":1849070890,"tag":"Rabobank","tag_set":"cliff_organizations","tag_sets_id":2388,"tags_id":9389806},{"stories_id":1849070890,"tag":"Ben van Beurden","tag_set":"cliff_people","tag_sets_id":2389,"tags_id":9410490},{"stories_id":1849070890,"tag":"Andrew Testa","tag_set":"cliff_people","tag_sets_id":2389,"tags_id":9432168},{"stories_id":1849070890,"tag":"Jane Foley","tag_set":"cliff_people","tag_sets_id":2389,"tags_id":9561311},{"stories_id":1849070890,"tag":"readability-lxml-0.7","tag_set":"extractor_version","tag_sets_id":1354,"tags_id":81092444},{"stories_id":1849070890,"tag":"cliff_clavin_v2.6.0","tag_set":"geocoder_version","tag_sets_id":1937,"tags_id":189462640}],"title":"The British pound climbs to three-year high, and investors await U.S. jobless data.","url":"https://www.nytimes.com/live/2021/02/11/business/stock-market-today/the-british-pound-climbs-to-three-year-high-and-investors-await-us-jobless-data","word_count":null}]