[{"ap_syndicated":null,"collect_date":"2021-02-17 18:19:04.712821","feeds":null,"guid":"{21005575-02D4-D4B5-4572-D29738CEF601}","language":"en","media_id":1150,"media_name":null,"media_url":null,"processed_stories_id":null,"publish_date":"2021-02-17 17:49:00","stories_id":1855344084,"story_tags":[{"stories_id":1855344084,"tag":"geonames_6252001","tag_set":"mc-geocoder@media.mit.edu","tag_sets_id":1011,"tags_id":8878461},{"stories_id":1855344084,"tag":"geonames_4736286","tag_set":"mc-geocoder@media.mit.edu","tag_sets_id":1011,"tags_id":8878538},{"stories_id":1855344084,"tag":"nyt_labeller_v1.0.0","tag_set":"nyt_labels_version","tag_sets_id":1964,"tags_id":9360669},{"stories_id":1855344084,"tag":"politics and government","tag_set":"nyt_labels","tag_sets_id":1963,"tags_id":9360836},{"stories_id":1855344084,"tag":"energy and power","tag_set":"nyt_labels","tag_sets_id":1963,"tags_id":9360997},{"stories_id":1855344084,"tag":"electric light and power","tag_set":"nyt_labels","tag_sets_id":1963,"tags_id":9361013},{"stories_id":1855344084,"tag":"light","tag_set":"nyt_labels","tag_sets_id":1963,"tags_id":9361014},{"stories_id":1855344084,"tag":"blackouts and brownouts (electrical)","tag_set":"nyt_labels","tag_sets_id":1963,"tags_id":9361015},{"stories_id":1855344084,"tag":"Donald Trump","tag_set":"cliff_people","tag_sets_id":2389,"tags_id":9362284},{"stories_id":1855344084,"tag":"Ted Cruz","tag_set":"cliff_people","tag_sets_id":2389,"tags_id":9362748},{"stories_id":1855344084,"tag":"MSNBC","tag_set":"cliff_organizations","tag_sets_id":2388,"tags_id":9362780},{"stories_id":1855344084,"tag":"GOP","tag_set":"cliff_organizations","tag_sets_id":2388,"tags_id":9362923},{"stories_id":1855344084,"tag":"House","tag_set":"cliff_organizations","tag_sets_id":2388,"tags_id":9363164},{"stories_id":1855344084,"tag":"Google","tag_set":"cliff_organizations","tag_sets_id":2388,"tags_id":9363209},{"stories_id":1855344084,"tag":"Rick Perry","tag_set":"cliff_people","tag_sets_id":2389,"tags_id":9365900},{"stories_id":1855344084,"tag":"Kevin McCarthy","tag_set":"cliff_people","tag_sets_id":2389,"tags_id":9368746},{"stories_id":1855344084,"tag":"Dan Patrick","tag_set":"cliff_people","tag_sets_id":2389,"tags_id":9404384},{"stories_id":1855344084,"tag":"Beto O’Rourke","tag_set":"cliff_people","tag_sets_id":2389,"tags_id":9476803},{"stories_id":1855344084,"tag":"Tim Boyd","tag_set":"cliff_people","tag_sets_id":2389,"tags_id":10198053},{"stories_id":1855344084,"tag":"Federal Regulatory Commission","tag_set":"cliff_organizations","tag_sets_id":2388,"tags_id":10802420},{"stories_id":1855344084,"tag":"McCarthy post","tag_set":"cliff_organizations","tag_sets_id":2388,"tags_id":39452428},{"stories_id":1855344084,"tag":"readability-lxml-0.8.1","tag_set":"extractor_version","tag_sets_id":1354,"tags_id":228516910},{"stories_id":1855344084,"tag":"cliff_clavin_v2.6.1","tag_set":"geocoder_version","tag_sets_id":1937,"tags_id":228516911}],"title":"Key Words: Rick Perry says Texans would rather go without electricity than give the federal government more power over them","url":"http://www.marketwatch.com/news/story.asp?guid=%7B21005575-02D4-D4B5-4572-D29738CEF601%7D&siteid=rss&rss=1","word_count":null}]