[{"ap_syndicated":null,"collect_date":"2021-02-17 20:24:12.059552","feeds":null,"guid":"https://www.nytimes.com/live/2021/02/17/us/winter-snow-storm-live/","language":"en","media_id":1,"media_name":null,"media_url":null,"processed_stories_id":null,"publish_date":"2021-02-17 19:39:57","stories_id":1855440469,"story_tags":[{"stories_id":1855440469,"tag":"geonames_6252001","tag_set":"mc-geocoder@media.mit.edu","tag_sets_id":1011,"tags_id":8878461},{"stories_id":1855440469,"tag":"geonames_4736286","tag_set":"mc-geocoder@media.mit.edu","tag_sets_id":1011,"tags_id":8878538},{"stories_id":1855440469,"tag":"geonames_4726206","tag_set":"mc-geocoder@media.mit.edu","tag_sets_id":1011,"tags_id":8879393},{"stories_id":1855440469,"tag":"nyt_labeller_v1.0.0","tag_set":"nyt_labels_version","tag_sets_id":1964,"tags_id":9360669},{"stories_id":1855440469,"tag":"weather","tag_set":"nyt_labels","tag_sets_id":1963,"tags_id":9360902},{"stories_id":1855440469,"tag":"hurricanes and tropical storms","tag_set":"nyt_labels","tag_sets_id":1963,"tags_id":9360925},{"stories_id":1855440469,"tag":"energy and power","tag_set":"nyt_labels","tag_sets_id":1963,"tags_id":9360997},{"stories_id":1855440469,"tag":"electric light and power","tag_set":"nyt_labels","tag_sets_id":1963,"tags_id":9361013},{"stories_id":1855440469,"tag":"light","tag_set":"nyt_labels","tag_sets_id":1963,"tags_id":9361014},{"stories_id":1855440469,"tag":"blackouts and brownouts (electrical)","tag_set":"nyt_labels","tag_sets_id":1963,"tags_id":9361015},{"stories_id":1855440469,"tag":"New York Times","tag_set":"cliff_organizations","tag_sets_id":2388,"tags_id":9362756},{"stories_id":1855440469,"tag":"Abbott","tag_set":"cliff_people","tag_sets_id":2389,"tags_id":9405365},{"stories_id":1855440469,"tag":"Electric Reliability Council of Texas","tag_set":"cliff_organizations","tag_sets_id":2388,"tags_id":9553971},{"stories_id":1855440469,"tag":"Ryan Christopher Jones","tag_set":"cliff_people","tag_sets_id":2389,"tags_id":11402439},{"stories_id":1855440469,"tag":"Justin Chavez","tag_set":"cliff_people","tag_sets_id":2389,"tags_id":39436648},{"stories_id":1855440469,"tag":"readability-lxml-0.8.1","tag_set":"extractor_version","tag_sets_id":1354,"tags_id":228516910},{"stories_id":1855440469,"tag":"cliff_clavin_v2.6.1","tag_set":"geocoder_version","tag_sets_id":1937,"tags_id":228516911}],"title":"As One Brutal Storm Leaves Millions Without Power, Another Gains Steam","url":"https://www.nytimes.com/live/2021/02/17/us/winter-snow-storm-live/","word_count":null}]