[{"ap_syndicated":null,"collect_date":"2021-02-17 11:18:48.610714","feeds":null,"guid":"{21005575-02D4-D4B5-4572-D292800FD93F}","language":"en","media_id":1150,"media_name":null,"media_url":null,"processed_stories_id":null,"publish_date":"2021-02-17 10:52:00","stories_id":1855012595,"story_tags":[{"stories_id":1855012595,"tag":"geonames_6252001","tag_set":"mc-geocoder@media.mit.edu","tag_sets_id":1011,"tags_id":8878461},{"stories_id":1855012595,"tag":"geonames_4736286","tag_set":"mc-geocoder@media.mit.edu","tag_sets_id":1011,"tags_id":8878538},{"stories_id":1855012595,"tag":"nyt_labeller_v1.0.0","tag_set":"nyt_labels_version","tag_sets_id":1964,"tags_id":9360669},{"stories_id":1855012595,"tag":"finances","tag_set":"nyt_labels","tag_sets_id":1963,"tags_id":9360840},{"stories_id":1855012595,"tag":"oil (petroleum) and gasoline","tag_set":"nyt_labels","tag_sets_id":1963,"tags_id":9360884},{"stories_id":1855012595,"tag":"prices (fares, fees and rates)","tag_set":"nyt_labels","tag_sets_id":1963,"tags_id":9360996},{"stories_id":1855012595,"tag":"energy and power","tag_set":"nyt_labels","tag_sets_id":1963,"tags_id":9360997},{"stories_id":1855012595,"tag":"electric light and power","tag_set":"nyt_labels","tag_sets_id":1963,"tags_id":9361013},{"stories_id":1855012595,"tag":"light","tag_set":"nyt_labels","tag_sets_id":1963,"tags_id":9361014},{"stories_id":1855012595,"tag":"production","tag_set":"nyt_labels","tag_sets_id":1963,"tags_id":9361181},{"stories_id":1855012595,"tag":"Wall Street Journal","tag_set":"cliff_organizations","tag_sets_id":2388,"tags_id":9366539},{"stories_id":1855012595,"tag":"OPEC","tag_set":"cliff_organizations","tag_sets_id":2388,"tags_id":9375035},{"stories_id":1855012595,"tag":"New York Mercantile Exchange","tag_set":"cliff_organizations","tag_sets_id":2388,"tags_id":9380331},{"stories_id":1855012595,"tag":"Energy Information Administration","tag_set":"cliff_organizations","tag_sets_id":2388,"tags_id":9380334},{"stories_id":1855012595,"tag":"S&P Global Platts","tag_set":"cliff_organizations","tag_sets_id":2388,"tags_id":9388911},{"stories_id":1855012595,"tag":"Commerzbank","tag_set":"cliff_organizations","tag_sets_id":2388,"tags_id":9392768},{"stories_id":1855012595,"tag":"Schneider Electric","tag_set":"cliff_organizations","tag_sets_id":2388,"tags_id":9444891},{"stories_id":1855012595,"tag":"Organization of the Petroleum Exporting Countries","tag_set":"cliff_organizations","tag_sets_id":2388,"tags_id":9793731},{"stories_id":1855012595,"tag":"Robbie Fraser","tag_set":"cliff_people","tag_sets_id":2389,"tags_id":11356551},{"stories_id":1855012595,"tag":"S&P Global Platts Analytics","tag_set":"cliff_organizations","tag_sets_id":2388,"tags_id":29487493},{"stories_id":1855012595,"tag":"global research and analytics","tag_set":"cliff_organizations","tag_sets_id":2388,"tags_id":29898389},{"stories_id":1855012595,"tag":"readability-lxml-0.8.1","tag_set":"extractor_version","tag_sets_id":1354,"tags_id":228516910},{"stories_id":1855012595,"tag":"cliff_clavin_v2.6.1","tag_set":"geocoder_version","tag_sets_id":1937,"tags_id":228516911}],"title":"Futures Movers: Oil prices extend rise as Texas disruptions continue","url":"http://www.marketwatch.com/news/story.asp?guid=%7B21005575-02D4-D4B5-4572-D292800FD93F%7D&siteid=rss&rss=1","word_count":null}]