[{"ap_syndicated":null,"collect_date":"2021-02-22 11:22:26.915512","feeds":null,"guid":"SB10794130600134193862004587299790159138940","language":"en","media_id":1150,"media_name":null,"media_url":null,"processed_stories_id":null,"publish_date":"2021-02-22 10:18:00","stories_id":1859863062,"story_tags":[{"stories_id":1859863062,"tag":"geonames_6252001","tag_set":"mc-geocoder@media.mit.edu","tag_sets_id":1011,"tags_id":8878461},{"stories_id":1859863062,"tag":"geonames_4736286","tag_set":"mc-geocoder@media.mit.edu","tag_sets_id":1011,"tags_id":8878538},{"stories_id":1859863062,"tag":"geonames_4138106","tag_set":"mc-geocoder@media.mit.edu","tag_sets_id":1011,"tags_id":8878827},{"stories_id":1859863062,"tag":"geonames_4140963","tag_set":"mc-geocoder@media.mit.edu","tag_sets_id":1011,"tags_id":8880349},{"stories_id":1859863062,"tag":"geonames_4717560","tag_set":"mc-geocoder@media.mit.edu","tag_sets_id":1011,"tags_id":8883238},{"stories_id":1859863062,"tag":"nyt_labeller_v1.0.0","tag_set":"nyt_labels_version","tag_sets_id":1964,"tags_id":9360669},{"stories_id":1859863062,"tag":"finances","tag_set":"nyt_labels","tag_sets_id":1963,"tags_id":9360840},{"stories_id":1859863062,"tag":"taxation","tag_set":"nyt_labels","tag_sets_id":1963,"tags_id":9360882},{"stories_id":1859863062,"tag":"banks and banking","tag_set":"nyt_labels","tag_sets_id":1963,"tags_id":9360943},{"stories_id":1859863062,"tag":"stocks and bonds","tag_set":"nyt_labels","tag_sets_id":1963,"tags_id":9361012},{"stories_id":1859863062,"tag":"Treasury","tag_set":"cliff_organizations","tag_sets_id":2388,"tags_id":9363650},{"stories_id":1859863062,"tag":"Biden","tag_set":"cliff_people","tag_sets_id":2389,"tags_id":9365736},{"stories_id":1859863062,"tag":"Fed","tag_set":"cliff_organizations","tag_sets_id":2388,"tags_id":9367877},{"stories_id":1859863062,"tag":"Janet Yellen","tag_set":"cliff_people","tag_sets_id":2389,"tags_id":9367882},{"stories_id":1859863062,"tag":"Federal Reserve","tag_set":"cliff_organizations","tag_sets_id":2388,"tags_id":9368261},{"stories_id":1859863062,"tag":"Kate Davidson","tag_set":"cliff_people","tag_sets_id":2389,"tags_id":9639215},{"stories_id":1859863062,"tag":"New York Times DealBook","tag_set":"cliff_organizations","tag_sets_id":2388,"tags_id":9737065},{"stories_id":1859863062,"tag":"Jim Watson/AFP","tag_set":"cliff_people","tag_sets_id":2389,"tags_id":10053443},{"stories_id":1859863062,"tag":"readability-lxml-0.8.1","tag_set":"extractor_version","tag_sets_id":1354,"tags_id":228516910},{"stories_id":1859863062,"tag":"cliff_clavin_v2.6.1","tag_set":"geocoder_version","tag_sets_id":1937,"tags_id":228516911}],"title":"Treasury May Be Able to Facilitate Climate Stress Tests","url":"https://www.wsj.com/articles/treasury-may-be-able-to-facilitate-climate-stress-tests-on-u-s-financial-firms-11614004778?mod=pls_whats_news_us_business_f","word_count":null}]