[{"ap_syndicated":null,"collect_date":"2021-02-26 05:52:41.931790","feeds":null,"guid":"https://www.nytimes.com/2021/02/26/opinion/ezra-klein-podcast-leah-stokes-david-wallace-wells.html","language":"en","media_id":1,"media_name":null,"media_url":null,"processed_stories_id":null,"publish_date":"2021-02-26 05:00:08","stories_id":1864005382,"story_tags":[{"stories_id":1864005382,"tag":"geonames_6252001","tag_set":"mc-geocoder@media.mit.edu","tag_sets_id":1011,"tags_id":8878461},{"stories_id":1864005382,"tag":"geonames_4736286","tag_set":"mc-geocoder@media.mit.edu","tag_sets_id":1011,"tags_id":8878538},{"stories_id":1864005382,"tag":"geonames_4717560","tag_set":"mc-geocoder@media.mit.edu","tag_sets_id":1011,"tags_id":8883238},{"stories_id":1864005382,"tag":"nyt_labeller_v1.0.0","tag_set":"nyt_labels_version","tag_sets_id":1964,"tags_id":9360669},{"stories_id":1864005382,"tag":"politics and government","tag_set":"nyt_labels","tag_sets_id":1963,"tags_id":9360836},{"stories_id":1864005382,"tag":"global warming","tag_set":"nyt_labels","tag_sets_id":1963,"tags_id":9360886},{"stories_id":1864005382,"tag":"environment","tag_set":"nyt_labels","tag_sets_id":1963,"tags_id":9360887},{"stories_id":1864005382,"tag":"weather","tag_set":"nyt_labels","tag_sets_id":1963,"tags_id":9360902},{"stories_id":1864005382,"tag":"energy and power","tag_set":"nyt_labels","tag_sets_id":1963,"tags_id":9360997},{"stories_id":1864005382,"tag":"electric light and power","tag_set":"nyt_labels","tag_sets_id":1963,"tags_id":9361013},{"stories_id":1864005382,"tag":"light","tag_set":"nyt_labels","tag_sets_id":1963,"tags_id":9361014},{"stories_id":1864005382,"tag":"blackouts and brownouts (electrical)","tag_set":"nyt_labels","tag_sets_id":1963,"tags_id":9361015},{"stories_id":1864005382,"tag":"Elon Musk","tag_set":"cliff_organizations","tag_sets_id":2388,"tags_id":9365056},{"stories_id":1864005382,"tag":"Biden","tag_set":"cliff_people","tag_sets_id":2389,"tags_id":9365736},{"stories_id":1864005382,"tag":"Ezra Klein","tag_set":"cliff_people","tag_sets_id":2389,"tags_id":9365852},{"stories_id":1864005382,"tag":"David Wallace-Wells","tag_set":"cliff_people","tag_sets_id":2389,"tags_id":9398131},{"stories_id":1864005382,"tag":"University of California, Santa Barbara","tag_set":"cliff_organizations","tag_sets_id":2388,"tags_id":9699606},{"stories_id":1864005382,"tag":"Leah Stokes","tag_set":"cliff_people","tag_sets_id":2389,"tags_id":33918733},{"stories_id":1864005382,"tag":"Texas power grid","tag_set":"cliff_organizations","tag_sets_id":2388,"tags_id":45762177},{"stories_id":1864005382,"tag":"readability-lxml-0.8.1","tag_set":"extractor_version","tag_sets_id":1354,"tags_id":228516910},{"stories_id":1864005382,"tag":"cliff_clavin_v2.6.1","tag_set":"geocoder_version","tag_sets_id":1937,"tags_id":228516911}],"title":"The Case for, and Against, Climate Optimism","url":"https://www.nytimes.com/2021/02/26/opinion/ezra-klein-podcast-leah-stokes-david-wallace-wells.html","word_count":null}]