[{"ap_syndicated":null,"collect_date":"2021-03-01 08:28:00.392562","feeds":null,"guid":"{21005575-02D4-D4B5-4572-D2C996A8BF64}","language":"en","media_id":1150,"media_name":null,"media_url":null,"processed_stories_id":null,"publish_date":"2021-03-01 08:11:00","stories_id":1866580114,"story_tags":[{"stories_id":1866580114,"tag":"nyt_labeller_v1.0.0","tag_set":"nyt_labels_version","tag_sets_id":1964,"tags_id":9360669},{"stories_id":1866580114,"tag":"finances","tag_set":"nyt_labels","tag_sets_id":1963,"tags_id":9360840},{"stories_id":1866580114,"tag":"stocks and bonds","tag_set":"nyt_labels","tag_sets_id":1963,"tags_id":9361012},{"stories_id":1866580114,"tag":"S&P","tag_set":"cliff_organizations","tag_sets_id":2388,"tags_id":9368263},{"stories_id":1866580114,"tag":"J.P. Morgan","tag_set":"cliff_organizations","tag_sets_id":2388,"tags_id":9384277},{"stories_id":1866580114,"tag":"FactSet","tag_set":"cliff_organizations","tag_sets_id":2388,"tags_id":9419501},{"stories_id":1866580114,"tag":"Plug Power Inc.","tag_set":"cliff_organizations","tag_sets_id":2388,"tags_id":11318980},{"stories_id":1866580114,"tag":"Paul Coster","tag_set":"cliff_people","tag_sets_id":2389,"tags_id":17580728},{"stories_id":1866580114,"tag":"Andrew Marsh","tag_set":"cliff_people","tag_sets_id":2389,"tags_id":29777444},{"stories_id":1866580114,"tag":"readability-lxml-0.8.1","tag_set":"extractor_version","tag_sets_id":1354,"tags_id":228516910},{"stories_id":1866580114,"tag":"cliff_clavin_v2.6.1","tag_set":"geocoder_version","tag_sets_id":1937,"tags_id":228516911}],"title":"The Ratings Game: Plug Power stock jumps after J.P. Morgan says it’s a good time to buy","url":"http://www.marketwatch.com/news/story.asp?guid=%7B21005575-02D4-D4B5-4572-D2C996A8BF64%7D&siteid=rss&rss=1","word_count":null}]