[{"ap_syndicated":null,"collect_date":"2021-03-05 00:47:41.251207","feeds":null,"guid":"https://nypost.com/2021/03/05/texas-power-operators-overcharged-companies-16-billion/","language":"en","media_id":7,"media_name":null,"media_url":null,"processed_stories_id":null,"publish_date":"2021-03-05 00:44:38","stories_id":1870452973,"story_tags":[{"stories_id":1870452973,"tag":"nyt_labeller_v1.0.0","tag_set":"nyt_labels_version","tag_sets_id":1964,"tags_id":9360669},{"stories_id":1870452973,"tag":"finances","tag_set":"nyt_labels","tag_sets_id":1963,"tags_id":9360840},{"stories_id":1870452973,"tag":"prices (fares, fees and rates)","tag_set":"nyt_labels","tag_sets_id":1963,"tags_id":9360996},{"stories_id":1870452973,"tag":"energy and power","tag_set":"nyt_labels","tag_sets_id":1963,"tags_id":9360997},{"stories_id":1870452973,"tag":"electric light and power","tag_set":"nyt_labels","tag_sets_id":1963,"tags_id":9361013},{"stories_id":1870452973,"tag":"light","tag_set":"nyt_labels","tag_sets_id":1963,"tags_id":9361014},{"stories_id":1870452973,"tag":"blackouts and brownouts (electrical)","tag_set":"nyt_labels","tag_sets_id":1963,"tags_id":9361015},{"stories_id":1870452973,"tag":"Bloomberg","tag_set":"cliff_organizations","tag_sets_id":2388,"tags_id":9363116},{"stories_id":1870452973,"tag":"EDF","tag_set":"cliff_organizations","tag_sets_id":2388,"tags_id":9366473},{"stories_id":1870452973,"tag":"Public Utility Commission","tag_set":"cliff_organizations","tag_sets_id":2388,"tags_id":9527858},{"stories_id":1870452973,"tag":"Electric Reliability Council of Texas","tag_set":"cliff_organizations","tag_sets_id":2388,"tags_id":9553971},{"stories_id":1870452973,"tag":"ERCOT","tag_set":"cliff_people","tag_sets_id":2389,"tags_id":9614704},{"stories_id":1870452973,"tag":"Potomac Economics","tag_set":"cliff_organizations","tag_sets_id":2388,"tags_id":9760054},{"stories_id":1870452973,"tag":"Texas power","tag_set":"cliff_organizations","tag_sets_id":2388,"tags_id":74604732},{"stories_id":1870452973,"tag":"Carrie Bivens","tag_set":"cliff_people","tag_sets_id":2389,"tags_id":81595291},{"stories_id":1870452973,"tag":"readability-lxml-0.8.1","tag_set":"extractor_version","tag_sets_id":1354,"tags_id":228516910},{"stories_id":1870452973,"tag":"cliff_clavin_v2.6.1","tag_set":"geocoder_version","tag_sets_id":1937,"tags_id":228516911},{"stories_id":1870452973,"tag":"Texas’ independent market monitor Potomac Economics","tag_set":"cliff_organizations","tag_sets_id":2388,"tags_id":230229738}],"title":"Texas power grid operator overcharged companies $16B during winter freeze","url":"https://nypost.com/2021/03/05/texas-power-operators-overcharged-companies-16-billion/","word_count":null}]