[{"ap_syndicated":null,"collect_date":"2021-03-09 11:18:42.578916","feeds":null,"guid":"SB10527538733360623497804587329850154359684","language":"en","media_id":1150,"media_name":null,"media_url":null,"processed_stories_id":null,"publish_date":"2021-03-09 09:45:00","stories_id":1874275035,"story_tags":[{"stories_id":1874275035,"tag":"geonames_1814991","tag_set":"mc-geocoder@media.mit.edu","tag_sets_id":1011,"tags_id":8878478},{"stories_id":1874275035,"tag":"geonames_2038349","tag_set":"mc-geocoder@media.mit.edu","tag_sets_id":1011,"tags_id":8878603},{"stories_id":1874275035,"tag":"geonames_1816670","tag_set":"mc-geocoder@media.mit.edu","tag_sets_id":1011,"tags_id":8878606},{"stories_id":1874275035,"tag":"geonames_4140963","tag_set":"mc-geocoder@media.mit.edu","tag_sets_id":1011,"tags_id":8880349},{"stories_id":1874275035,"tag":"geonames_4717560","tag_set":"mc-geocoder@media.mit.edu","tag_sets_id":1011,"tags_id":8883238},{"stories_id":1874275035,"tag":"nyt_labeller_v1.0.0","tag_set":"nyt_labels_version","tag_sets_id":1964,"tags_id":9360669},{"stories_id":1874275035,"tag":"politics and government","tag_set":"nyt_labels","tag_sets_id":1963,"tags_id":9360836},{"stories_id":1874275035,"tag":"finances","tag_set":"nyt_labels","tag_sets_id":1963,"tags_id":9360840},{"stories_id":1874275035,"tag":"international relations","tag_set":"nyt_labels","tag_sets_id":1963,"tags_id":9360934},{"stories_id":1874275035,"tag":"banks and banking","tag_set":"nyt_labels","tag_sets_id":1963,"tags_id":9360943},{"stories_id":1874275035,"tag":"international trade and world market","tag_set":"nyt_labels","tag_sets_id":1963,"tags_id":9360983},{"stories_id":1874275035,"tag":"economic conditions and trends","tag_set":"nyt_labels","tag_sets_id":1963,"tags_id":9360989},{"stories_id":1874275035,"tag":"Treasury Department","tag_set":"cliff_organizations","tag_sets_id":2388,"tags_id":9362735},{"stories_id":1874275035,"tag":"White House","tag_set":"cliff_organizations","tag_sets_id":2388,"tags_id":9362736},{"stories_id":1874275035,"tag":"Barack Obama","tag_set":"cliff_people","tag_sets_id":2389,"tags_id":9362763},{"stories_id":1874275035,"tag":"State Department","tag_set":"cliff_organizations","tag_sets_id":2388,"tags_id":9362865},{"stories_id":1874275035,"tag":"John Podesta","tag_set":"cliff_people","tag_sets_id":2389,"tags_id":9363014},{"stories_id":1874275035,"tag":"International Monetary Fund","tag_set":"cliff_organizations","tag_sets_id":2388,"tags_id":9363248},{"stories_id":1874275035,"tag":"World Bank","tag_set":"cliff_organizations","tag_sets_id":2388,"tags_id":9363853},{"stories_id":1874275035,"tag":"State","tag_set":"cliff_organizations","tag_sets_id":2388,"tags_id":9363944},{"stories_id":1874275035,"tag":"John Kerry","tag_set":"cliff_people","tag_sets_id":2389,"tags_id":9364532},{"stories_id":1874275035,"tag":"Wang Yi","tag_set":"cliff_people","tag_sets_id":2389,"tags_id":9365357},{"stories_id":1874275035,"tag":"Biden","tag_set":"cliff_people","tag_sets_id":2389,"tags_id":9365736},{"stories_id":1874275035,"tag":"Georgetown University","tag_set":"cliff_organizations","tag_sets_id":2388,"tags_id":9366294},{"stories_id":1874275035,"tag":"Greenpeace","tag_set":"cliff_organizations","tag_sets_id":2388,"tags_id":9366431},{"stories_id":1874275035,"tag":"U.S. Treasury Department","tag_set":"cliff_organizations","tag_sets_id":2388,"tags_id":9368915},{"stories_id":1874275035,"tag":"Deutsche Bank","tag_set":"cliff_organizations","tag_sets_id":2388,"tags_id":9376405},{"stories_id":1874275035,"tag":"People’s Bank of China","tag_set":"cliff_organizations","tag_sets_id":2388,"tags_id":9377527},{"stories_id":1874275035,"tag":"Li Shuo","tag_set":"cliff_people","tag_sets_id":2389,"tags_id":9394686},{"stories_id":1874275035,"tag":"Yellen","tag_set":"cliff_people","tag_sets_id":2389,"tags_id":9395656},{"stories_id":1874275035,"tag":"Antony Blinken","tag_set":"cliff_people","tag_sets_id":2389,"tags_id":9410673},{"stories_id":1874275035,"tag":"environment ministry","tag_set":"cliff_organizations","tag_sets_id":2388,"tags_id":9468567},{"stories_id":1874275035,"tag":"Xie Zhenhua","tag_set":"cliff_people","tag_sets_id":2389,"tags_id":9485116},{"stories_id":1874275035,"tag":"Ma Jun","tag_set":"cliff_people","tag_sets_id":2389,"tags_id":9562701},{"stories_id":1874275035,"tag":"Yi Gang","tag_set":"cliff_people","tag_sets_id":2389,"tags_id":9721698},{"stories_id":1874275035,"tag":"Sha Hua","tag_set":"cliff_people","tag_sets_id":2389,"tags_id":13954859},{"stories_id":1874275035,"tag":"Center for American Progress think tank","tag_set":"cliff_organizations","tag_sets_id":2388,"tags_id":26813037},{"stories_id":1874275035,"tag":"Messrs. Kerry","tag_set":"cliff_people","tag_sets_id":2389,"tags_id":32516051},{"stories_id":1874275035,"tag":"—Bob Davis","tag_set":"cliff_people","tag_sets_id":2389,"tags_id":51157946},{"stories_id":1874275035,"tag":"Boston University’s Global Development Policy Center","tag_set":"cliff_organizations","tag_sets_id":2388,"tags_id":53267887},{"stories_id":1874275035,"tag":"Crystal Tai","tag_set":"cliff_organizations","tag_sets_id":2388,"tags_id":63334401},{"stories_id":1874275035,"tag":"readability-lxml-0.8.1","tag_set":"extractor_version","tag_sets_id":1354,"tags_id":228516910},{"stories_id":1874275035,"tag":"cliff_clavin_v2.6.1","tag_set":"geocoder_version","tag_sets_id":1937,"tags_id":228516911}],"title":"U.S and China Engage, Tentatively, on Climate Change","url":"https://www.wsj.com/articles/u-s-and-china-engage-tentatively-on-climate-change-11615301108","word_count":null}]