[{"ap_syndicated":null,"collect_date":"2021-03-15 13:44:03.919633","feeds":null,"guid":"https://www.nytimes.com/live/2021/03/15/business/stock-market-today/airlines-say-demand-is-picking-up-as-vaccinations-accelerate","language":"en","media_id":1,"media_name":null,"media_url":null,"processed_stories_id":null,"publish_date":"2021-03-15 13:28:53","stories_id":1879616786,"story_tags":[{"stories_id":1879616786,"tag":"geonames_1814991","tag_set":"mc-geocoder@media.mit.edu","tag_sets_id":1011,"tags_id":8878478},{"stories_id":1879616786,"tag":"geonames_5879400","tag_set":"mc-geocoder@media.mit.edu","tag_sets_id":1011,"tags_id":8879787},{"stories_id":1879616786,"tag":"geonames_1529047","tag_set":"mc-geocoder@media.mit.edu","tag_sets_id":1011,"tags_id":8879919},{"stories_id":1879616786,"tag":"nyt_labeller_v1.0.0","tag_set":"nyt_labels_version","tag_sets_id":1964,"tags_id":9360669},{"stories_id":1879616786,"tag":"medicine and health","tag_set":"nyt_labels","tag_sets_id":1963,"tags_id":9360852},{"stories_id":1879616786,"tag":"airlines and airplanes","tag_set":"nyt_labels","tag_sets_id":1963,"tags_id":9360940},{"stories_id":1879616786,"tag":"diseases and conditions","tag_set":"nyt_labels","tag_sets_id":1963,"tags_id":9360942},{"stories_id":1879616786,"tag":"travel and vacations","tag_set":"nyt_labels","tag_sets_id":1963,"tags_id":9361022},{"stories_id":1879616786,"tag":"New York Times","tag_set":"cliff_organizations","tag_sets_id":2388,"tags_id":9362756},{"stories_id":1879616786,"tag":"Trump","tag_set":"cliff_people","tag_sets_id":2389,"tags_id":9362872},{"stories_id":1879616786,"tag":"state","tag_set":"cliff_organizations","tag_sets_id":2388,"tags_id":9363067},{"stories_id":1879616786,"tag":"American Airlines","tag_set":"cliff_organizations","tag_sets_id":2388,"tags_id":9363464},{"stories_id":1879616786,"tag":"E.U.","tag_set":"cliff_organizations","tag_sets_id":2388,"tags_id":9365392},{"stories_id":1879616786,"tag":"Biden","tag_set":"cliff_people","tag_sets_id":2389,"tags_id":9365736},{"stories_id":1879616786,"tag":"Jake Sullivan","tag_set":"cliff_people","tag_sets_id":2389,"tags_id":9368626},{"stories_id":1879616786,"tag":"United","tag_set":"cliff_organizations","tag_sets_id":2388,"tags_id":9369432},{"stories_id":1879616786,"tag":"Rick","tag_set":"cliff_people","tag_sets_id":2389,"tags_id":9378628},{"stories_id":1879616786,"tag":"Delta","tag_set":"cliff_organizations","tag_sets_id":2388,"tags_id":9381122},{"stories_id":1879616786,"tag":"Antony J. Blinken","tag_set":"cliff_people","tag_sets_id":2389,"tags_id":9385584},{"stories_id":1879616786,"tag":"United Airlines","tag_set":"cliff_organizations","tag_sets_id":2388,"tags_id":9389662},{"stories_id":1879616786,"tag":"Southwest","tag_set":"cliff_organizations","tag_sets_id":2388,"tags_id":9390631},{"stories_id":1879616786,"tag":"Transportation Security Administration","tag_set":"cliff_organizations","tag_sets_id":2388,"tags_id":9405998},{"stories_id":1879616786,"tag":"Delta Air Lines","tag_set":"cliff_organizations","tag_sets_id":2388,"tags_id":9414741},{"stories_id":1879616786,"tag":"Southwest Airlines","tag_set":"cliff_organizations","tag_sets_id":2388,"tags_id":9414743},{"stories_id":1879616786,"tag":"Doug Parker","tag_set":"cliff_people","tag_sets_id":2389,"tags_id":9414744},{"stories_id":1879616786,"tag":"Richard Trumka","tag_set":"cliff_people","tag_sets_id":2389,"tags_id":9457659},{"stories_id":1879616786,"tag":"Ed Bastian","tag_set":"cliff_people","tag_sets_id":2389,"tags_id":9499161},{"stories_id":1879616786,"tag":"Scott Kirby","tag_set":"cliff_people","tag_sets_id":2389,"tags_id":9646279},{"stories_id":1879616786,"tag":"the AFL-CIO","tag_set":"cliff_organizations","tag_sets_id":2388,"tags_id":9706006},{"stories_id":1879616786,"tag":"J.P. Morgan conference","tag_set":"cliff_organizations","tag_sets_id":2388,"tags_id":10420017},{"stories_id":1879616786,"tag":"International Department","tag_set":"cliff_organizations","tag_sets_id":2388,"tags_id":10921584},{"stories_id":1879616786,"tag":"Gilles Sabrié","tag_set":"cliff_people","tag_sets_id":2389,"tags_id":11238580},{"stories_id":1879616786,"tag":"Cathy Feingold","tag_set":"cliff_people","tag_sets_id":2389,"tags_id":28340619},{"stories_id":1879616786,"tag":"Construction Corp","tag_set":"cliff_organizations","tag_sets_id":2388,"tags_id":28849806},{"stories_id":1879616786,"tag":"readability-lxml-0.8.1","tag_set":"extractor_version","tag_sets_id":1354,"tags_id":228516910},{"stories_id":1879616786,"tag":"cliff_clavin_v2.6.1","tag_set":"geocoder_version","tag_sets_id":1937,"tags_id":228516911},{"stories_id":1879616786,"tag":"J.P. Morgan Industrial Conference","tag_set":"cliff_organizations","tag_sets_id":2388,"tags_id":230946892}],"title":"Airlines say demand is picking up as vaccinations accelerate.","url":"https://www.nytimes.com/live/2021/03/15/business/stock-market-today/airlines-say-demand-is-picking-up-as-vaccinations-accelerate","word_count":null}]