[{"ap_syndicated":null,"collect_date":"2021-03-26 13:12:06.068522","feeds":null,"guid":"21005575-02D4-D4B5-4572-D33CAE543802","language":"en","media_id":1150,"media_name":null,"media_url":null,"processed_stories_id":null,"publish_date":"2021-03-26 12:11:00","stories_id":1889369755,"story_tags":[{"stories_id":1889369755,"tag":"geonames_6252001","tag_set":"mc-geocoder@media.mit.edu","tag_sets_id":1011,"tags_id":8878461},{"stories_id":1889369755,"tag":"geonames_5332921","tag_set":"mc-geocoder@media.mit.edu","tag_sets_id":1011,"tags_id":8878533},{"stories_id":1889369755,"tag":"geonames_4736286","tag_set":"mc-geocoder@media.mit.edu","tag_sets_id":1011,"tags_id":8878538},{"stories_id":1889369755,"tag":"geonames_5378538","tag_set":"mc-geocoder@media.mit.edu","tag_sets_id":1011,"tags_id":8878695},{"stories_id":1889369755,"tag":"geonames_4717560","tag_set":"mc-geocoder@media.mit.edu","tag_sets_id":1011,"tags_id":8883238},{"stories_id":1889369755,"tag":"geonames_3393129","tag_set":"mc-geocoder@media.mit.edu","tag_sets_id":1011,"tags_id":8888266},{"stories_id":1889369755,"tag":"nyt_labeller_v1.0.0","tag_set":"nyt_labels_version","tag_sets_id":1964,"tags_id":9360669},{"stories_id":1889369755,"tag":"Walmart","tag_set":"cliff_organizations","tag_sets_id":2388,"tags_id":9363718},{"stories_id":1889369755,"tag":"World Bank","tag_set":"cliff_organizations","tag_sets_id":2388,"tags_id":9363853},{"stories_id":1889369755,"tag":"Amazon","tag_set":"cliff_organizations","tag_sets_id":2388,"tags_id":9366535},{"stories_id":1889369755,"tag":"Amazon.com","tag_set":"cliff_organizations","tag_sets_id":2388,"tags_id":9375487},{"stories_id":1889369755,"tag":"Barron","tag_set":"cliff_people","tag_sets_id":2389,"tags_id":9377356},{"stories_id":1889369755,"tag":"Wells Fargo","tag_set":"cliff_organizations","tag_sets_id":2388,"tags_id":9384609},{"stories_id":1889369755,"tag":"Amazon AMZN","tag_set":"cliff_organizations","tag_sets_id":2388,"tags_id":9390154},{"stories_id":1889369755,"tag":"MarketWatch","tag_set":"cliff_people","tag_sets_id":2389,"tags_id":9390157},{"stories_id":1889369755,"tag":"Gen Z","tag_set":"cliff_organizations","tag_sets_id":2388,"tags_id":9503827},{"stories_id":1889369755,"tag":"Tonya Garcia","tag_set":"cliff_people","tag_sets_id":2389,"tags_id":9673315},{"stories_id":1889369755,"tag":"Walmart WMT","tag_set":"cliff_organizations","tag_sets_id":2388,"tags_id":9679812},{"stories_id":1889369755,"tag":"James Reinhart","tag_set":"cliff_people","tag_sets_id":2389,"tags_id":9696163},{"stories_id":1889369755,"tag":"ThredUp","tag_set":"cliff_people","tag_sets_id":2389,"tags_id":52549573},{"stories_id":1889369755,"tag":"ThredUp Inc.","tag_set":"cliff_organizations","tag_sets_id":2388,"tags_id":61718532},{"stories_id":1889369755,"tag":"MarktWatch","tag_set":"cliff_people","tag_sets_id":2389,"tags_id":101232827},{"stories_id":1889369755,"tag":"readability-lxml-0.8.1","tag_set":"extractor_version","tag_sets_id":1354,"tags_id":228516910},{"stories_id":1889369755,"tag":"cliff_clavin_v2.6.1","tag_set":"geocoder_version","tag_sets_id":1937,"tags_id":228516911}],"title":"IPO Report: ThredUp CEO on IPO day: Don’t tax resale and Amazon’s speed is a fading trend for young shoppers","url":"http://www.marketwatch.com/news/story.asp?guid=21005575-02D4-D4B5-4572-D33CAE543802&siteid=rss&rss=1","word_count":null}]