[{"ap_syndicated":null,"collect_date":"2021-03-29 14:08:35.844715","feeds":null,"guid":"https://nypost.com/?post_type=article&p=17691421","language":"en","media_id":7,"media_name":null,"media_url":null,"processed_stories_id":null,"publish_date":"2021-03-29 13:23:30","stories_id":1891481186,"story_tags":[{"stories_id":1891481186,"tag":"geonames_6252001","tag_set":"mc-geocoder@media.mit.edu","tag_sets_id":1011,"tags_id":8878461},{"stories_id":1891481186,"tag":"geonames_5165418","tag_set":"mc-geocoder@media.mit.edu","tag_sets_id":1011,"tags_id":8878703},{"stories_id":1891481186,"tag":"geonames_4667282","tag_set":"mc-geocoder@media.mit.edu","tag_sets_id":1011,"tags_id":8879476},{"stories_id":1891481186,"tag":"geonames_4771808","tag_set":"mc-geocoder@media.mit.edu","tag_sets_id":1011,"tags_id":8884464},{"stories_id":1891481186,"tag":"geonames_5120797","tag_set":"mc-geocoder@media.mit.edu","tag_sets_id":1011,"tags_id":8896855},{"stories_id":1891481186,"tag":"geonames_4830423","tag_set":"mc-geocoder@media.mit.edu","tag_sets_id":1011,"tags_id":8901585},{"stories_id":1891481186,"tag":"nyt_labeller_v1.0.0","tag_set":"nyt_labels_version","tag_sets_id":1964,"tags_id":9360669},{"stories_id":1891481186,"tag":"energy and power","tag_set":"nyt_labels","tag_sets_id":1963,"tags_id":9360997},{"stories_id":1891481186,"tag":"housing","tag_set":"nyt_labels","tag_sets_id":1963,"tags_id":9361048},{"stories_id":1891481186,"tag":"agriculture","tag_set":"nyt_labels","tag_sets_id":1963,"tags_id":9361156},{"stories_id":1891481186,"tag":"real estate","tag_set":"nyt_labels","tag_sets_id":1963,"tags_id":9361337},{"stories_id":1891481186,"tag":"Fox News","tag_set":"cliff_organizations","tag_sets_id":2388,"tags_id":9364167},{"stories_id":1891481186,"tag":"Biden","tag_set":"cliff_people","tag_sets_id":2389,"tags_id":9365736},{"stories_id":1891481186,"tag":"Matt","tag_set":"cliff_people","tag_sets_id":2389,"tags_id":9374268},{"stories_id":1891481186,"tag":"Natural Resources Defense Council","tag_set":"cliff_organizations","tag_sets_id":2388,"tags_id":9378230},{"stories_id":1891481186,"tag":"Hillcrest farm","tag_set":"cliff_organizations","tag_sets_id":2388,"tags_id":9750243},{"stories_id":1891481186,"tag":"Hillcrest","tag_set":"cliff_people","tag_sets_id":2389,"tags_id":9812665},{"stories_id":1891481186,"tag":"Jill Hall","tag_set":"cliff_people","tag_sets_id":2389,"tags_id":10062284},{"stories_id":1891481186,"tag":"Palomino","tag_set":"cliff_people","tag_sets_id":2389,"tags_id":10231614},{"stories_id":1891481186,"tag":"Ohio Power Siting Board","tag_set":"cliff_organizations","tag_sets_id":2388,"tags_id":11403630},{"stories_id":1891481186,"tag":"Brad Cochran","tag_set":"cliff_people","tag_sets_id":2389,"tags_id":31065780},{"stories_id":1891481186,"tag":"Daniel Sawmiller","tag_set":"cliff_people","tag_sets_id":2389,"tags_id":32033590},{"stories_id":1891481186,"tag":"Innergex","tag_set":"cliff_organizations","tag_sets_id":2388,"tags_id":33689285},{"stories_id":1891481186,"tag":"Bill Behling","tag_set":"cliff_people","tag_sets_id":2389,"tags_id":142764992},{"stories_id":1891481186,"tag":"readability-lxml-0.8.1","tag_set":"extractor_version","tag_sets_id":1354,"tags_id":228516910},{"stories_id":1891481186,"tag":"cliff_clavin_v2.6.1","tag_set":"geocoder_version","tag_sets_id":1937,"tags_id":228516911},{"stories_id":1891481186,"tag":"Fox News One renewable energy company","tag_set":"cliff_organizations","tag_sets_id":2388,"tags_id":231835661}],"title":"Deep-red rural Ohio’s solar energy boom divides farming communities","url":"https://nypost.com/2021/03/29/deep-red-rural-ohios-solar-energy-boom-divides-farming-communities/","word_count":null}]