[{"ap_syndicated":null,"collect_date":"2021-03-30 13:03:18.050844","feeds":null,"guid":"https://www.washingtonpost.com/opinions/2021/03/30/biden-is-facing-roosevelt-moment/?utm_source=rss&utm_medium=referral&utm_campaign=wp_opinions","language":"en","media_id":2,"media_name":null,"media_url":null,"processed_stories_id":null,"publish_date":"2021-03-30 08:00:36","stories_id":1892496292,"story_tags":[{"stories_id":1892496292,"tag":"geonames_6252001","tag_set":"mc-geocoder@media.mit.edu","tag_sets_id":1011,"tags_id":8878461},{"stories_id":1892496292,"tag":"nyt_labeller_v1.0.0","tag_set":"nyt_labels_version","tag_sets_id":1964,"tags_id":9360669},{"stories_id":1892496292,"tag":"politics and government","tag_set":"nyt_labels","tag_sets_id":1963,"tags_id":9360836},{"stories_id":1892496292,"tag":"finances","tag_set":"nyt_labels","tag_sets_id":1963,"tags_id":9360840},{"stories_id":1892496292,"tag":"united states politics and government","tag_set":"nyt_labels","tag_sets_id":1963,"tags_id":9360846},{"stories_id":1892496292,"tag":"budgets and budgeting","tag_set":"nyt_labels","tag_sets_id":1963,"tags_id":9360850},{"stories_id":1892496292,"tag":"medicine and health","tag_set":"nyt_labels","tag_sets_id":1963,"tags_id":9360852},{"stories_id":1892496292,"tag":"labor","tag_set":"nyt_labels","tag_sets_id":1963,"tags_id":9360859},{"stories_id":1892496292,"tag":"editorials","tag_set":"nyt_labels","tag_sets_id":1963,"tags_id":9360894},{"stories_id":1892496292,"tag":"economic conditions and trends","tag_set":"nyt_labels","tag_sets_id":1963,"tags_id":9360989},{"stories_id":1892496292,"tag":"united states economy","tag_set":"nyt_labels","tag_sets_id":1963,"tags_id":9360990},{"stories_id":1892496292,"tag":"Senate","tag_set":"cliff_organizations","tag_sets_id":2388,"tags_id":9362741},{"stories_id":1892496292,"tag":"Washington Post","tag_set":"cliff_organizations","tag_sets_id":2388,"tags_id":9362798},{"stories_id":1892496292,"tag":"Mitch McConnell","tag_set":"cliff_people","tag_sets_id":2389,"tags_id":9362936},{"stories_id":1892496292,"tag":"Congress","tag_set":"cliff_organizations","tag_sets_id":2388,"tags_id":9362962},{"stories_id":1892496292,"tag":"Biden","tag_set":"cliff_people","tag_sets_id":2389,"tags_id":9365736},{"stories_id":1892496292,"tag":"Cory Booker","tag_set":"cliff_people","tag_sets_id":2389,"tags_id":9365894},{"stories_id":1892496292,"tag":"Sanders","tag_set":"cliff_people","tag_sets_id":2389,"tags_id":9378384},{"stories_id":1892496292,"tag":"National Domestic Workers Alliance","tag_set":"cliff_organizations","tag_sets_id":2388,"tags_id":9384050},{"stories_id":1892496292,"tag":"Pramila Jayapal","tag_set":"cliff_people","tag_sets_id":2389,"tags_id":9447853},{"stories_id":1892496292,"tag":"Congressional Progressive Caucus","tag_set":"cliff_organizations","tag_sets_id":2388,"tags_id":9521967},{"stories_id":1892496292,"tag":"progressive wing of the Democratic Party","tag_set":"cliff_organizations","tag_sets_id":2388,"tags_id":10275900},{"stories_id":1892496292,"tag":"ARP","tag_set":"cliff_organizations","tag_sets_id":2388,"tags_id":10877441},{"stories_id":1892496292,"tag":"readability-lxml-0.8.1","tag_set":"extractor_version","tag_sets_id":1354,"tags_id":228516910},{"stories_id":1892496292,"tag":"cliff_clavin_v2.6.1","tag_set":"geocoder_version","tag_sets_id":1937,"tags_id":228516911}],"title":"Biden is facing a Roosevelt moment","url":"https://www.washingtonpost.com/opinions/2021/03/30/biden-is-facing-roosevelt-moment/?utm_source=rss&utm_medium=referral&utm_campaign=wp_opinions","word_count":null}]