[{"ap_syndicated":null,"collect_date":"2021-04-19 15:24:06.271451","feeds":null,"guid":"https://www.nytimes.com/live/2021/04/19/us/joe-biden-news/trump-lindsey-graham-golf","language":"en","media_id":1,"media_name":null,"media_url":null,"processed_stories_id":null,"publish_date":"2021-04-19 15:19:10","stories_id":1906411003,"story_tags":[{"stories_id":1906411003,"tag":"geonames_6252001","tag_set":"mc-geocoder@media.mit.edu","tag_sets_id":1011,"tags_id":8878461},{"stories_id":1906411003,"tag":"geonames_4155751","tag_set":"mc-geocoder@media.mit.edu","tag_sets_id":1011,"tags_id":8878477},{"stories_id":1906411003,"tag":"geonames_4544379","tag_set":"mc-geocoder@media.mit.edu","tag_sets_id":1011,"tags_id":8878726},{"stories_id":1906411003,"tag":"geonames_4667282","tag_set":"mc-geocoder@media.mit.edu","tag_sets_id":1011,"tags_id":8879476},{"stories_id":1906411003,"tag":"geonames_4544349","tag_set":"mc-geocoder@media.mit.edu","tag_sets_id":1011,"tags_id":8880679},{"stories_id":1906411003,"tag":"nyt_labeller_v1.0.0","tag_set":"nyt_labels_version","tag_sets_id":1964,"tags_id":9360669},{"stories_id":1906411003,"tag":"politics and government","tag_set":"nyt_labels","tag_sets_id":1963,"tags_id":9360836},{"stories_id":1906411003,"tag":"law and legislation","tag_set":"nyt_labels","tag_sets_id":1963,"tags_id":9360837},{"stories_id":1906411003,"tag":"finances","tag_set":"nyt_labels","tag_sets_id":1963,"tags_id":9360840},{"stories_id":1906411003,"tag":"united states politics and government","tag_set":"nyt_labels","tag_sets_id":1963,"tags_id":9360846},{"stories_id":1906411003,"tag":"energy and power","tag_set":"nyt_labels","tag_sets_id":1963,"tags_id":9360997},{"stories_id":1906411003,"tag":"Supreme Court","tag_set":"cliff_organizations","tag_sets_id":2388,"tags_id":9362719},{"stories_id":1906411003,"tag":"White House","tag_set":"cliff_organizations","tag_sets_id":2388,"tags_id":9362736},{"stories_id":1906411003,"tag":"Senate","tag_set":"cliff_organizations","tag_sets_id":2388,"tags_id":9362741},{"stories_id":1906411003,"tag":"Donald J. Trump","tag_set":"cliff_people","tag_sets_id":2389,"tags_id":9362749},{"stories_id":1906411003,"tag":"New York Times","tag_set":"cliff_organizations","tag_sets_id":2388,"tags_id":9362756},{"stories_id":1906411003,"tag":"Mitch McConnell","tag_set":"cliff_people","tag_sets_id":2389,"tags_id":9362936},{"stories_id":1906411003,"tag":"Congress","tag_set":"cliff_organizations","tag_sets_id":2388,"tags_id":9362962},{"stories_id":1906411003,"tag":"Department of Justice","tag_set":"cliff_organizations","tag_sets_id":2388,"tags_id":9363210},{"stories_id":1906411003,"tag":"Justice Department","tag_set":"cliff_organizations","tag_sets_id":2388,"tags_id":9363280},{"stories_id":1906411003,"tag":"Kamala Harris","tag_set":"cliff_people","tag_sets_id":2389,"tags_id":9363331},{"stories_id":1906411003,"tag":"Republican National Committee","tag_set":"cliff_organizations","tag_sets_id":2388,"tags_id":9363384},{"stories_id":1906411003,"tag":"Lindsey Graham","tag_set":"cliff_people","tag_sets_id":2389,"tags_id":9363637},{"stories_id":1906411003,"tag":"Biden","tag_set":"cliff_people","tag_sets_id":2389,"tags_id":9365736},{"stories_id":1906411003,"tag":"Sarah Huckabee Sanders","tag_set":"cliff_people","tag_sets_id":2389,"tags_id":9366456},{"stories_id":1906411003,"tag":"Mar-a-Lago","tag_set":"cliff_organizations","tag_sets_id":2388,"tags_id":9366940},{"stories_id":1906411003,"tag":"Moody’s Analytics","tag_set":"cliff_organizations","tag_sets_id":2388,"tags_id":9368259},{"stories_id":1906411003,"tag":"Rick Scott","tag_set":"cliff_people","tag_sets_id":2389,"tags_id":9371402},{"stories_id":1906411003,"tag":"Merrick Garland","tag_set":"cliff_people","tag_sets_id":2389,"tags_id":9376567},{"stories_id":1906411003,"tag":"transportation","tag_set":"cliff_organizations","tag_sets_id":2388,"tags_id":9382393},{"stories_id":1906411003,"tag":"Alfred P. Murrah","tag_set":"cliff_people","tag_sets_id":2389,"tags_id":9400510},{"stories_id":1906411003,"tag":"Jason Smith","tag_set":"cliff_people","tag_sets_id":2389,"tags_id":9400652},{"stories_id":1906411003,"tag":"National Republican Senatorial Committee","tag_set":"cliff_organizations","tag_sets_id":2388,"tags_id":9412839},{"stories_id":1906411003,"tag":"Billy Long","tag_set":"cliff_people","tag_sets_id":2389,"tags_id":9427152},{"stories_id":1906411003,"tag":"Merrick B. Garland","tag_set":"cliff_people","tag_sets_id":2389,"tags_id":9474932},{"stories_id":1906411003,"tag":"North Carolina Law Review","tag_set":"cliff_organizations","tag_sets_id":2388,"tags_id":9483260},{"stories_id":1906411003,"tag":"Pete Buttigieg","tag_set":"cliff_people","tag_sets_id":2389,"tags_id":9504322},{"stories_id":1906411003,"tag":"united Republican","tag_set":"cliff_organizations","tag_sets_id":2388,"tags_id":9559401},{"stories_id":1906411003,"tag":"Carolyn Kaster/Associated","tag_set":"cliff_people","tag_sets_id":2389,"tags_id":10412004},{"stories_id":1906411003,"tag":"Trump Graham","tag_set":"cliff_people","tag_sets_id":2389,"tags_id":11695848},{"stories_id":1906411003,"tag":"N.R.S.C.","tag_set":"cliff_organizations","tag_sets_id":2388,"tags_id":29909102},{"stories_id":1906411003,"tag":"Erin Schaff/The","tag_set":"cliff_people","tag_sets_id":2389,"tags_id":44896930},{"stories_id":1906411003,"tag":"Amr Alfiky/The New York Times","tag_set":"cliff_organizations","tag_sets_id":2388,"tags_id":179552350},{"stories_id":1906411003,"tag":"Punchbowl News","tag_set":"cliff_organizations","tag_sets_id":2388,"tags_id":225553087},{"stories_id":1906411003,"tag":"readability-lxml-0.8.1","tag_set":"extractor_version","tag_sets_id":1354,"tags_id":228516910},{"stories_id":1906411003,"tag":"cliff_clavin_v2.6.1","tag_set":"geocoder_version","tag_sets_id":1937,"tags_id":228516911}],"title":"Trump and Lindsey Graham Will Hold Golf Fund-Raiser","url":"https://www.nytimes.com/live/2021/04/19/us/joe-biden-news/trump-lindsey-graham-golf","word_count":null}]