[{"ap_syndicated":null,"collect_date":"2021-04-28 20:56:23.607242","feeds":null,"guid":"SB10177742283261594853404587431141395322860","language":"en","media_id":1150,"media_name":null,"media_url":null,"processed_stories_id":null,"publish_date":"2021-04-28 19:21:00","stories_id":1915831102,"story_tags":[{"stories_id":1915831102,"tag":"geonames_6252001","tag_set":"mc-geocoder@media.mit.edu","tag_sets_id":1011,"tags_id":8878461},{"stories_id":1915831102,"tag":"geonames_5128638","tag_set":"mc-geocoder@media.mit.edu","tag_sets_id":1011,"tags_id":8878463},{"stories_id":1915831102,"tag":"geonames_4138106","tag_set":"mc-geocoder@media.mit.edu","tag_sets_id":1011,"tags_id":8878827},{"stories_id":1915831102,"tag":"geonames_4140963","tag_set":"mc-geocoder@media.mit.edu","tag_sets_id":1011,"tags_id":8880349},{"stories_id":1915831102,"tag":"nyt_labeller_v1.0.0","tag_set":"nyt_labels_version","tag_sets_id":1964,"tags_id":9360669},{"stories_id":1915831102,"tag":"politics and government","tag_set":"nyt_labels","tag_sets_id":1963,"tags_id":9360836},{"stories_id":1915831102,"tag":"finances","tag_set":"nyt_labels","tag_sets_id":1963,"tags_id":9360840},{"stories_id":1915831102,"tag":"united states politics and government","tag_set":"nyt_labels","tag_sets_id":1963,"tags_id":9360846},{"stories_id":1915831102,"tag":"labor","tag_set":"nyt_labels","tag_sets_id":1963,"tags_id":9360859},{"stories_id":1915831102,"tag":"taxation","tag_set":"nyt_labels","tag_sets_id":1963,"tags_id":9360882},{"stories_id":1915831102,"tag":"united states economy","tag_set":"nyt_labels","tag_sets_id":1963,"tags_id":9360990},{"stories_id":1915831102,"tag":"retirement","tag_set":"nyt_labels","tag_sets_id":1963,"tags_id":9361043},{"stories_id":1915831102,"tag":"pensions and retirement plans","tag_set":"nyt_labels","tag_sets_id":1963,"tags_id":9361062},{"stories_id":1915831102,"tag":"Congress","tag_set":"cliff_organizations","tag_sets_id":2388,"tags_id":9362962},{"stories_id":1915831102,"tag":"Trump administration","tag_set":"cliff_organizations","tag_sets_id":2388,"tags_id":9362998},{"stories_id":1915831102,"tag":"Biden","tag_set":"cliff_people","tag_sets_id":2389,"tags_id":9365736},{"stories_id":1915831102,"tag":"Juliet Chung","tag_set":"cliff_people","tag_sets_id":2389,"tags_id":9421431},{"stories_id":1915831102,"tag":"Richard Rubin","tag_set":"cliff_people","tag_sets_id":2389,"tags_id":9456363},{"stories_id":1915831102,"tag":"MFA","tag_set":"cliff_organizations","tag_sets_id":2388,"tags_id":9467736},{"stories_id":1915831102,"tag":"Drew Maloney","tag_set":"cliff_people","tag_sets_id":2389,"tags_id":9476880},{"stories_id":1915831102,"tag":"National Venture Capital Association","tag_set":"cliff_organizations","tag_sets_id":2388,"tags_id":9482476},{"stories_id":1915831102,"tag":"American Investment Council","tag_set":"cliff_organizations","tag_sets_id":2388,"tags_id":9570974},{"stories_id":1915831102,"tag":"Miriam Gottfried","tag_set":"cliff_people","tag_sets_id":2389,"tags_id":9666787},{"stories_id":1915831102,"tag":"Bobby Franklin","tag_set":"cliff_people","tag_sets_id":2389,"tags_id":10069956},{"stories_id":1915831102,"tag":"Trump administration Treasury","tag_set":"cliff_organizations","tag_sets_id":2388,"tags_id":11007488},{"stories_id":1915831102,"tag":"NVCA","tag_set":"cliff_organizations","tag_sets_id":2388,"tags_id":11119108},{"stories_id":1915831102,"tag":"Bryan Corbett","tag_set":"cliff_people","tag_sets_id":2389,"tags_id":35940173},{"stories_id":1915831102,"tag":"geonames_6930486","tag_set":"mc-geocoder@media.mit.edu","tag_sets_id":1011,"tags_id":226214418},{"stories_id":1915831102,"tag":"readability-lxml-0.8.1","tag_set":"extractor_version","tag_sets_id":1354,"tags_id":228516910},{"stories_id":1915831102,"tag":"cliff_clavin_v2.6.1","tag_set":"geocoder_version","tag_sets_id":1937,"tags_id":228516911}],"title":"Private Equity and Hedge Funds, Facing a New Tax Burden, Prepare Their Defense","url":"https://www.wsj.com/articles/private-equity-and-hedge-funds-facing-a-new-tax-burden-prepare-their-defense-11619649070","word_count":null}]