[{"ap_syndicated":null,"collect_date":"2021-05-05 11:28:32.059856","feeds":null,"guid":"https://nypost.com/2021/05/05/aoc-wants-to-create-civilian-corps-to-battle-climate-change/","language":"en","media_id":7,"media_name":null,"media_url":null,"processed_stories_id":null,"publish_date":"2021-05-05 11:19:39","stories_id":1922184082,"story_tags":[{"stories_id":1922184082,"tag":"geonames_6252001","tag_set":"mc-geocoder@media.mit.edu","tag_sets_id":1011,"tags_id":8878461},{"stories_id":1922184082,"tag":"geonames_5128638","tag_set":"mc-geocoder@media.mit.edu","tag_sets_id":1011,"tags_id":8878463},{"stories_id":1922184082,"tag":"geonames_4347778","tag_set":"mc-geocoder@media.mit.edu","tag_sets_id":1011,"tags_id":8878525},{"stories_id":1922184082,"tag":"geonames_4740686","tag_set":"mc-geocoder@media.mit.edu","tag_sets_id":1011,"tags_id":8878595},{"stories_id":1922184082,"tag":"geonames_4407066","tag_set":"mc-geocoder@media.mit.edu","tag_sets_id":1011,"tags_id":8878712},{"stories_id":1922184082,"tag":"geonames_4992982","tag_set":"mc-geocoder@media.mit.edu","tag_sets_id":1011,"tags_id":8881622},{"stories_id":1922184082,"tag":"nyt_labeller_v1.0.0","tag_set":"nyt_labels_version","tag_sets_id":1964,"tags_id":9360669},{"stories_id":1922184082,"tag":"politics and government","tag_set":"nyt_labels","tag_sets_id":1963,"tags_id":9360836},{"stories_id":1922184082,"tag":"global warming","tag_set":"nyt_labels","tag_sets_id":1963,"tags_id":9360886},{"stories_id":1922184082,"tag":"environment","tag_set":"nyt_labels","tag_sets_id":1963,"tags_id":9360887},{"stories_id":1922184082,"tag":"air pollution","tag_set":"nyt_labels","tag_sets_id":1963,"tags_id":9361007},{"stories_id":1922184082,"tag":"Fox News","tag_set":"cliff_organizations","tag_sets_id":2388,"tags_id":9364167},{"stories_id":1922184082,"tag":"Biden","tag_set":"cliff_people","tag_sets_id":2389,"tags_id":9365736},{"stories_id":1922184082,"tag":"Getty","tag_set":"cliff_people","tag_sets_id":2389,"tags_id":9372559},{"stories_id":1922184082,"tag":"Franklin Delano Roosevelt","tag_set":"cliff_people","tag_sets_id":2389,"tags_id":9376783},{"stories_id":1922184082,"tag":"corps","tag_set":"cliff_organizations","tag_sets_id":2388,"tags_id":9381221},{"stories_id":1922184082,"tag":"Ed Markey","tag_set":"cliff_people","tag_sets_id":2389,"tags_id":9387136},{"stories_id":1922184082,"tag":"AOC","tag_set":"cliff_organizations","tag_sets_id":2388,"tags_id":9425892},{"stories_id":1922184082,"tag":"Edward Markey","tag_set":"cliff_people","tag_sets_id":2389,"tags_id":9532651},{"stories_id":1922184082,"tag":"Alexandria Ocasio-Cortez","tag_set":"cliff_people","tag_sets_id":2389,"tags_id":44318694},{"stories_id":1922184082,"tag":"readability-lxml-0.8.1","tag_set":"extractor_version","tag_sets_id":1354,"tags_id":228516910},{"stories_id":1922184082,"tag":"cliff_clavin_v2.6.1","tag_set":"geocoder_version","tag_sets_id":1937,"tags_id":228516911}],"title":"AOC, Democrats want to create ‘Civilian Corps’ to battle climate change","url":"https://nypost.com/2021/05/05/aoc-wants-to-create-civilian-corps-to-battle-climate-change/","word_count":null}]