[{"ap_syndicated":null,"collect_date":"2021-05-19 13:44:35.756909","feeds":null,"guid":"SB10697302483539564904404587472413765860368","language":"en","media_id":1150,"media_name":null,"media_url":null,"processed_stories_id":null,"publish_date":"2021-05-19 07:17:00","stories_id":1935975448,"story_tags":[{"stories_id":1935975448,"tag":"geonames_1269750","tag_set":"mc-geocoder@media.mit.edu","tag_sets_id":1011,"tags_id":8878677},{"stories_id":1935975448,"tag":"geonames_2112922","tag_set":"mc-geocoder@media.mit.edu","tag_sets_id":1011,"tags_id":8883137},{"stories_id":1935975448,"tag":"nyt_labeller_v1.0.0","tag_set":"nyt_labels_version","tag_sets_id":1964,"tags_id":9360669},{"stories_id":1935975448,"tag":"finances","tag_set":"nyt_labels","tag_sets_id":1963,"tags_id":9360840},{"stories_id":1935975448,"tag":"energy and power","tag_set":"nyt_labels","tag_sets_id":1963,"tags_id":9360997},{"stories_id":1935975448,"tag":"electric light and power","tag_set":"nyt_labels","tag_sets_id":1963,"tags_id":9361013},{"stories_id":1935975448,"tag":"light","tag_set":"nyt_labels","tag_sets_id":1963,"tags_id":9361014},{"stories_id":1935975448,"tag":"mergers, acquisitions and divestitures","tag_set":"nyt_labels","tag_sets_id":1963,"tags_id":9361071},{"stories_id":1935975448,"tag":"Mohammed bin Salman","tag_set":"cliff_people","tag_sets_id":2389,"tags_id":9363796},{"stories_id":1935975448,"tag":"Adani","tag_set":"cliff_people","tag_sets_id":2389,"tags_id":9366437},{"stories_id":1935975448,"tag":"SoftBank","tag_set":"cliff_organizations","tag_sets_id":2388,"tags_id":9388833},{"stories_id":1935975448,"tag":"WSJ","tag_set":"cliff_organizations","tag_sets_id":2388,"tags_id":9396028},{"stories_id":1935975448,"tag":"Masayoshi Son","tag_set":"cliff_people","tag_sets_id":2389,"tags_id":9505822},{"stories_id":1935975448,"tag":"Adani Green Energy","tag_set":"cliff_organizations","tag_sets_id":2388,"tags_id":11156278},{"stories_id":1935975448,"tag":"Bharti Group","tag_set":"cliff_organizations","tag_sets_id":2388,"tags_id":11695903},{"stories_id":1935975448,"tag":"Group Corp.","tag_set":"cliff_organizations","tag_sets_id":2388,"tags_id":31048780},{"stories_id":1935975448,"tag":"Phred Dvorak","tag_set":"cliff_people","tag_sets_id":2389,"tags_id":33761339},{"stories_id":1935975448,"tag":"Adani Green Energy Ltd.","tag_set":"cliff_organizations","tag_sets_id":2388,"tags_id":46417501},{"stories_id":1935975448,"tag":"geonames_2112923","tag_set":"mc-geocoder@media.mit.edu","tag_sets_id":1011,"tags_id":50243217},{"stories_id":1935975448,"tag":"readability-lxml-0.8.1","tag_set":"extractor_version","tag_sets_id":1354,"tags_id":228516910},{"stories_id":1935975448,"tag":"cliff_clavin_v2.6.1","tag_set":"geocoder_version","tag_sets_id":1937,"tags_id":228516911}],"title":"SoftBank Sells Renewable-Energy Unit in India","url":"https://www.wsj.com/articles/softbank-sells-renewable-energy-unit-in-india-11621423025?mod=pls_whats_news_us_business_f","word_count":null}]