[{"ap_syndicated":null,"collect_date":"2021-05-29 07:12:41.848337","feeds":null,"guid":"https://www.nytimes.com/2021/05/28/us/politics/biden-climate-change-fossil-fuels.html","language":"en","media_id":1,"media_name":null,"media_url":null,"processed_stories_id":null,"publish_date":"2021-05-28 18:10:06","stories_id":1944932716,"story_tags":[{"stories_id":1944932716,"tag":"geonames_6252001","tag_set":"mc-geocoder@media.mit.edu","tag_sets_id":1011,"tags_id":8878461},{"stories_id":1944932716,"tag":"geonames_5879092","tag_set":"mc-geocoder@media.mit.edu","tag_sets_id":1011,"tags_id":8878759},{"stories_id":1944932716,"tag":"geonames_5878102","tag_set":"mc-geocoder@media.mit.edu","tag_sets_id":1011,"tags_id":8885862},{"stories_id":1944932716,"tag":"nyt_labeller_v1.0.0","tag_set":"nyt_labels_version","tag_sets_id":1964,"tags_id":9360669},{"stories_id":1944932716,"tag":"politics and government","tag_set":"nyt_labels","tag_sets_id":1963,"tags_id":9360836},{"stories_id":1944932716,"tag":"united states politics and government","tag_set":"nyt_labels","tag_sets_id":1963,"tags_id":9360846},{"stories_id":1944932716,"tag":"oil (petroleum) and gasoline","tag_set":"nyt_labels","tag_sets_id":1963,"tags_id":9360884},{"stories_id":1944932716,"tag":"global warming","tag_set":"nyt_labels","tag_sets_id":1963,"tags_id":9360886},{"stories_id":1944932716,"tag":"environment","tag_set":"nyt_labels","tag_sets_id":1963,"tags_id":9360887},{"stories_id":1944932716,"tag":"weather","tag_set":"nyt_labels","tag_sets_id":1963,"tags_id":9360902},{"stories_id":1944932716,"tag":"White House","tag_set":"cliff_organizations","tag_sets_id":2388,"tags_id":9362736},{"stories_id":1944932716,"tag":"Trump","tag_set":"cliff_people","tag_sets_id":2389,"tags_id":9362872},{"stories_id":1944932716,"tag":"Congress","tag_set":"cliff_organizations","tag_sets_id":2388,"tags_id":9362962},{"stories_id":1944932716,"tag":"Trump administration","tag_set":"cliff_organizations","tag_sets_id":2388,"tags_id":9362998},{"stories_id":1944932716,"tag":"Joe Biden","tag_set":"cliff_people","tag_sets_id":2389,"tags_id":9363134},{"stories_id":1944932716,"tag":"Kafka","tag_set":"cliff_people","tag_sets_id":2389,"tags_id":9365589},{"stories_id":1944932716,"tag":"Interior Department","tag_set":"cliff_organizations","tag_sets_id":2388,"tags_id":9367363},{"stories_id":1944932716,"tag":"Lisa Murkowski","tag_set":"cliff_people","tag_sets_id":2389,"tags_id":9368354},{"stories_id":1944932716,"tag":"Joe Manchin","tag_set":"cliff_people","tag_sets_id":2389,"tags_id":9374828},{"stories_id":1944932716,"tag":"ConocoPhillips","tag_set":"cliff_organizations","tag_sets_id":2388,"tags_id":9383602},{"stories_id":1944932716,"tag":"Bill McKibben","tag_set":"cliff_people","tag_sets_id":2389,"tags_id":9408953},{"stories_id":1944932716,"tag":"Lisa Friedman","tag_set":"cliff_people","tag_sets_id":2389,"tags_id":9421208},{"stories_id":1944932716,"tag":"Don Young","tag_set":"cliff_people","tag_sets_id":2389,"tags_id":9452268},{"stories_id":1944932716,"tag":"National Petroleum Reserve","tag_set":"cliff_organizations","tag_sets_id":2388,"tags_id":9673506},{"stories_id":1944932716,"tag":"Deb Haaland","tag_set":"cliff_people","tag_sets_id":2389,"tags_id":10756652},{"stories_id":1944932716,"tag":"readability-lxml-0.8.1","tag_set":"extractor_version","tag_sets_id":1354,"tags_id":228516910},{"stories_id":1944932716,"tag":"cliff_clavin_v2.6.1","tag_set":"geocoder_version","tag_sets_id":1937,"tags_id":228516911}],"title":"Why Biden Isn’t Cracking Down on Fossil Fuels","url":"https://www.nytimes.com/2021/05/28/us/politics/biden-climate-change-fossil-fuels.html","word_count":null}]