[{"ap_syndicated":null,"collect_date":"2021-06-16 17:16:35.794726","feeds":null,"guid":"https://nypost.com/?post_type=article&p=18544880","language":"en","media_id":7,"media_name":null,"media_url":null,"processed_stories_id":null,"publish_date":"2021-06-16 17:10:01","stories_id":1963159268,"story_tags":[{"stories_id":1963159268,"tag":"geonames_2635167","tag_set":"mc-geocoder@media.mit.edu","tag_sets_id":1011,"tags_id":8878466},{"stories_id":1963159268,"tag":"geonames_6269131","tag_set":"mc-geocoder@media.mit.edu","tag_sets_id":1011,"tags_id":8878467},{"stories_id":1963159268,"tag":"geonames_2643743","tag_set":"mc-geocoder@media.mit.edu","tag_sets_id":1011,"tags_id":8878473},{"stories_id":1963159268,"tag":"nyt_labeller_v1.0.0","tag_set":"nyt_labels_version","tag_sets_id":1964,"tags_id":9360669},{"stories_id":1963159268,"tag":"global warming","tag_set":"nyt_labels","tag_sets_id":1963,"tags_id":9360886},{"stories_id":1963159268,"tag":"environment","tag_set":"nyt_labels","tag_sets_id":1963,"tags_id":9360887},{"stories_id":1963159268,"tag":"weather","tag_set":"nyt_labels","tag_sets_id":1963,"tags_id":9360902},{"stories_id":1963159268,"tag":"electric light and power","tag_set":"nyt_labels","tag_sets_id":1963,"tags_id":9361013},{"stories_id":1963159268,"tag":"drought","tag_set":"nyt_labels","tag_sets_id":1963,"tags_id":9361230},{"stories_id":1963159268,"tag":"Boris Johnson","tag_set":"cliff_people","tag_sets_id":2389,"tags_id":9363715},{"stories_id":1963159268,"tag":"Augstein","tag_set":"cliff_people","tag_sets_id":2389,"tags_id":10044133},{"stories_id":1963159268,"tag":"Chris Stark","tag_set":"cliff_people","tag_sets_id":2389,"tags_id":10423472},{"stories_id":1963159268,"tag":"Julia King","tag_set":"cliff_people","tag_sets_id":2389,"tags_id":30471914},{"stories_id":1963159268,"tag":"AP Photo/Alberto Pezzali","tag_set":"cliff_people","tag_sets_id":2389,"tags_id":185313696},{"stories_id":1963159268,"tag":"readability-lxml-0.8.1","tag_set":"extractor_version","tag_sets_id":1354,"tags_id":228516910},{"stories_id":1963159268,"tag":"cliff_clavin_v2.6.1","tag_set":"geocoder_version","tag_sets_id":1937,"tags_id":228516911}],"title":"Experts say UK is losing race to adapt to climate change","url":"https://nypost.com/2021/06/16/experts-say-uk-is-losing-race-to-adapt-to-climate-change/","word_count":null}]