[{"ap_syndicated":null,"collect_date":"2021-06-24 18:17:43.237230","feeds":null,"guid":"https://www.usatoday.com/story/opinion/2021/06/24/how-joe-biden-congress-can-fix-americas-neglected-school-buildings/5302926001/","language":"en","media_id":4,"media_name":null,"media_url":null,"processed_stories_id":null,"publish_date":"2021-06-24 06:01:32","stories_id":1971330947,"story_tags":[{"stories_id":1971330947,"tag":"geonames_6252001","tag_set":"mc-geocoder@media.mit.edu","tag_sets_id":1011,"tags_id":8878461},{"stories_id":1971330947,"tag":"geonames_4887398","tag_set":"mc-geocoder@media.mit.edu","tag_sets_id":1011,"tags_id":8878485},{"stories_id":1971330947,"tag":"geonames_4099753","tag_set":"mc-geocoder@media.mit.edu","tag_sets_id":1011,"tags_id":8878762},{"stories_id":1971330947,"tag":"geonames_4100525","tag_set":"mc-geocoder@media.mit.edu","tag_sets_id":1011,"tags_id":8886007},{"stories_id":1971330947,"tag":"nyt_labeller_v1.0.0","tag_set":"nyt_labels_version","tag_sets_id":1964,"tags_id":9360669},{"stories_id":1971330947,"tag":"education and schools","tag_set":"nyt_labels","tag_sets_id":1963,"tags_id":9360833},{"stories_id":1971330947,"tag":"finances","tag_set":"nyt_labels","tag_sets_id":1963,"tags_id":9360840},{"stories_id":1971330947,"tag":"budgets and budgeting","tag_set":"nyt_labels","tag_sets_id":1963,"tags_id":9360850},{"stories_id":1971330947,"tag":"medicine and health","tag_set":"nyt_labels","tag_sets_id":1963,"tags_id":9360852},{"stories_id":1971330947,"tag":"environment","tag_set":"nyt_labels","tag_sets_id":1963,"tags_id":9360887},{"stories_id":1971330947,"tag":"Congress","tag_set":"cliff_organizations","tag_sets_id":2388,"tags_id":9362962},{"stories_id":1971330947,"tag":"Joe Biden","tag_set":"cliff_people","tag_sets_id":2389,"tags_id":9363134},{"stories_id":1971330947,"tag":"George Miller","tag_set":"cliff_people","tag_sets_id":2389,"tags_id":9365933},{"stories_id":1971330947,"tag":"American Federation of Teachers","tag_set":"cliff_organizations","tag_sets_id":2388,"tags_id":9370098},{"stories_id":1971330947,"tag":"Randi Weingarten","tag_set":"cliff_people","tag_sets_id":2389,"tags_id":9370104},{"stories_id":1971330947,"tag":"Jack Reed","tag_set":"cliff_people","tag_sets_id":2389,"tags_id":9386463},{"stories_id":1971330947,"tag":"Bobby Scott","tag_set":"cliff_people","tag_sets_id":2389,"tags_id":9416284},{"stories_id":1971330947,"tag":"Aspen Institute","tag_set":"cliff_organizations","tag_sets_id":2388,"tags_id":9461128},{"stories_id":1971330947,"tag":"John B. King","tag_set":"cliff_people","tag_sets_id":2389,"tags_id":9524603},{"stories_id":1971330947,"tag":"House Education and Labor Committee","tag_set":"cliff_organizations","tag_sets_id":2388,"tags_id":9726086},{"stories_id":1971330947,"tag":"readability-lxml-0.8.1","tag_set":"extractor_version","tag_sets_id":1354,"tags_id":228516910},{"stories_id":1971330947,"tag":"cliff_clavin_v2.6.1","tag_set":"geocoder_version","tag_sets_id":1937,"tags_id":228516911}],"title":"Our schools are in poor condition. Here's how to give kids a better learning environment.","url":"http://rssfeeds.usatoday.com/~/655441520/0/news-opinion~Our-schools-are-in-poor-condition-Heres-how-to-give-kids-a-better-learning-environment/","word_count":null}]