[{"ap_syndicated":null,"collect_date":"2021-07-16 17:56:36.983902","feeds":null,"guid":"https://nypost.com/2021/07/16/greenland-nixes-fossil-fuels-future-does-not-lie-in-oil/","language":"en","media_id":7,"media_name":null,"media_url":null,"processed_stories_id":null,"publish_date":"2021-07-16 17:45:30","stories_id":1992686757,"story_tags":[{"stories_id":1992686757,"tag":"geonames_3425505","tag_set":"mc-geocoder@media.mit.edu","tag_sets_id":1011,"tags_id":8880004},{"stories_id":1992686757,"tag":"nyt_labeller_v1.0.0","tag_set":"nyt_labels_version","tag_sets_id":1964,"tags_id":9360669},{"stories_id":1992686757,"tag":"oil (petroleum) and gasoline","tag_set":"nyt_labels","tag_sets_id":1963,"tags_id":9360884},{"stories_id":1992686757,"tag":"environment","tag_set":"nyt_labels","tag_sets_id":1963,"tags_id":9360887},{"stories_id":1992686757,"tag":"energy and power","tag_set":"nyt_labels","tag_sets_id":1963,"tags_id":9360997},{"stories_id":1992686757,"tag":"gas (fuel)","tag_set":"nyt_labels","tag_sets_id":1963,"tags_id":9361098},{"stories_id":1992686757,"tag":"Associated Press","tag_set":"cliff_organizations","tag_sets_id":2388,"tags_id":9362784},{"stories_id":1992686757,"tag":"Greenpeace","tag_set":"cliff_organizations","tag_sets_id":2388,"tags_id":9366431},{"stories_id":1992686757,"tag":"US Geological survey","tag_set":"cliff_organizations","tag_sets_id":2388,"tags_id":32574879},{"stories_id":1992686757,"tag":"Inuit Ataqatigiit party","tag_set":"cliff_organizations","tag_sets_id":2388,"tags_id":60083845},{"stories_id":1992686757,"tag":"readability-lxml-0.8.1","tag_set":"extractor_version","tag_sets_id":1354,"tags_id":228516910},{"stories_id":1992686757,"tag":"cliff_clavin_v2.6.1","tag_set":"geocoder_version","tag_sets_id":1937,"tags_id":228516911}],"title":"Greenland nixes fossil fuels: ‘The future does not lie in oil’","url":"https://nypost.com/2021/07/16/greenland-nixes-fossil-fuels-future-does-not-lie-in-oil/","word_count":null}]