[{"ap_syndicated":null,"collect_date":"2021-07-17 15:30:39.809722","feeds":null,"guid":"https://www.nytimes.com/2021/07/17/opinion/biden-climate-change.html","language":"en","media_id":1,"media_name":null,"media_url":null,"processed_stories_id":null,"publish_date":"2021-07-17 14:30:08","stories_id":1993364386,"story_tags":[{"stories_id":1993364386,"tag":"geonames_6252001","tag_set":"mc-geocoder@media.mit.edu","tag_sets_id":1011,"tags_id":8878461},{"stories_id":1993364386,"tag":"geonames_4662168","tag_set":"mc-geocoder@media.mit.edu","tag_sets_id":1011,"tags_id":8878725},{"stories_id":1993364386,"tag":"geonames_4667282","tag_set":"mc-geocoder@media.mit.edu","tag_sets_id":1011,"tags_id":8879476},{"stories_id":1993364386,"tag":"nyt_labeller_v1.0.0","tag_set":"nyt_labels_version","tag_sets_id":1964,"tags_id":9360669},{"stories_id":1993364386,"tag":"politics and government","tag_set":"nyt_labels","tag_sets_id":1963,"tags_id":9360836},{"stories_id":1993364386,"tag":"global warming","tag_set":"nyt_labels","tag_sets_id":1963,"tags_id":9360886},{"stories_id":1993364386,"tag":"environment","tag_set":"nyt_labels","tag_sets_id":1963,"tags_id":9360887},{"stories_id":1993364386,"tag":"editorials","tag_set":"nyt_labels","tag_sets_id":1963,"tags_id":9360894},{"stories_id":1993364386,"tag":"White House","tag_set":"cliff_organizations","tag_sets_id":2388,"tags_id":9362736},{"stories_id":1993364386,"tag":"Barack Obama","tag_set":"cliff_people","tag_sets_id":2389,"tags_id":9362763},{"stories_id":1993364386,"tag":"Trump","tag_set":"cliff_people","tag_sets_id":2389,"tags_id":9362872},{"stories_id":1993364386,"tag":"Congress","tag_set":"cliff_organizations","tag_sets_id":2388,"tags_id":9362962},{"stories_id":1993364386,"tag":"Joe Biden","tag_set":"cliff_people","tag_sets_id":2389,"tags_id":9363134},{"stories_id":1993364386,"tag":"Bill Clinton","tag_set":"cliff_people","tag_sets_id":2389,"tags_id":9363221},{"stories_id":1993364386,"tag":"Theodore Roosevelt","tag_set":"cliff_people","tag_sets_id":2389,"tags_id":9363223},{"stories_id":1993364386,"tag":"Jimmy Carter","tag_set":"cliff_people","tag_sets_id":2389,"tags_id":9363557},{"stories_id":1993364386,"tag":"Interior","tag_set":"cliff_organizations","tag_sets_id":2388,"tags_id":9363817},{"stories_id":1993364386,"tag":"Environmental Protection Agency","tag_set":"cliff_organizations","tag_sets_id":2388,"tags_id":9363956},{"stories_id":1993364386,"tag":"Teddy Roosevelt","tag_set":"cliff_people","tag_sets_id":2389,"tags_id":9411026},{"stories_id":1993364386,"tag":"Deb Haaland","tag_set":"cliff_people","tag_sets_id":2389,"tags_id":10756652},{"stories_id":1993364386,"tag":"readability-lxml-0.8.1","tag_set":"extractor_version","tag_sets_id":1354,"tags_id":228516910},{"stories_id":1993364386,"tag":"cliff_clavin_v2.6.1","tag_set":"geocoder_version","tag_sets_id":1937,"tags_id":228516911}],"title":"Biden’s Made Progress on Climate, Even if Activists Can’t See It","url":"https://www.nytimes.com/2021/07/17/opinion/biden-climate-change.html","word_count":null}]