[{"ap_syndicated":null,"collect_date":"2021-07-28 08:43:56.456953","feeds":null,"guid":"https://nypost.com/2021/07/28/florida-raids-conducted-in-wake-of-haitian-presidents-assassination/","language":"en","media_id":7,"media_name":null,"media_url":null,"processed_stories_id":null,"publish_date":"2021-07-28 08:39:17","stories_id":2003367828,"story_tags":[{"stories_id":2003367828,"tag":"geonames_6252001","tag_set":"mc-geocoder@media.mit.edu","tag_sets_id":1011,"tags_id":8878461},{"stories_id":2003367828,"tag":"geonames_4155751","tag_set":"mc-geocoder@media.mit.edu","tag_sets_id":1011,"tags_id":8878477},{"stories_id":2003367828,"tag":"geonames_4177965","tag_set":"mc-geocoder@media.mit.edu","tag_sets_id":1011,"tags_id":8880850},{"stories_id":2003367828,"tag":"geonames_4178003","tag_set":"mc-geocoder@media.mit.edu","tag_sets_id":1011,"tags_id":8882403},{"stories_id":2003367828,"tag":"geonames_4153471","tag_set":"mc-geocoder@media.mit.edu","tag_sets_id":1011,"tags_id":8883838},{"stories_id":2003367828,"tag":"nyt_labeller_v1.0.0","tag_set":"nyt_labels_version","tag_sets_id":1964,"tags_id":9360669},{"stories_id":2003367828,"tag":"terrorism","tag_set":"nyt_labels","tag_sets_id":1963,"tags_id":9360900},{"stories_id":2003367828,"tag":"crime and criminals","tag_set":"nyt_labels","tag_sets_id":1963,"tags_id":9360912},{"stories_id":2003367828,"tag":"assassinations and attempted assassinations","tag_set":"nyt_labels","tag_sets_id":1963,"tags_id":9361255},{"stories_id":2003367828,"tag":"FBI","tag_set":"cliff_organizations","tag_sets_id":2388,"tags_id":9362961},{"stories_id":2003367828,"tag":"Charles","tag_set":"cliff_people","tag_sets_id":2389,"tags_id":9369005},{"stories_id":2003367828,"tag":"Herald","tag_set":"cliff_organizations","tag_sets_id":2388,"tags_id":9369249},{"stories_id":2003367828,"tag":"Miami Herald","tag_set":"cliff_organizations","tag_sets_id":2388,"tags_id":9374209},{"stories_id":2003367828,"tag":"Jovenel Moïse","tag_set":"cliff_people","tag_sets_id":2389,"tags_id":9387223},{"stories_id":2003367828,"tag":"Homeland Security","tag_set":"cliff_organizations","tag_sets_id":2388,"tags_id":9456797},{"stories_id":2003367828,"tag":"CTU","tag_set":"cliff_organizations","tag_sets_id":2388,"tags_id":9509612},{"stories_id":2003367828,"tag":"US Attorney’s Office","tag_set":"cliff_organizations","tag_sets_id":2388,"tags_id":10029540},{"stories_id":2003367828,"tag":"Robert Nicholson","tag_set":"cliff_people","tag_sets_id":2389,"tags_id":10725931},{"stories_id":2003367828,"tag":"Joseph Tesmond","tag_set":"cliff_people","tag_sets_id":2389,"tags_id":31768706},{"stories_id":2003367828,"tag":"Homeland Security agents","tag_set":"cliff_organizations","tag_sets_id":2388,"tags_id":32384309},{"stories_id":2003367828,"tag":"acco r ding","tag_set":"cliff_people","tag_sets_id":2389,"tags_id":162477601},{"stories_id":2003367828,"tag":"geonames_7219456","tag_set":"mc-geocoder@media.mit.edu","tag_sets_id":1011,"tags_id":226214534},{"stories_id":2003367828,"tag":"readability-lxml-0.8.1","tag_set":"extractor_version","tag_sets_id":1354,"tags_id":228516910},{"stories_id":2003367828,"tag":"cliff_clavin_v2.6.1","tag_set":"geocoder_version","tag_sets_id":1937,"tags_id":228516911},{"stories_id":2003367828,"tag":"Antonio Intriago","tag_set":"cliff_people","tag_sets_id":2389,"tags_id":238903821},{"stories_id":2003367828,"tag":"Christian Emmanuel Sanon","tag_set":"cliff_people","tag_sets_id":2389,"tags_id":238994411},{"stories_id":2003367828,"tag":"Walter Veintemilla","tag_set":"cliff_people","tag_sets_id":2389,"tags_id":239238379},{"stories_id":2003367828,"tag":"Veintemilla","tag_set":"cliff_organizations","tag_sets_id":2388,"tags_id":240071734},{"stories_id":2003367828,"tag":"Gilberto Lacayo","tag_set":"cliff_people","tag_sets_id":2389,"tags_id":240071735},{"stories_id":2003367828,"tag":"Marc Hervé Abélard Veintemilla","tag_set":"cliff_people","tag_sets_id":2389,"tags_id":240114991}],"title":"Feds conduct South Florida raids amid probe of Haitian president’s assassination","url":"https://nypost.com/2021/07/28/florida-raids-conducted-in-wake-of-haitian-presidents-assassination/","word_count":null}]