[{"ap_syndicated":null,"collect_date":"2021-11-24 04:04:21.192659","feeds":null,"guid":"https://www.nytimes.com/2021/11/17/climate/climate-newsletter-deforestation.html","language":"en","media_id":1,"media_name":null,"media_url":null,"processed_stories_id":null,"publish_date":"2021-11-17 13:35:31","stories_id":2113707639,"story_tags":[{"stories_id":2113707639,"tag":"geonames_6252001","tag_set":"mc-geocoder@media.mit.edu","tag_sets_id":1011,"tags_id":8878461},{"stories_id":2113707639,"tag":"geonames_6254925","tag_set":"mc-geocoder@media.mit.edu","tag_sets_id":1011,"tags_id":8878835},{"stories_id":2113707639,"tag":"geonames_4292826","tag_set":"mc-geocoder@media.mit.edu","tag_sets_id":1011,"tags_id":9026771},{"stories_id":2113707639,"tag":"nyt_labeller_v1.0.0","tag_set":"nyt_labels_version","tag_sets_id":1964,"tags_id":9360669},{"stories_id":2113707639,"tag":"politics and government","tag_set":"nyt_labels","tag_sets_id":1963,"tags_id":9360836},{"stories_id":2113707639,"tag":"united states politics and government","tag_set":"nyt_labels","tag_sets_id":1963,"tags_id":9360846},{"stories_id":2113707639,"tag":"global warming","tag_set":"nyt_labels","tag_sets_id":1963,"tags_id":9360886},{"stories_id":2113707639,"tag":"environment","tag_set":"nyt_labels","tag_sets_id":1963,"tags_id":9360887},{"stories_id":2113707639,"tag":"weather","tag_set":"nyt_labels","tag_sets_id":1963,"tags_id":9360902},{"stories_id":2113707639,"tag":"air pollution","tag_set":"nyt_labels","tag_sets_id":1963,"tags_id":9361007},{"stories_id":2113707639,"tag":"Congress","tag_set":"cliff_organizations","tag_sets_id":2388,"tags_id":9362962},{"stories_id":2113707639,"tag":"European Union","tag_set":"cliff_organizations","tag_sets_id":2388,"tags_id":9362999},{"stories_id":2113707639,"tag":"Shell","tag_set":"cliff_organizations","tag_sets_id":2388,"tags_id":9363630},{"stories_id":2113707639,"tag":"Amazon","tag_set":"cliff_organizations","tag_sets_id":2388,"tags_id":9366535},{"stories_id":2113707639,"tag":"Will Biden","tag_set":"cliff_people","tag_sets_id":2389,"tags_id":28677342},{"stories_id":2113707639,"tag":"Simon Stiell","tag_set":"cliff_people","tag_sets_id":2389,"tags_id":28893586},{"stories_id":2113707639,"tag":"readability-lxml-0.8.1","tag_set":"extractor_version","tag_sets_id":1354,"tags_id":228516910},{"stories_id":2113707639,"tag":"cliff_clavin_v2.6.1","tag_set":"geocoder_version","tag_sets_id":1937,"tags_id":228516911}],"title":"A Times Investigation Into Amazon Deforestation","url":"https://www.nytimes.com/2021/11/17/climate/climate-newsletter-deforestation.html","word_count":null}]