[{"ap_syndicated":null,"collect_date":"2021-12-02 06:38:55.362474","feeds":null,"guid":"https://www.nytimes.com/2021/12/02/climate/europe-climate-pledge-carbon-emissions.html","language":"en","media_id":1,"media_name":null,"media_url":null,"processed_stories_id":null,"publish_date":"2021-12-02 05:02:41","stories_id":2122470708,"story_tags":[{"stories_id":2122470708,"tag":"geonames_6252001","tag_set":"mc-geocoder@media.mit.edu","tag_sets_id":1011,"tags_id":8878461},{"stories_id":2122470708,"tag":"geonames_5128638","tag_set":"mc-geocoder@media.mit.edu","tag_sets_id":1011,"tags_id":8878463},{"stories_id":2122470708,"tag":"geonames_4736286","tag_set":"mc-geocoder@media.mit.edu","tag_sets_id":1011,"tags_id":8878538},{"stories_id":2122470708,"tag":"geonames_4717560","tag_set":"mc-geocoder@media.mit.edu","tag_sets_id":1011,"tags_id":8883238},{"stories_id":2122470708,"tag":"geonames_5113681","tag_set":"mc-geocoder@media.mit.edu","tag_sets_id":1011,"tags_id":8887039},{"stories_id":2122470708,"tag":"nyt_labeller_v1.0.0","tag_set":"nyt_labels_version","tag_sets_id":1964,"tags_id":9360669},{"stories_id":2122470708,"tag":"global warming","tag_set":"nyt_labels","tag_sets_id":1963,"tags_id":9360886},{"stories_id":2122470708,"tag":"environment","tag_set":"nyt_labels","tag_sets_id":1963,"tags_id":9360887},{"stories_id":2122470708,"tag":"weather","tag_set":"nyt_labels","tag_sets_id":1963,"tags_id":9360902},{"stories_id":2122470708,"tag":"energy and power","tag_set":"nyt_labels","tag_sets_id":1963,"tags_id":9360997},{"stories_id":2122470708,"tag":"air pollution","tag_set":"nyt_labels","tag_sets_id":1963,"tags_id":9361007},{"stories_id":2122470708,"tag":"electric light and power","tag_set":"nyt_labels","tag_sets_id":1963,"tags_id":9361013},{"stories_id":2122470708,"tag":"light","tag_set":"nyt_labels","tag_sets_id":1963,"tags_id":9361014},{"stories_id":2122470708,"tag":"New York Times","tag_set":"cliff_organizations","tag_sets_id":2388,"tags_id":9362756},{"stories_id":2122470708,"tag":"United Nations","tag_set":"cliff_organizations","tag_sets_id":2388,"tags_id":9362785},{"stories_id":2122470708,"tag":"European Union","tag_set":"cliff_organizations","tag_sets_id":2388,"tags_id":9362999},{"stories_id":2122470708,"tag":"European Parliament","tag_set":"cliff_organizations","tag_sets_id":2388,"tags_id":9363193},{"stories_id":2122470708,"tag":"E.U.","tag_set":"cliff_organizations","tag_sets_id":2388,"tags_id":9365392},{"stories_id":2122470708,"tag":"Bas Eickhout","tag_set":"cliff_people","tag_sets_id":2389,"tags_id":9520351},{"stories_id":2122470708,"tag":"Yvo de Boer","tag_set":"cliff_people","tag_sets_id":2389,"tags_id":10084425},{"stories_id":2122470708,"tag":"U.S. Industrial Pellet Association","tag_set":"cliff_organizations","tag_sets_id":2388,"tags_id":33854516},{"stories_id":2122470708,"tag":"Seth Ginther","tag_set":"cliff_people","tag_sets_id":2389,"tags_id":33854521},{"stories_id":2122470708,"tag":"readability-lxml-0.8.1","tag_set":"extractor_version","tag_sets_id":1354,"tags_id":228516910},{"stories_id":2122470708,"tag":"cliff_clavin_v2.6.1","tag_set":"geocoder_version","tag_sets_id":1937,"tags_id":228516911}],"title":"Europe Met a Climate Target. But Is It Burning Less Carbon?","url":"https://www.nytimes.com/2021/12/02/climate/europe-climate-pledge-carbon-emissions.html","word_count":null}]