[{"ap_syndicated":null,"collect_date":"2021-12-03 06:01:25.806145","feeds":null,"guid":"SB11916959844825434265004588213701153541828","language":"en","media_id":1150,"media_name":null,"media_url":null,"processed_stories_id":null,"publish_date":"2021-12-03 05:30:00","stories_id":2123628182,"story_tags":[{"stories_id":2123628182,"tag":"geonames_6252001","tag_set":"mc-geocoder@media.mit.edu","tag_sets_id":1011,"tags_id":8878461},{"stories_id":2123628182,"tag":"geonames_5165418","tag_set":"mc-geocoder@media.mit.edu","tag_sets_id":1011,"tags_id":8878703},{"stories_id":2123628182,"tag":"geonames_4517009","tag_set":"mc-geocoder@media.mit.edu","tag_sets_id":1011,"tags_id":8885316},{"stories_id":2123628182,"tag":"nyt_labeller_v1.0.0","tag_set":"nyt_labels_version","tag_sets_id":1964,"tags_id":9360669},{"stories_id":2123628182,"tag":"finances","tag_set":"nyt_labels","tag_sets_id":1963,"tags_id":9360840},{"stories_id":2123628182,"tag":"energy and power","tag_set":"nyt_labels","tag_sets_id":1963,"tags_id":9360997},{"stories_id":2123628182,"tag":"electric light and power","tag_set":"nyt_labels","tag_sets_id":1963,"tags_id":9361013},{"stories_id":2123628182,"tag":"light","tag_set":"nyt_labels","tag_sets_id":1963,"tags_id":9361014},{"stories_id":2123628182,"tag":"mergers, acquisitions and divestitures","tag_set":"nyt_labels","tag_sets_id":1963,"tags_id":9361071},{"stories_id":2123628182,"tag":"Shell","tag_set":"cliff_organizations","tag_sets_id":2388,"tags_id":9363630},{"stories_id":2123628182,"tag":"Jefferies","tag_set":"cliff_organizations","tag_sets_id":2388,"tags_id":9366476},{"stories_id":2123628182,"tag":"BP","tag_set":"cliff_organizations","tag_sets_id":2388,"tags_id":9367462},{"stories_id":2123628182,"tag":"S&P","tag_set":"cliff_organizations","tag_sets_id":2388,"tags_id":9368263},{"stories_id":2123628182,"tag":"Ford Foundation","tag_set":"cliff_organizations","tag_sets_id":2388,"tags_id":9398874},{"stories_id":2123628182,"tag":"RBC Capital Markets","tag_set":"cliff_organizations","tag_sets_id":2388,"tags_id":9414542},{"stories_id":2123628182,"tag":"Giacomo Romeo","tag_set":"cliff_people","tag_sets_id":2389,"tags_id":9421071},{"stories_id":2123628182,"tag":"Eni","tag_set":"cliff_organizations","tag_sets_id":2388,"tags_id":9430086},{"stories_id":2123628182,"tag":"Exxon Mobil Corp","tag_set":"cliff_organizations","tag_sets_id":2388,"tags_id":9470075},{"stories_id":2123628182,"tag":"Repsol SA","tag_set":"cliff_organizations","tag_sets_id":2388,"tags_id":9501249},{"stories_id":2123628182,"tag":"NextEra Energy Inc.","tag_set":"cliff_organizations","tag_sets_id":2388,"tags_id":9533619},{"stories_id":2123628182,"tag":"BP PLC","tag_set":"cliff_organizations","tag_sets_id":2388,"tags_id":9608892},{"stories_id":2123628182,"tag":"Daniel Loeb","tag_set":"cliff_people","tag_sets_id":2389,"tags_id":9615818},{"stories_id":2123628182,"tag":"Iberdrola SA","tag_set":"cliff_organizations","tag_sets_id":2388,"tags_id":10066708},{"stories_id":2123628182,"tag":"Jefferies International","tag_set":"cliff_organizations","tag_sets_id":2388,"tags_id":10132013},{"stories_id":2123628182,"tag":"Acciona SA","tag_set":"cliff_organizations","tag_sets_id":2388,"tags_id":29270933},{"stories_id":2123628182,"tag":"Horeca & Catering","tag_set":"cliff_organizations","tag_sets_id":2388,"tags_id":30815741},{"stories_id":2123628182,"tag":"Biraj Borkhataria","tag_set":"cliff_people","tag_sets_id":2389,"tags_id":35402883},{"stories_id":2123628182,"tag":"readability-lxml-0.8.1","tag_set":"extractor_version","tag_sets_id":1354,"tags_id":228516910},{"stories_id":2123628182,"tag":"cliff_clavin_v2.6.1","tag_set":"geocoder_version","tag_sets_id":1937,"tags_id":228516911},{"stories_id":2123628182,"tag":"Corporacion Acciona Energias Renovables SA","tag_set":"cliff_organizations","tag_sets_id":2388,"tags_id":250289813},{"stories_id":2123628182,"tag":"Bas van Ooijen","tag_set":"cliff_people","tag_sets_id":2389,"tags_id":250289814}],"title":"While Shell Resists Breakup, Rivals See Opportunity From Spinoffs","url":"https://www.wsj.com/articles/while-shell-resists-breakup-rivals-see-opportunity-from-spinoffs-11638527400?mod=rss_markets_main","word_count":null}]