[{"ap_syndicated":null,"collect_date":"2021-12-14 05:10:09.248348","feeds":null,"guid":"https://www.nytimes.com/2021/12/14/travel/global-warming-ski-resort.html","language":"en","media_id":1,"media_name":null,"media_url":null,"processed_stories_id":null,"publish_date":"2021-12-14 05:00:16","stories_id":2135863566,"story_tags":[{"stories_id":2135863566,"tag":"geonames_6252001","tag_set":"mc-geocoder@media.mit.edu","tag_sets_id":1011,"tags_id":8878461},{"stories_id":2135863566,"tag":"geonames_5481136","tag_set":"mc-geocoder@media.mit.edu","tag_sets_id":1011,"tags_id":8879044},{"stories_id":2135863566,"tag":"geonames_5412230","tag_set":"mc-geocoder@media.mit.edu","tag_sets_id":1011,"tags_id":8879949},{"stories_id":2135863566,"tag":"geonames_2634715","tag_set":"mc-geocoder@media.mit.edu","tag_sets_id":1011,"tags_id":8883890},{"stories_id":2135863566,"tag":"nyt_labeller_v1.0.0","tag_set":"nyt_labels_version","tag_sets_id":1964,"tags_id":9360669},{"stories_id":2135863566,"tag":"weather","tag_set":"nyt_labels","tag_sets_id":1963,"tags_id":9360902},{"stories_id":2135863566,"tag":"travel and vacations","tag_set":"nyt_labels","tag_sets_id":1963,"tags_id":9361022},{"stories_id":2135863566,"tag":"skiing","tag_set":"nyt_labels","tag_sets_id":1963,"tags_id":9361238},{"stories_id":2135863566,"tag":"University of Oxford","tag_set":"cliff_organizations","tag_sets_id":2388,"tags_id":9369237},{"stories_id":2135863566,"tag":"Scott","tag_set":"cliff_people","tag_sets_id":2389,"tags_id":9369630},{"stories_id":2135863566,"tag":"University of New Hampshire","tag_set":"cliff_organizations","tag_sets_id":2388,"tags_id":9384612},{"stories_id":2135863566,"tag":"Oxford","tag_set":"cliff_organizations","tag_sets_id":2388,"tags_id":9390790},{"stories_id":2135863566,"tag":"Colorado State University","tag_set":"cliff_organizations","tag_sets_id":2388,"tags_id":9400839},{"stories_id":2135863566,"tag":"N.R.A.","tag_set":"cliff_organizations","tag_sets_id":2388,"tags_id":9453965},{"stories_id":2135863566,"tag":"Outdoor Industry Association","tag_set":"cliff_organizations","tag_sets_id":2388,"tags_id":9523396},{"stories_id":2135863566,"tag":"National Ski Areas Association","tag_set":"cliff_organizations","tag_sets_id":2388,"tags_id":9544342},{"stories_id":2135863566,"tag":"Weber State University","tag_set":"cliff_organizations","tag_sets_id":2388,"tags_id":9652113},{"stories_id":2135863566,"tag":"geonames_5455876","tag_set":"mc-geocoder@media.mit.edu","tag_sets_id":1011,"tags_id":11299554},{"stories_id":2135863566,"tag":"NSAA","tag_set":"cliff_organizations","tag_sets_id":2388,"tags_id":14779925},{"stories_id":2135863566,"tag":"geonames_5493801","tag_set":"mc-geocoder@media.mit.edu","tag_sets_id":1011,"tags_id":31542302},{"stories_id":2135863566,"tag":"Adrienne Saia Isaac","tag_set":"cliff_people","tag_sets_id":2389,"tags_id":34332593},{"stories_id":2135863566,"tag":"Snowsports Industries America","tag_set":"cliff_organizations","tag_sets_id":2388,"tags_id":39498941},{"stories_id":2135863566,"tag":"Schendler","tag_set":"cliff_people","tag_sets_id":2389,"tags_id":43100926},{"stories_id":2135863566,"tag":"Ann McLane","tag_set":"cliff_people","tag_sets_id":2389,"tags_id":69333420},{"stories_id":2135863566,"tag":"readability-lxml-0.8.1","tag_set":"extractor_version","tag_sets_id":1354,"tags_id":228516910},{"stories_id":2135863566,"tag":"cliff_clavin_v2.6.1","tag_set":"geocoder_version","tag_sets_id":1937,"tags_id":228516911}],"title":"Fires, Landslides, Lack of Snow: The Ski Industry Girds for Battle","url":"https://www.nytimes.com/2021/12/14/travel/global-warming-ski-resort.html","word_count":null}]