[{"ap_syndicated":null,"collect_date":"2022-05-07 12:53:59.600919","feeds":null,"guid":"https://www.washingtonpost.com/politics/2022/05/04/supreme-court-leak-strikes-fear-among-environmental-lawyers/?utm_source=rss&utm_medium=referral&utm_campaign=wp_climate-environment","language":"en","media_id":2,"media_name":null,"media_url":null,"processed_stories_id":null,"publish_date":"2022-05-04 08:18:07","stories_id":2301480617,"story_tags":[{"stories_id":2301480617,"tag":"geonames_6252001","tag_set":"mc-geocoder@media.mit.edu","tag_sets_id":1011,"tags_id":8878461},{"stories_id":2301480617,"tag":"geonames_4826850","tag_set":"mc-geocoder@media.mit.edu","tag_sets_id":1011,"tags_id":8878580},{"stories_id":2301480617,"tag":"geonames_8604998","tag_set":"mc-geocoder@media.mit.edu","tag_sets_id":1011,"tags_id":8902133},{"stories_id":2301480617,"tag":"nyt_labeller_v1.0.0","tag_set":"nyt_labels_version","tag_sets_id":1964,"tags_id":9360669},{"stories_id":2301480617,"tag":"politics and government","tag_set":"nyt_labels","tag_sets_id":1963,"tags_id":9360836},{"stories_id":2301480617,"tag":"global warming","tag_set":"nyt_labels","tag_sets_id":1963,"tags_id":9360886},{"stories_id":2301480617,"tag":"environment","tag_set":"nyt_labels","tag_sets_id":1963,"tags_id":9360887},{"stories_id":2301480617,"tag":"air pollution","tag_set":"nyt_labels","tag_sets_id":1963,"tags_id":9361007},{"stories_id":2301480617,"tag":"Supreme Court","tag_set":"cliff_organizations","tag_sets_id":2388,"tags_id":9362719},{"stories_id":2301480617,"tag":"Obama","tag_set":"cliff_people","tag_sets_id":2389,"tags_id":9362721},{"stories_id":2301480617,"tag":"Senate","tag_set":"cliff_organizations","tag_sets_id":2388,"tags_id":9362741},{"stories_id":2301480617,"tag":"Republican","tag_set":"cliff_organizations","tag_sets_id":2388,"tags_id":9362742},{"stories_id":2301480617,"tag":"CNN","tag_set":"cliff_organizations","tag_sets_id":2388,"tags_id":9362932},{"stories_id":2301480617,"tag":"Charles E. Schumer","tag_set":"cliff_people","tag_sets_id":2389,"tags_id":9362946},{"stories_id":2301480617,"tag":"Congress","tag_set":"cliff_organizations","tag_sets_id":2388,"tags_id":9362962},{"stories_id":2301480617,"tag":"European Union","tag_set":"cliff_organizations","tag_sets_id":2388,"tags_id":9362999},{"stories_id":2301480617,"tag":"Environmental Protection Agency","tag_set":"cliff_organizations","tag_sets_id":2388,"tags_id":9363956},{"stories_id":2301480617,"tag":"Sandra Day O'Connor","tag_set":"cliff_people","tag_sets_id":2389,"tags_id":9364007},{"stories_id":2301480617,"tag":"EPA","tag_set":"cliff_organizations","tag_sets_id":2388,"tags_id":9364166},{"stories_id":2301480617,"tag":"Roe","tag_set":"cliff_people","tag_sets_id":2389,"tags_id":9364471},{"stories_id":2301480617,"tag":"Wade","tag_set":"cliff_people","tag_sets_id":2389,"tags_id":9364472},{"stories_id":2301480617,"tag":"Neil M. Gorsuch","tag_set":"cliff_people","tag_sets_id":2389,"tags_id":9364790},{"stories_id":2301480617,"tag":"E.U.","tag_set":"cliff_organizations","tag_sets_id":2388,"tags_id":9365392},{"stories_id":2301480617,"tag":"Biden","tag_set":"cliff_people","tag_sets_id":2389,"tags_id":9365736},{"stories_id":2301480617,"tag":"Clarence Thomas","tag_set":"cliff_people","tag_sets_id":2389,"tags_id":9365743},{"stories_id":2301480617,"tag":"Emily Rauhala","tag_set":"cliff_people","tag_sets_id":2389,"tags_id":9366000},{"stories_id":2301480617,"tag":"Interior Department","tag_set":"cliff_organizations","tag_sets_id":2388,"tags_id":9367363},{"stories_id":2301480617,"tag":"Heather","tag_set":"cliff_people","tag_sets_id":2389,"tags_id":9369741},{"stories_id":2301480617,"tag":"Politico","tag_set":"cliff_organizations","tag_sets_id":2388,"tags_id":9369771},{"stories_id":2301480617,"tag":"Joe Manchin III","tag_set":"cliff_people","tag_sets_id":2389,"tags_id":9385885},{"stories_id":2301480617,"tag":"Nicole Malliotakis","tag_set":"cliff_people","tag_sets_id":2389,"tags_id":9405887},{"stories_id":2301480617,"tag":"Amy Coney Barrett","tag_set":"cliff_people","tag_sets_id":2389,"tags_id":9414459},{"stories_id":2301480617,"tag":"John G. Roberts Jr.","tag_set":"cliff_people","tag_sets_id":2389,"tags_id":9415696},{"stories_id":2301480617,"tag":"Samuel A. Alito Jr.","tag_set":"cliff_people","tag_sets_id":2389,"tags_id":9415699},{"stories_id":2301480617,"tag":"Cathy McMorris Rodgers","tag_set":"cliff_people","tag_sets_id":2389,"tags_id":9421974},{"stories_id":2301480617,"tag":"Elise Stefanik","tag_set":"cliff_people","tag_sets_id":2389,"tags_id":9421978},{"stories_id":2301480617,"tag":"Bureau of Reclamation","tag_set":"cliff_organizations","tag_sets_id":2388,"tags_id":9457976},{"stories_id":2301480617,"tag":"Dan Farber","tag_set":"cliff_people","tag_sets_id":2389,"tags_id":9460389},{"stories_id":2301480617,"tag":"Dan Newhouse","tag_set":"cliff_people","tag_sets_id":2389,"tags_id":9499150},{"stories_id":2301480617,"tag":"Pete Stauber","tag_set":"cliff_people","tag_sets_id":2389,"tags_id":9523533},{"stories_id":2301480617,"tag":"Senate Energy Committee","tag_set":"cliff_organizations","tag_sets_id":2388,"tags_id":9562057},{"stories_id":2301480617,"tag":"Lake Powell","tag_set":"cliff_people","tag_sets_id":2389,"tags_id":9564680},{"stories_id":2301480617,"tag":"Brett M. Kavanaugh","tag_set":"cliff_people","tag_sets_id":2389,"tags_id":9586823},{"stories_id":2301480617,"tag":"Nathan Richardson","tag_set":"cliff_people","tag_sets_id":2389,"tags_id":9600396},{"stories_id":2301480617,"tag":"Garret Graves","tag_set":"cliff_people","tag_sets_id":2389,"tags_id":9602100},{"stories_id":2301480617,"tag":"Frank D. Lucas","tag_set":"cliff_people","tag_sets_id":2389,"tags_id":9602140},{"stories_id":2301480617,"tag":"University of California at Berkeley","tag_set":"cliff_organizations","tag_sets_id":2388,"tags_id":9706391},{"stories_id":2301480617,"tag":"University of South Carolina School of Law","tag_set":"cliff_organizations","tag_sets_id":2388,"tags_id":10195697},{"stories_id":2301480617,"tag":"Quentin Ariès","tag_set":"cliff_people","tag_sets_id":2389,"tags_id":10804308},{"stories_id":2301480617,"tag":"Debbie Lesko","tag_set":"cliff_people","tag_sets_id":2389,"tags_id":10901281},{"stories_id":2301480617,"tag":"Max Rodriguez","tag_set":"cliff_people","tag_sets_id":2389,"tags_id":11570019},{"stories_id":2301480617,"tag":"Maria Robinson","tag_set":"cliff_people","tag_sets_id":2389,"tags_id":19586586},{"stories_id":2301480617,"tag":"Rachel Ramirez","tag_set":"cliff_people","tag_sets_id":2389,"tags_id":24162415},{"stories_id":2301480617,"tag":"Peter Meijer","tag_set":"cliff_people","tag_sets_id":2389,"tags_id":32349451},{"stories_id":2301480617,"tag":"Conservative clean energy group","tag_set":"cliff_organizations","tag_sets_id":2388,"tags_id":55024778},{"stories_id":2301480617,"tag":"Joe Barrasso","tag_set":"cliff_people","tag_sets_id":2389,"tags_id":55472117},{"stories_id":2301480617,"tag":"Sam Sankar","tag_set":"cliff_people","tag_sets_id":2389,"tags_id":71865101},{"stories_id":2301480617,"tag":"Pollock Cohen","tag_set":"cliff_people","tag_sets_id":2389,"tags_id":137319290},{"stories_id":2301480617,"tag":"readability-lxml-0.8.1","tag_set":"extractor_version","tag_sets_id":1354,"tags_id":228516910},{"stories_id":2301480617,"tag":"cliff_clavin_v2.6.1","tag_set":"geocoder_version","tag_sets_id":1937,"tags_id":228516911},{"stories_id":2301480617,"tag":"Bureau of Reclamation curbs water","tag_set":"cliff_organizations","tag_sets_id":2388,"tags_id":253676209}],"title":"Supreme Court leak strikes fear among environmental lawyers","url":"https://www.washingtonpost.com/politics/2022/05/04/supreme-court-leak-strikes-fear-among-environmental-lawyers/?utm_source=rss&utm_medium=referral&utm_campaign=wp_climate-environment","word_count":null}]