[{"ap_syndicated":null,"collect_date":"2022-05-29 06:25:04.566529","feeds":null,"guid":"https://www.washingtonpost.com/world/2022/05/29/colombia-election-petro-gutierrez-hernandez/?utm_source=rss&utm_medium=referral&utm_campaign=wp_world","language":"en","media_id":2,"media_name":null,"media_url":null,"processed_stories_id":null,"publish_date":"2022-05-29 06:00:00","stories_id":2322680625,"story_tags":[{"stories_id":2322680625,"tag":"geonames_3686110","tag_set":"mc-geocoder@media.mit.edu","tag_sets_id":1011,"tags_id":8878514},{"stories_id":2322680625,"tag":"geonames_3688689","tag_set":"mc-geocoder@media.mit.edu","tag_sets_id":1011,"tags_id":8880684},{"stories_id":2322680625,"tag":"geonames_3668578","tag_set":"mc-geocoder@media.mit.edu","tag_sets_id":1011,"tags_id":8881811},{"stories_id":2322680625,"tag":"geonames_3688685","tag_set":"mc-geocoder@media.mit.edu","tag_sets_id":1011,"tags_id":8887678},{"stories_id":2322680625,"tag":"geonames_3688465","tag_set":"mc-geocoder@media.mit.edu","tag_sets_id":1011,"tags_id":8914735},{"stories_id":2322680625,"tag":"nyt_labeller_v1.0.0","tag_set":"nyt_labels_version","tag_sets_id":1964,"tags_id":9360669},{"stories_id":2322680625,"tag":"politics and government","tag_set":"nyt_labels","tag_sets_id":1963,"tags_id":9360836},{"stories_id":2322680625,"tag":"united states politics and government","tag_set":"nyt_labels","tag_sets_id":1963,"tags_id":9360846},{"stories_id":2322680625,"tag":"elections","tag_set":"nyt_labels","tag_sets_id":1963,"tags_id":9360851},{"stories_id":2322680625,"tag":"public opinion","tag_set":"nyt_labels","tag_sets_id":1963,"tags_id":9360864},{"stories_id":2322680625,"tag":"election issues","tag_set":"nyt_labels","tag_sets_id":1963,"tags_id":9360896},{"stories_id":2322680625,"tag":"economic conditions and trends","tag_set":"nyt_labels","tag_sets_id":1963,"tags_id":9360989},{"stories_id":2322680625,"tag":"Donald Trump","tag_set":"cliff_people","tag_sets_id":2389,"tags_id":9362284},{"stories_id":2322680625,"tag":"Washington Post","tag_set":"cliff_organizations","tag_sets_id":2388,"tags_id":9362798},{"stories_id":2322680625,"tag":"Congress","tag_set":"cliff_organizations","tag_sets_id":2388,"tags_id":9362962},{"stories_id":2322680625,"tag":"Post","tag_set":"cliff_organizations","tag_sets_id":2388,"tags_id":9363250},{"stories_id":2322680625,"tag":"Nicolás Maduro","tag_set":"cliff_people","tag_sets_id":2389,"tags_id":9363774},{"stories_id":2322680625,"tag":"Biden","tag_set":"cliff_people","tag_sets_id":2389,"tags_id":9365736},{"stories_id":2322680625,"tag":"Gustavo Petro","tag_set":"cliff_people","tag_sets_id":2389,"tags_id":9366252},{"stories_id":2322680625,"tag":"Gabriel","tag_set":"cliff_people","tag_sets_id":2389,"tags_id":9369535},{"stories_id":2322680625,"tag":"Revolutionary Armed Forces of Colombia","tag_set":"cliff_organizations","tag_sets_id":2388,"tags_id":9376958},{"stories_id":2322680625,"tag":"Jair Bolsonaro","tag_set":"cliff_people","tag_sets_id":2389,"tags_id":9378114},{"stories_id":2322680625,"tag":"ELN","tag_set":"cliff_organizations","tag_sets_id":2388,"tags_id":9384362},{"stories_id":2322680625,"tag":"Luiz Inácio Lula da Silva","tag_set":"cliff_people","tag_sets_id":2389,"tags_id":9398457},{"stories_id":2322680625,"tag":"Pedro Castillo","tag_set":"cliff_people","tag_sets_id":2389,"tags_id":9598644},{"stories_id":2322680625,"tag":"Rodolfo Hernández","tag_set":"cliff_people","tag_sets_id":2389,"tags_id":10659822},{"stories_id":2322680625,"tag":"del Rosario","tag_set":"cliff_people","tag_sets_id":2389,"tags_id":10929248},{"stories_id":2322680625,"tag":"Iván Duque","tag_set":"cliff_people","tag_sets_id":2389,"tags_id":28333065},{"stories_id":2322680625,"tag":"Francia Márquez","tag_set":"cliff_people","tag_sets_id":2389,"tags_id":28604560},{"stories_id":2322680625,"tag":"Alberto Vergara","tag_set":"cliff_people","tag_sets_id":2389,"tags_id":30333421},{"stories_id":2322680625,"tag":"Diana Durán","tag_set":"cliff_people","tag_sets_id":2389,"tags_id":32645216},{"stories_id":2322680625,"tag":"Federico Gutiérrez","tag_set":"cliff_people","tag_sets_id":2389,"tags_id":35124842},{"stories_id":2322680625,"tag":"Silvia Otero","tag_set":"cliff_people","tag_sets_id":2389,"tags_id":41850599},{"stories_id":2322680625,"tag":"Dora Murcia","tag_set":"cliff_people","tag_sets_id":2389,"tags_id":65871353},{"stories_id":2322680625,"tag":"Adriana Gaviria","tag_set":"cliff_people","tag_sets_id":2389,"tags_id":83428391},{"stories_id":2322680625,"tag":"readability-lxml-0.8.1","tag_set":"extractor_version","tag_sets_id":1354,"tags_id":228516910},{"stories_id":2322680625,"tag":"cliff_clavin_v2.6.1","tag_set":"geocoder_version","tag_sets_id":1937,"tags_id":228516911}],"title":"Colombians vote for president in tense, potentially historic election","url":"https://www.washingtonpost.com/world/2022/05/29/colombia-election-petro-gutierrez-hernandez/?utm_source=rss&utm_medium=referral&utm_campaign=wp_world","word_count":null}]