[{"ap_syndicated":null,"collect_date":"2022-06-07 10:29:17.131832","feeds":null,"guid":"https://www.nytimes.com/2022/06/07/business/energy-environment/shell-renewable-energy-texas.html","language":"en","media_id":1,"media_name":null,"media_url":null,"processed_stories_id":null,"publish_date":"2022-06-07 10:08:47","stories_id":2331268521,"story_tags":[{"stories_id":2331268521,"tag":"geonames_6252001","tag_set":"mc-geocoder@media.mit.edu","tag_sets_id":1011,"tags_id":8878461},{"stories_id":2331268521,"tag":"geonames_4699066","tag_set":"mc-geocoder@media.mit.edu","tag_sets_id":1011,"tags_id":8878528},{"stories_id":2331268521,"tag":"geonames_4736286","tag_set":"mc-geocoder@media.mit.edu","tag_sets_id":1011,"tags_id":8878538},{"stories_id":2331268521,"tag":"nyt_labeller_v1.0.0","tag_set":"nyt_labels_version","tag_sets_id":1964,"tags_id":9360669},{"stories_id":2331268521,"tag":"finances","tag_set":"nyt_labels","tag_sets_id":1963,"tags_id":9360840},{"stories_id":2331268521,"tag":"oil (petroleum) and gasoline","tag_set":"nyt_labels","tag_sets_id":1963,"tags_id":9360884},{"stories_id":2331268521,"tag":"global warming","tag_set":"nyt_labels","tag_sets_id":1963,"tags_id":9360886},{"stories_id":2331268521,"tag":"environment","tag_set":"nyt_labels","tag_sets_id":1963,"tags_id":9360887},{"stories_id":2331268521,"tag":"international trade and world market","tag_set":"nyt_labels","tag_sets_id":1963,"tags_id":9360983},{"stories_id":2331268521,"tag":"prices (fares, fees and rates)","tag_set":"nyt_labels","tag_sets_id":1963,"tags_id":9360996},{"stories_id":2331268521,"tag":"energy and power","tag_set":"nyt_labels","tag_sets_id":1963,"tags_id":9360997},{"stories_id":2331268521,"tag":"air pollution","tag_set":"nyt_labels","tag_sets_id":1963,"tags_id":9361007},{"stories_id":2331268521,"tag":"electric light and power","tag_set":"nyt_labels","tag_sets_id":1963,"tags_id":9361013},{"stories_id":2331268521,"tag":"light","tag_set":"nyt_labels","tag_sets_id":1963,"tags_id":9361014},{"stories_id":2331268521,"tag":"Chevron","tag_set":"cliff_organizations","tag_sets_id":2388,"tags_id":9362928},{"stories_id":2331268521,"tag":"Exxon","tag_set":"cliff_organizations","tag_sets_id":2388,"tags_id":9362930},{"stories_id":2331268521,"tag":"European Union","tag_set":"cliff_organizations","tag_sets_id":2388,"tags_id":9362999},{"stories_id":2331268521,"tag":"Google","tag_set":"cliff_organizations","tag_sets_id":2388,"tags_id":9363209},{"stories_id":2331268521,"tag":"Shell","tag_set":"cliff_organizations","tag_sets_id":2388,"tags_id":9363630},{"stories_id":2331268521,"tag":"Department of Energy","tag_set":"cliff_organizations","tag_sets_id":2388,"tags_id":9364164},{"stories_id":2331268521,"tag":"BP","tag_set":"cliff_organizations","tag_sets_id":2388,"tags_id":9367462},{"stories_id":2331268521,"tag":"Tesla","tag_set":"cliff_people","tag_sets_id":2389,"tags_id":9369660},{"stories_id":2331268521,"tag":"University of Texas","tag_set":"cliff_organizations","tag_sets_id":2388,"tags_id":9375844},{"stories_id":2331268521,"tag":"Exxon Mobil","tag_set":"cliff_organizations","tag_sets_id":2388,"tags_id":9376186},{"stories_id":2331268521,"tag":"Royal Dutch Shell","tag_set":"cliff_organizations","tag_sets_id":2388,"tags_id":9388915},{"stories_id":2331268521,"tag":"Electric Reliability Council of Texas","tag_set":"cliff_organizations","tag_sets_id":2388,"tags_id":9553971},{"stories_id":2331268521,"tag":"Michael Webber","tag_set":"cliff_people","tag_sets_id":2389,"tags_id":9644173},{"stories_id":2331268521,"tag":"Amy Myers Jaffe","tag_set":"cliff_people","tag_sets_id":2389,"tags_id":9648561},{"stories_id":2331268521,"tag":"Clifford Krauss","tag_set":"cliff_people","tag_sets_id":2389,"tags_id":9655381},{"stories_id":2331268521,"tag":"Ivan Penn","tag_set":"cliff_people","tag_sets_id":2389,"tags_id":10242671},{"stories_id":2331268521,"tag":"Glenn Wright","tag_set":"cliff_people","tag_sets_id":2389,"tags_id":11286799},{"stories_id":2331268521,"tag":"Tufts Fletcher School of Law","tag_set":"cliff_organizations","tag_sets_id":2388,"tags_id":29531117},{"stories_id":2331268521,"tag":"readability-lxml-0.8.1","tag_set":"extractor_version","tag_sets_id":1354,"tags_id":228516910},{"stories_id":2331268521,"tag":"cliff_clavin_v2.6.1","tag_set":"geocoder_version","tag_sets_id":1937,"tags_id":228516911},{"stories_id":2331268521,"tag":"energy solutions for Shell","tag_set":"cliff_organizations","tag_sets_id":2388,"tags_id":255731685}],"title":"Shell, the Oil Giant, Will Sell Renewable Energy to Texans","url":"https://www.nytimes.com/2022/06/07/business/energy-environment/shell-renewable-energy-texas.html","word_count":null}]