[{"ap_syndicated":null,"collect_date":"2022-06-09 18:12:18.268733","feeds":null,"guid":"https://www.washingtonpost.com/arts-entertainment/2022/06/09/style-conversational-1492-conservative-recycling/","language":"en","media_id":2,"media_name":null,"media_url":null,"processed_stories_id":null,"publish_date":"2022-06-09 17:22:13","stories_id":2333752264,"story_tags":[{"stories_id":2333752264,"tag":"geonames_6252001","tag_set":"mc-geocoder@media.mit.edu","tag_sets_id":1011,"tags_id":8878461},{"stories_id":2333752264,"tag":"geonames_4361885","tag_set":"mc-geocoder@media.mit.edu","tag_sets_id":1011,"tags_id":8878524},{"stories_id":2333752264,"tag":"geonames_5165418","tag_set":"mc-geocoder@media.mit.edu","tag_sets_id":1011,"tags_id":8878703},{"stories_id":2333752264,"tag":"geonames_4140963","tag_set":"mc-geocoder@media.mit.edu","tag_sets_id":1011,"tags_id":8880349},{"stories_id":2333752264,"tag":"geonames_4511274","tag_set":"mc-geocoder@media.mit.edu","tag_sets_id":1011,"tags_id":9025561},{"stories_id":2333752264,"tag":"nyt_labeller_v1.0.0","tag_set":"nyt_labels_version","tag_sets_id":1964,"tags_id":9360669},{"stories_id":2333752264,"tag":"Donald Trump","tag_set":"cliff_people","tag_sets_id":2389,"tags_id":9362284},{"stories_id":2333752264,"tag":"Obama","tag_set":"cliff_people","tag_sets_id":2389,"tags_id":9362721},{"stories_id":2333752264,"tag":"White House","tag_set":"cliff_organizations","tag_sets_id":2388,"tags_id":9362736},{"stories_id":2333752264,"tag":"Michael Moore","tag_set":"cliff_people","tag_sets_id":2389,"tags_id":9362762},{"stories_id":2333752264,"tag":"Washington Post","tag_set":"cliff_organizations","tag_sets_id":2388,"tags_id":9362798},{"stories_id":2333752264,"tag":"John F. Kennedy","tag_set":"cliff_people","tag_sets_id":2389,"tags_id":9362803},{"stories_id":2333752264,"tag":"GOP","tag_set":"cliff_organizations","tag_sets_id":2388,"tags_id":9362923},{"stories_id":2333752264,"tag":"George W. Bush","tag_set":"cliff_people","tag_sets_id":2389,"tags_id":9363130},{"stories_id":2333752264,"tag":"Bill Clinton","tag_set":"cliff_people","tag_sets_id":2389,"tags_id":9363221},{"stories_id":2333752264,"tag":"Osama bin Laden","tag_set":"cliff_people","tag_sets_id":2389,"tags_id":9363472},{"stories_id":2333752264,"tag":"ACLU","tag_set":"cliff_organizations","tag_sets_id":2388,"tags_id":9363638},{"stories_id":2333752264,"tag":"John Paul II","tag_set":"cliff_people","tag_sets_id":2389,"tags_id":9363880},{"stories_id":2333752264,"tag":"John Kerry","tag_set":"cliff_people","tag_sets_id":2389,"tags_id":9364532},{"stories_id":2333752264,"tag":"NRA","tag_set":"cliff_organizations","tag_sets_id":2388,"tags_id":9364688},{"stories_id":2333752264,"tag":"Carrie","tag_set":"cliff_people","tag_sets_id":2389,"tags_id":9365368},{"stories_id":2333752264,"tag":"John F. Kerry","tag_set":"cliff_people","tag_sets_id":2389,"tags_id":9366716},{"stories_id":2333752264,"tag":"Karl Marx","tag_set":"cliff_people","tag_sets_id":2389,"tags_id":9367399},{"stories_id":2333752264,"tag":"National Rifle Association","tag_set":"cliff_organizations","tag_sets_id":2388,"tags_id":9369101},{"stories_id":2333752264,"tag":"Jesse Jackson","tag_set":"cliff_people","tag_sets_id":2389,"tags_id":9371149},{"stories_id":2333752264,"tag":"Joe Manchin","tag_set":"cliff_people","tag_sets_id":2389,"tags_id":9374828},{"stories_id":2333752264,"tag":"Mark Richardson","tag_set":"cliff_people","tag_sets_id":2389,"tags_id":9376386},{"stories_id":2333752264,"tag":"John Edwards","tag_set":"cliff_people","tag_sets_id":2389,"tags_id":9379721},{"stories_id":2333752264,"tag":"National Education Association","tag_set":"cliff_organizations","tag_sets_id":2388,"tags_id":9381013},{"stories_id":2333752264,"tag":"Volvo","tag_set":"cliff_organizations","tag_sets_id":2388,"tags_id":9394317},{"stories_id":2333752264,"tag":"Andres Serrano","tag_set":"cliff_people","tag_sets_id":2389,"tags_id":9398063},{"stories_id":2333752264,"tag":"Chris Doyle","tag_set":"cliff_people","tag_sets_id":2389,"tags_id":9398222},{"stories_id":2333752264,"tag":"Michelin","tag_set":"cliff_organizations","tag_sets_id":2388,"tags_id":9401054},{"stories_id":2333752264,"tag":"JFK","tag_set":"cliff_people","tag_sets_id":2389,"tags_id":9404174},{"stories_id":2333752264,"tag":"Chirac","tag_set":"cliff_people","tag_sets_id":2389,"tags_id":9409484},{"stories_id":2333752264,"tag":"North Adams","tag_set":"cliff_people","tag_sets_id":2389,"tags_id":9423223},{"stories_id":2333752264,"tag":"National Endowment for the Arts","tag_set":"cliff_organizations","tag_sets_id":2388,"tags_id":9431725},{"stories_id":2333752264,"tag":"L.A. Times","tag_set":"cliff_organizations","tag_sets_id":2388,"tags_id":9432411},{"stories_id":2333752264,"tag":"Lewinsky","tag_set":"cliff_people","tag_sets_id":2389,"tags_id":9457432},{"stories_id":2333752264,"tag":"Joe Romm","tag_set":"cliff_people","tag_sets_id":2389,"tags_id":9467373},{"stories_id":2333752264,"tag":"John Birch","tag_set":"cliff_people","tag_sets_id":2389,"tags_id":9477811},{"stories_id":2333752264,"tag":"Forsyth","tag_set":"cliff_people","tag_sets_id":2389,"tags_id":9484489},{"stories_id":2333752264,"tag":"Jesse James","tag_set":"cliff_people","tag_sets_id":2389,"tags_id":9494649},{"stories_id":2333752264,"tag":"Joseph Romm","tag_set":"cliff_people","tag_sets_id":2389,"tags_id":9509535},{"stories_id":2333752264,"tag":"Herndon","tag_set":"cliff_people","tag_sets_id":2389,"tags_id":9511625},{"stories_id":2333752264,"tag":"John McMillan","tag_set":"cliff_people","tag_sets_id":2389,"tags_id":9553495},{"stories_id":2333752264,"tag":"Chuck Smith","tag_set":"cliff_people","tag_sets_id":2389,"tags_id":9599053},{"stories_id":2333752264,"tag":"Charles Mathias","tag_set":"cliff_people","tag_sets_id":2389,"tags_id":9610483},{"stories_id":2333752264,"tag":"Harpo Marx","tag_set":"cliff_people","tag_sets_id":2389,"tags_id":9631330},{"stories_id":2333752264,"tag":"Jeff Contompasis","tag_set":"cliff_people","tag_sets_id":2389,"tags_id":9647096},{"stories_id":2333752264,"tag":"Duncan Stevens","tag_set":"cliff_people","tag_sets_id":2389,"tags_id":9647126},{"stories_id":2333752264,"tag":"Kevin Dopart","tag_set":"cliff_people","tag_sets_id":2389,"tags_id":9647127},{"stories_id":2333752264,"tag":"Drew Bennett","tag_set":"cliff_people","tag_sets_id":2389,"tags_id":9647133},{"stories_id":2333752264,"tag":"Tom Witte","tag_set":"cliff_people","tag_sets_id":2389,"tags_id":9647142},{"stories_id":2333752264,"tag":"PELOSI","tag_set":"cliff_people","tag_sets_id":2389,"tags_id":9688419},{"stories_id":2333752264,"tag":"Falls Church","tag_set":"cliff_organizations","tag_sets_id":2388,"tags_id":9741682},{"stories_id":2333752264,"tag":"Ashburn","tag_set":"cliff_people","tag_sets_id":2389,"tags_id":9812520},{"stories_id":2333752264,"tag":"Bob Dalton","tag_set":"cliff_people","tag_sets_id":2389,"tags_id":10040850},{"stories_id":2333752264,"tag":"Bill Coleman","tag_set":"cliff_people","tag_sets_id":2389,"tags_id":10230540},{"stories_id":2333752264,"tag":"Sen Edwards","tag_set":"cliff_people","tag_sets_id":2389,"tags_id":10388800},{"stories_id":2333752264,"tag":"Jonathan Jensen","tag_set":"cliff_people","tag_sets_id":2389,"tags_id":10626175},{"stories_id":2333752264,"tag":"Lee Graham","tag_set":"cliff_people","tag_sets_id":2389,"tags_id":10760130},{"stories_id":2333752264,"tag":"Seth Brown","tag_set":"cliff_people","tag_sets_id":2389,"tags_id":10954277},{"stories_id":2333752264,"tag":"Frank Osen","tag_set":"cliff_people","tag_sets_id":2389,"tags_id":11003858},{"stories_id":2333752264,"tag":"Doug Norwood","tag_set":"cliff_people","tag_sets_id":2389,"tags_id":11105579},{"stories_id":2333752264,"tag":"Russell Beland","tag_set":"cliff_people","tag_sets_id":2389,"tags_id":11105602},{"stories_id":2333752264,"tag":"Brendan Beary","tag_set":"cliff_people","tag_sets_id":2389,"tags_id":11105603},{"stories_id":2333752264,"tag":"Greg Arnold","tag_set":"cliff_people","tag_sets_id":2389,"tags_id":11105615},{"stories_id":2333752264,"tag":"Grinath","tag_set":"cliff_people","tag_sets_id":2389,"tags_id":11105619},{"stories_id":2333752264,"tag":"Elden Carnahan","tag_set":"cliff_people","tag_sets_id":2389,"tags_id":11204046},{"stories_id":2333752264,"tag":"Craig Dykstra","tag_set":"cliff_people","tag_sets_id":2389,"tags_id":15220201},{"stories_id":2333752264,"tag":"Allan Moore","tag_set":"cliff_people","tag_sets_id":2389,"tags_id":22825666},{"stories_id":2333752264,"tag":"Peter Metrinko","tag_set":"cliff_people","tag_sets_id":2389,"tags_id":33759854},{"stories_id":2333752264,"tag":"Mark Cackler","tag_set":"cliff_people","tag_sets_id":2389,"tags_id":35885675},{"stories_id":2333752264,"tag":"Bruce W. Alter","tag_set":"cliff_people","tag_sets_id":2389,"tags_id":36424417},{"stories_id":2333752264,"tag":"Danny Bravman","tag_set":"cliff_people","tag_sets_id":2389,"tags_id":36424424},{"stories_id":2333752264,"tag":"Jeffrey Contompasis","tag_set":"cliff_people","tag_sets_id":2389,"tags_id":40747609},{"stories_id":2333752264,"tag":"Milo Sauer","tag_set":"cliff_people","tag_sets_id":2389,"tags_id":40747630},{"stories_id":2333752264,"tag":"Carl Northrop","tag_set":"cliff_people","tag_sets_id":2389,"tags_id":40747847},{"stories_id":2333752264,"tag":"Robert L. Hershey","tag_set":"cliff_people","tag_sets_id":2389,"tags_id":46338911},{"stories_id":2333752264,"tag":"Philadelphia Inquirer food","tag_set":"cliff_organizations","tag_sets_id":2388,"tags_id":87893743},{"stories_id":2333752264,"tag":"Times D.C. bureau","tag_set":"cliff_organizations","tag_sets_id":2388,"tags_id":92264567},{"stories_id":2333752264,"tag":"Leif Picoult","tag_set":"cliff_people","tag_sets_id":2389,"tags_id":217008812},{"stories_id":2333752264,"tag":"readability-lxml-0.8.1","tag_set":"extractor_version","tag_sets_id":1354,"tags_id":228516910},{"stories_id":2333752264,"tag":"cliff_clavin_v2.6.1","tag_set":"geocoder_version","tag_sets_id":1937,"tags_id":228516911},{"stories_id":2333752264,"tag":"LEPOSI","tag_set":"cliff_people","tag_sets_id":2389,"tags_id":255887071},{"stories_id":2333752264,"tag":"birch johns","tag_set":"cliff_people","tag_sets_id":2389,"tags_id":255887072},{"stories_id":2333752264,"tag":"George Vary","tag_set":"cliff_people","tag_sets_id":2389,"tags_id":255887073}],"title":"Style Conversational Week 1492:  It’s parity time","url":"https://www.washingtonpost.com/arts-entertainment/2022/06/09/style-conversational-1492-conservative-recycling/","word_count":null}]