[{"ap_syndicated":null,"collect_date":"2022-07-02 17:59:28.493159","feeds":null,"guid":"https://nypost.com/?post_type=article&p=22890215","language":"en","media_id":7,"media_name":null,"media_url":null,"processed_stories_id":null,"publish_date":"2022-07-02 17:53:48","stories_id":2355272525,"story_tags":[{"stories_id":2355272525,"tag":"geonames_6252001","tag_set":"mc-geocoder@media.mit.edu","tag_sets_id":1011,"tags_id":8878461},{"stories_id":2355272525,"tag":"geonames_5128638","tag_set":"mc-geocoder@media.mit.edu","tag_sets_id":1011,"tags_id":8878463},{"stories_id":2355272525,"tag":"geonames_4155751","tag_set":"mc-geocoder@media.mit.edu","tag_sets_id":1011,"tags_id":8878477},{"stories_id":2355272525,"tag":"geonames_4829764","tag_set":"mc-geocoder@media.mit.edu","tag_sets_id":1011,"tags_id":8878733},{"stories_id":2355272525,"tag":"geonames_4177887","tag_set":"mc-geocoder@media.mit.edu","tag_sets_id":1011,"tags_id":8880806},{"stories_id":2355272525,"tag":"geonames_3687479","tag_set":"mc-geocoder@media.mit.edu","tag_sets_id":1011,"tags_id":8883978},{"stories_id":2355272525,"tag":"geonames_3682426","tag_set":"mc-geocoder@media.mit.edu","tag_sets_id":1011,"tags_id":8885170},{"stories_id":2355272525,"tag":"geonames_4081644","tag_set":"mc-geocoder@media.mit.edu","tag_sets_id":1011,"tags_id":8894833},{"stories_id":2355272525,"tag":"nyt_labeller_v1.0.0","tag_set":"nyt_labels_version","tag_sets_id":1964,"tags_id":9360669},{"stories_id":2355272525,"tag":"politics and government","tag_set":"nyt_labels","tag_sets_id":1963,"tags_id":9360836},{"stories_id":2355272525,"tag":"united states politics and government","tag_set":"nyt_labels","tag_sets_id":1963,"tags_id":9360846},{"stories_id":2355272525,"tag":"suits and litigation","tag_set":"nyt_labels","tag_sets_id":1963,"tags_id":9360860},{"stories_id":2355272525,"tag":"crime and criminals","tag_set":"nyt_labels","tag_sets_id":1963,"tags_id":9360912},{"stories_id":2355272525,"tag":"ethics","tag_set":"nyt_labels","tag_sets_id":1963,"tags_id":9360915},{"stories_id":2355272525,"tag":"sex crimes","tag_set":"nyt_labels","tag_sets_id":1963,"tags_id":9360922},{"stories_id":2355272525,"tag":"frauds and swindling","tag_set":"nyt_labels","tag_sets_id":1963,"tags_id":9360947},{"stories_id":2355272525,"tag":"Jeffrey Epstein","tag_set":"cliff_people","tag_sets_id":2389,"tags_id":9427438},{"stories_id":2355272525,"tag":"Hunter Biden","tag_set":"cliff_people","tag_sets_id":2389,"tags_id":9479867},{"stories_id":2355272525,"tag":"Enviros","tag_set":"cliff_organizations","tag_sets_id":2388,"tags_id":9510600},{"stories_id":2355272525,"tag":"Glenn Harlan Reynolds","tag_set":"cliff_people","tag_sets_id":2389,"tags_id":9585009},{"stories_id":2355272525,"tag":"Harry Winkler","tag_set":"cliff_people","tag_sets_id":2389,"tags_id":10009775},{"stories_id":2355272525,"tag":"Miranda Devine","tag_set":"cliff_people","tag_sets_id":2389,"tags_id":10098479},{"stories_id":2355272525,"tag":"Marc Greenwood","tag_set":"cliff_people","tag_sets_id":2389,"tags_id":59566547},{"stories_id":2355272525,"tag":"Michelle McKelley","tag_set":"cliff_people","tag_sets_id":2389,"tags_id":98472351},{"stories_id":2355272525,"tag":"Ghislaine Ghislaine Maxwell","tag_set":"cliff_people","tag_sets_id":2389,"tags_id":213358750},{"stories_id":2355272525,"tag":"readability-lxml-0.8.1","tag_set":"extractor_version","tag_sets_id":1354,"tags_id":228516910},{"stories_id":2355272525,"tag":"cliff_clavin_v2.6.1","tag_set":"geocoder_version","tag_sets_id":1937,"tags_id":228516911},{"stories_id":2355272525,"tag":"Laurie Joan Aron Manhattan Scary Joe","tag_set":"cliff_people","tag_sets_id":2389,"tags_id":257178710},{"stories_id":2355272525,"tag":"Mary F. Spiro York","tag_set":"cliff_people","tag_sets_id":2389,"tags_id":257178711}],"title":"Letters to the Editor — July 3, 2022","url":"https://nypost.com/2022/07/02/letters-to-the-editor-july-3-2022/","word_count":null}]