[{"ap_syndicated":null,"collect_date":"2022-07-11 08:36:59.093347","feeds":null,"guid":"https://www.nytimes.com/2022/07/11/business/dealbook/musk-twitter-deal-lawsuit.html","language":"en","media_id":1,"media_name":null,"media_url":null,"processed_stories_id":null,"publish_date":"2022-07-11 08:32:27","stories_id":2362816009,"story_tags":[{"stories_id":2362816009,"tag":"geonames_6252001","tag_set":"mc-geocoder@media.mit.edu","tag_sets_id":1011,"tags_id":8878461},{"stories_id":2362816009,"tag":"geonames_4155751","tag_set":"mc-geocoder@media.mit.edu","tag_sets_id":1011,"tags_id":8878477},{"stories_id":2362816009,"tag":"geonames_4667282","tag_set":"mc-geocoder@media.mit.edu","tag_sets_id":1011,"tags_id":8879476},{"stories_id":2362816009,"tag":"geonames_4140963","tag_set":"mc-geocoder@media.mit.edu","tag_sets_id":1011,"tags_id":8880349},{"stories_id":2362816009,"tag":"nyt_labeller_v1.0.0","tag_set":"nyt_labels_version","tag_sets_id":1964,"tags_id":9360669},{"stories_id":2362816009,"tag":"computers and the internet","tag_set":"nyt_labels","tag_sets_id":1963,"tags_id":9360839},{"stories_id":2362816009,"tag":"finances","tag_set":"nyt_labels","tag_sets_id":1963,"tags_id":9360840},{"stories_id":2362816009,"tag":"suits and litigation","tag_set":"nyt_labels","tag_sets_id":1963,"tags_id":9360860},{"stories_id":2362816009,"tag":"mergers, acquisitions and divestitures","tag_set":"nyt_labels","tag_sets_id":1963,"tags_id":9361071},{"stories_id":2362816009,"tag":"Ranil Wickremesinghe","tag_set":"cliff_people","tag_sets_id":2389,"tags_id":9362398},{"stories_id":2362816009,"tag":"Steve Bannon","tag_set":"cliff_people","tag_sets_id":2389,"tags_id":9362746},{"stories_id":2362816009,"tag":"Trump","tag_set":"cliff_people","tag_sets_id":2389,"tags_id":9362872},{"stories_id":2362816009,"tag":"Congress","tag_set":"cliff_organizations","tag_sets_id":2388,"tags_id":9362962},{"stories_id":2362816009,"tag":"Liberal Democratic Party","tag_set":"cliff_organizations","tag_sets_id":2388,"tags_id":9363427},{"stories_id":2362816009,"tag":"Shinzo Abe","tag_set":"cliff_people","tag_sets_id":2389,"tags_id":9363428},{"stories_id":2362816009,"tag":"Shell","tag_set":"cliff_organizations","tag_sets_id":2388,"tags_id":9363630},{"stories_id":2362816009,"tag":"Twitter","tag_set":"cliff_organizations","tag_sets_id":2388,"tags_id":9363684},{"stories_id":2362816009,"tag":"Musk","tag_set":"cliff_people","tag_sets_id":2389,"tags_id":9363695},{"stories_id":2362816009,"tag":"Boris Johnson","tag_set":"cliff_people","tag_sets_id":2389,"tags_id":9363715},{"stories_id":2362816009,"tag":"Elon Musk","tag_set":"cliff_organizations","tag_sets_id":2388,"tags_id":9365056},{"stories_id":2362816009,"tag":"Institute for Fiscal Studies","tag_set":"cliff_organizations","tag_sets_id":2388,"tags_id":9365528},{"stories_id":2362816009,"tag":"Biden","tag_set":"cliff_people","tag_sets_id":2389,"tags_id":9365736},{"stories_id":2362816009,"tag":"Disney","tag_set":"cliff_organizations","tag_sets_id":2388,"tags_id":9366536},{"stories_id":2362816009,"tag":"H&M","tag_set":"cliff_organizations","tag_sets_id":2388,"tags_id":9366610},{"stories_id":2362816009,"tag":"BP","tag_set":"cliff_organizations","tag_sets_id":2388,"tags_id":9367462},{"stories_id":2362816009,"tag":"Morgan Stanley","tag_set":"cliff_organizations","tag_sets_id":2388,"tags_id":9369614},{"stories_id":2362816009,"tag":"Levi","tag_set":"cliff_people","tag_sets_id":2389,"tags_id":9375488},{"stories_id":2362816009,"tag":"Nadhim Zahawi","tag_set":"cliff_people","tag_sets_id":2389,"tags_id":9378222},{"stories_id":2362816009,"tag":"Tyson","tag_set":"cliff_people","tag_sets_id":2389,"tags_id":9406044},{"stories_id":2362816009,"tag":"Musk","tag_set":"cliff_organizations","tag_sets_id":2388,"tags_id":9418389},{"stories_id":2362816009,"tag":"Mike Tholen","tag_set":"cliff_people","tag_sets_id":2389,"tags_id":9427073},{"stories_id":2362816009,"tag":"Huntsman","tag_set":"cliff_people","tag_sets_id":2389,"tags_id":9427680},{"stories_id":2362816009,"tag":"Ron DeSantis","tag_set":"cliff_people","tag_sets_id":2389,"tags_id":9453820},{"stories_id":2362816009,"tag":"Hexion","tag_set":"cliff_organizations","tag_sets_id":2388,"tags_id":9514096},{"stories_id":2362816009,"tag":"Jeffrey Siminoff","tag_set":"cliff_people","tag_sets_id":2389,"tags_id":9567231},{"stories_id":2362816009,"tag":"HRA","tag_set":"cliff_organizations","tag_sets_id":2388,"tags_id":9572773},{"stories_id":2362816009,"tag":"Vanderbilt Law School","tag_set":"cliff_organizations","tag_sets_id":2388,"tags_id":9638923},{"stories_id":2362816009,"tag":"Tyson","tag_set":"cliff_organizations","tag_sets_id":2388,"tags_id":9714677},{"stories_id":2362816009,"tag":"DecoPac","tag_set":"cliff_organizations","tag_sets_id":2388,"tags_id":9764042},{"stories_id":2362816009,"tag":"IBP","tag_set":"cliff_organizations","tag_sets_id":2388,"tags_id":9792863},{"stories_id":2362816009,"tag":"Florida legislature","tag_set":"cliff_organizations","tag_sets_id":2388,"tags_id":9887106},{"stories_id":2362816009,"tag":"Wachtell Lipton","tag_set":"cliff_organizations","tag_sets_id":2388,"tags_id":9901678},{"stories_id":2362816009,"tag":"geonames_5310183","tag_set":"mc-geocoder@media.mit.edu","tag_sets_id":1011,"tags_id":10330228},{"stories_id":2362816009,"tag":"Gotabaya Rajapaksa","tag_set":"cliff_people","tag_sets_id":2389,"tags_id":13589500},{"stories_id":2362816009,"tag":"Kohlberg","tag_set":"cliff_people","tag_sets_id":2389,"tags_id":21902231},{"stories_id":2362816009,"tag":"HRA Pharma","tag_set":"cliff_organizations","tag_sets_id":2388,"tags_id":28965469},{"stories_id":2362816009,"tag":"Arun Advani","tag_set":"cliff_people","tag_sets_id":2389,"tags_id":32838432},{"stories_id":2362816009,"tag":"Kohlberg & Co.","tag_set":"cliff_organizations","tag_sets_id":2388,"tags_id":34845898},{"stories_id":2362816009,"tag":"Morgan Ricks","tag_set":"cliff_people","tag_sets_id":2389,"tags_id":43329484},{"stories_id":2362816009,"tag":"readability-lxml-0.8.1","tag_set":"extractor_version","tag_sets_id":1354,"tags_id":228516910},{"stories_id":2362816009,"tag":"cliff_clavin_v2.6.1","tag_set":"geocoder_version","tag_sets_id":1937,"tags_id":228516911},{"stories_id":2362816009,"tag":"Offshore Energies UK","tag_set":"cliff_organizations","tag_sets_id":2388,"tags_id":253558897},{"stories_id":2362816009,"tag":"— Christian Drake","tag_set":"cliff_people","tag_sets_id":2389,"tags_id":257594408}],"title":"Could Twitter Force Musk to Close the Deal? Here’s What We Know","url":"https://www.nytimes.com/2022/07/11/business/dealbook/musk-twitter-deal-lawsuit.html","word_count":null}]