[{"ap_syndicated":null,"collect_date":"2022-07-18 11:31:30.574390","feeds":null,"guid":"https://decider.com/2022/07/18/bachelor-best-limo-entrances/","language":"en","media_id":7,"media_name":null,"media_url":null,"processed_stories_id":null,"publish_date":"2022-07-18 11:30:09","stories_id":2369468022,"story_tags":[{"stories_id":2369468022,"tag":"geonames_6252001","tag_set":"mc-geocoder@media.mit.edu","tag_sets_id":1011,"tags_id":8878461},{"stories_id":2369468022,"tag":"nyt_labeller_v1.0.0","tag_set":"nyt_labels_version","tag_sets_id":1964,"tags_id":9360669},{"stories_id":2369468022,"tag":"television","tag_set":"nyt_labels","tag_sets_id":1963,"tags_id":9360879},{"stories_id":2369468022,"tag":"ABC","tag_set":"cliff_organizations","tag_sets_id":2388,"tags_id":9362473},{"stories_id":2369468022,"tag":"pat","tag_set":"cliff_people","tag_sets_id":2389,"tags_id":9387382},{"stories_id":2369468022,"tag":"Paul Hebert","tag_set":"cliff_people","tag_sets_id":2389,"tags_id":9421836},{"stories_id":2369468022,"tag":"Peter Weber","tag_set":"cliff_people","tag_sets_id":2389,"tags_id":9500581},{"stories_id":2369468022,"tag":"Kaitlyn Bristowe","tag_set":"cliff_people","tag_sets_id":2389,"tags_id":9523226},{"stories_id":2369468022,"tag":"Ben Higgins","tag_set":"cliff_people","tag_sets_id":2389,"tags_id":9770184},{"stories_id":2369468022,"tag":"Hannah Brown","tag_set":"cliff_people","tag_sets_id":2389,"tags_id":9977157},{"stories_id":2369468022,"tag":"JoJo Fletcher","tag_set":"cliff_people","tag_sets_id":2389,"tags_id":10424663},{"stories_id":2369468022,"tag":"Juan Pablo Galavis","tag_set":"cliff_people","tag_sets_id":2389,"tags_id":10722998},{"stories_id":2369468022,"tag":"Rick Rowell","tag_set":"cliff_people","tag_sets_id":2389,"tags_id":10765644},{"stories_id":2369468022,"tag":"Arie Luyendyk Jr.","tag_set":"cliff_people","tag_sets_id":2389,"tags_id":10957689},{"stories_id":2369468022,"tag":"Clare Crawley","tag_set":"cliff_people","tag_sets_id":2389,"tags_id":31820363},{"stories_id":2369468022,"tag":"John Fleenor","tag_set":"cliff_people","tag_sets_id":2389,"tags_id":31919474},{"stories_id":2369468022,"tag":"Becca Kufrin","tag_set":"cliff_people","tag_sets_id":2389,"tags_id":32921941},{"stories_id":2369468022,"tag":"Kurfrin","tag_set":"cliff_people","tag_sets_id":2389,"tags_id":52844082},{"stories_id":2369468022,"tag":"Chris Strandburg","tag_set":"cliff_people","tag_sets_id":2389,"tags_id":62441137},{"stories_id":2369468022,"tag":"Trent Jespersen","tag_set":"cliff_people","tag_sets_id":2389,"tags_id":63545065},{"stories_id":2369468022,"tag":"Deandra Kanu","tag_set":"cliff_people","tag_sets_id":2389,"tags_id":192885152},{"stories_id":2369468022,"tag":"readability-lxml-0.8.1","tag_set":"extractor_version","tag_sets_id":1354,"tags_id":228516910},{"stories_id":2369468022,"tag":"cliff_clavin_v2.6.1","tag_set":"geocoder_version","tag_sets_id":1937,"tags_id":228516911}],"title":"Bachelor Nation’s 5 Best Limo Entrances","url":"https://decider.com/2022/07/18/bachelor-best-limo-entrances/","word_count":null}]