[{"ap_syndicated":null,"collect_date":"2022-07-19 09:35:49.798130","feeds":null,"guid":"https://www.washingtonpost.com/opinions/2022/07/19/democratic-inaction-climate-policy-not-only-manchin-fault/?utm_source=rss&utm_medium=referral&utm_campaign=wp_opinions","language":"en","media_id":2,"media_name":null,"media_url":null,"processed_stories_id":null,"publish_date":"2022-07-19 07:00:01","stories_id":2370379530,"story_tags":[{"stories_id":2370379530,"tag":"geonames_6252001","tag_set":"mc-geocoder@media.mit.edu","tag_sets_id":1011,"tags_id":8878461},{"stories_id":2370379530,"tag":"geonames_6254928","tag_set":"mc-geocoder@media.mit.edu","tag_sets_id":1011,"tags_id":8878547},{"stories_id":2370379530,"tag":"nyt_labeller_v1.0.0","tag_set":"nyt_labels_version","tag_sets_id":1964,"tags_id":9360669},{"stories_id":2370379530,"tag":"politics and government","tag_set":"nyt_labels","tag_sets_id":1963,"tags_id":9360836},{"stories_id":2370379530,"tag":"united states politics and government","tag_set":"nyt_labels","tag_sets_id":1963,"tags_id":9360846},{"stories_id":2370379530,"tag":"Donald Trump","tag_set":"cliff_people","tag_sets_id":2389,"tags_id":9362284},{"stories_id":2370379530,"tag":"Supreme Court","tag_set":"cliff_organizations","tag_sets_id":2388,"tags_id":9362719},{"stories_id":2370379530,"tag":"Republican","tag_set":"cliff_organizations","tag_sets_id":2388,"tags_id":9362742},{"stories_id":2370379530,"tag":"Washington Post","tag_set":"cliff_organizations","tag_sets_id":2388,"tags_id":9362798},{"stories_id":2370379530,"tag":"GOP","tag_set":"cliff_organizations","tag_sets_id":2388,"tags_id":9362923},{"stories_id":2370379530,"tag":"House","tag_set":"cliff_organizations","tag_sets_id":2388,"tags_id":9363164},{"stories_id":2370379530,"tag":"Orient Express","tag_set":"cliff_organizations","tag_sets_id":2388,"tags_id":9365419},{"stories_id":2370379530,"tag":"Biden","tag_set":"cliff_people","tag_sets_id":2389,"tags_id":9365736},{"stories_id":2370379530,"tag":"Catherine Rampell","tag_set":"cliff_people","tag_sets_id":2389,"tags_id":9382174},{"stories_id":2370379530,"tag":"Joe Manchin III","tag_set":"cliff_people","tag_sets_id":2389,"tags_id":9385885},{"stories_id":2370379530,"tag":"Wood Mackenzie","tag_set":"cliff_organizations","tag_sets_id":2388,"tags_id":9419330},{"stories_id":2370379530,"tag":"American mariners","tag_set":"cliff_organizations","tag_sets_id":2388,"tags_id":11413415},{"stories_id":2370379530,"tag":"readability-lxml-0.8.1","tag_set":"extractor_version","tag_sets_id":1354,"tags_id":228516910},{"stories_id":2370379530,"tag":"cliff_clavin_v2.6.1","tag_set":"geocoder_version","tag_sets_id":1937,"tags_id":228516911},{"stories_id":2370379530,"tag":"Manchin news","tag_set":"cliff_organizations","tag_sets_id":2388,"tags_id":252626822}],"title":"Manchin wasn’t the only one to kill climate action","url":"https://www.washingtonpost.com/opinions/2022/07/19/democratic-inaction-climate-policy-not-only-manchin-fault/?utm_source=rss&utm_medium=referral&utm_campaign=wp_opinions","word_count":null}]