[{"ap_syndicated":null,"collect_date":"2022-07-20 11:33:52.239098","feeds":null,"guid":"{A0B8686C-6208-4124-94FD-3B57150F66DC}","language":"en","media_id":1150,"media_name":null,"media_url":null,"processed_stories_id":null,"publish_date":"2022-07-20 08:00:56","stories_id":2371557647,"story_tags":[{"stories_id":2371557647,"tag":"geonames_6252001","tag_set":"mc-geocoder@media.mit.edu","tag_sets_id":1011,"tags_id":8878461},{"stories_id":2371557647,"tag":"geonames_6254926","tag_set":"mc-geocoder@media.mit.edu","tag_sets_id":1011,"tags_id":8878682},{"stories_id":2371557647,"tag":"geonames_4954738","tag_set":"mc-geocoder@media.mit.edu","tag_sets_id":1011,"tags_id":8879159},{"stories_id":2371557647,"tag":"nyt_labeller_v1.0.0","tag_set":"nyt_labels_version","tag_sets_id":1964,"tags_id":9360669},{"stories_id":2371557647,"tag":"finances","tag_set":"nyt_labels","tag_sets_id":1963,"tags_id":9360840},{"stories_id":2371557647,"tag":"energy and power","tag_set":"nyt_labels","tag_sets_id":1963,"tags_id":9360997},{"stories_id":2371557647,"tag":"food","tag_set":"nyt_labels","tag_sets_id":1963,"tags_id":9361010},{"stories_id":2371557647,"tag":"Wall Street Journal","tag_set":"cliff_organizations","tag_sets_id":2388,"tags_id":9366539},{"stories_id":2371557647,"tag":"S&P","tag_set":"cliff_organizations","tag_sets_id":2388,"tags_id":9368263},{"stories_id":2371557647,"tag":"Vanguard","tag_set":"cliff_organizations","tag_sets_id":2388,"tags_id":9385090},{"stories_id":2371557647,"tag":"WSJ","tag_set":"cliff_organizations","tag_sets_id":2388,"tags_id":9396028},{"stories_id":2371557647,"tag":"Enbridge Inc.","tag_set":"cliff_organizations","tag_sets_id":2388,"tags_id":9433363},{"stories_id":2371557647,"tag":"BlackRock","tag_set":"cliff_organizations","tag_sets_id":2388,"tags_id":9433756},{"stories_id":2371557647,"tag":"Unilever Plc","tag_set":"cliff_organizations","tag_sets_id":2388,"tags_id":9497368},{"stories_id":2371557647,"tag":"Dominion Energy Inc.","tag_set":"cliff_organizations","tag_sets_id":2388,"tags_id":9638269},{"stories_id":2371557647,"tag":"WSJ BlackRock Inc.","tag_set":"cliff_organizations","tag_sets_id":2388,"tags_id":57888625},{"stories_id":2371557647,"tag":"Vanguard Renewables","tag_set":"cliff_organizations","tag_sets_id":2388,"tags_id":85002590},{"stories_id":2371557647,"tag":"readability-lxml-0.8.1","tag_set":"extractor_version","tag_sets_id":1354,"tags_id":228516910},{"stories_id":2371557647,"tag":"cliff_clavin_v2.6.1","tag_set":"geocoder_version","tag_sets_id":1937,"tags_id":228516911},{"stories_id":2371557647,"tag":"Vanguard Renewables LLC","tag_set":"cliff_organizations","tag_sets_id":2388,"tags_id":258069436},{"stories_id":2371557647,"tag":"FactSet lists Vision Ridge Partners LLC","tag_set":"cliff_organizations","tag_sets_id":2388,"tags_id":258069437},{"stories_id":2371557647,"tag":"asset management company Vanguard Group","tag_set":"cliff_organizations","tag_sets_id":2388,"tags_id":258069438}],"title":"BlackRock paying $700 million for Vanguard Renewables: WSJ","url":"http://www.marketwatch.com/news/story/blackrock-paying-700-million-vanguard/story.aspx?guid=%7BA0B8686C%2D6208%2D4124%2D94FD%2D3B57150F66DC%7D&siteid=rss","word_count":null}]