[{"ap_syndicated":null,"collect_date":"2022-07-22 17:29:14.726700","feeds":null,"guid":"{20C06575-04D4-B545-7100-25E629A649BB}","language":"en","media_id":1150,"media_name":null,"media_url":null,"processed_stories_id":null,"publish_date":"2022-07-22 15:56:00","stories_id":2373911181,"story_tags":[{"stories_id":2373911181,"tag":"nyt_labeller_v1.0.0","tag_set":"nyt_labels_version","tag_sets_id":1964,"tags_id":9360669},{"stories_id":2373911181,"tag":"finances","tag_set":"nyt_labels","tag_sets_id":1963,"tags_id":9360840},{"stories_id":2373911181,"tag":"stocks and bonds","tag_set":"nyt_labels","tag_sets_id":1963,"tags_id":9361012},{"stories_id":2373911181,"tag":"company reports","tag_set":"nyt_labels","tag_sets_id":1963,"tags_id":9361050},{"stories_id":2373911181,"tag":"corporations","tag_set":"nyt_labels","tag_sets_id":1963,"tags_id":9361051},{"stories_id":2373911181,"tag":"Federal Reserve","tag_set":"cliff_organizations","tag_sets_id":2388,"tags_id":9368261},{"stories_id":2373911181,"tag":"S&P","tag_set":"cliff_organizations","tag_sets_id":2388,"tags_id":9368263},{"stories_id":2373911181,"tag":"General Electric Co.","tag_set":"cliff_organizations","tag_sets_id":2388,"tags_id":9369202},{"stories_id":2373911181,"tag":"Morgan Stanley","tag_set":"cliff_organizations","tag_sets_id":2388,"tags_id":9369614},{"stories_id":2373911181,"tag":"GE","tag_set":"cliff_organizations","tag_sets_id":2388,"tags_id":9369925},{"stories_id":2373911181,"tag":"SPDR","tag_set":"cliff_organizations","tag_sets_id":2388,"tags_id":9392669},{"stories_id":2373911181,"tag":"FactSet","tag_set":"cliff_organizations","tag_sets_id":2388,"tags_id":9419501},{"stories_id":2373911181,"tag":"GE GE","tag_set":"cliff_organizations","tag_sets_id":2388,"tags_id":9707516},{"stories_id":2373911181,"tag":"Joshua Pokrzywinski","tag_set":"cliff_people","tag_sets_id":2389,"tags_id":9746630},{"stories_id":2373911181,"tag":"readability-lxml-0.8.1","tag_set":"extractor_version","tag_sets_id":1354,"tags_id":228516910},{"stories_id":2373911181,"tag":"cliff_clavin_v2.6.1","tag_set":"geocoder_version","tag_sets_id":1937,"tags_id":228516911}],"title":"Earnings Outlook: Avoid GE stock ahead of earnings as Wall Street’s expectations haven’t fallen far enough, analyst says","url":"http://www.marketwatch.com/news/story.asp?guid=%7B20C06575-04D4-B545-7100-25E629A649BB%7D&siteid=rss&rss=1","word_count":null}]