[{"ap_syndicated":null,"collect_date":"2022-08-02 05:30:32.095628","feeds":null,"guid":"{20C0C4D5-7425-4434-F126-405C3145AFAD}","language":"en","media_id":1150,"media_name":null,"media_url":null,"processed_stories_id":null,"publish_date":"2022-08-02 02:18:00","stories_id":2382970107,"story_tags":[{"stories_id":2382970107,"tag":"nyt_labeller_v1.0.0","tag_set":"nyt_labels_version","tag_sets_id":1964,"tags_id":9360669},{"stories_id":2382970107,"tag":"finances","tag_set":"nyt_labels","tag_sets_id":1963,"tags_id":9360840},{"stories_id":2382970107,"tag":"company reports","tag_set":"nyt_labels","tag_sets_id":1963,"tags_id":9361050},{"stories_id":2382970107,"tag":"corporations","tag_set":"nyt_labels","tag_sets_id":1963,"tags_id":9361051},{"stories_id":2382970107,"tag":"Jochen Eickholt","tag_set":"cliff_people","tag_sets_id":2389,"tags_id":9731755},{"stories_id":2382970107,"tag":"Siemens Gamesa","tag_set":"cliff_organizations","tag_sets_id":2388,"tags_id":10623207},{"stories_id":2382970107,"tag":"Siemens Gamesa Renewable Energy SA","tag_set":"cliff_organizations","tag_sets_id":2388,"tags_id":30529677},{"stories_id":2382970107,"tag":"Maitane Sardon","tag_set":"cliff_people","tag_sets_id":2389,"tags_id":178542677},{"stories_id":2382970107,"tag":"readability-lxml-0.8.1","tag_set":"extractor_version","tag_sets_id":1354,"tags_id":228516910},{"stories_id":2382970107,"tag":"cliff_clavin_v2.6.1","tag_set":"geocoder_version","tag_sets_id":1937,"tags_id":228516911}],"title":"Dow Jones Newswires: Siemens Gamesa losses widen amid spike in costs","url":"http://www.marketwatch.com/news/story.asp?guid=%7B20C0C4D5-7425-4434-F126-405C3145AFAD%7D&siteid=rss&rss=1","word_count":null}]