[{"ap_syndicated":null,"collect_date":"2022-08-04 13:58:26.621356","feeds":null,"guid":"{20C06575-04D4-B545-7108-A622B4CFDCC2}","language":"en","media_id":1150,"media_name":null,"media_url":null,"processed_stories_id":null,"publish_date":"2022-08-04 13:07:00","stories_id":2385426995,"story_tags":[{"stories_id":2385426995,"tag":"geonames_6252001","tag_set":"mc-geocoder@media.mit.edu","tag_sets_id":1011,"tags_id":8878461},{"stories_id":2385426995,"tag":"geonames_4736286","tag_set":"mc-geocoder@media.mit.edu","tag_sets_id":1011,"tags_id":8878538},{"stories_id":2385426995,"tag":"nyt_labeller_v1.0.0","tag_set":"nyt_labels_version","tag_sets_id":1964,"tags_id":9360669},{"stories_id":2385426995,"tag":"oil (petroleum) and gasoline","tag_set":"nyt_labels","tag_sets_id":1963,"tags_id":9360884},{"stories_id":2385426995,"tag":"environment","tag_set":"nyt_labels","tag_sets_id":1963,"tags_id":9360887},{"stories_id":2385426995,"tag":"energy and power","tag_set":"nyt_labels","tag_sets_id":1963,"tags_id":9360997},{"stories_id":2385426995,"tag":"air pollution","tag_set":"nyt_labels","tag_sets_id":1963,"tags_id":9361007},{"stories_id":2385426995,"tag":"electric light and power","tag_set":"nyt_labels","tag_sets_id":1963,"tags_id":9361013},{"stories_id":2385426995,"tag":"light","tag_set":"nyt_labels","tag_sets_id":1963,"tags_id":9361014},{"stories_id":2385426995,"tag":"Senate","tag_set":"cliff_organizations","tag_sets_id":2388,"tags_id":9362741},{"stories_id":2385426995,"tag":"Congress","tag_set":"cliff_organizations","tag_sets_id":2388,"tags_id":9362962},{"stories_id":2385426995,"tag":"CBO","tag_set":"cliff_organizations","tag_sets_id":2388,"tags_id":9364201},{"stories_id":2385426995,"tag":"Biden","tag_set":"cliff_people","tag_sets_id":2389,"tags_id":9365736},{"stories_id":2385426995,"tag":"BP","tag_set":"cliff_organizations","tag_sets_id":2388,"tags_id":9367462},{"stories_id":2385426995,"tag":"Duke Energy","tag_set":"cliff_organizations","tag_sets_id":2388,"tags_id":9421844},{"stories_id":2385426995,"tag":"MarketWatch","tag_set":"cliff_organizations","tag_sets_id":2388,"tags_id":9432481},{"stories_id":2385426995,"tag":"ARES","tag_set":"cliff_organizations","tag_sets_id":2388,"tags_id":9441036},{"stories_id":2385426995,"tag":"Savion","tag_set":"cliff_people","tag_sets_id":2389,"tags_id":9449615},{"stories_id":2385426995,"tag":"Boeing BA","tag_set":"cliff_organizations","tag_sets_id":2388,"tags_id":9475195},{"stories_id":2385426995,"tag":"Texas Legislature","tag_set":"cliff_organizations","tag_sets_id":2388,"tags_id":9512644},{"stories_id":2385426995,"tag":"NextEra","tag_set":"cliff_organizations","tag_sets_id":2388,"tags_id":9594394},{"stories_id":2385426995,"tag":"Nathan Jensen","tag_set":"cliff_people","tag_sets_id":2389,"tags_id":9600623},{"stories_id":2385426995,"tag":"Florida Power","tag_set":"cliff_organizations","tag_sets_id":2388,"tags_id":9890785},{"stories_id":2385426995,"tag":"Apex Clean Energy","tag_set":"cliff_organizations","tag_sets_id":2388,"tags_id":9995398},{"stories_id":2385426995,"tag":"Intel INTC","tag_set":"cliff_organizations","tag_sets_id":2388,"tags_id":11384561},{"stories_id":2385426995,"tag":"Duke Energy DUK","tag_set":"cliff_people","tag_sets_id":2389,"tags_id":33594629},{"stories_id":2385426995,"tag":"AES AES","tag_set":"cliff_organizations","tag_sets_id":2388,"tags_id":34252918},{"stories_id":2385426995,"tag":"University of Texas at Austin College of Liberal Arts","tag_set":"cliff_organizations","tag_sets_id":2388,"tags_id":43849444},{"stories_id":2385426995,"tag":"Shell SHELL","tag_set":"cliff_organizations","tag_sets_id":2388,"tags_id":80022016},{"stories_id":2385426995,"tag":"Alpin Sun","tag_set":"cliff_people","tag_sets_id":2389,"tags_id":138409964},{"stories_id":2385426995,"tag":"Cardinal Investment Group","tag_set":"cliff_organizations","tag_sets_id":2388,"tags_id":149748790},{"stories_id":2385426995,"tag":"readability-lxml-0.8.1","tag_set":"extractor_version","tag_sets_id":1354,"tags_id":228516910},{"stories_id":2385426995,"tag":"cliff_clavin_v2.6.1","tag_set":"geocoder_version","tag_sets_id":1937,"tags_id":228516911},{"stories_id":2385426995,"tag":"Isabella Steinhauer","tag_set":"cliff_people","tag_sets_id":2389,"tags_id":229159853},{"stories_id":2385426995,"tag":"DeShaw Group","tag_set":"cliff_organizations","tag_sets_id":2388,"tags_id":258852811}],"title":"The Conversation: Subsidies for renewable energy often go to the same fossil-fuel companies that are fighting the green-energy transition with their other hand","url":"http://www.marketwatch.com/news/story.asp?guid=%7B20C06575-04D4-B545-7108-A622B4CFDCC2%7D&siteid=rss&rss=1","word_count":null}]