[{"ap_syndicated":null,"collect_date":"2022-08-11 09:57:43.262907","feeds":null,"guid":"https://www.usatoday.com/story/news/nation/2022/08/11/trump-pleads-5th-ny-gas-prices-drop-below-4-5-things-podcast/10295225002/","language":"en","media_id":4,"media_name":null,"media_url":null,"processed_stories_id":null,"publish_date":"2022-08-11 07:53:10","stories_id":2391185732,"story_tags":[{"stories_id":2391185732,"tag":"geonames_6252001","tag_set":"mc-geocoder@media.mit.edu","tag_sets_id":1011,"tags_id":8878461},{"stories_id":2391185732,"tag":"geonames_5128638","tag_set":"mc-geocoder@media.mit.edu","tag_sets_id":1011,"tags_id":8878463},{"stories_id":2391185732,"tag":"geonames_5128581","tag_set":"mc-geocoder@media.mit.edu","tag_sets_id":1011,"tags_id":8878486},{"stories_id":2391185732,"tag":"geonames_5125771","tag_set":"mc-geocoder@media.mit.edu","tag_sets_id":1011,"tags_id":8878499},{"stories_id":2391185732,"tag":"geonames_4854711","tag_set":"mc-geocoder@media.mit.edu","tag_sets_id":1011,"tags_id":8882474},{"stories_id":2391185732,"tag":"nyt_labeller_v1.0.0","tag_set":"nyt_labels_version","tag_sets_id":1964,"tags_id":9360669},{"stories_id":2391185732,"tag":"medicine and health","tag_set":"nyt_labels","tag_sets_id":1963,"tags_id":9360852},{"stories_id":2391185732,"tag":"Donald Trump","tag_set":"cliff_people","tag_sets_id":2389,"tags_id":9362284},{"stories_id":2391185732,"tag":"Joe Biden","tag_set":"cliff_people","tag_sets_id":2389,"tags_id":9363134},{"stories_id":2391185732,"tag":"Justice Department","tag_set":"cliff_organizations","tag_sets_id":2388,"tags_id":9363280},{"stories_id":2391185732,"tag":"Trump Organization","tag_set":"cliff_organizations","tag_sets_id":2388,"tags_id":9363373},{"stories_id":2391185732,"tag":"Kim Jong-un","tag_set":"cliff_people","tag_sets_id":2389,"tags_id":9363635},{"stories_id":2391185732,"tag":"NASA","tag_set":"cliff_organizations","tag_sets_id":2388,"tags_id":9364494},{"stories_id":2391185732,"tag":"Fox","tag_set":"cliff_people","tag_sets_id":2389,"tags_id":9364804},{"stories_id":2391185732,"tag":"Letitia James","tag_set":"cliff_people","tag_sets_id":2389,"tags_id":9365859},{"stories_id":2391185732,"tag":"MLB","tag_set":"cliff_organizations","tag_sets_id":2388,"tags_id":9367518},{"stories_id":2391185732,"tag":"New York Yankees","tag_set":"cliff_organizations","tag_sets_id":2388,"tags_id":9368140},{"stories_id":2391185732,"tag":"Chicago Cubs","tag_set":"cliff_organizations","tag_sets_id":2388,"tags_id":9374946},{"stories_id":2391185732,"tag":"AAA","tag_set":"cliff_organizations","tag_sets_id":2388,"tags_id":9376517},{"stories_id":2391185732,"tag":"Kevin Johnson","tag_set":"cliff_people","tag_sets_id":2389,"tags_id":9382237},{"stories_id":2391185732,"tag":"USA TODAY","tag_set":"cliff_organizations","tag_sets_id":2388,"tags_id":9382850},{"stories_id":2391185732,"tag":"Cincinnati Reds","tag_set":"cliff_organizations","tag_sets_id":2388,"tags_id":9404767},{"stories_id":2391185732,"tag":"Chicago White Sox","tag_set":"cliff_organizations","tag_sets_id":2388,"tags_id":9404769},{"stories_id":2391185732,"tag":"Kevin Costner","tag_set":"cliff_people","tag_sets_id":2389,"tags_id":9438724},{"stories_id":2391185732,"tag":"James Earl Jones","tag_set":"cliff_people","tag_sets_id":2389,"tags_id":9451360},{"stories_id":2391185732,"tag":"Major League Baseball","tag_set":"cliff_organizations","tag_sets_id":2388,"tags_id":9452921},{"stories_id":2391185732,"tag":"Joe Jackson","tag_set":"cliff_people","tag_sets_id":2389,"tags_id":9467281},{"stories_id":2391185732,"tag":"Ray Liotta","tag_set":"cliff_people","tag_sets_id":2389,"tags_id":9569849},{"stories_id":2391185732,"tag":"Taylor Wilson","tag_set":"cliff_people","tag_sets_id":2389,"tags_id":9712594},{"stories_id":2391185732,"tag":"USATODAY.com","tag_set":"cliff_organizations","tag_sets_id":2388,"tags_id":10037326},{"stories_id":2391185732,"tag":"Ray Kinsella","tag_set":"cliff_people","tag_sets_id":2389,"tags_id":10177155},{"stories_id":2391185732,"tag":"Terence Mann","tag_set":"cliff_people","tag_sets_id":2389,"tags_id":10191386},{"stories_id":2391185732,"tag":"Frank Whaley","tag_set":"cliff_people","tag_sets_id":2389,"tags_id":10294080},{"stories_id":2391185732,"tag":"Archie Graham","tag_set":"cliff_people","tag_sets_id":2389,"tags_id":11674811},{"stories_id":2391185732,"tag":"Adrianna Rodriguez","tag_set":"cliff_people","tag_sets_id":2389,"tags_id":27608852},{"stories_id":2391185732,"tag":"PJ Elliott","tag_set":"cliff_people","tag_sets_id":2389,"tags_id":33594730},{"stories_id":2391185732,"tag":"George Floyd","tag_set":"cliff_people","tag_sets_id":2389,"tags_id":37048539},{"stories_id":2391185732,"tag":"Derek Chauvin","tag_set":"cliff_people","tag_sets_id":2389,"tags_id":64271042},{"stories_id":2391185732,"tag":"readability-lxml-0.8.1","tag_set":"extractor_version","tag_sets_id":1354,"tags_id":228516910},{"stories_id":2391185732,"tag":"cliff_clavin_v2.6.1","tag_set":"geocoder_version","tag_sets_id":1937,"tags_id":228516911}],"title":"Trump takes the Fifth in NY deposition, gas prices dip below $4 per gallon: 5 Things podcast","url":"http://rssfeeds.usatoday.com/~/705933552/0/usatodaycomnation-topstories~Trump-takes-the-Fifth-in-NY-deposition-gas-prices-dip-below-per-gallon-Things-podcast/","word_count":null}]