[{"ap_syndicated":null,"collect_date":"2022-08-24 03:09:56.436049","feeds":null,"guid":"https://www.washingtonpost.com/world/for-clean-energy-financial-growth-africa-looks-to-un-talks/2022/08/24/65e91d98-237a-11ed-a72f-1e7149072fbc_story.html?utm_source=rss&utm_medium=referral&utm_campaign=wp_world","language":"en","media_id":2,"media_name":null,"media_url":null,"processed_stories_id":null,"publish_date":"2022-08-24 03:00:12","stories_id":2401871280,"story_tags":[{"stories_id":2401871280,"tag":"geonames_192950","tag_set":"mc-geocoder@media.mit.edu","tag_sets_id":1011,"tags_id":8878654},{"stories_id":2401871280,"tag":"geonames_4138106","tag_set":"mc-geocoder@media.mit.edu","tag_sets_id":1011,"tags_id":8878827},{"stories_id":2401871280,"tag":"geonames_186301","tag_set":"mc-geocoder@media.mit.edu","tag_sets_id":1011,"tags_id":8881410},{"stories_id":2401871280,"tag":"nyt_labeller_v1.0.0","tag_set":"nyt_labels_version","tag_sets_id":1964,"tags_id":9360669},{"stories_id":2401871280,"tag":"economic conditions and trends","tag_set":"nyt_labels","tag_sets_id":1963,"tags_id":9360989},{"stories_id":2401871280,"tag":"energy and power","tag_set":"nyt_labels","tag_sets_id":1963,"tags_id":9360997},{"stories_id":2401871280,"tag":"electric light and power","tag_set":"nyt_labels","tag_sets_id":1963,"tags_id":9361013},{"stories_id":2401871280,"tag":"light","tag_set":"nyt_labels","tag_sets_id":1963,"tags_id":9361014},{"stories_id":2401871280,"tag":"Associated Press","tag_set":"cliff_organizations","tag_sets_id":2388,"tags_id":9362784},{"stories_id":2401871280,"tag":"UN","tag_set":"cliff_organizations","tag_sets_id":2388,"tags_id":9362786},{"stories_id":2401871280,"tag":"AP","tag_set":"cliff_organizations","tag_sets_id":2388,"tags_id":9362920},{"stories_id":2401871280,"tag":"U.N.","tag_set":"cliff_organizations","tag_sets_id":2388,"tags_id":9363619},{"stories_id":2401871280,"tag":"African Union","tag_set":"cliff_organizations","tag_sets_id":2388,"tags_id":9366205},{"stories_id":2401871280,"tag":"United Nations Economic Commission for Africa","tag_set":"cliff_organizations","tag_sets_id":2388,"tags_id":9433513},{"stories_id":2401871280,"tag":"Kom Ombo","tag_set":"cliff_organizations","tag_sets_id":2388,"tags_id":10457800},{"stories_id":2401871280,"tag":"James Murombedzi","tag_set":"cliff_people","tag_sets_id":2389,"tags_id":29396581},{"stories_id":2401871280,"tag":"Linus Mofor","tag_set":"cliff_people","tag_sets_id":2389,"tags_id":31672476},{"stories_id":2401871280,"tag":"Harsen Nyambe","tag_set":"cliff_people","tag_sets_id":2389,"tags_id":80582670},{"stories_id":2401871280,"tag":"Mouhamadou Bamba Sylla","tag_set":"cliff_people","tag_sets_id":2389,"tags_id":175820786},{"stories_id":2401871280,"tag":"readability-lxml-0.8.1","tag_set":"extractor_version","tag_sets_id":1354,"tags_id":228516910},{"stories_id":2401871280,"tag":"cliff_clavin_v2.6.1","tag_set":"geocoder_version","tag_sets_id":1937,"tags_id":228516911}],"title":"For clean energy, financial growth, Africa looks to UN talks","url":"https://www.washingtonpost.com/world/for-clean-energy-financial-growth-africa-looks-to-un-talks/2022/08/24/65e91d98-237a-11ed-a72f-1e7149072fbc_story.html?utm_source=rss&utm_medium=referral&utm_campaign=wp_world","word_count":null}]