[{"ap_syndicated":null,"collect_date":"2022-09-13 16:34:55.148885","feeds":null,"guid":"https://www.washingtonpost.com/business/energy/everything-you-need-to-know-about-esg-investing-and-the-backlash-to-it/2022/09/13/1e396846-33a0-11ed-a0d6-415299bfebd5_story.html?utm_source=rss&utm_medium=referral&utm_campaign=wp_business","language":"en","media_id":2,"media_name":null,"media_url":null,"processed_stories_id":null,"publish_date":"2022-09-13 04:05:54","stories_id":2420119380,"story_tags":[{"stories_id":2420119380,"tag":"geonames_6252001","tag_set":"mc-geocoder@media.mit.edu","tag_sets_id":1011,"tags_id":8878461},{"stories_id":2420119380,"tag":"geonames_1278341","tag_set":"mc-geocoder@media.mit.edu","tag_sets_id":1011,"tags_id":8888258},{"stories_id":2420119380,"tag":"nyt_labeller_v1.0.0","tag_set":"nyt_labels_version","tag_sets_id":1964,"tags_id":9360669},{"stories_id":2420119380,"tag":"politics and government","tag_set":"nyt_labels","tag_sets_id":1963,"tags_id":9360836},{"stories_id":2420119380,"tag":"finances","tag_set":"nyt_labels","tag_sets_id":1963,"tags_id":9360840},{"stories_id":2420119380,"tag":"environment","tag_set":"nyt_labels","tag_sets_id":1963,"tags_id":9360887},{"stories_id":2420119380,"tag":"banks and banking","tag_set":"nyt_labels","tag_sets_id":1963,"tags_id":9360943},{"stories_id":2420119380,"tag":"economic conditions and trends","tag_set":"nyt_labels","tag_sets_id":1963,"tags_id":9360989},{"stories_id":2420119380,"tag":"energy and power","tag_set":"nyt_labels","tag_sets_id":1963,"tags_id":9360997},{"stories_id":2420119380,"tag":"stocks and bonds","tag_set":"nyt_labels","tag_sets_id":1963,"tags_id":9361012},{"stories_id":2420119380,"tag":"regulation and deregulation of industry","tag_set":"nyt_labels","tag_sets_id":1963,"tags_id":9361160},{"stories_id":2420119380,"tag":"United Nations","tag_set":"cliff_organizations","tag_sets_id":2388,"tags_id":9362785},{"stories_id":2420119380,"tag":"European Union","tag_set":"cliff_organizations","tag_sets_id":2388,"tags_id":9362999},{"stories_id":2420119380,"tag":"Bloomberg","tag_set":"cliff_organizations","tag_sets_id":2388,"tags_id":9363116},{"stories_id":2420119380,"tag":"BlackRock Inc.","tag_set":"cliff_organizations","tag_sets_id":2388,"tags_id":9371522},{"stories_id":2420119380,"tag":"Morningstar","tag_set":"cliff_organizations","tag_sets_id":2388,"tags_id":9416234},{"stories_id":2420119380,"tag":"new European Union","tag_set":"cliff_organizations","tag_sets_id":2388,"tags_id":9429129},{"stories_id":2420119380,"tag":"US Securities and Exchange Commission","tag_set":"cliff_organizations","tag_sets_id":2388,"tags_id":9430242},{"stories_id":2420119380,"tag":"Deutsche Bank AG","tag_set":"cliff_organizations","tag_sets_id":2388,"tags_id":9438759},{"stories_id":2420119380,"tag":"Ron DeSantis","tag_set":"cliff_people","tag_sets_id":2389,"tags_id":9453820},{"stories_id":2420119380,"tag":"Exxon Mobil Corp.","tag_set":"cliff_organizations","tag_sets_id":2388,"tags_id":9455439},{"stories_id":2420119380,"tag":"Businessweek","tag_set":"cliff_organizations","tag_sets_id":2388,"tags_id":9480640},{"stories_id":2420119380,"tag":"Bloomberg Intelligence","tag_set":"cliff_organizations","tag_sets_id":2388,"tags_id":9495551},{"stories_id":2420119380,"tag":"Morningstar Inc.","tag_set":"cliff_organizations","tag_sets_id":2388,"tags_id":9506823},{"stories_id":2420119380,"tag":"ESG","tag_set":"cliff_organizations","tag_sets_id":2388,"tags_id":9674632},{"stories_id":2420119380,"tag":"ESG risks","tag_set":"cliff_organizations","tag_sets_id":2388,"tags_id":35302627},{"stories_id":2420119380,"tag":"Bloomberg QuickTakes","tag_set":"cliff_organizations","tag_sets_id":2388,"tags_id":38516234},{"stories_id":2420119380,"tag":"Pax World Fund","tag_set":"cliff_organizations","tag_sets_id":2388,"tags_id":55501004},{"stories_id":2420119380,"tag":"ESG strategy","tag_set":"cliff_organizations","tag_sets_id":2388,"tags_id":60788727},{"stories_id":2420119380,"tag":"Global Sustainable Investment Association","tag_set":"cliff_organizations","tag_sets_id":2388,"tags_id":92048597},{"stories_id":2420119380,"tag":"Sustainalytics Inc.","tag_set":"cliff_organizations","tag_sets_id":2388,"tags_id":128426999},{"stories_id":2420119380,"tag":"ESG bona fides","tag_set":"cliff_organizations","tag_sets_id":2388,"tags_id":223809649},{"stories_id":2420119380,"tag":"readability-lxml-0.8.1","tag_set":"extractor_version","tag_sets_id":1354,"tags_id":228516910},{"stories_id":2420119380,"tag":"cliff_clavin_v2.6.1","tag_set":"geocoder_version","tag_sets_id":1937,"tags_id":228516911},{"stories_id":2420119380,"tag":"Deliveroo Plc","tag_set":"cliff_organizations","tag_sets_id":2388,"tags_id":233840065},{"stories_id":2420119380,"tag":"Goldman Sachs Group Inc.’s asset management group","tag_set":"cliff_organizations","tag_sets_id":2388,"tags_id":256711546}],"title":"Everything You Need to Know About ESG Investing And the Backlash to It","url":"https://www.washingtonpost.com/business/energy/everything-you-need-to-know-about-esg-investing-and-the-backlash-to-it/2022/09/13/1e396846-33a0-11ed-a0d6-415299bfebd5_story.html?utm_source=rss&utm_medium=referral&utm_campaign=wp_business","word_count":null}]