[{"ap_syndicated":null,"collect_date":"2022-10-13 09:07:39.804317","feeds":null,"guid":"https://www.washingtonpost.com/politics/2022/10/13/states-will-play-key-role-implementing-climate-law/","language":"en","media_id":2,"media_name":null,"media_url":null,"processed_stories_id":null,"publish_date":"2022-10-13 07:36:37","stories_id":2446758978,"story_tags":[{"stories_id":2446758978,"tag":"geonames_6252001","tag_set":"mc-geocoder@media.mit.edu","tag_sets_id":1011,"tags_id":8878461},{"stories_id":2446758978,"tag":"geonames_5417618","tag_set":"mc-geocoder@media.mit.edu","tag_sets_id":1011,"tags_id":8878696},{"stories_id":2446758978,"tag":"geonames_4791259","tag_set":"mc-geocoder@media.mit.edu","tag_sets_id":1011,"tags_id":8879543},{"stories_id":2446758978,"tag":"nyt_labeller_v1.0.0","tag_set":"nyt_labels_version","tag_sets_id":1964,"tags_id":9360669},{"stories_id":2446758978,"tag":"energy and power","tag_set":"nyt_labels","tag_sets_id":1963,"tags_id":9360997},{"stories_id":2446758978,"tag":"White House","tag_set":"cliff_organizations","tag_sets_id":2388,"tags_id":9362736},{"stories_id":2446758978,"tag":"United Nations","tag_set":"cliff_organizations","tag_sets_id":2388,"tags_id":9362785},{"stories_id":2446758978,"tag":"Washington Post","tag_set":"cliff_organizations","tag_sets_id":2388,"tags_id":9362798},{"stories_id":2446758978,"tag":"CNN","tag_set":"cliff_organizations","tag_sets_id":2388,"tags_id":9362932},{"stories_id":2446758978,"tag":"Post","tag_set":"cliff_organizations","tag_sets_id":2388,"tags_id":9363250},{"stories_id":2446758978,"tag":"Internal Revenue Service","tag_set":"cliff_organizations","tag_sets_id":2388,"tags_id":9363451},{"stories_id":2446758978,"tag":"U.N.","tag_set":"cliff_organizations","tag_sets_id":2388,"tags_id":9363619},{"stories_id":2446758978,"tag":"Interior","tag_set":"cliff_organizations","tag_sets_id":2388,"tags_id":9363817},{"stories_id":2446758978,"tag":"Biden","tag_set":"cliff_people","tag_sets_id":2389,"tags_id":9365736},{"stories_id":2446758978,"tag":"Hale","tag_set":"cliff_people","tag_sets_id":2389,"tags_id":9367184},{"stories_id":2446758978,"tag":"Interior Department","tag_set":"cliff_organizations","tag_sets_id":2388,"tags_id":9367363},{"stories_id":2446758978,"tag":"Army Corps of Engineers","tag_set":"cliff_organizations","tag_sets_id":2388,"tags_id":9370748},{"stories_id":2446758978,"tag":"IRS","tag_set":"cliff_organizations","tag_sets_id":2388,"tags_id":9371486},{"stories_id":2446758978,"tag":"IRA","tag_set":"cliff_organizations","tag_sets_id":2388,"tags_id":9374360},{"stories_id":2446758978,"tag":"António Guterres","tag_set":"cliff_people","tag_sets_id":2389,"tags_id":9377557},{"stories_id":2446758978,"tag":"Tyler","tag_set":"cliff_people","tag_sets_id":2389,"tags_id":9381477},{"stories_id":2446758978,"tag":"Ella Nilsen","tag_set":"cliff_people","tag_sets_id":2389,"tags_id":9381719},{"stories_id":2446758978,"tag":"Princeton University","tag_set":"cliff_organizations","tag_sets_id":2388,"tags_id":9384802},{"stories_id":2446758978,"tag":"Joe Manchin III","tag_set":"cliff_people","tag_sets_id":2389,"tags_id":9385885},{"stories_id":2446758978,"tag":"Maxine","tag_set":"cliff_people","tag_sets_id":2389,"tags_id":9395953},{"stories_id":2446758978,"tag":"Bureau of Reclamation","tag_set":"cliff_organizations","tag_sets_id":2388,"tags_id":9457976},{"stories_id":2446758978,"tag":"Michael F. Bennet","tag_set":"cliff_people","tag_sets_id":2389,"tags_id":9690723},{"stories_id":2446758978,"tag":"Ben King","tag_set":"cliff_people","tag_sets_id":2389,"tags_id":9706491},{"stories_id":2446758978,"tag":"Mike O'Boyle","tag_set":"cliff_people","tag_sets_id":2389,"tags_id":10928187},{"stories_id":2446758978,"tag":"Meagan Flynn","tag_set":"cliff_people","tag_sets_id":2389,"tags_id":11218692},{"stories_id":2446758978,"tag":"Michelle Solomon","tag_set":"cliff_people","tag_sets_id":2389,"tags_id":13810287},{"stories_id":2446758978,"tag":"Dan Esposito","tag_set":"cliff_people","tag_sets_id":2389,"tags_id":22510305},{"stories_id":2446758978,"tag":"Elaine Luria","tag_set":"cliff_people","tag_sets_id":2389,"tags_id":36904876},{"stories_id":2446758978,"tag":"geonames_5435951","tag_set":"mc-geocoder@media.mit.edu","tag_sets_id":1011,"tags_id":40475994},{"stories_id":2446758978,"tag":"Jen A. Kiggans","tag_set":"cliff_people","tag_sets_id":2389,"tags_id":171538931},{"stories_id":2446758978,"tag":"readability-lxml-0.8.1","tag_set":"extractor_version","tag_sets_id":1354,"tags_id":228516910},{"stories_id":2446758978,"tag":"cliff_clavin_v2.6.1","tag_set":"geocoder_version","tag_sets_id":1937,"tags_id":228516911},{"stories_id":2446758978,"tag":"Energy Innovation paper","tag_set":"cliff_organizations","tag_sets_id":2388,"tags_id":262576298}],"title":"States will play key role in implementing climate law","url":"https://www.washingtonpost.com/politics/2022/10/13/states-will-play-key-role-implementing-climate-law/","word_count":null}]