[{"ap_syndicated":null,"collect_date":"2022-10-17 16:57:28.083107","feeds":null,"guid":"{20C06575-04D4-B545-713A-EFCC2209B1C2}","language":"en","media_id":1150,"media_name":null,"media_url":null,"processed_stories_id":null,"publish_date":"2022-10-17 15:51:00","stories_id":2450524007,"story_tags":[{"stories_id":2450524007,"tag":"geonames_6252001","tag_set":"mc-geocoder@media.mit.edu","tag_sets_id":1011,"tags_id":8878461},{"stories_id":2450524007,"tag":"geonames_2017370","tag_set":"mc-geocoder@media.mit.edu","tag_sets_id":1011,"tags_id":8878645},{"stories_id":2450524007,"tag":"nyt_labeller_v1.0.0","tag_set":"nyt_labels_version","tag_sets_id":1964,"tags_id":9360669},{"stories_id":2450524007,"tag":"politics and government","tag_set":"nyt_labels","tag_sets_id":1963,"tags_id":9360836},{"stories_id":2450524007,"tag":"finances","tag_set":"nyt_labels","tag_sets_id":1963,"tags_id":9360840},{"stories_id":2450524007,"tag":"armament, defense and military forces","tag_set":"nyt_labels","tag_sets_id":1963,"tags_id":9360868},{"stories_id":2450524007,"tag":"united states armament and defense","tag_set":"nyt_labels","tag_sets_id":1963,"tags_id":9360930},{"stories_id":2450524007,"tag":"united states international relations","tag_set":"nyt_labels","tag_sets_id":1963,"tags_id":9360933},{"stories_id":2450524007,"tag":"international relations","tag_set":"nyt_labels","tag_sets_id":1963,"tags_id":9360934},{"stories_id":2450524007,"tag":"economic conditions and trends","tag_set":"nyt_labels","tag_sets_id":1963,"tags_id":9360989},{"stories_id":2450524007,"tag":"united states economy","tag_set":"nyt_labels","tag_sets_id":1963,"tags_id":9360990},{"stories_id":2450524007,"tag":"prices (fares, fees and rates)","tag_set":"nyt_labels","tag_sets_id":1963,"tags_id":9360996},{"stories_id":2450524007,"tag":"Congress","tag_set":"cliff_organizations","tag_sets_id":2388,"tags_id":9362962},{"stories_id":2450524007,"tag":"European Union","tag_set":"cliff_organizations","tag_sets_id":2388,"tags_id":9362999},{"stories_id":2450524007,"tag":"Joe Biden","tag_set":"cliff_people","tag_sets_id":2389,"tags_id":9363134},{"stories_id":2450524007,"tag":"Putin","tag_set":"cliff_people","tag_sets_id":2389,"tags_id":9363338},{"stories_id":2450524007,"tag":"Columbia University","tag_set":"cliff_organizations","tag_sets_id":2388,"tags_id":9363347},{"stories_id":2450524007,"tag":"Cisco","tag_set":"cliff_organizations","tag_sets_id":2388,"tags_id":9372069},{"stories_id":2450524007,"tag":"Barron","tag_set":"cliff_people","tag_sets_id":2389,"tags_id":9377356},{"stories_id":2450524007,"tag":"James Rogers","tag_set":"cliff_people","tag_sets_id":2389,"tags_id":9440864},{"stories_id":2450524007,"tag":"Joseph E. Stiglitz","tag_set":"cliff_people","tag_sets_id":2389,"tags_id":10066723},{"stories_id":2450524007,"tag":"Yasuyoshi Chiba/AFP/Getty","tag_set":"cliff_people","tag_sets_id":2389,"tags_id":10632724},{"stories_id":2450524007,"tag":"readability-lxml-0.8.1","tag_set":"extractor_version","tag_sets_id":1354,"tags_id":228516910},{"stories_id":2450524007,"tag":"cliff_clavin_v2.6.1","tag_set":"geocoder_version","tag_sets_id":1937,"tags_id":228516911},{"stories_id":2450524007,"tag":"Anviksha Patel","tag_set":"cliff_people","tag_sets_id":2389,"tags_id":259773015}],"title":"Project Syndicate: If Europe and the U.S. want to win the war in Ukraine, they must enlist their economies in the fight","url":"http://www.marketwatch.com/news/story.asp?guid=%7B20C06575-04D4-B545-713A-EFCC2209B1C2%7D&siteid=rss&rss=1","word_count":null}]