[{"ap_syndicated":null,"collect_date":"2022-11-07 12:27:07.348512","feeds":null,"guid":"{20C06575-04D4-B545-714D-1E717F1656C1}","language":"en","media_id":1150,"media_name":null,"media_url":null,"processed_stories_id":null,"publish_date":"2022-11-07 11:53:00","stories_id":2470655411,"story_tags":[{"stories_id":2470655411,"tag":"geonames_6252001","tag_set":"mc-geocoder@media.mit.edu","tag_sets_id":1011,"tags_id":8878461},{"stories_id":2470655411,"tag":"nyt_labeller_v1.0.0","tag_set":"nyt_labels_version","tag_sets_id":1964,"tags_id":9360669},{"stories_id":2470655411,"tag":"politics and government","tag_set":"nyt_labels","tag_sets_id":1963,"tags_id":9360836},{"stories_id":2470655411,"tag":"finances","tag_set":"nyt_labels","tag_sets_id":1963,"tags_id":9360840},{"stories_id":2470655411,"tag":"united states politics and government","tag_set":"nyt_labels","tag_sets_id":1963,"tags_id":9360846},{"stories_id":2470655411,"tag":"oil (petroleum) and gasoline","tag_set":"nyt_labels","tag_sets_id":1963,"tags_id":9360884},{"stories_id":2470655411,"tag":"Senate","tag_set":"cliff_organizations","tag_sets_id":2388,"tags_id":9362741},{"stories_id":2470655411,"tag":"Associated Press","tag_set":"cliff_organizations","tag_sets_id":2388,"tags_id":9362784},{"stories_id":2470655411,"tag":"GOP","tag_set":"cliff_organizations","tag_sets_id":2388,"tags_id":9362923},{"stories_id":2470655411,"tag":"George W. Bush","tag_set":"cliff_people","tag_sets_id":2389,"tags_id":9363130},{"stories_id":2470655411,"tag":"House","tag_set":"cliff_organizations","tag_sets_id":2388,"tags_id":9363164},{"stories_id":2470655411,"tag":"U.N.","tag_set":"cliff_organizations","tag_sets_id":2388,"tags_id":9363619},{"stories_id":2470655411,"tag":"Twitter","tag_set":"cliff_organizations","tag_sets_id":2388,"tags_id":9363684},{"stories_id":2470655411,"tag":"Biden","tag_set":"cliff_people","tag_sets_id":2389,"tags_id":9365736},{"stories_id":2470655411,"tag":"Kerry","tag_set":"cliff_people","tag_sets_id":2389,"tags_id":9366581},{"stories_id":2470655411,"tag":"Al Gore","tag_set":"cliff_people","tag_sets_id":2389,"tags_id":9367577},{"stories_id":2470655411,"tag":"Kevin McCarthy","tag_set":"cliff_people","tag_sets_id":2389,"tags_id":9368746},{"stories_id":2470655411,"tag":"IRA","tag_set":"cliff_organizations","tag_sets_id":2388,"tags_id":9374360},{"stories_id":2470655411,"tag":"Jack Dorsey","tag_set":"cliff_people","tag_sets_id":2389,"tags_id":9376820},{"stories_id":2470655411,"tag":"Elliott","tag_set":"cliff_people","tag_sets_id":2389,"tags_id":9396797},{"stories_id":2470655411,"tag":"EVs","tag_set":"cliff_organizations","tag_sets_id":2388,"tags_id":9432985},{"stories_id":2470655411,"tag":"readability-lxml-0.8.1","tag_set":"extractor_version","tag_sets_id":1354,"tags_id":228516910},{"stories_id":2470655411,"tag":"cliff_clavin_v2.6.1","tag_set":"geocoder_version","tag_sets_id":1937,"tags_id":228516911}],"title":"Key Words: Al Gore at COP27 climate summit: ‘Choose life over death’ by ending oil and gas reliance","url":"http://www.marketwatch.com/news/story.asp?guid=%7B20C06575-04D4-B545-714D-1E717F1656C1%7D&siteid=rss&rss=1","word_count":null}]