[{"ap_syndicated":null,"collect_date":"2018-04-09 21:11:50.371525","feeds":null,"guid":"SB10674854485694464089404584154152802536622","language":"en","media_id":1150,"media_name":null,"media_url":null,"processed_stories_id":null,"publish_date":"2018-04-09 17:34:19","stories_id":844759170,"story_tags":[{"stories_id":844759170,"tag":"readability-lxml-0.6.2","tag_set":"extractor_version","tag_sets_id":1354,"tags_id":9325058},{"stories_id":844759170,"tag":"nyt_labeller_v1.0.0","tag_set":"nyt_labels_version","tag_sets_id":1964,"tags_id":9360669},{"stories_id":844759170,"tag":"energy and power","tag_set":"nyt_labels","tag_sets_id":1963,"tags_id":9360997},{"stories_id":844759170,"tag":"electric light and power","tag_set":"nyt_labels","tag_sets_id":1963,"tags_id":9361013},{"stories_id":844759170,"tag":"light","tag_set":"nyt_labels","tag_sets_id":1963,"tags_id":9361014},{"stories_id":844759170,"tag":"Apple","tag_set":"cliff_organizations","tag_sets_id":2388,"tags_id":9367295},{"stories_id":844759170,"tag":"Apple Inc.","tag_set":"cliff_organizations","tag_sets_id":2388,"tags_id":9381405},{"stories_id":844759170,"tag":"cliff_clavin_v2.4.1","tag_set":"geocoder_version","tag_sets_id":1937,"tags_id":9696677}],"title":"Apple Facilities Now Using 100% Renewable Power","url":"https://www.wsj.com/articles/apple-inc-says-facilities-now-using-100-renewable-power-1523309426?mod=rss_Technology","word_count":null}]