[{"ap_syndicated":null,"collect_date":"2019-01-22 14:44:01.535669","feeds":null,"guid":"https://www.washingtonpost.com/news/powerpost/paloma/the-energy-202/2019/01/22/the-energy-202-another-winter-another-trump-call-for-good-old-fashioned-global-warming/5c4640ac1b326b29c3778c59/","language":"en","media_id":2,"media_name":null,"media_url":null,"processed_stories_id":null,"publish_date":"2019-01-22 08:09:16","stories_id":1172455563,"story_tags":[{"stories_id":1172455563,"tag":"guess_by_unknown","tag_set":"date_guess_method","tag_sets_id":508,"tags_id":50741492}],"title":"The Energy 202: Another winter, another Trump call for 'good old fashioned Global Warming'","url":"https://www.washingtonpost.com/news/powerpost/paloma/the-energy-202/2019/01/22/the-energy-202-another-winter-another-trump-call-for-good-old-fashioned-global-warming/5c4640ac1b326b29c3778c59/","word_count":null}]