[{"ap_syndicated":null,"collect_date":"2019-03-01 00:54:00.952247","feeds":null,"guid":"https://www.washingtonpost.com/lifestyle/style/hints-from-heloise-how-to-help-the-planet/2019/02/28/81030750-315d-11e9-813a-0ab2f17e305b_story.html","language":"en","media_id":2,"media_name":null,"media_url":null,"processed_stories_id":null,"publish_date":"2019-03-01 00:00:00","stories_id":1210956584,"story_tags":[{"stories_id":1210956584,"tag":"geonames_6252001","tag_set":"mc-geocoder@media.mit.edu","tag_sets_id":1011,"tags_id":8878461},{"stories_id":1210956584,"tag":"geonames_5332921","tag_set":"mc-geocoder@media.mit.edu","tag_sets_id":1011,"tags_id":8878533},{"stories_id":1210956584,"tag":"geonames_5323810","tag_set":"mc-geocoder@media.mit.edu","tag_sets_id":1011,"tags_id":8879091},{"stories_id":1210956584,"tag":"nyt_labeller_v1.0.0","tag_set":"nyt_labels_version","tag_sets_id":1964,"tags_id":9360669},{"stories_id":1210956584,"tag":"environment","tag_set":"nyt_labels","tag_sets_id":1963,"tags_id":9360887},{"stories_id":1210956584,"tag":"travel and vacations","tag_set":"nyt_labels","tag_sets_id":1963,"tags_id":9361022},{"stories_id":1210956584,"tag":"Robert","tag_set":"cliff_people","tag_sets_id":2389,"tags_id":9365217},{"stories_id":1210956584,"tag":"Pam","tag_set":"cliff_people","tag_sets_id":2389,"tags_id":9402314},{"stories_id":1210956584,"tag":"Dillon","tag_set":"cliff_people","tag_sets_id":2389,"tags_id":9470241},{"stories_id":1210956584,"tag":"cliff_clavin_v2.4.1","tag_set":"geocoder_version","tag_sets_id":1937,"tags_id":9696677},{"stories_id":1210956584,"tag":"Dear Heloise","tag_set":"cliff_people","tag_sets_id":2389,"tags_id":10188976},{"stories_id":1210956584,"tag":"readability-lxml-0.7","tag_set":"extractor_version","tag_sets_id":1354,"tags_id":81092444}],"title":"Hints From Heloise: How to help the planet","url":"https://www.washingtonpost.com/lifestyle/style/hints-from-heloise-how-to-help-the-planet/2019/02/28/81030750-315d-11e9-813a-0ab2f17e305b_story.html","word_count":null}]