[{"ap_syndicated":null,"collect_date":"2019-05-08 16:42:10.519359","feeds":null,"guid":"{C0C58642-7190-11E9-998E-C731A052E180}","language":"en","media_id":1150,"media_name":null,"media_url":null,"processed_stories_id":null,"publish_date":"2019-05-08 16:30:38","stories_id":1277793783,"story_tags":[{"stories_id":1277793783,"tag":"geonames_6252001","tag_set":"mc-geocoder@media.mit.edu","tag_sets_id":1011,"tags_id":8878461},{"stories_id":1277793783,"tag":"geonames_5815135","tag_set":"mc-geocoder@media.mit.edu","tag_sets_id":1011,"tags_id":8878481},{"stories_id":1277793783,"tag":"geonames_4662168","tag_set":"mc-geocoder@media.mit.edu","tag_sets_id":1011,"tags_id":8878725},{"stories_id":1277793783,"tag":"geonames_4138106","tag_set":"mc-geocoder@media.mit.edu","tag_sets_id":1011,"tags_id":8878827},{"stories_id":1277793783,"tag":"geonames_4667282","tag_set":"mc-geocoder@media.mit.edu","tag_sets_id":1011,"tags_id":8879476},{"stories_id":1277793783,"tag":"nyt_labeller_v1.0.0","tag_set":"nyt_labels_version","tag_sets_id":1964,"tags_id":9360669},{"stories_id":1277793783,"tag":"politics and government","tag_set":"nyt_labels","tag_sets_id":1963,"tags_id":9360836},{"stories_id":1277793783,"tag":"finances","tag_set":"nyt_labels","tag_sets_id":1963,"tags_id":9360840},{"stories_id":1277793783,"tag":"taxation","tag_set":"nyt_labels","tag_sets_id":1963,"tags_id":9360882},{"stories_id":1277793783,"tag":"international trade and world market","tag_set":"nyt_labels","tag_sets_id":1963,"tags_id":9360983},{"stories_id":1277793783,"tag":"stocks and bonds","tag_set":"nyt_labels","tag_sets_id":1963,"tags_id":9361012},{"stories_id":1277793783,"tag":"Donald Trump","tag_set":"cliff_people","tag_sets_id":2389,"tags_id":9362284},{"stories_id":1277793783,"tag":"New York Times","tag_set":"cliff_organizations","tag_sets_id":2388,"tags_id":9362756},{"stories_id":1277793783,"tag":"Ronald Reagan","tag_set":"cliff_people","tag_sets_id":2389,"tags_id":9362809},{"stories_id":1277793783,"tag":"Ford","tag_set":"cliff_organizations","tag_sets_id":2388,"tags_id":9364086},{"stories_id":1277793783,"tag":"Melania Trump","tag_set":"cliff_people","tag_sets_id":2389,"tags_id":9367885},{"stories_id":1277793783,"tag":"Standard & Poor","tag_set":"cliff_organizations","tag_sets_id":2388,"tags_id":9368255},{"stories_id":1277793783,"tag":"Whirlpool","tag_set":"cliff_organizations","tag_sets_id":2388,"tags_id":9419229},{"stories_id":1277793783,"tag":"Bank of America BAC","tag_set":"cliff_organizations","tag_sets_id":2388,"tags_id":9433408},{"stories_id":1277793783,"tag":"Invesco","tag_set":"cliff_organizations","tag_sets_id":2388,"tags_id":9463473},{"stories_id":1277793783,"tag":"DBA","tag_set":"cliff_organizations","tag_sets_id":2388,"tags_id":9496491},{"stories_id":1277793783,"tag":"KBW Nasdaq","tag_set":"cliff_organizations","tag_sets_id":2388,"tags_id":9651078},{"stories_id":1277793783,"tag":"Goldman Sachs GS","tag_set":"cliff_organizations","tag_sets_id":2388,"tags_id":9672792},{"stories_id":1277793783,"tag":"General Motors GM","tag_set":"cliff_organizations","tag_sets_id":2388,"tags_id":9679814},{"stories_id":1277793783,"tag":"cliff_clavin_v2.4.1","tag_set":"geocoder_version","tag_sets_id":1937,"tags_id":9696677},{"stories_id":1277793783,"tag":"Nucor NUE","tag_set":"cliff_organizations","tag_sets_id":2388,"tags_id":33356140},{"stories_id":1277793783,"tag":"JPMorgan JPM","tag_set":"cliff_organizations","tag_sets_id":2388,"tags_id":35838417},{"stories_id":1277793783,"tag":"readability-lxml-0.7","tag_set":"extractor_version","tag_sets_id":1354,"tags_id":81092444}],"title":"Tim Mullaney: Trump lost a lot of his money, but he’s losing a lot more of ours","url":"http://www.marketwatch.com/news/story.asp?guid=%7BC0C58642-7190-11E9-998E-C731A052E180%7D&siteid=rss&rss=1","word_count":null}]