[{"ap_syndicated":null,"collect_date":"2019-05-14 18:05:55.158674","feeds":null,"guid":"https://www.washingtonpost.com/politics/paloma/the-trailer/2019/05/14/the-trailer-the-left-has-pushed-the-democratic-party-but-biden-isn-t-passing-the-litmus-tests/5cd987f41ad2e544f001dcf3/","language":"en","media_id":2,"media_name":null,"media_url":null,"processed_stories_id":null,"publish_date":"2019-05-14 17:44:32","stories_id":1282987268,"story_tags":[{"stories_id":1282987268,"tag":"guess_by_unknown","tag_set":"date_guess_method","tag_sets_id":508,"tags_id":50741492}],"title":"The Trailer: The left has pushed the Democratic Party, but Biden isn't passing the litmus tests","url":"https://www.washingtonpost.com/politics/paloma/the-trailer/2019/05/14/the-trailer-the-left-has-pushed-the-democratic-party-but-biden-isn-t-passing-the-litmus-tests/5cd987f41ad2e544f001dcf3/","word_count":null}]