[{"ap_syndicated":null,"collect_date":"2019-05-15 07:09:37.064308","feeds":null,"guid":"https://www.usatoday.com/story/news/politics/elections/2019/05/15/joe-biden-2020-early-frontrunner-flameout/3665632002/","language":"en","media_id":4,"media_name":null,"media_url":null,"processed_stories_id":null,"publish_date":"2019-05-15 06:04:40","stories_id":1283488053,"story_tags":[{"stories_id":1283488053,"tag":"geonames_6252001","tag_set":"mc-geocoder@media.mit.edu","tag_sets_id":1011,"tags_id":8878461},{"stories_id":1283488053,"tag":"geonames_4667282","tag_set":"mc-geocoder@media.mit.edu","tag_sets_id":1011,"tags_id":8879476},{"stories_id":1283488053,"tag":"geonames_5090174","tag_set":"mc-geocoder@media.mit.edu","tag_sets_id":1011,"tags_id":8879620},{"stories_id":1283488053,"tag":"nyt_labeller_v1.0.0","tag_set":"nyt_labels_version","tag_sets_id":1964,"tags_id":9360669},{"stories_id":1283488053,"tag":"politics and government","tag_set":"nyt_labels","tag_sets_id":1963,"tags_id":9360836},{"stories_id":1283488053,"tag":"finances","tag_set":"nyt_labels","tag_sets_id":1963,"tags_id":9360840},{"stories_id":1283488053,"tag":"united states politics and government","tag_set":"nyt_labels","tag_sets_id":1963,"tags_id":9360846},{"stories_id":1283488053,"tag":"elections","tag_set":"nyt_labels","tag_sets_id":1963,"tags_id":9360851},{"stories_id":1283488053,"tag":"presidents and presidency (us)","tag_set":"nyt_labels","tag_sets_id":1963,"tags_id":9360853},{"stories_id":1283488053,"tag":"presidential elections (us)","tag_set":"nyt_labels","tag_sets_id":1963,"tags_id":9360854},{"stories_id":1283488053,"tag":"presidential election of 1988","tag_set":"nyt_labels","tag_sets_id":1963,"tags_id":9360889},{"stories_id":1283488053,"tag":"Reuters","tag_set":"cliff_organizations","tag_sets_id":2388,"tags_id":9362267},{"stories_id":1283488053,"tag":"Donald Trump","tag_set":"cliff_people","tag_sets_id":2389,"tags_id":9362284},{"stories_id":1283488053,"tag":"Democratic Party","tag_set":"cliff_organizations","tag_sets_id":2388,"tags_id":9362724},{"stories_id":1283488053,"tag":"White House","tag_set":"cliff_organizations","tag_sets_id":2388,"tags_id":9362736},{"stories_id":1283488053,"tag":"Senate","tag_set":"cliff_organizations","tag_sets_id":2388,"tags_id":9362741},{"stories_id":1283488053,"tag":"Hillary Clinton","tag_set":"cliff_people","tag_sets_id":2389,"tags_id":9362747},{"stories_id":1283488053,"tag":"Bernie Sanders","tag_set":"cliff_people","tag_sets_id":2389,"tags_id":9362750},{"stories_id":1283488053,"tag":"Barack Obama","tag_set":"cliff_people","tag_sets_id":2389,"tags_id":9362763},{"stories_id":1283488053,"tag":"AP","tag_set":"cliff_organizations","tag_sets_id":2388,"tags_id":9362920},{"stories_id":1283488053,"tag":"GOP","tag_set":"cliff_organizations","tag_sets_id":2388,"tags_id":9362923},{"stories_id":1283488053,"tag":"Marco Rubio","tag_set":"cliff_people","tag_sets_id":2389,"tags_id":9362942},{"stories_id":1283488053,"tag":"Mike Pence","tag_set":"cliff_people","tag_sets_id":2389,"tags_id":9362945},{"stories_id":1283488053,"tag":"Joe Biden","tag_set":"cliff_people","tag_sets_id":2389,"tags_id":9363134},{"stories_id":1283488053,"tag":"Democratic","tag_set":"cliff_organizations","tag_sets_id":2388,"tags_id":9363325},{"stories_id":1283488053,"tag":"Fox News","tag_set":"cliff_organizations","tag_sets_id":2388,"tags_id":9364167},{"stories_id":1283488053,"tag":"Elizabeth Warren","tag_set":"cliff_people","tag_sets_id":2389,"tags_id":9364527},{"stories_id":1283488053,"tag":"John Kerry","tag_set":"cliff_people","tag_sets_id":2389,"tags_id":9364532},{"stories_id":1283488053,"tag":"NAFTA","tag_set":"cliff_organizations","tag_sets_id":2388,"tags_id":9364678},{"stories_id":1283488053,"tag":"Jeb Bush","tag_set":"cliff_people","tag_sets_id":2389,"tags_id":9364820},{"stories_id":1283488053,"tag":"Rudy Giuliani","tag_set":"cliff_people","tag_sets_id":2389,"tags_id":9365658},{"stories_id":1283488053,"tag":"Ben Carson","tag_set":"cliff_people","tag_sets_id":2389,"tags_id":9368220},{"stories_id":1283488053,"tag":"Scott Walker","tag_set":"cliff_people","tag_sets_id":2389,"tags_id":9370512},{"stories_id":1283488053,"tag":"Howard University","tag_set":"cliff_organizations","tag_sets_id":2388,"tags_id":9373933},{"stories_id":1283488053,"tag":"Dick Gephardt","tag_set":"cliff_people","tag_sets_id":2389,"tags_id":9380433},{"stories_id":1283488053,"tag":"Quinnipiac","tag_set":"cliff_organizations","tag_sets_id":2388,"tags_id":9380668},{"stories_id":1283488053,"tag":"Joe Lieberman","tag_set":"cliff_people","tag_sets_id":2389,"tags_id":9382175},{"stories_id":1283488053,"tag":"USA TODAY","tag_set":"cliff_organizations","tag_sets_id":2388,"tags_id":9382850},{"stories_id":1283488053,"tag":"Mike Huckabee","tag_set":"cliff_people","tag_sets_id":2389,"tags_id":9385494},{"stories_id":1283488053,"tag":"AOC","tag_set":"cliff_organizations","tag_sets_id":2388,"tags_id":9425892},{"stories_id":1283488053,"tag":"Jay Inslee","tag_set":"cliff_people","tag_sets_id":2389,"tags_id":9434808},{"stories_id":1283488053,"tag":"Susan MacManus","tag_set":"cliff_people","tag_sets_id":2389,"tags_id":9447119},{"stories_id":1283488053,"tag":"Gallup","tag_set":"cliff_organizations","tag_sets_id":2388,"tags_id":9459723},{"stories_id":1283488053,"tag":"University of South Florida","tag_set":"cliff_organizations","tag_sets_id":2388,"tags_id":9479900},{"stories_id":1283488053,"tag":"Pete Buttigieg","tag_set":"cliff_people","tag_sets_id":2389,"tags_id":9504322},{"stories_id":1283488053,"tag":"Cliff Owen","tag_set":"cliff_people","tag_sets_id":2389,"tags_id":9549904},{"stories_id":1283488053,"tag":"Satchel Paige","tag_set":"cliff_people","tag_sets_id":2389,"tags_id":9590243},{"stories_id":1283488053,"tag":"cliff_clavin_v2.4.1","tag_set":"geocoder_version","tag_sets_id":1937,"tags_id":9696677},{"stories_id":1283488053,"tag":"Muhlenberg College","tag_set":"cliff_organizations","tag_sets_id":2388,"tags_id":9701463},{"stories_id":1283488053,"tag":"Muhlenberg College Institute of Public Opinion","tag_set":"cliff_organizations","tag_sets_id":2388,"tags_id":9735836},{"stories_id":1283488053,"tag":"Aamer Madhani","tag_set":"cliff_people","tag_sets_id":2389,"tags_id":9959904},{"stories_id":1283488053,"tag":"Christopher Borick","tag_set":"cliff_people","tag_sets_id":2389,"tags_id":10365735},{"stories_id":1283488053,"tag":"CJ GUNTHER","tag_set":"cliff_people","tag_sets_id":2389,"tags_id":11238931},{"stories_id":1283488053,"tag":"Will Biden","tag_set":"cliff_people","tag_sets_id":2389,"tags_id":28677342},{"stories_id":1283488053,"tag":"Alexandria Ocasio-Cortez","tag_set":"cliff_people","tag_sets_id":2389,"tags_id":44318694},{"stories_id":1283488053,"tag":"readability-lxml-0.7","tag_set":"extractor_version","tag_sets_id":1354,"tags_id":81092444}],"title":"Early presidential frontrunners have been doomed. Can Joe Biden avoid flameout?","url":"http://rssfeeds.usatoday.com/~/601991164/0/usatoday-newstopstories~Early-presidential-frontrunners-have-been-doomed-Can-Joe-Biden-avoid-flameout/","word_count":null}]