[{"ap_syndicated":null,"collect_date":"2019-05-25 19:17:01.330139","feeds":null,"guid":"https://www.washingtonpost.com/local/education/borderline-criminal-thats-the-condition-of-decrepit-public-schools/2019/05/25/bad60064-556f-11e9-814f-e2f46684196e_story.html","language":"en","media_id":2,"media_name":null,"media_url":null,"processed_stories_id":null,"publish_date":"2019-05-25 04:55:59","stories_id":1293561086,"story_tags":[{"stories_id":1293561086,"tag":"geonames_6252001","tag_set":"mc-geocoder@media.mit.edu","tag_sets_id":1011,"tags_id":8878461},{"stories_id":1293561086,"tag":"geonames_4347778","tag_set":"mc-geocoder@media.mit.edu","tag_sets_id":1011,"tags_id":8878525},{"stories_id":1293561086,"tag":"geonames_6254928","tag_set":"mc-geocoder@media.mit.edu","tag_sets_id":1011,"tags_id":8878547},{"stories_id":1293561086,"tag":"geonames_4990729","tag_set":"mc-geocoder@media.mit.edu","tag_sets_id":1011,"tags_id":8878851},{"stories_id":1293561086,"tag":"geonames_4781708","tag_set":"mc-geocoder@media.mit.edu","tag_sets_id":1011,"tags_id":8880239},{"stories_id":1293561086,"tag":"nyt_labeller_v1.0.0","tag_set":"nyt_labels_version","tag_sets_id":1964,"tags_id":9360669},{"stories_id":1293561086,"tag":"education and schools","tag_set":"nyt_labels","tag_sets_id":1963,"tags_id":9360833},{"stories_id":1293561086,"tag":"teachers and school employees","tag_set":"nyt_labels","tag_sets_id":1963,"tags_id":9360834},{"stories_id":1293561086,"tag":"medicine and health","tag_set":"nyt_labels","tag_sets_id":1963,"tags_id":9360852},{"stories_id":1293561086,"tag":"General Assembly","tag_set":"cliff_organizations","tag_sets_id":2388,"tags_id":9362801},{"stories_id":1293561086,"tag":"Congress","tag_set":"cliff_organizations","tag_sets_id":2388,"tags_id":9362962},{"stories_id":1293561086,"tag":"Ralph Northam","tag_set":"cliff_people","tag_sets_id":2389,"tags_id":9364825},{"stories_id":1293561086,"tag":"Baltimore","tag_set":"cliff_organizations","tag_sets_id":2388,"tags_id":9369074},{"stories_id":1293561086,"tag":"Anthony","tag_set":"cliff_people","tag_sets_id":2389,"tags_id":9371488},{"stories_id":1293561086,"tag":"Cornell University","tag_set":"cliff_organizations","tag_sets_id":2388,"tags_id":9383764},{"stories_id":1293561086,"tag":"University of Richmond","tag_set":"cliff_organizations","tag_sets_id":2388,"tags_id":9384386},{"stories_id":1293561086,"tag":"Robert F. McDonnell","tag_set":"cliff_people","tag_sets_id":2389,"tags_id":9521790},{"stories_id":1293561086,"tag":"Levar Stoney","tag_set":"cliff_people","tag_sets_id":2389,"tags_id":9547376},{"stories_id":1293561086,"tag":"cliff_clavin_v2.4.1","tag_set":"geocoder_version","tag_sets_id":1937,"tags_id":9696677},{"stories_id":1293561086,"tag":"Richmond City Council","tag_set":"cliff_organizations","tag_sets_id":2388,"tags_id":9710505},{"stories_id":1293561086,"tag":"Jason Kamras","tag_set":"cliff_people","tag_sets_id":2389,"tags_id":9783343},{"stories_id":1293561086,"tag":"Sarah Pedersen","tag_set":"cliff_people","tag_sets_id":2389,"tags_id":11285916},{"stories_id":1293561086,"tag":"Commonwealth Institute for Fiscal Analysis","tag_set":"cliff_organizations","tag_sets_id":2388,"tags_id":11811920},{"stories_id":1293561086,"tag":"Keri Treadway","tag_set":"cliff_people","tag_sets_id":2389,"tags_id":11890521},{"stories_id":1293561086,"tag":"Alexandria City Public Schools","tag_set":"cliff_organizations","tag_sets_id":2388,"tags_id":17073697},{"stories_id":1293561086,"tag":"Binford Middle School","tag_set":"cliff_organizations","tag_sets_id":2388,"tags_id":18192453},{"stories_id":1293561086,"tag":"Chris Duncombe","tag_set":"cliff_people","tag_sets_id":2389,"tags_id":19332093},{"stories_id":1293561086,"tag":"National Council on School Facilities","tag_set":"cliff_organizations","tag_sets_id":2388,"tags_id":23276351},{"stories_id":1293561086,"tag":"Julian Maxwell Hayter","tag_set":"cliff_people","tag_sets_id":2389,"tags_id":36302361},{"stories_id":1293561086,"tag":"Victoria Pierson","tag_set":"cliff_people","tag_sets_id":2389,"tags_id":39098013},{"stories_id":1293561086,"tag":"Lorraine E. Maxwell","tag_set":"cliff_people","tag_sets_id":2389,"tags_id":56957339},{"stories_id":1293561086,"tag":"Debbie Truong/The Washington Post","tag_set":"cliff_organizations","tag_sets_id":2388,"tags_id":67744653},{"stories_id":1293561086,"tag":"Elkhardt-Thompson Middle School","tag_set":"cliff_organizations","tag_sets_id":2388,"tags_id":70190944},{"stories_id":1293561086,"tag":"William Fox Elementary School","tag_set":"cliff_organizations","tag_sets_id":2388,"tags_id":79248453},{"stories_id":1293561086,"tag":"readability-lxml-0.7","tag_set":"extractor_version","tag_sets_id":1354,"tags_id":81092444},{"stories_id":1293561086,"tag":"Lux Aghomo","tag_set":"cliff_people","tag_sets_id":2389,"tags_id":164501062}],"title":"‘Borderline criminal’: Many public schools teeter on edge of decrepitude","url":"https://www.washingtonpost.com/local/education/borderline-criminal-thats-the-condition-of-decrepit-public-schools/2019/05/25/bad60064-556f-11e9-814f-e2f46684196e_story.html","word_count":null}]