[{"ap_syndicated":null,"collect_date":"2019-06-05 15:56:07.960562","feeds":null,"guid":"https://www.usatoday.com/story/news/politics/2019/06/05/president-donald-trump-said-that-climate-change-happens-both-ways/1350618001/","language":"en","media_id":4,"media_name":null,"media_url":null,"processed_stories_id":null,"publish_date":"2019-06-05 15:06:04","stories_id":1303380163,"story_tags":[{"stories_id":1303380163,"tag":"geonames_6252001","tag_set":"mc-geocoder@media.mit.edu","tag_sets_id":1011,"tags_id":8878461},{"stories_id":1303380163,"tag":"geonames_5815135","tag_set":"mc-geocoder@media.mit.edu","tag_sets_id":1011,"tags_id":8878481},{"stories_id":1303380163,"tag":"geonames_4736286","tag_set":"mc-geocoder@media.mit.edu","tag_sets_id":1011,"tags_id":8878538},{"stories_id":1303380163,"tag":"geonames_2061327","tag_set":"mc-geocoder@media.mit.edu","tag_sets_id":1011,"tags_id":8882031},{"stories_id":1303380163,"tag":"geonames_4717560","tag_set":"mc-geocoder@media.mit.edu","tag_sets_id":1011,"tags_id":8883238},{"stories_id":1303380163,"tag":"nyt_labeller_v1.0.0","tag_set":"nyt_labels_version","tag_sets_id":1964,"tags_id":9360669},{"stories_id":1303380163,"tag":"politics and government","tag_set":"nyt_labels","tag_sets_id":1963,"tags_id":9360836},{"stories_id":1303380163,"tag":"global warming","tag_set":"nyt_labels","tag_sets_id":1963,"tags_id":9360886},{"stories_id":1303380163,"tag":"environment","tag_set":"nyt_labels","tag_sets_id":1963,"tags_id":9360887},{"stories_id":1303380163,"tag":"weather","tag_set":"nyt_labels","tag_sets_id":1963,"tags_id":9360902},{"stories_id":1303380163,"tag":"international relations","tag_set":"nyt_labels","tag_sets_id":1963,"tags_id":9360934},{"stories_id":1303380163,"tag":"Donald Trump","tag_set":"cliff_people","tag_sets_id":2389,"tags_id":9362284},{"stories_id":1303380163,"tag":"Obama","tag_set":"cliff_people","tag_sets_id":2389,"tags_id":9362721},{"stories_id":1303380163,"tag":"AP","tag_set":"cliff_organizations","tag_sets_id":2388,"tags_id":9362920},{"stories_id":1303380163,"tag":"Joe Biden","tag_set":"cliff_people","tag_sets_id":2389,"tags_id":9363134},{"stories_id":1303380163,"tag":"Greenpeace","tag_set":"cliff_organizations","tag_sets_id":2388,"tags_id":9366431},{"stories_id":1303380163,"tag":"Prince Charles","tag_set":"cliff_people","tag_sets_id":2389,"tags_id":9366933},{"stories_id":1303380163,"tag":"Meghan Markle","tag_set":"cliff_people","tag_sets_id":2389,"tags_id":9388076},{"stories_id":1303380163,"tag":"Trump admin","tag_set":"cliff_organizations","tag_sets_id":2388,"tags_id":9477045},{"stories_id":1303380163,"tag":"host Piers Morgan","tag_set":"cliff_organizations","tag_sets_id":2388,"tags_id":9493014},{"stories_id":1303380163,"tag":"cliff_clavin_v2.4.1","tag_set":"geocoder_version","tag_sets_id":1937,"tags_id":9696677},{"stories_id":1303380163,"tag":"readability-lxml-0.7","tag_set":"extractor_version","tag_sets_id":1354,"tags_id":81092444}],"title":"Trump says climate change happens &apos;both ways&apos;","url":"http://rssfeeds.usatoday.com/~/602756048/0/usatoday-newstopstories~Trump-says-climate-change-happens-aposboth-waysapos/","word_count":null}]