[{"ap_syndicated":null,"collect_date":"2019-07-11 09:22:49.175569","feeds":null,"guid":"https://www.usatoday.com/story/news/world/2019/07/11/the-50-most-densely-populated-cities-in-the-world/39664259/","language":"en","media_id":4,"media_name":null,"media_url":null,"processed_stories_id":null,"publish_date":"2019-07-11 07:02:04","stories_id":1335730769,"story_tags":[{"stories_id":1335730769,"tag":"geonames_5128638","tag_set":"mc-geocoder@media.mit.edu","tag_sets_id":1011,"tags_id":8878463},{"stories_id":1335730769,"tag":"geonames_2643743","tag_set":"mc-geocoder@media.mit.edu","tag_sets_id":1011,"tags_id":8878473},{"stories_id":1335730769,"tag":"geonames_5368361","tag_set":"mc-geocoder@media.mit.edu","tag_sets_id":1011,"tags_id":8878543},{"stories_id":1335730769,"tag":"geonames_3117735","tag_set":"mc-geocoder@media.mit.edu","tag_sets_id":1011,"tags_id":8878562},{"stories_id":1335730769,"tag":"geonames_1816670","tag_set":"mc-geocoder@media.mit.edu","tag_sets_id":1011,"tags_id":8878606},{"stories_id":1335730769,"tag":"geonames_524901","tag_set":"mc-geocoder@media.mit.edu","tag_sets_id":1011,"tags_id":8878648},{"stories_id":1335730769,"tag":"geonames_112931","tag_set":"mc-geocoder@media.mit.edu","tag_sets_id":1011,"tags_id":8878664},{"stories_id":1335730769,"tag":"geonames_1269750","tag_set":"mc-geocoder@media.mit.edu","tag_sets_id":1011,"tags_id":8878677},{"stories_id":1335730769,"tag":"geonames_1850147","tag_set":"mc-geocoder@media.mit.edu","tag_sets_id":1011,"tags_id":8878679},{"stories_id":1335730769,"tag":"geonames_3530597","tag_set":"mc-geocoder@media.mit.edu","tag_sets_id":1011,"tags_id":8878830},{"stories_id":1335730769,"tag":"geonames_1174872","tag_set":"mc-geocoder@media.mit.edu","tag_sets_id":1011,"tags_id":8878841},{"stories_id":1335730769,"tag":"geonames_98182","tag_set":"mc-geocoder@media.mit.edu","tag_sets_id":1011,"tags_id":8878910},{"stories_id":1335730769,"tag":"geonames_1609350","tag_set":"mc-geocoder@media.mit.edu","tag_sets_id":1011,"tags_id":8878911},{"stories_id":1335730769,"tag":"geonames_1792947","tag_set":"mc-geocoder@media.mit.edu","tag_sets_id":1011,"tags_id":8878915},{"stories_id":1335730769,"tag":"geonames_2332459","tag_set":"mc-geocoder@media.mit.edu","tag_sets_id":1011,"tags_id":8878936},{"stories_id":1335730769,"tag":"geonames_1275339","tag_set":"mc-geocoder@media.mit.edu","tag_sets_id":1011,"tags_id":8878988},{"stories_id":1335730769,"tag":"geonames_5095808","tag_set":"mc-geocoder@media.mit.edu","tag_sets_id":1011,"tags_id":8879021},{"stories_id":1335730769,"tag":"geonames_293397","tag_set":"mc-geocoder@media.mit.edu","tag_sets_id":1011,"tags_id":8879232},{"stories_id":1335730769,"tag":"geonames_1796236","tag_set":"mc-geocoder@media.mit.edu","tag_sets_id":1011,"tags_id":8879237},{"stories_id":1335730769,"tag":"geonames_379252","tag_set":"mc-geocoder@media.mit.edu","tag_sets_id":1011,"tags_id":8879316},{"stories_id":1335730769,"tag":"geonames_1642911","tag_set":"mc-geocoder@media.mit.edu","tag_sets_id":1011,"tags_id":8879366},{"stories_id":1335730769,"tag":"geonames_3871336","tag_set":"mc-geocoder@media.mit.edu","tag_sets_id":1011,"tags_id":8879449},{"stories_id":1335730769,"tag":"geonames_745044","tag_set":"mc-geocoder@media.mit.edu","tag_sets_id":1011,"tags_id":8879538},{"stories_id":1335730769,"tag":"geonames_323786","tag_set":"mc-geocoder@media.mit.edu","tag_sets_id":1011,"tags_id":8879541},{"stories_id":1335730769,"tag":"geonames_1261481","tag_set":"mc-geocoder@media.mit.edu","tag_sets_id":1011,"tags_id":8879597},{"stories_id":1335730769,"tag":"geonames_3451190","tag_set":"mc-geocoder@media.mit.edu","tag_sets_id":1011,"tags_id":8879654},{"stories_id":1335730769,"tag":"geonames_1172451","tag_set":"mc-geocoder@media.mit.edu","tag_sets_id":1011,"tags_id":8879803},{"stories_id":1335730769,"tag":"geonames_1277333","tag_set":"mc-geocoder@media.mit.edu","tag_sets_id":1011,"tags_id":8880783},{"stories_id":1335730769,"tag":"geonames_1668341","tag_set":"mc-geocoder@media.mit.edu","tag_sets_id":1011,"tags_id":8880923},{"stories_id":1335730769,"tag":"geonames_498817","tag_set":"mc-geocoder@media.mit.edu","tag_sets_id":1011,"tags_id":8881227},{"stories_id":1335730769,"tag":"geonames_1795565","tag_set":"mc-geocoder@media.mit.edu","tag_sets_id":1011,"tags_id":8881592},{"stories_id":1335730769,"tag":"geonames_1264527","tag_set":"mc-geocoder@media.mit.edu","tag_sets_id":1011,"tags_id":8881697},{"stories_id":1335730769,"tag":"geonames_2314302","tag_set":"mc-geocoder@media.mit.edu","tag_sets_id":1011,"tags_id":8881727},{"stories_id":1335730769,"tag":"geonames_1275004","tag_set":"mc-geocoder@media.mit.edu","tag_sets_id":1011,"tags_id":8881822},{"stories_id":1335730769,"tag":"geonames_3448439","tag_set":"mc-geocoder@media.mit.edu","tag_sets_id":1011,"tags_id":8881918},{"stories_id":1335730769,"tag":"geonames_1814087","tag_set":"mc-geocoder@media.mit.edu","tag_sets_id":1011,"tags_id":8882982},{"stories_id":1335730769,"tag":"geonames_1566083","tag_set":"mc-geocoder@media.mit.edu","tag_sets_id":1011,"tags_id":8883073},{"stories_id":1335730769,"tag":"geonames_3390760","tag_set":"mc-geocoder@media.mit.edu","tag_sets_id":1011,"tags_id":8884218},{"stories_id":1335730769,"tag":"geonames_2128295","tag_set":"mc-geocoder@media.mit.edu","tag_sets_id":1011,"tags_id":8884358},{"stories_id":1335730769,"tag":"geonames_1269843","tag_set":"mc-geocoder@media.mit.edu","tag_sets_id":1011,"tags_id":8884487},{"stories_id":1335730769,"tag":"geonames_2034937","tag_set":"mc-geocoder@media.mit.edu","tag_sets_id":1011,"tags_id":8885573},{"stories_id":1335730769,"tag":"geonames_4016589","tag_set":"mc-geocoder@media.mit.edu","tag_sets_id":1011,"tags_id":8957489},{"stories_id":1335730769,"tag":"geonames_5107467","tag_set":"mc-geocoder@media.mit.edu","tag_sets_id":1011,"tags_id":9025586},{"stories_id":1335730769,"tag":"geonames_5111056","tag_set":"mc-geocoder@media.mit.edu","tag_sets_id":1011,"tags_id":9025591},{"stories_id":1335730769,"tag":"geonames_5567477","tag_set":"mc-geocoder@media.mit.edu","tag_sets_id":1011,"tags_id":9025632},{"stories_id":1335730769,"tag":"geonames_5124411","tag_set":"mc-geocoder@media.mit.edu","tag_sets_id":1011,"tags_id":9025754},{"stories_id":1335730769,"tag":"geonames_8929013","tag_set":"mc-geocoder@media.mit.edu","tag_sets_id":1011,"tags_id":9026413},{"stories_id":1335730769,"tag":"geonames_8862780","tag_set":"mc-geocoder@media.mit.edu","tag_sets_id":1011,"tags_id":9026969},{"stories_id":1335730769,"tag":"nyt_labeller_v1.0.0","tag_set":"nyt_labels_version","tag_sets_id":1964,"tags_id":9360669},{"stories_id":1335730769,"tag":"economic conditions and trends","tag_set":"nyt_labels","tag_sets_id":1963,"tags_id":9360989},{"stories_id":1335730769,"tag":"geographic profiles","tag_set":"nyt_labels","tag_sets_id":1963,"tags_id":9361364},{"stories_id":1335730769,"tag":"geography","tag_set":"nyt_labels","tag_sets_id":1963,"tags_id":9361365},{"stories_id":1335730769,"tag":"United Nations","tag_set":"cliff_organizations","tag_sets_id":2388,"tags_id":9362785},{"stories_id":1335730769,"tag":"DRC","tag_set":"cliff_organizations","tag_sets_id":2388,"tags_id":9363576},{"stories_id":1335730769,"tag":"UNESCO","tag_set":"cliff_organizations","tag_sets_id":2388,"tags_id":9364385},{"stories_id":1335730769,"tag":"Barcelona","tag_set":"cliff_organizations","tag_sets_id":2388,"tags_id":9365983},{"stories_id":1335730769,"tag":"Omar al-Bashir","tag_set":"cliff_people","tag_sets_id":2389,"tags_id":9366410},{"stories_id":1335730769,"tag":"Huawei","tag_set":"cliff_organizations","tag_sets_id":2388,"tags_id":9378344},{"stories_id":1335730769,"tag":"Fort Lee","tag_set":"cliff_people","tag_sets_id":2389,"tags_id":9455570},{"stories_id":1335730769,"tag":"Kobe","tag_set":"cliff_people","tag_sets_id":2389,"tags_id":9472466},{"stories_id":1335730769,"tag":"Porto Alegre","tag_set":"cliff_organizations","tag_sets_id":2388,"tags_id":9539418},{"stories_id":1335730769,"tag":"cliff_clavin_v2.4.1","tag_set":"geocoder_version","tag_sets_id":1937,"tags_id":9696677},{"stories_id":1335730769,"tag":"Incheon International","tag_set":"cliff_organizations","tag_sets_id":2388,"tags_id":10265930},{"stories_id":1335730769,"tag":"World Green Building Council","tag_set":"cliff_organizations","tag_sets_id":2388,"tags_id":11113751},{"stories_id":1335730769,"tag":"Torre Santiago","tag_set":"cliff_people","tag_sets_id":2389,"tags_id":33445632},{"stories_id":1335730769,"tag":"Yongyuan Dai","tag_set":"cliff_people","tag_sets_id":2389,"tags_id":46400979},{"stories_id":1335730769,"tag":"readability-lxml-0.7","tag_set":"extractor_version","tag_sets_id":1354,"tags_id":81092444}],"title":"75,000 people per square mile? These are the most densely populated cities in the world","url":"http://rssfeeds.usatoday.com/~/604325418/0/usatodaycommoney-topstories~people-per-square-mile-These-are-the-most-densely-populated-cities-in-the-world/","word_count":null}]