[{"ap_syndicated":null,"collect_date":"2019-09-10 11:25:09.102951","feeds":null,"guid":"http://pagesix.com/?post_type=wpsf-item&p=4969195","language":"en","media_id":7,"media_name":null,"media_url":null,"processed_stories_id":null,"publish_date":"2019-09-10 11:13:11","stories_id":1388384150,"story_tags":[{"stories_id":1388384150,"tag":"geonames_6252001","tag_set":"mc-geocoder@media.mit.edu","tag_sets_id":1011,"tags_id":8878461},{"stories_id":1388384150,"tag":"geonames_4826850","tag_set":"mc-geocoder@media.mit.edu","tag_sets_id":1011,"tags_id":8878580},{"stories_id":1388384150,"tag":"geonames_4817070","tag_set":"mc-geocoder@media.mit.edu","tag_sets_id":1011,"tags_id":8881333},{"stories_id":1388384150,"tag":"nyt_labeller_v1.0.0","tag_set":"nyt_labels_version","tag_sets_id":1964,"tags_id":9360669},{"stories_id":1388384150,"tag":"motion pictures","tag_set":"nyt_labels","tag_sets_id":1963,"tags_id":9360845},{"stories_id":1388384150,"tag":"global warming","tag_set":"nyt_labels","tag_sets_id":1963,"tags_id":9360886},{"stories_id":1388384150,"tag":"McDonald","tag_set":"cliff_organizations","tag_sets_id":2388,"tags_id":9376221},{"stories_id":1388384150,"tag":"Louise","tag_set":"cliff_people","tag_sets_id":2389,"tags_id":9376503},{"stories_id":1388384150,"tag":"James Cameron","tag_set":"cliff_people","tag_sets_id":2389,"tags_id":9495404},{"stories_id":1388384150,"tag":"Thelma","tag_set":"cliff_people","tag_sets_id":2389,"tags_id":9535767},{"stories_id":1388384150,"tag":"cliff_clavin_v2.4.1","tag_set":"geocoder_version","tag_sets_id":1937,"tags_id":9696677},{"stories_id":1388384150,"tag":"Suzy Amis Cameron","tag_set":"cliff_people","tag_sets_id":2389,"tags_id":32948371},{"stories_id":1388384150,"tag":"readability-lxml-0.7","tag_set":"extractor_version","tag_sets_id":1354,"tags_id":81092444}],"title":"James Cameron on climate crisis: &#8216;People need to wake the f&#8211;k up’","url":"https://pagesix.com/2019/09/10/james-cameron-on-climate-crisis-people-need-to-wake-the-f-k-up/","word_count":null}]