[{"ap_syndicated":null,"collect_date":"2019-09-22 09:19:45.129217","feeds":null,"guid":"SB10602085098723024762404585562910484508130","language":"en","media_id":1150,"media_name":null,"media_url":null,"processed_stories_id":null,"publish_date":"2019-09-22 05:30:00","stories_id":1399172888,"story_tags":[{"stories_id":1399172888,"tag":"geonames_6252001","tag_set":"mc-geocoder@media.mit.edu","tag_sets_id":1011,"tags_id":8878461},{"stories_id":1399172888,"tag":"geonames_4896861","tag_set":"mc-geocoder@media.mit.edu","tag_sets_id":1011,"tags_id":8878482},{"stories_id":1399172888,"tag":"geonames_4736286","tag_set":"mc-geocoder@media.mit.edu","tag_sets_id":1011,"tags_id":8878538},{"stories_id":1399172888,"tag":"geonames_4889351","tag_set":"mc-geocoder@media.mit.edu","tag_sets_id":1011,"tags_id":8880942},{"stories_id":1399172888,"tag":"geonames_4717560","tag_set":"mc-geocoder@media.mit.edu","tag_sets_id":1011,"tags_id":8883238},{"stories_id":1399172888,"tag":"nyt_labeller_v1.0.0","tag_set":"nyt_labels_version","tag_sets_id":1964,"tags_id":9360669},{"stories_id":1399172888,"tag":"finances","tag_set":"nyt_labels","tag_sets_id":1963,"tags_id":9360840},{"stories_id":1399172888,"tag":"oil (petroleum) and gasoline","tag_set":"nyt_labels","tag_sets_id":1963,"tags_id":9360884},{"stories_id":1399172888,"tag":"global warming","tag_set":"nyt_labels","tag_sets_id":1963,"tags_id":9360886},{"stories_id":1399172888,"tag":"environment","tag_set":"nyt_labels","tag_sets_id":1963,"tags_id":9360887},{"stories_id":1399172888,"tag":"weather","tag_set":"nyt_labels","tag_sets_id":1963,"tags_id":9360902},{"stories_id":1399172888,"tag":"international trade and world market","tag_set":"nyt_labels","tag_sets_id":1963,"tags_id":9360983},{"stories_id":1399172888,"tag":"energy and power","tag_set":"nyt_labels","tag_sets_id":1963,"tags_id":9360997},{"stories_id":1399172888,"tag":"air pollution","tag_set":"nyt_labels","tag_sets_id":1963,"tags_id":9361007},{"stories_id":1399172888,"tag":"United Nations","tag_set":"cliff_organizations","tag_sets_id":2388,"tags_id":9362785},{"stories_id":1399172888,"tag":"Chevron","tag_set":"cliff_organizations","tag_sets_id":2388,"tags_id":9362928},{"stories_id":1399172888,"tag":"Exxon","tag_set":"cliff_organizations","tag_sets_id":2388,"tags_id":9362930},{"stories_id":1399172888,"tag":"U.N.","tag_set":"cliff_organizations","tag_sets_id":2388,"tags_id":9363619},{"stories_id":1399172888,"tag":"Shell","tag_set":"cliff_organizations","tag_sets_id":2388,"tags_id":9363630},{"stories_id":1399172888,"tag":"Wall Street Journal","tag_set":"cliff_organizations","tag_sets_id":2388,"tags_id":9366539},{"stories_id":1399172888,"tag":"BP","tag_set":"cliff_organizations","tag_sets_id":2388,"tags_id":9367462},{"stories_id":1399172888,"tag":"S&P","tag_set":"cliff_organizations","tag_sets_id":2388,"tags_id":9368263},{"stories_id":1399172888,"tag":"Toyota","tag_set":"cliff_organizations","tag_sets_id":2388,"tags_id":9369599},{"stories_id":1399172888,"tag":"António Guterres","tag_set":"cliff_people","tag_sets_id":2389,"tags_id":9377557},{"stories_id":1399172888,"tag":"FactSet","tag_set":"cliff_organizations","tag_sets_id":2388,"tags_id":9419501},{"stories_id":1399172888,"tag":"Repsol SA","tag_set":"cliff_organizations","tag_sets_id":2388,"tags_id":9501249},{"stories_id":1399172888,"tag":"Rebecca Elliott","tag_set":"cliff_people","tag_sets_id":2389,"tags_id":9517175},{"stories_id":1399172888,"tag":"Toronto-Dominion Bank","tag_set":"cliff_organizations","tag_sets_id":2388,"tags_id":9639864},{"stories_id":1399172888,"tag":"Bradley Olson","tag_set":"cliff_people","tag_sets_id":2389,"tags_id":9655374},{"stories_id":1399172888,"tag":"cliff_clavin_v2.4.1","tag_set":"geocoder_version","tag_sets_id":1937,"tags_id":9696677},{"stories_id":1399172888,"tag":"Kinder Morgan Inc","tag_set":"cliff_organizations","tag_sets_id":2388,"tags_id":9708822},{"stories_id":1399172888,"tag":"Total SA","tag_set":"cliff_organizations","tag_sets_id":2388,"tags_id":9758956},{"stories_id":1399172888,"tag":"James Durbin","tag_set":"cliff_people","tag_sets_id":2389,"tags_id":9794595},{"stories_id":1399172888,"tag":"Michael Rubio","tag_set":"cliff_people","tag_sets_id":2389,"tags_id":9877071},{"stories_id":1399172888,"tag":"geonames_4885418","tag_set":"mc-geocoder@media.mit.edu","tag_sets_id":1011,"tags_id":10280422},{"stories_id":1399172888,"tag":"Redburn","tag_set":"cliff_people","tag_sets_id":2389,"tags_id":10810245},{"stories_id":1399172888,"tag":"Susan Dio","tag_set":"cliff_people","tag_sets_id":2389,"tags_id":11435999},{"stories_id":1399172888,"tag":"Osmar Abib","tag_set":"cliff_people","tag_sets_id":2389,"tags_id":33719299},{"stories_id":1399172888,"tag":"Guinness Asset Management Ltd","tag_set":"cliff_organizations","tag_sets_id":2388,"tags_id":34232395},{"stories_id":1399172888,"tag":"Jonathan Waghorn","tag_set":"cliff_people","tag_sets_id":2389,"tags_id":35454873},{"stories_id":1399172888,"tag":"readability-lxml-0.7","tag_set":"extractor_version","tag_sets_id":1354,"tags_id":81092444},{"stories_id":1399172888,"tag":"global energy at Credit Suisse Group AG","tag_set":"cliff_organizations","tag_sets_id":2388,"tags_id":136166715},{"stories_id":1399172888,"tag":"Dirk Cockrum","tag_set":"cliff_people","tag_sets_id":2389,"tags_id":186446783}],"title":"Oil Companies, Pushed to Address Climate, Disagree on How","url":"https://www.wsj.com/articles/oil-companies-pushed-to-address-climate-disagree-on-how-11569144602?mod=pls_whats_news_us_business_f","word_count":null}]