[{"ap_syndicated":null,"collect_date":"2019-11-22 17:46:21.579488","feeds":null,"guid":"{0CDFA478-0D58-11EA-8751-0908F119F83E}","language":"en","media_id":1150,"media_name":null,"media_url":null,"processed_stories_id":null,"publish_date":"2019-11-22 17:19:34","stories_id":1452190315,"story_tags":[{"stories_id":1452190315,"tag":"nyt_labeller_v1.0.0","tag_set":"nyt_labels_version","tag_sets_id":1964,"tags_id":9360669},{"stories_id":1452190315,"tag":"law and legislation","tag_set":"nyt_labels","tag_sets_id":1963,"tags_id":9360837},{"stories_id":1452190315,"tag":"finances","tag_set":"nyt_labels","tag_sets_id":1963,"tags_id":9360840},{"stories_id":1452190315,"tag":"budgets and budgeting","tag_set":"nyt_labels","tag_sets_id":1963,"tags_id":9360850},{"stories_id":1452190315,"tag":"taxation","tag_set":"nyt_labels","tag_sets_id":1963,"tags_id":9360882},{"stories_id":1452190315,"tag":"energy and power","tag_set":"nyt_labels","tag_sets_id":1963,"tags_id":9360997},{"stories_id":1452190315,"tag":"railroads","tag_set":"nyt_labels","tag_sets_id":1963,"tags_id":9361211},{"stories_id":1452190315,"tag":"tax credits","tag_set":"nyt_labels","tag_sets_id":1963,"tags_id":9361254},{"stories_id":1452190315,"tag":"Donald Trump","tag_set":"cliff_people","tag_sets_id":2389,"tags_id":9362284},{"stories_id":1452190315,"tag":"Senate","tag_set":"cliff_organizations","tag_sets_id":2388,"tags_id":9362741},{"stories_id":1452190315,"tag":"Congress","tag_set":"cliff_organizations","tag_sets_id":2388,"tags_id":9362962},{"stories_id":1452190315,"tag":"House","tag_set":"cliff_organizations","tag_sets_id":2388,"tags_id":9363164},{"stories_id":1452190315,"tag":"Senate Finance Committee","tag_set":"cliff_organizations","tag_sets_id":2388,"tags_id":9370119},{"stories_id":1452190315,"tag":"MarketWatch","tag_set":"cliff_people","tag_sets_id":2389,"tags_id":9390157},{"stories_id":1452190315,"tag":"Richard Neal","tag_set":"cliff_people","tag_sets_id":2389,"tags_id":9401712},{"stories_id":1452190315,"tag":"Charles Grassley","tag_set":"cliff_people","tag_sets_id":2389,"tags_id":9421975},{"stories_id":1452190315,"tag":"ITC","tag_set":"cliff_organizations","tag_sets_id":2388,"tags_id":9432324},{"stories_id":1452190315,"tag":"Energy Storage Association","tag_set":"cliff_organizations","tag_sets_id":2388,"tags_id":9530317},{"stories_id":1452190315,"tag":"Capital Alpha Partners","tag_set":"cliff_organizations","tag_sets_id":2388,"tags_id":9622831},{"stories_id":1452190315,"tag":"Regional Railroad Association","tag_set":"cliff_organizations","tag_sets_id":2388,"tags_id":11286122},{"stories_id":1452190315,"tag":"James Lucier","tag_set":"cliff_people","tag_sets_id":2389,"tags_id":11686330},{"stories_id":1452190315,"tag":"Kelly Speakes-Backman","tag_set":"cliff_people","tag_sets_id":2389,"tags_id":28313009},{"stories_id":1452190315,"tag":"Robert Cowin","tag_set":"cliff_people","tag_sets_id":2389,"tags_id":28313140},{"stories_id":1452190315,"tag":"Democratic House Ways and Means Committee","tag_set":"cliff_organizations","tag_sets_id":2388,"tags_id":54253705},{"stories_id":1452190315,"tag":"readability-lxml-0.7","tag_set":"extractor_version","tag_sets_id":1354,"tags_id":81092444},{"stories_id":1452190315,"tag":"cliff_clavin_v2.6.0","tag_set":"geocoder_version","tag_sets_id":1937,"tags_id":189462640}],"title":"Capitol Report: Here are some of the business tax credits Congress could approve by year’s end ","url":"http://www.marketwatch.com/news/story.asp?guid=%7B0CDFA478-0D58-11EA-8751-0908F119F83E%7D&siteid=rss&rss=1","word_count":null}]