[{"ap_syndicated":null,"collect_date":"2019-12-11 15:51:46.356038","feeds":null,"guid":"https://www.nytimes.com/2019/12/11/briefing/british-election-saudi-aramco-rohingya.html","language":"en","media_id":1,"media_name":null,"media_url":null,"processed_stories_id":null,"publish_date":"2019-12-11 15:50:51","stories_id":1467683109,"story_tags":[{"stories_id":1467683109,"tag":"geonames_2635167","tag_set":"mc-geocoder@media.mit.edu","tag_sets_id":1011,"tags_id":8878466},{"stories_id":1467683109,"tag":"geonames_2643743","tag_set":"mc-geocoder@media.mit.edu","tag_sets_id":1011,"tags_id":8878473},{"stories_id":1467683109,"tag":"geonames_1819729","tag_set":"mc-geocoder@media.mit.edu","tag_sets_id":1011,"tags_id":8878515},{"stories_id":1467683109,"tag":"geonames_2147714","tag_set":"mc-geocoder@media.mit.edu","tag_sets_id":1011,"tags_id":8878628},{"stories_id":1467683109,"tag":"geonames_524901","tag_set":"mc-geocoder@media.mit.edu","tag_sets_id":1011,"tags_id":8878648},{"stories_id":1467683109,"tag":"geonames_2747373","tag_set":"mc-geocoder@media.mit.edu","tag_sets_id":1011,"tags_id":8878875},{"stories_id":1467683109,"tag":"geonames_2152274","tag_set":"mc-geocoder@media.mit.edu","tag_sets_id":1011,"tags_id":8879590},{"stories_id":1467683109,"tag":"nyt_labeller_v1.0.0","tag_set":"nyt_labels_version","tag_sets_id":1964,"tags_id":9360669},{"stories_id":1467683109,"tag":"politics and government","tag_set":"nyt_labels","tag_sets_id":1963,"tags_id":9360836},{"stories_id":1467683109,"tag":"finances","tag_set":"nyt_labels","tag_sets_id":1963,"tags_id":9360840},{"stories_id":1467683109,"tag":"elections","tag_set":"nyt_labels","tag_sets_id":1963,"tags_id":9360851},{"stories_id":1467683109,"tag":"economic conditions and trends","tag_set":"nyt_labels","tag_sets_id":1963,"tags_id":9360989},{"stories_id":1467683109,"tag":"European Union","tag_set":"cliff_organizations","tag_sets_id":2388,"tags_id":9362999},{"stories_id":1467683109,"tag":"Aung San Suu Kyi","tag_set":"cliff_people","tag_sets_id":2389,"tags_id":9363242},{"stories_id":1467683109,"tag":"U.N.","tag_set":"cliff_organizations","tag_sets_id":2388,"tags_id":9363619},{"stories_id":1467683109,"tag":"Jeremy Corbyn","tag_set":"cliff_people","tag_sets_id":2389,"tags_id":9363655},{"stories_id":1467683109,"tag":"Boris Johnson","tag_set":"cliff_people","tag_sets_id":2389,"tags_id":9363715},{"stories_id":1467683109,"tag":"Boeing","tag_set":"cliff_organizations","tag_sets_id":2388,"tags_id":9364153},{"stories_id":1467683109,"tag":"Benjamin Netanyahu","tag_set":"cliff_people","tag_sets_id":2389,"tags_id":9364565},{"stories_id":1467683109,"tag":"Narendra Modi","tag_set":"cliff_people","tag_sets_id":2389,"tags_id":9365328},{"stories_id":1467683109,"tag":"E.U.","tag_set":"cliff_organizations","tag_sets_id":2388,"tags_id":9365392},{"stories_id":1467683109,"tag":"Labour Party","tag_set":"cliff_organizations","tag_sets_id":2388,"tags_id":9367396},{"stories_id":1467683109,"tag":"Max","tag_set":"cliff_people","tag_sets_id":2389,"tags_id":9388300},{"stories_id":1467683109,"tag":"National Health Service","tag_set":"cliff_organizations","tag_sets_id":2388,"tags_id":9401942},{"stories_id":1467683109,"tag":"Gen Z","tag_set":"cliff_organizations","tag_sets_id":2388,"tags_id":9503827},{"stories_id":1467683109,"tag":"U.S. Federal Aviation Administration","tag_set":"cliff_organizations","tag_sets_id":2388,"tags_id":9613412},{"stories_id":1467683109,"tag":"Benny Gantz","tag_set":"cliff_people","tag_sets_id":2389,"tags_id":9771859},{"stories_id":1467683109,"tag":"Michael Roston","tag_set":"cliff_people","tag_sets_id":2389,"tags_id":10555877},{"stories_id":1467683109,"tag":"Choire Sicha","tag_set":"cliff_people","tag_sets_id":2389,"tags_id":11581613},{"stories_id":1467683109,"tag":"James Yardley","tag_set":"cliff_people","tag_sets_id":2389,"tags_id":40579064},{"stories_id":1467683109,"tag":"Neal Agarwal","tag_set":"cliff_people","tag_sets_id":2389,"tags_id":70992468},{"stories_id":1467683109,"tag":"readability-lxml-0.7","tag_set":"extractor_version","tag_sets_id":1354,"tags_id":81092444},{"stories_id":1467683109,"tag":"cliff_clavin_v2.6.0","tag_set":"geocoder_version","tag_sets_id":1937,"tags_id":189462640}],"title":"Your Thursday Briefing","url":"https://www.nytimes.com/2019/12/11/briefing/british-election-saudi-aramco-rohingya.html","word_count":null}]