[{"ap_syndicated":null,"collect_date":"2020-01-14 03:12:14.475534","feeds":null,"guid":"https://www.nytimes.com/2020/01/14/business/dealbook/larry-fink-blackrock-climate-change.html","language":"en","media_id":1,"media_name":null,"media_url":null,"processed_stories_id":null,"publish_date":"2020-01-14 03:00:07","stories_id":1494321411,"story_tags":[{"stories_id":1494321411,"tag":"geonames_6252001","tag_set":"mc-geocoder@media.mit.edu","tag_sets_id":1011,"tags_id":8878461},{"stories_id":1494321411,"tag":"geonames_5332921","tag_set":"mc-geocoder@media.mit.edu","tag_sets_id":1011,"tags_id":8878533},{"stories_id":1494321411,"tag":"geonames_5335650","tag_set":"mc-geocoder@media.mit.edu","tag_sets_id":1011,"tags_id":8892379},{"stories_id":1494321411,"tag":"nyt_labeller_v1.0.0","tag_set":"nyt_labels_version","tag_sets_id":1964,"tags_id":9360669},{"stories_id":1494321411,"tag":"finances","tag_set":"nyt_labels","tag_sets_id":1963,"tags_id":9360840},{"stories_id":1494321411,"tag":"global warming","tag_set":"nyt_labels","tag_sets_id":1963,"tags_id":9360886},{"stories_id":1494321411,"tag":"environment","tag_set":"nyt_labels","tag_sets_id":1963,"tags_id":9360887},{"stories_id":1494321411,"tag":"executives and management","tag_set":"nyt_labels","tag_sets_id":1963,"tags_id":9361272},{"stories_id":1494321411,"tag":"White House","tag_set":"cliff_organizations","tag_sets_id":2388,"tags_id":9362736},{"stories_id":1494321411,"tag":"New York Times","tag_set":"cliff_organizations","tag_sets_id":2388,"tags_id":9362756},{"stories_id":1494321411,"tag":"Trump","tag_set":"cliff_people","tag_sets_id":2389,"tags_id":9362872},{"stories_id":1494321411,"tag":"Congress","tag_set":"cliff_organizations","tag_sets_id":2388,"tags_id":9362962},{"stories_id":1494321411,"tag":"S&P","tag_set":"cliff_organizations","tag_sets_id":2388,"tags_id":9368263},{"stories_id":1494321411,"tag":"JPMorgan Chase","tag_set":"cliff_organizations","tag_sets_id":2388,"tags_id":9379740},{"stories_id":1494321411,"tag":"Vanguard","tag_set":"cliff_organizations","tag_sets_id":2388,"tags_id":9385090},{"stories_id":1494321411,"tag":"Morningstar","tag_set":"cliff_organizations","tag_sets_id":2388,"tags_id":9416234},{"stories_id":1494321411,"tag":"BlackRock","tag_set":"cliff_organizations","tag_sets_id":2388,"tags_id":9433756},{"stories_id":1494321411,"tag":"Fink","tag_set":"cliff_people","tag_sets_id":2389,"tags_id":9492436},{"stories_id":1494321411,"tag":"T. Rowe","tag_set":"cliff_people","tag_sets_id":2389,"tags_id":9587548},{"stories_id":1494321411,"tag":"Christopher Hohn","tag_set":"cliff_people","tag_sets_id":2389,"tags_id":31264122},{"stories_id":1494321411,"tag":"readability-lxml-0.7","tag_set":"extractor_version","tag_sets_id":1354,"tags_id":81092444},{"stories_id":1494321411,"tag":"cliff_clavin_v2.6.0","tag_set":"geocoder_version","tag_sets_id":1937,"tags_id":189462640},{"stories_id":1494321411,"tag":"Center of Investment Strategy Laurence D. Fink","tag_set":"cliff_organizations","tag_sets_id":2388,"tags_id":193867950}],"title":"BlackRock Will Put Climate Change at Center of Investment Strategy","url":"https://www.nytimes.com/2020/01/14/business/dealbook/larry-fink-blackrock-climate-change.html","word_count":null}]