[{"ap_syndicated":null,"collect_date":"2020-02-13 19:28:30.595707","feeds":null,"guid":"https://www.washingtonpost.com/outlook/2019/08/28/we-danes-know-lot-about-wind-turbines-you-can-too-president-trump/?outputType=amp","language":"en","media_id":2,"media_name":null,"media_url":null,"processed_stories_id":null,"publish_date":"2019-08-28 00:00:00","stories_id":1520613987,"story_tags":[{"stories_id":1520613987,"tag":"guess_by_unknown","tag_set":"date_guess_method","tag_sets_id":508,"tags_id":50741492}],"title":"Perspective | We Danes know a lot about wind turbines. You can learn, too, President Trump.","url":"https://www.washingtonpost.com/outlook/2019/08/28/we-danes-know-lot-about-wind-turbines-you-can-too-president-trump/?outputType=amp","word_count":null}]