[{"ap_syndicated":null,"collect_date":"2020-02-26 00:57:41.442517","feeds":null,"guid":"https://www.washingtonpost.com/climate-environment/harvard-says-fighting-climate-change-is-a-top-priority-but-it-still-wont-divest-from-fossil-fuels/2019/07/02/b6547684-9d03-11e9-9ed4-c9089972ad5a_story.html?utm_term=.8c7e45475ec8","language":"en","media_id":2,"media_name":null,"media_url":null,"processed_stories_id":null,"publish_date":"2019-07-02 00:00:00","stories_id":1531327940,"story_tags":[{"stories_id":1531327940,"tag":"geonames_6252001","tag_set":"mc-geocoder@media.mit.edu","tag_sets_id":1011,"tags_id":8878461},{"stories_id":1531327940,"tag":"geonames_5417618","tag_set":"mc-geocoder@media.mit.edu","tag_sets_id":1011,"tags_id":8878696},{"stories_id":1531327940,"tag":"geonames_5744337","tag_set":"mc-geocoder@media.mit.edu","tag_sets_id":1011,"tags_id":8879203},{"stories_id":1531327940,"tag":"nyt_labeller_v1.0.0","tag_set":"nyt_labels_version","tag_sets_id":1964,"tags_id":9360669},{"stories_id":1531327940,"tag":"education and schools","tag_set":"nyt_labels","tag_sets_id":1963,"tags_id":9360833},{"stories_id":1531327940,"tag":"politics and government","tag_set":"nyt_labels","tag_sets_id":1963,"tags_id":9360836},{"stories_id":1531327940,"tag":"finances","tag_set":"nyt_labels","tag_sets_id":1963,"tags_id":9360840},{"stories_id":1531327940,"tag":"united states politics and government","tag_set":"nyt_labels","tag_sets_id":1963,"tags_id":9360846},{"stories_id":1531327940,"tag":"colleges and universities","tag_set":"nyt_labels","tag_sets_id":1963,"tags_id":9360861},{"stories_id":1531327940,"tag":"Harvard","tag_set":"cliff_organizations","tag_sets_id":2388,"tags_id":9362285},{"stories_id":1531327940,"tag":"Ron Wyden","tag_set":"cliff_people","tag_sets_id":2389,"tags_id":9363375},{"stories_id":1531327940,"tag":"Georgetown University","tag_set":"cliff_organizations","tag_sets_id":2388,"tags_id":9366294},{"stories_id":1531327940,"tag":"Harvard University","tag_set":"cliff_organizations","tag_sets_id":2388,"tags_id":9367242},{"stories_id":1531327940,"tag":"Al Gore","tag_set":"cliff_people","tag_sets_id":2389,"tags_id":9367577},{"stories_id":1531327940,"tag":"Senate Finance Committee","tag_set":"cliff_organizations","tag_sets_id":2388,"tags_id":9370119},{"stories_id":1531327940,"tag":"Middlebury","tag_set":"cliff_organizations","tag_sets_id":2388,"tags_id":9378266},{"stories_id":1531327940,"tag":"Bill McKibben","tag_set":"cliff_people","tag_sets_id":2389,"tags_id":9408953},{"stories_id":1531327940,"tag":"Middlebury College","tag_set":"cliff_organizations","tag_sets_id":2388,"tags_id":9411272},{"stories_id":1531327940,"tag":"Rockefeller Brothers Fund","tag_set":"cliff_organizations","tag_sets_id":2388,"tags_id":9456992},{"stories_id":1531327940,"tag":"Crimson","tag_set":"cliff_organizations","tag_sets_id":2388,"tags_id":9460997},{"stories_id":1531327940,"tag":"Harvard Crimson","tag_set":"cliff_organizations","tag_sets_id":2388,"tags_id":9468886},{"stories_id":1531327940,"tag":"Drew Faust","tag_set":"cliff_people","tag_sets_id":2389,"tags_id":9568312},{"stories_id":1531327940,"tag":"Timothy Wirth","tag_set":"cliff_people","tag_sets_id":2389,"tags_id":9624450},{"stories_id":1531327940,"tag":"Stephen Heintz","tag_set":"cliff_people","tag_sets_id":2389,"tags_id":9943160},{"stories_id":1531327940,"tag":"Mankiw","tag_set":"cliff_people","tag_sets_id":2389,"tags_id":10067626},{"stories_id":1531327940,"tag":"Robert D. Reischauer","tag_set":"cliff_people","tag_sets_id":2389,"tags_id":10333642},{"stories_id":1531327940,"tag":"Harvard Corp.","tag_set":"cliff_organizations","tag_sets_id":2388,"tags_id":28458323},{"stories_id":1531327940,"tag":"Lawrence Bacow","tag_set":"cliff_people","tag_sets_id":2389,"tags_id":29523858},{"stories_id":1531327940,"tag":"Ilana Cohen","tag_set":"cliff_people","tag_sets_id":2389,"tags_id":34494530},{"stories_id":1531327940,"tag":"guess_by_unknown","tag_set":"date_guess_method","tag_sets_id":508,"tags_id":50741492},{"stories_id":1531327940,"tag":"readability-lxml-0.7","tag_set":"extractor_version","tag_sets_id":1354,"tags_id":81092444},{"stories_id":1531327940,"tag":"cliff_clavin_v2.6.0","tag_set":"geocoder_version","tag_sets_id":1937,"tags_id":189462640}],"title":"Harvard says fighting climate change is a top priority. But it still won’t divest from fossil fuels.","url":"https://www.washingtonpost.com/climate-environment/harvard-says-fighting-climate-change-is-a-top-priority-but-it-still-wont-divest-from-fossil-fuels/2019/07/02/b6547684-9d03-11e9-9ed4-c9089972ad5a_story.html?utm_term=.8c7e45475ec8","word_count":null}]