[{"ap_syndicated":null,"collect_date":"2020-04-09 02:03:12.368407","feeds":null,"guid":"https://www.washingtonpost.com/local/virginia-politics/2018/02/28/14773b9e-1730-11e8-8b08-027a6ccb38eb_story.html?tid=lk_inline_manual_4&itid=lk_inline_manual_4","language":"en","media_id":2,"media_name":null,"media_url":null,"processed_stories_id":null,"publish_date":"2018-02-28 00:00:00","stories_id":1573098226,"story_tags":[{"stories_id":1573098226,"tag":"geonames_6252001","tag_set":"mc-geocoder@media.mit.edu","tag_sets_id":1011,"tags_id":8878461},{"stories_id":1573098226,"tag":"geonames_6254928","tag_set":"mc-geocoder@media.mit.edu","tag_sets_id":1011,"tags_id":8878547},{"stories_id":1573098226,"tag":"geonames_4781708","tag_set":"mc-geocoder@media.mit.edu","tag_sets_id":1011,"tags_id":8880239},{"stories_id":1573098226,"tag":"nyt_labeller_v1.0.0","tag_set":"nyt_labels_version","tag_sets_id":1964,"tags_id":9360669},{"stories_id":1573098226,"tag":"politics and government","tag_set":"nyt_labels","tag_sets_id":1963,"tags_id":9360836},{"stories_id":1573098226,"tag":"law and legislation","tag_set":"nyt_labels","tag_sets_id":1963,"tags_id":9360837},{"stories_id":1573098226,"tag":"elections","tag_set":"nyt_labels","tag_sets_id":1963,"tags_id":9360851},{"stories_id":1573098226,"tag":"lobbying and lobbyists","tag_set":"nyt_labels","tag_sets_id":1963,"tags_id":9360866},{"stories_id":1573098226,"tag":"editorials","tag_set":"nyt_labels","tag_sets_id":1963,"tags_id":9360894},{"stories_id":1573098226,"tag":"Donald Trump","tag_set":"cliff_people","tag_sets_id":2389,"tags_id":9362284},{"stories_id":1573098226,"tag":"Obama","tag_set":"cliff_people","tag_sets_id":2389,"tags_id":9362721},{"stories_id":1573098226,"tag":"Senate","tag_set":"cliff_organizations","tag_sets_id":2388,"tags_id":9362741},{"stories_id":1573098226,"tag":"General Assembly","tag_set":"cliff_organizations","tag_sets_id":2388,"tags_id":9362801},{"stories_id":1573098226,"tag":"House","tag_set":"cliff_organizations","tag_sets_id":2388,"tags_id":9363164},{"stories_id":1573098226,"tag":"Democratic","tag_set":"cliff_organizations","tag_sets_id":2388,"tags_id":9363325},{"stories_id":1573098226,"tag":"Ralph Northam","tag_set":"cliff_people","tag_sets_id":2389,"tags_id":9364825},{"stories_id":1573098226,"tag":"Tom Perriello","tag_set":"cliff_people","tag_sets_id":2389,"tags_id":9364826},{"stories_id":1573098226,"tag":"Irma","tag_set":"cliff_people","tag_sets_id":2389,"tags_id":9368947},{"stories_id":1573098226,"tag":"Terry McAuliffe","tag_set":"cliff_people","tag_sets_id":2389,"tags_id":9387494},{"stories_id":1573098226,"tag":"SCC","tag_set":"cliff_organizations","tag_sets_id":2388,"tags_id":9400341},{"stories_id":1573098226,"tag":"Dominion","tag_set":"cliff_organizations","tag_sets_id":2388,"tags_id":9486980},{"stories_id":1573098226,"tag":"Petersen","tag_set":"cliff_people","tag_sets_id":2389,"tags_id":9487437},{"stories_id":1573098226,"tag":"Sam Rasoul","tag_set":"cliff_people","tag_sets_id":2389,"tags_id":9487440},{"stories_id":1573098226,"tag":"Mark R. Herring","tag_set":"cliff_people","tag_sets_id":2389,"tags_id":9495622},{"stories_id":1573098226,"tag":"State Corporation Commission","tag_set":"cliff_organizations","tag_sets_id":2388,"tags_id":9669994},{"stories_id":1573098226,"tag":"Mark Webb","tag_set":"cliff_people","tag_sets_id":2389,"tags_id":9904776},{"stories_id":1573098226,"tag":"J. Chapman","tag_set":"cliff_people","tag_sets_id":2389,"tags_id":9977806},{"stories_id":1573098226,"tag":"David J. Toscano","tag_set":"cliff_people","tag_sets_id":2389,"tags_id":10240949},{"stories_id":1573098226,"tag":"federal Clean Power","tag_set":"cliff_organizations","tag_sets_id":2388,"tags_id":10287605},{"stories_id":1573098226,"tag":"state Chamber of Commerce","tag_set":"cliff_organizations","tag_sets_id":2388,"tags_id":10451661},{"stories_id":1573098226,"tag":"Virginia Poverty Law Center","tag_set":"cliff_organizations","tag_sets_id":2388,"tags_id":10846919},{"stories_id":1573098226,"tag":"Appalachian Power Co.","tag_set":"cliff_organizations","tag_sets_id":2388,"tags_id":11312510},{"stories_id":1573098226,"tag":"Terry G. Kilgore","tag_set":"cliff_people","tag_sets_id":2389,"tags_id":29472322},{"stories_id":1573098226,"tag":"R. Lee Ware","tag_set":"cliff_people","tag_sets_id":2389,"tags_id":30002155},{"stories_id":1573098226,"tag":"Virginia Sierra Club","tag_set":"cliff_organizations","tag_sets_id":2388,"tags_id":31819832},{"stories_id":1573098226,"tag":"Albert Pollard","tag_set":"cliff_people","tag_sets_id":2389,"tags_id":32544376},{"stories_id":1573098226,"tag":"Jack Rust","tag_set":"cliff_people","tag_sets_id":2389,"tags_id":47261133},{"stories_id":1573098226,"tag":"guess_by_unknown","tag_set":"date_guess_method","tag_sets_id":508,"tags_id":50741492},{"stories_id":1573098226,"tag":"Bob Shippee","tag_set":"cliff_people","tag_sets_id":2389,"tags_id":52862283},{"stories_id":1573098226,"tag":"readability-lxml-0.7","tag_set":"extractor_version","tag_sets_id":1354,"tags_id":81092444},{"stories_id":1573098226,"tag":"cliff_clavin_v2.6.0","tag_set":"geocoder_version","tag_sets_id":1937,"tags_id":189462640}],"title":"The giant company that could: How Dominion turned scorn into a big payday","url":"https://www.washingtonpost.com/local/virginia-politics/2018/02/28/14773b9e-1730-11e8-8b08-027a6ccb38eb_story.html?tid=lk_inline_manual_4&itid=lk_inline_manual_4","word_count":null}]