[{"ap_syndicated":null,"collect_date":"2020-06-01 12:50:35.735686","feeds":null,"guid":"https://www.washingtonpost.com/politics/the-energy-202-coronavirus-pandemic-could-give-democrats-easier-way-to-repeal-major-trump-epa-rules/2020/06/01/b88d2ef4-df19-43dc-9fcb-4352dd0f3f76_story.html?utm_source=rss&utm_medium=referral&utm_campaign=wp_politics","language":"en","media_id":2,"media_name":null,"media_url":null,"processed_stories_id":null,"publish_date":"2020-06-01 08:16:18","stories_id":1622454779,"story_tags":[{"stories_id":1622454779,"tag":"guess_by_unknown","tag_set":"date_guess_method","tag_sets_id":508,"tags_id":50741492}],"title":"The Energy 202: Coronavirus pandemic could give Democrats easier way to repeal major Trump EPA rules","url":"https://www.washingtonpost.com/politics/the-energy-202-coronavirus-pandemic-could-give-democrats-easier-way-to-repeal-major-trump-epa-rules/2020/06/01/b88d2ef4-df19-43dc-9fcb-4352dd0f3f76_story.html?utm_source=rss&utm_medium=referral&utm_campaign=wp_politics","word_count":null}]