[{"ap_syndicated":null,"collect_date":"2020-07-05 08:19:46.882476","feeds":null,"guid":"https://www.washingtonpost.com/world/middle_east/uae-orders-government-shakeup-as-virus-erodes-economic-gains/2020/07/05/5fa98578-beb7-11ea-8908-68a2b9eae9e0_story.html?utm_source=rss&utm_medium=referral&utm_campaign=wp_world","language":"en","media_id":2,"media_name":null,"media_url":null,"processed_stories_id":null,"publish_date":"2020-07-05 08:02:18","stories_id":1653325085,"story_tags":[{"stories_id":1653325085,"tag":"geonames_292223","tag_set":"mc-geocoder@media.mit.edu","tag_sets_id":1011,"tags_id":8878826},{"stories_id":1653325085,"tag":"geonames_292224","tag_set":"mc-geocoder@media.mit.edu","tag_sets_id":1011,"tags_id":8878922},{"stories_id":1653325085,"tag":"geonames_290557","tag_set":"mc-geocoder@media.mit.edu","tag_sets_id":1011,"tags_id":8878961},{"stories_id":1653325085,"tag":"nyt_labeller_v1.0.0","tag_set":"nyt_labels_version","tag_sets_id":1964,"tags_id":9360669},{"stories_id":1653325085,"tag":"free healthcare","tag_set":"cliff_organizations","tag_sets_id":2388,"tags_id":9382591},{"stories_id":1653325085,"tag":"Etihad Airways","tag_set":"cliff_organizations","tag_sets_id":2388,"tags_id":9383092},{"stories_id":1653325085,"tag":"Masdar","tag_set":"cliff_organizations","tag_sets_id":2388,"tags_id":9625316},{"stories_id":1653325085,"tag":"Sheikh Mohammed","tag_set":"cliff_people","tag_sets_id":2389,"tags_id":9646918},{"stories_id":1653325085,"tag":"Abu Dhabi","tag_set":"cliff_organizations","tag_sets_id":2388,"tags_id":9707717},{"stories_id":1653325085,"tag":"Abu Dhabi National Oil Company","tag_set":"cliff_organizations","tag_sets_id":2388,"tags_id":10175469},{"stories_id":1653325085,"tag":"National Media Council","tag_set":"cliff_organizations","tag_sets_id":2388,"tags_id":11375589},{"stories_id":1653325085,"tag":"Noura al-Kaabi","tag_set":"cliff_people","tag_sets_id":2389,"tags_id":17241545},{"stories_id":1653325085,"tag":"Suhail al-Mazrouei","tag_set":"cliff_people","tag_sets_id":2389,"tags_id":28797310},{"stories_id":1653325085,"tag":"Al Nahyan","tag_set":"cliff_people","tag_sets_id":2389,"tags_id":30225169},{"stories_id":1653325085,"tag":"Sultan al-Jaber","tag_set":"cliff_people","tag_sets_id":2389,"tags_id":30535114},{"stories_id":1653325085,"tag":"Sarah al-Amiri","tag_set":"cliff_people","tag_sets_id":2389,"tags_id":46369649},{"stories_id":1653325085,"tag":"readability-lxml-0.7","tag_set":"extractor_version","tag_sets_id":1354,"tags_id":81092444},{"stories_id":1653325085,"tag":"cliff_clavin_v2.6.0","tag_set":"geocoder_version","tag_sets_id":1937,"tags_id":189462640},{"stories_id":1653325085,"tag":"nascent Emirates Space Agency","tag_set":"cliff_organizations","tag_sets_id":2388,"tags_id":207058765},{"stories_id":1653325085,"tag":"Omar Al-Ulama","tag_set":"cliff_people","tag_sets_id":2389,"tags_id":207058766}],"title":"UAE orders government shakeup as virus erodes economic gains","url":"https://www.washingtonpost.com/world/middle_east/uae-orders-government-shakeup-as-virus-erodes-economic-gains/2020/07/05/5fa98578-beb7-11ea-8908-68a2b9eae9e0_story.html?utm_source=rss&utm_medium=referral&utm_campaign=wp_world","word_count":null}]