[{"ap_syndicated":null,"collect_date":"2020-08-13 11:42:29.742648","feeds":null,"guid":"https://www.washingtonpost.com/world/middle_east/president-trump-says-uae-to-open-diplomatic-ties-with-israel/2020/08/13/fe655a12-dd74-11ea-b4f1-25b762cdbbf4_story.html?utm_source=rss&utm_medium=referral&utm_campaign=wp_world","language":"en","media_id":2,"media_name":null,"media_url":null,"processed_stories_id":null,"publish_date":"2020-08-13 10:55:15","stories_id":1682406632,"story_tags":[{"stories_id":1682406632,"tag":"geonames_294640","tag_set":"mc-geocoder@media.mit.edu","tag_sets_id":1011,"tags_id":8878501},{"stories_id":1682406632,"tag":"geonames_292968","tag_set":"mc-geocoder@media.mit.edu","tag_sets_id":1011,"tags_id":8878574},{"stories_id":1682406632,"tag":"geonames_292223","tag_set":"mc-geocoder@media.mit.edu","tag_sets_id":1011,"tags_id":8878826},{"stories_id":1682406632,"tag":"geonames_292224","tag_set":"mc-geocoder@media.mit.edu","tag_sets_id":1011,"tags_id":8878922},{"stories_id":1682406632,"tag":"nyt_labeller_v1.0.0","tag_set":"nyt_labels_version","tag_sets_id":1964,"tags_id":9360669},{"stories_id":1682406632,"tag":"politics and government","tag_set":"nyt_labels","tag_sets_id":1963,"tags_id":9360836},{"stories_id":1682406632,"tag":"united states politics and government","tag_set":"nyt_labels","tag_sets_id":1963,"tags_id":9360846},{"stories_id":1682406632,"tag":"united states international relations","tag_set":"nyt_labels","tag_sets_id":1963,"tags_id":9360933},{"stories_id":1682406632,"tag":"international relations","tag_set":"nyt_labels","tag_sets_id":1963,"tags_id":9360934},{"stories_id":1682406632,"tag":"palestinians","tag_set":"nyt_labels","tag_sets_id":1963,"tags_id":9360987},{"stories_id":1682406632,"tag":"Mike Pompeo","tag_set":"cliff_people","tag_sets_id":2389,"tags_id":9362758},{"stories_id":1682406632,"tag":"Associated Press","tag_set":"cliff_organizations","tag_sets_id":2388,"tags_id":9362784},{"stories_id":1682406632,"tag":"Trump","tag_set":"cliff_organizations","tag_sets_id":2388,"tags_id":9362787},{"stories_id":1682406632,"tag":"Jared Kushner","tag_set":"cliff_people","tag_sets_id":2389,"tags_id":9362984},{"stories_id":1682406632,"tag":"Joe Biden","tag_set":"cliff_people","tag_sets_id":2389,"tags_id":9363134},{"stories_id":1682406632,"tag":"Hamas","tag_set":"cliff_organizations","tag_sets_id":2388,"tags_id":9363346},{"stories_id":1682406632,"tag":"David Friedman","tag_set":"cliff_people","tag_sets_id":2389,"tags_id":9363358},{"stories_id":1682406632,"tag":"Abu Dhabi","tag_set":"cliff_people","tag_sets_id":2389,"tags_id":9363704},{"stories_id":1682406632,"tag":"State","tag_set":"cliff_organizations","tag_sets_id":2388,"tags_id":9363944},{"stories_id":1682406632,"tag":"Benjamin Netanyahu","tag_set":"cliff_people","tag_sets_id":2389,"tags_id":9364565},{"stories_id":1682406632,"tag":"Hezbollah","tag_set":"cliff_organizations","tag_sets_id":2388,"tags_id":9365378},{"stories_id":1682406632,"tag":"Lee","tag_set":"cliff_people","tag_sets_id":2389,"tags_id":9366777},{"stories_id":1682406632,"tag":"Muslim Brotherhood","tag_set":"cliff_organizations","tag_sets_id":2388,"tags_id":9366831},{"stories_id":1682406632,"tag":"Hanan Ashrawi","tag_set":"cliff_people","tag_sets_id":2389,"tags_id":9367609},{"stories_id":1682406632,"tag":"Likud","tag_set":"cliff_organizations","tag_sets_id":2388,"tags_id":9376437},{"stories_id":1682406632,"tag":"WAM","tag_set":"cliff_organizations","tag_sets_id":2388,"tags_id":9399339},{"stories_id":1682406632,"tag":"Prince Mohammed","tag_set":"cliff_people","tag_sets_id":2389,"tags_id":9404169},{"stories_id":1682406632,"tag":"Anwar Gargash","tag_set":"cliff_people","tag_sets_id":2389,"tags_id":9454847},{"stories_id":1682406632,"tag":"Likud Party","tag_set":"cliff_organizations","tag_sets_id":2388,"tags_id":9501204},{"stories_id":1682406632,"tag":"Mohammed bin Zayed Al Nahyan","tag_set":"cliff_people","tag_sets_id":2389,"tags_id":9557999},{"stories_id":1682406632,"tag":"Avi Berkowitz","tag_set":"cliff_people","tag_sets_id":2389,"tags_id":9624865},{"stories_id":1682406632,"tag":"Abu Dhabi","tag_set":"cliff_organizations","tag_sets_id":2388,"tags_id":9707717},{"stories_id":1682406632,"tag":"Federman","tag_set":"cliff_people","tag_sets_id":2389,"tags_id":9841971},{"stories_id":1682406632,"tag":"Aamer Madhani","tag_set":"cliff_people","tag_sets_id":2389,"tags_id":9959904},{"stories_id":1682406632,"tag":"Zayed bin Sultan Al Nahyan","tag_set":"cliff_people","tag_sets_id":2389,"tags_id":10399891},{"stories_id":1682406632,"tag":"Mabruk","tag_set":"cliff_people","tag_sets_id":2389,"tags_id":10400489},{"stories_id":1682406632,"tag":"Mazal Tov","tag_set":"cliff_people","tag_sets_id":2389,"tags_id":11490608},{"stories_id":1682406632,"tag":"readability-lxml-0.7","tag_set":"extractor_version","tag_sets_id":1354,"tags_id":81092444},{"stories_id":1682406632,"tag":"UAE Trump","tag_set":"cliff_people","tag_sets_id":2389,"tags_id":163989479},{"stories_id":1682406632,"tag":"cliff_clavin_v2.6.0","tag_set":"geocoder_version","tag_sets_id":1937,"tags_id":189462640}],"title":"Palestinian official slams deal between US, Israel and UAE","url":"https://www.washingtonpost.com/world/middle_east/president-trump-says-uae-to-open-diplomatic-ties-with-israel/2020/08/13/fe655a12-dd74-11ea-b4f1-25b762cdbbf4_story.html?utm_source=rss&utm_medium=referral&utm_campaign=wp_world","word_count":null}]