[{"ap_syndicated":null,"collect_date":"2020-08-19 03:59:01.526634","feeds":null,"guid":"https://www.washingtonpost.com/business/energy/germany-and-detroit-already-have-their-own-teslas/2020/08/19/eabc8508-e1ed-11ea-82d8-5e55d47e90ca_story.html?utm_source=rss&utm_medium=referral&utm_campaign=wp_business","language":"en","media_id":2,"media_name":null,"media_url":null,"processed_stories_id":null,"publish_date":"2020-08-19 03:42:46","stories_id":1687071727,"story_tags":[{"stories_id":1687071727,"tag":"geonames_2921044","tag_set":"mc-geocoder@media.mit.edu","tag_sets_id":1011,"tags_id":8878575},{"stories_id":1687071727,"tag":"geonames_5001836","tag_set":"mc-geocoder@media.mit.edu","tag_sets_id":1011,"tags_id":8878821},{"stories_id":1687071727,"tag":"geonames_4990729","tag_set":"mc-geocoder@media.mit.edu","tag_sets_id":1011,"tags_id":8878851},{"stories_id":1687071727,"tag":"nyt_labeller_v1.0.0","tag_set":"nyt_labels_version","tag_sets_id":1964,"tags_id":9360669},{"stories_id":1687071727,"tag":"finances","tag_set":"nyt_labels","tag_sets_id":1963,"tags_id":9360840},{"stories_id":1687071727,"tag":"automobiles","tag_set":"nyt_labels","tag_sets_id":1963,"tags_id":9360914},{"stories_id":1687071727,"tag":"energy and power","tag_set":"nyt_labels","tag_sets_id":1963,"tags_id":9360997},{"stories_id":1687071727,"tag":"light","tag_set":"nyt_labels","tag_sets_id":1963,"tags_id":9361014},{"stories_id":1687071727,"tag":"GM","tag_set":"cliff_organizations","tag_sets_id":2388,"tags_id":9367378},{"stories_id":1687071727,"tag":"VW","tag_set":"cliff_organizations","tag_sets_id":2388,"tags_id":9367672},{"stories_id":1687071727,"tag":"Audi","tag_set":"cliff_organizations","tag_sets_id":2388,"tags_id":9374633},{"stories_id":1687071727,"tag":"Volkswagen","tag_set":"cliff_organizations","tag_sets_id":2388,"tags_id":9374940},{"stories_id":1687071727,"tag":"Deutsche Bank","tag_set":"cliff_organizations","tag_sets_id":2388,"tags_id":9376405},{"stories_id":1687071727,"tag":"Panasonic","tag_set":"cliff_organizations","tag_sets_id":2388,"tags_id":9377732},{"stories_id":1687071727,"tag":"Elon Musk","tag_set":"cliff_people","tag_sets_id":2389,"tags_id":9384651},{"stories_id":1687071727,"tag":"SoftBank","tag_set":"cliff_organizations","tag_sets_id":2388,"tags_id":9388833},{"stories_id":1687071727,"tag":"Ford Motor Co.","tag_set":"cliff_organizations","tag_sets_id":2388,"tags_id":9407391},{"stories_id":1687071727,"tag":"General Motors Co.","tag_set":"cliff_organizations","tag_sets_id":2388,"tags_id":9446830},{"stories_id":1687071727,"tag":"RWE","tag_set":"cliff_organizations","tag_sets_id":2388,"tags_id":9549513},{"stories_id":1687071727,"tag":"Ferrari NV","tag_set":"cliff_organizations","tag_sets_id":2388,"tags_id":9663953},{"stories_id":1687071727,"tag":"RWE AG","tag_set":"cliff_organizations","tag_sets_id":2388,"tags_id":10709391},{"stories_id":1687071727,"tag":"Piech","tag_set":"cliff_people","tag_sets_id":2389,"tags_id":10828444},{"stories_id":1687071727,"tag":"chase Tesla","tag_set":"cliff_people","tag_sets_id":2389,"tags_id":10935671},{"stories_id":1687071727,"tag":"Tim Rokossa","tag_set":"cliff_people","tag_sets_id":2389,"tags_id":31403126},{"stories_id":1687071727,"tag":"readability-lxml-0.7","tag_set":"extractor_version","tag_sets_id":1354,"tags_id":81092444},{"stories_id":1687071727,"tag":"cliff_clavin_v2.6.0","tag_set":"geocoder_version","tag_sets_id":1937,"tags_id":189462640}],"title":"Germany and Detroit Already Have Their Own Teslas","url":"https://www.washingtonpost.com/business/energy/germany-and-detroit-already-have-their-own-teslas/2020/08/19/eabc8508-e1ed-11ea-82d8-5e55d47e90ca_story.html?utm_source=rss&utm_medium=referral&utm_campaign=wp_business","word_count":null}]