[{"ap_syndicated":null,"collect_date":"2020-08-27 06:19:02.396514","feeds":null,"guid":"https://www.usatoday.com/story/news/50-states/2020/08/27/busting-bundy-blaming-students-supporting-masks-news-around-states/113587164/","language":"en","media_id":4,"media_name":null,"media_url":null,"processed_stories_id":null,"publish_date":"2020-08-27 01:34:23","stories_id":1694243414,"story_tags":[{"stories_id":1694243414,"tag":"geonames_6252001","tag_set":"mc-geocoder@media.mit.edu","tag_sets_id":1011,"tags_id":8878461},{"stories_id":1694243414,"tag":"geonames_5128638","tag_set":"mc-geocoder@media.mit.edu","tag_sets_id":1011,"tags_id":8878463},{"stories_id":1694243414,"tag":"geonames_4887398","tag_set":"mc-geocoder@media.mit.edu","tag_sets_id":1011,"tags_id":8878485},{"stories_id":1694243414,"tag":"geonames_5263045","tag_set":"mc-geocoder@media.mit.edu","tag_sets_id":1011,"tags_id":8878640},{"stories_id":1694243414,"tag":"geonames_5018739","tag_set":"mc-geocoder@media.mit.edu","tag_sets_id":1011,"tags_id":8878969},{"stories_id":1694243414,"tag":"geonames_4418478","tag_set":"mc-geocoder@media.mit.edu","tag_sets_id":1011,"tags_id":8879492},{"stories_id":1694243414,"tag":"geonames_5856195","tag_set":"mc-geocoder@media.mit.edu","tag_sets_id":1011,"tags_id":8880446},{"stories_id":1694243414,"tag":"nyt_labeller_v1.0.0","tag_set":"nyt_labels_version","tag_sets_id":1964,"tags_id":9360669},{"stories_id":1694243414,"tag":"education and schools","tag_set":"nyt_labels","tag_sets_id":1963,"tags_id":9360833},{"stories_id":1694243414,"tag":"tests and testing","tag_set":"nyt_labels","tag_sets_id":1963,"tags_id":9360838},{"stories_id":1694243414,"tag":"medicine and health","tag_set":"nyt_labels","tag_sets_id":1963,"tags_id":9360852},{"stories_id":1694243414,"tag":"colleges and universities","tag_set":"nyt_labels","tag_sets_id":1963,"tags_id":9360861},{"stories_id":1694243414,"tag":"Donald Trump","tag_set":"cliff_people","tag_sets_id":2389,"tags_id":9362284},{"stories_id":1694243414,"tag":"Supreme Court","tag_set":"cliff_organizations","tag_sets_id":2388,"tags_id":9362719},{"stories_id":1694243414,"tag":"White House","tag_set":"cliff_organizations","tag_sets_id":2388,"tags_id":9362736},{"stories_id":1694243414,"tag":"Senate","tag_set":"cliff_organizations","tag_sets_id":2388,"tags_id":9362741},{"stories_id":1694243414,"tag":"Republican","tag_set":"cliff_organizations","tag_sets_id":2388,"tags_id":9362742},{"stories_id":1694243414,"tag":"black","tag_set":"cliff_people","tag_sets_id":2389,"tags_id":9362852},{"stories_id":1694243414,"tag":"House","tag_set":"cliff_organizations","tag_sets_id":2388,"tags_id":9363164},{"stories_id":1694243414,"tag":"Lincoln","tag_set":"cliff_people","tag_sets_id":2389,"tags_id":9363502},{"stories_id":1694243414,"tag":"Columbia","tag_set":"cliff_organizations","tag_sets_id":2388,"tags_id":9363549},{"stories_id":1694243414,"tag":"Rutgers","tag_set":"cliff_organizations","tag_sets_id":2388,"tags_id":9363940},{"stories_id":1694243414,"tag":"State","tag_set":"cliff_organizations","tag_sets_id":2388,"tags_id":9363944},{"stories_id":1694243414,"tag":"Ralph Northam","tag_set":"cliff_people","tag_sets_id":2389,"tags_id":9364825},{"stories_id":1694243414,"tag":"Roberts","tag_set":"cliff_people","tag_sets_id":2389,"tags_id":9364865},{"stories_id":1694243414,"tag":"University of Alabama","tag_set":"cliff_organizations","tag_sets_id":2388,"tags_id":9365928},{"stories_id":1694243414,"tag":"Laura","tag_set":"cliff_people","tag_sets_id":2389,"tags_id":9366317},{"stories_id":1694243414,"tag":"Asa Hutchinson","tag_set":"cliff_people","tag_sets_id":2389,"tags_id":9366499},{"stories_id":1694243414,"tag":"Clemson","tag_set":"cliff_organizations","tag_sets_id":2388,"tags_id":9366731},{"stories_id":1694243414,"tag":"Indiana University","tag_set":"cliff_organizations","tag_sets_id":2388,"tags_id":9366856},{"stories_id":1694243414,"tag":"Federal Emergency Management Agency","tag_set":"cliff_organizations","tag_sets_id":2388,"tags_id":9368312},{"stories_id":1694243414,"tag":"FEMA","tag_set":"cliff_organizations","tag_sets_id":2388,"tags_id":9368313},{"stories_id":1694243414,"tag":"Centers for Disease Control and Prevention","tag_set":"cliff_organizations","tag_sets_id":2388,"tags_id":9368621},{"stories_id":1694243414,"tag":"Steve Sisolak","tag_set":"cliff_people","tag_sets_id":2389,"tags_id":9369708},{"stories_id":1694243414,"tag":"Department of Health and Human Services","tag_set":"cliff_organizations","tag_sets_id":2388,"tags_id":9371638},{"stories_id":1694243414,"tag":"University of Miami","tag_set":"cliff_organizations","tag_sets_id":2388,"tags_id":9371852},{"stories_id":1694243414,"tag":"state Department of Education","tag_set":"cliff_organizations","tag_sets_id":2388,"tags_id":9371863},{"stories_id":1694243414,"tag":"Jackson","tag_set":"cliff_people","tag_sets_id":2389,"tags_id":9371882},{"stories_id":1694243414,"tag":"Caldwell","tag_set":"cliff_people","tag_sets_id":2389,"tags_id":9373469},{"stories_id":1694243414,"tag":"Microsoft","tag_set":"cliff_organizations","tag_sets_id":2388,"tags_id":9374723},{"stories_id":1694243414,"tag":"Roy Cooper","tag_set":"cliff_people","tag_sets_id":2389,"tags_id":9375355},{"stories_id":1694243414,"tag":"Legislature","tag_set":"cliff_organizations","tag_sets_id":2388,"tags_id":9377684},{"stories_id":1694243414,"tag":"University of North Carolina","tag_set":"cliff_organizations","tag_sets_id":2388,"tags_id":9379221},{"stories_id":1694243414,"tag":"U.S. Postal Service","tag_set":"cliff_organizations","tag_sets_id":2388,"tags_id":9380693},{"stories_id":1694243414,"tag":"sap","tag_set":"cliff_organizations","tag_sets_id":2388,"tags_id":9385960},{"stories_id":1694243414,"tag":"Austin","tag_set":"cliff_people","tag_sets_id":2389,"tags_id":9386384},{"stories_id":1694243414,"tag":"Kim Reynolds","tag_set":"cliff_people","tag_sets_id":2389,"tags_id":9391600},{"stories_id":1694243414,"tag":"MTA","tag_set":"cliff_organizations","tag_sets_id":2388,"tags_id":9395021},{"stories_id":1694243414,"tag":"University of Missouri","tag_set":"cliff_organizations","tag_sets_id":2388,"tags_id":9398082},{"stories_id":1694243414,"tag":"Pacific Islanders","tag_set":"cliff_organizations","tag_sets_id":2388,"tags_id":9398987},{"stories_id":1694243414,"tag":"health department","tag_set":"cliff_organizations","tag_sets_id":2388,"tags_id":9399624},{"stories_id":1694243414,"tag":"St. George","tag_set":"cliff_people","tag_sets_id":2389,"tags_id":9400432},{"stories_id":1694243414,"tag":"Marty Walsh","tag_set":"cliff_people","tag_sets_id":2389,"tags_id":9401716},{"stories_id":1694243414,"tag":"Florida A&M University","tag_set":"cliff_organizations","tag_sets_id":2388,"tags_id":9403067},{"stories_id":1694243414,"tag":"Doug Burgum","tag_set":"cliff_people","tag_sets_id":2389,"tags_id":9404186},{"stories_id":1694243414,"tag":"Madison","tag_set":"cliff_people","tag_sets_id":2389,"tags_id":9404235},{"stories_id":1694243414,"tag":"Arthur","tag_set":"cliff_people","tag_sets_id":2389,"tags_id":9406976},{"stories_id":1694243414,"tag":"Jim Justice","tag_set":"cliff_people","tag_sets_id":2389,"tags_id":9408876},{"stories_id":1694243414,"tag":"Julio Frenk","tag_set":"cliff_people","tag_sets_id":2389,"tags_id":9412557},{"stories_id":1694243414,"tag":"House of Delegates","tag_set":"cliff_organizations","tag_sets_id":2388,"tags_id":9415764},{"stories_id":1694243414,"tag":"Clemson University","tag_set":"cliff_organizations","tag_sets_id":2388,"tags_id":9421168},{"stories_id":1694243414,"tag":"Phil Murphy","tag_set":"cliff_people","tag_sets_id":2389,"tags_id":9421624},{"stories_id":1694243414,"tag":"John Bel Edwards","tag_set":"cliff_people","tag_sets_id":2389,"tags_id":9421904},{"stories_id":1694243414,"tag":"Dabo Swinney","tag_set":"cliff_people","tag_sets_id":2389,"tags_id":9435862},{"stories_id":1694243414,"tag":"Department of Public Health","tag_set":"cliff_organizations","tag_sets_id":2388,"tags_id":9439292},{"stories_id":1694243414,"tag":"Ammon Bundy","tag_set":"cliff_people","tag_sets_id":2389,"tags_id":9450237},{"stories_id":1694243414,"tag":"Phil Scott","tag_set":"cliff_people","tag_sets_id":2389,"tags_id":9455100},{"stories_id":1694243414,"tag":"Center for Public Integrity","tag_set":"cliff_organizations","tag_sets_id":2388,"tags_id":9461306},{"stories_id":1694243414,"tag":"Auburn University","tag_set":"cliff_organizations","tag_sets_id":2388,"tags_id":9462618},{"stories_id":1694243414,"tag":"Gretchen Whitmer","tag_set":"cliff_people","tag_sets_id":2389,"tags_id":9464154},{"stories_id":1694243414,"tag":"Metropolitan Transportation Authority","tag_set":"cliff_organizations","tag_sets_id":2388,"tags_id":9467124},{"stories_id":1694243414,"tag":"Mark Boughton","tag_set":"cliff_people","tag_sets_id":2389,"tags_id":9480121},{"stories_id":1694243414,"tag":"Lincoln Journal Star","tag_set":"cliff_organizations","tag_sets_id":2388,"tags_id":9483558},{"stories_id":1694243414,"tag":"Roanoke Times","tag_set":"cliff_organizations","tag_sets_id":2388,"tags_id":9487869},{"stories_id":1694243414,"tag":"Hardin","tag_set":"cliff_people","tag_sets_id":2389,"tags_id":9492152},{"stories_id":1694243414,"tag":"Bismarck","tag_set":"cliff_people","tag_sets_id":2389,"tags_id":9499293},{"stories_id":1694243414,"tag":"Oklahoma State Department of Health","tag_set":"cliff_organizations","tag_sets_id":2388,"tags_id":9506130},{"stories_id":1694243414,"tag":"Lansing","tag_set":"cliff_people","tag_sets_id":2389,"tags_id":9515148},{"stories_id":1694243414,"tag":"IU","tag_set":"cliff_organizations","tag_sets_id":2388,"tags_id":9526163},{"stories_id":1694243414,"tag":"Malheur National Wildlife Refuge","tag_set":"cliff_organizations","tag_sets_id":2388,"tags_id":9532331},{"stories_id":1694243414,"tag":"University of South Dakota","tag_set":"cliff_organizations","tag_sets_id":2388,"tags_id":9534556},{"stories_id":1694243414,"tag":"WUSA-TV","tag_set":"cliff_organizations","tag_sets_id":2388,"tags_id":9549065},{"stories_id":1694243414,"tag":"Legislative Finance Committee","tag_set":"cliff_organizations","tag_sets_id":2388,"tags_id":9552219},{"stories_id":1694243414,"tag":"Brad Little","tag_set":"cliff_people","tag_sets_id":2389,"tags_id":9553512},{"stories_id":1694243414,"tag":"Tennessee Supreme Court","tag_set":"cliff_organizations","tag_sets_id":2388,"tags_id":9557401},{"stories_id":1694243414,"tag":"USA TODAY Network","tag_set":"cliff_organizations","tag_sets_id":2388,"tags_id":9573528},{"stories_id":1694243414,"tag":"Department of Health Services","tag_set":"cliff_organizations","tag_sets_id":2388,"tags_id":9573714},{"stories_id":1694243414,"tag":"Des Moines","tag_set":"cliff_people","tag_sets_id":2389,"tags_id":9580904},{"stories_id":1694243414,"tag":"Cara Christ","tag_set":"cliff_people","tag_sets_id":2389,"tags_id":9584212},{"stories_id":1694243414,"tag":"Andy Beshear","tag_set":"cliff_people","tag_sets_id":2389,"tags_id":9585382},{"stories_id":1694243414,"tag":"Boston Public Library","tag_set":"cliff_organizations","tag_sets_id":2388,"tags_id":9594847},{"stories_id":1694243414,"tag":"KING-TV","tag_set":"cliff_organizations","tag_sets_id":2388,"tags_id":9597687},{"stories_id":1694243414,"tag":"Salisbury","tag_set":"cliff_people","tag_sets_id":2389,"tags_id":9598989},{"stories_id":1694243414,"tag":"Patrick Foye","tag_set":"cliff_people","tag_sets_id":2389,"tags_id":9634509},{"stories_id":1694243414,"tag":"Oregon Liquor Control Commission","tag_set":"cliff_organizations","tag_sets_id":2388,"tags_id":9641650},{"stories_id":1694243414,"tag":"Tate Reeves","tag_set":"cliff_people","tag_sets_id":2389,"tags_id":9645653},{"stories_id":1694243414,"tag":"University of Maryland Eastern","tag_set":"cliff_organizations","tag_sets_id":2388,"tags_id":9655980},{"stories_id":1694243414,"tag":"Concord","tag_set":"cliff_organizations","tag_sets_id":2388,"tags_id":9690576},{"stories_id":1694243414,"tag":"Joint Revenue Committee","tag_set":"cliff_organizations","tag_sets_id":2388,"tags_id":9696719},{"stories_id":1694243414,"tag":"Cale","tag_set":"cliff_people","tag_sets_id":2389,"tags_id":9696733},{"stories_id":1694243414,"tag":"Selwyn Vickers","tag_set":"cliff_people","tag_sets_id":2389,"tags_id":9718755},{"stories_id":1694243414,"tag":"Lux","tag_set":"cliff_organizations","tag_sets_id":2388,"tags_id":9719466},{"stories_id":1694243414,"tag":"Fort Collins","tag_set":"cliff_organizations","tag_sets_id":2388,"tags_id":9781882},{"stories_id":1694243414,"tag":"Christian Basi","tag_set":"cliff_people","tag_sets_id":2389,"tags_id":9847211},{"stories_id":1694243414,"tag":"LaPaz","tag_set":"cliff_people","tag_sets_id":2389,"tags_id":9941975},{"stories_id":1694243414,"tag":"Lincoln Public Schools","tag_set":"cliff_organizations","tag_sets_id":2388,"tags_id":10126168},{"stories_id":1694243414,"tag":"Louis DeJoy","tag_set":"cliff_people","tag_sets_id":2389,"tags_id":10129553},{"stories_id":1694243414,"tag":"University of Tampa","tag_set":"cliff_organizations","tag_sets_id":2388,"tags_id":10142234},{"stories_id":1694243414,"tag":"D.C. Public Schools","tag_set":"cliff_organizations","tag_sets_id":2388,"tags_id":10203278},{"stories_id":1694243414,"tag":"Aaron E. Carroll","tag_set":"cliff_people","tag_sets_id":2389,"tags_id":10312327},{"stories_id":1694243414,"tag":"Nim Kidd","tag_set":"cliff_people","tag_sets_id":2389,"tags_id":10332246},{"stories_id":1694243414,"tag":"Greenlee","tag_set":"cliff_people","tag_sets_id":2389,"tags_id":10353655},{"stories_id":1694243414,"tag":"Lewis Ferebee","tag_set":"cliff_people","tag_sets_id":2389,"tags_id":10363354},{"stories_id":1694243414,"tag":"Jim Clements","tag_set":"cliff_people","tag_sets_id":2389,"tags_id":10386099},{"stories_id":1694243414,"tag":"State Department of Corrections","tag_set":"cliff_organizations","tag_sets_id":2388,"tags_id":10412541},{"stories_id":1694243414,"tag":"Mark Cole","tag_set":"cliff_people","tag_sets_id":2389,"tags_id":10545158},{"stories_id":1694243414,"tag":"Scott Brady","tag_set":"cliff_people","tag_sets_id":2389,"tags_id":10712846},{"stories_id":1694243414,"tag":"Jacqueline Coleman","tag_set":"cliff_people","tag_sets_id":2389,"tags_id":10792385},{"stories_id":1694243414,"tag":"Frank LaRose","tag_set":"cliff_people","tag_sets_id":2389,"tags_id":10861950},{"stories_id":1694243414,"tag":"David LaRock","tag_set":"cliff_people","tag_sets_id":2389,"tags_id":10872774},{"stories_id":1694243414,"tag":"Scott Dunn","tag_set":"cliff_people","tag_sets_id":2389,"tags_id":10958265},{"stories_id":1694243414,"tag":"Ellen Hobbs Lyle","tag_set":"cliff_people","tag_sets_id":2389,"tags_id":11172878},{"stories_id":1694243414,"tag":"Norman Oliver","tag_set":"cliff_people","tag_sets_id":2389,"tags_id":11186442},{"stories_id":1694243414,"tag":"Coos Bay","tag_set":"cliff_people","tag_sets_id":2389,"tags_id":11297381},{"stories_id":1694243414,"tag":"South Dakota Board of Regents","tag_set":"cliff_organizations","tag_sets_id":2388,"tags_id":11637290},{"stories_id":1694243414,"tag":"Enterprise High School","tag_set":"cliff_organizations","tag_sets_id":2388,"tags_id":17567010},{"stories_id":1694243414,"tag":"IU School of Medicine","tag_set":"cliff_organizations","tag_sets_id":2388,"tags_id":20872839},{"stories_id":1694243414,"tag":"state Department of Employment","tag_set":"cliff_organizations","tag_sets_id":2388,"tags_id":21099243},{"stories_id":1694243414,"tag":"Steven Dunham","tag_set":"cliff_people","tag_sets_id":2389,"tags_id":21103496},{"stories_id":1694243414,"tag":"Lori Shibinette","tag_set":"cliff_people","tag_sets_id":2389,"tags_id":28745851},{"stories_id":1694243414,"tag":"Manuel Neves","tag_set":"cliff_people","tag_sets_id":2389,"tags_id":28932965},{"stories_id":1694243414,"tag":"DETR","tag_set":"cliff_people","tag_sets_id":2389,"tags_id":29631197},{"stories_id":1694243414,"tag":"Thomas Dobbs","tag_set":"cliff_people","tag_sets_id":2389,"tags_id":30225161},{"stories_id":1694243414,"tag":"Maine Maple Producers Association","tag_set":"cliff_organizations","tag_sets_id":2388,"tags_id":33670174},{"stories_id":1694243414,"tag":"Secondary School Activities Commission","tag_set":"cliff_organizations","tag_sets_id":2388,"tags_id":36851922},{"stories_id":1694243414,"tag":"Sandra Smyser","tag_set":"cliff_people","tag_sets_id":2389,"tags_id":38920956},{"stories_id":1694243414,"tag":"Kansas High School Activities Association","tag_set":"cliff_organizations","tag_sets_id":2388,"tags_id":39080329},{"stories_id":1694243414,"tag":"Coos Bay Speedway","tag_set":"cliff_organizations","tag_sets_id":2388,"tags_id":42271101},{"stories_id":1694243414,"tag":"Jesse Slaughter","tag_set":"cliff_people","tag_sets_id":2389,"tags_id":47263265},{"stories_id":1694243414,"tag":"Hampstead High School","tag_set":"cliff_organizations","tag_sets_id":2388,"tags_id":50312957},{"stories_id":1694243414,"tag":"Poudre School District Board of Education","tag_set":"cliff_organizations","tag_sets_id":2388,"tags_id":52852454},{"stories_id":1694243414,"tag":"Ngozi Ezike","tag_set":"cliff_people","tag_sets_id":2389,"tags_id":57244021},{"stories_id":1694243414,"tag":"Robert Zarnetske","tag_set":"cliff_people","tag_sets_id":2389,"tags_id":69147300},{"stories_id":1694243414,"tag":"Jennifer Brestel","tag_set":"cliff_people","tag_sets_id":2389,"tags_id":69821705},{"stories_id":1694243414,"tag":"Alissa Carr","tag_set":"cliff_people","tag_sets_id":2389,"tags_id":76439364},{"stories_id":1694243414,"tag":"readability-lxml-0.7","tag_set":"extractor_version","tag_sets_id":1354,"tags_id":81092444},{"stories_id":1694243414,"tag":"Joel Poor","tag_set":"cliff_people","tag_sets_id":2389,"tags_id":104595226},{"stories_id":1694243414,"tag":"Tamra Hansen","tag_set":"cliff_people","tag_sets_id":2389,"tags_id":104914340},{"stories_id":1694243414,"tag":"Moore middle schools","tag_set":"cliff_organizations","tag_sets_id":2388,"tags_id":107066680},{"stories_id":1694243414,"tag":"Washington County School District Communications","tag_set":"cliff_organizations","tag_sets_id":2388,"tags_id":181519889},{"stories_id":1694243414,"tag":"Carolynn Bright","tag_set":"cliff_people","tag_sets_id":2389,"tags_id":186606899},{"stories_id":1694243414,"tag":"cliff_clavin_v2.6.0","tag_set":"geocoder_version","tag_sets_id":1937,"tags_id":189462640},{"stories_id":1694243414,"tag":"Coos Bay Speedway Enterprises","tag_set":"cliff_organizations","tag_sets_id":2388,"tags_id":213542050},{"stories_id":1694243414,"tag":"Board of Education, Education Department and Public Health Department","tag_set":"cliff_organizations","tag_sets_id":2388,"tags_id":213597627},{"stories_id":1694243414,"tag":"Maple association","tag_set":"cliff_organizations","tag_sets_id":2388,"tags_id":213762189},{"stories_id":1694243414,"tag":"warning University of Rhode Island","tag_set":"cliff_organizations","tag_sets_id":2388,"tags_id":213763886},{"stories_id":1694243414,"tag":"State health data indicates Pacific Islanders","tag_set":"cliff_organizations","tag_sets_id":2388,"tags_id":213839736},{"stories_id":1694243414,"tag":"meet other Department of Education","tag_set":"cliff_organizations","tag_sets_id":2388,"tags_id":213839737}],"title":"Busting Bundy, blaming students, supporting masks: News from around our 50 states","url":"https://feeds.feedblitz.com/~/634592814/0/usatoday-newstopstories~Busting-Bundy-blaming-students-supporting-masks-News-from-around-our-states/","word_count":null}]