[{"ap_syndicated":null,"collect_date":"2020-10-07 23:43:21.465803","feeds":null,"guid":"https://www.nytimes.com/2020/10/07/us/politics/vice-presidential-debate.html","language":"en","media_id":1,"media_name":null,"media_url":null,"processed_stories_id":null,"publish_date":"2020-10-07 23:38:16","stories_id":1732569551,"story_tags":[{"stories_id":1732569551,"tag":"geonames_6252001","tag_set":"mc-geocoder@media.mit.edu","tag_sets_id":1011,"tags_id":8878461},{"stories_id":1732569551,"tag":"geonames_6254928","tag_set":"mc-geocoder@media.mit.edu","tag_sets_id":1011,"tags_id":8878547},{"stories_id":1732569551,"tag":"geonames_4667282","tag_set":"mc-geocoder@media.mit.edu","tag_sets_id":1011,"tags_id":8879476},{"stories_id":1732569551,"tag":"geonames_5780993","tag_set":"mc-geocoder@media.mit.edu","tag_sets_id":1011,"tags_id":8879533},{"stories_id":1732569551,"tag":"geonames_4752031","tag_set":"mc-geocoder@media.mit.edu","tag_sets_id":1011,"tags_id":8880242},{"stories_id":1732569551,"tag":"nyt_labeller_v1.0.0","tag_set":"nyt_labels_version","tag_sets_id":1964,"tags_id":9360669},{"stories_id":1732569551,"tag":"politics and government","tag_set":"nyt_labels","tag_sets_id":1963,"tags_id":9360836},{"stories_id":1732569551,"tag":"finances","tag_set":"nyt_labels","tag_sets_id":1963,"tags_id":9360840},{"stories_id":1732569551,"tag":"united states politics and government","tag_set":"nyt_labels","tag_sets_id":1963,"tags_id":9360846},{"stories_id":1732569551,"tag":"medicine and health","tag_set":"nyt_labels","tag_sets_id":1963,"tags_id":9360852},{"stories_id":1732569551,"tag":"Donald Trump","tag_set":"cliff_people","tag_sets_id":2389,"tags_id":9362284},{"stories_id":1732569551,"tag":"Supreme Court","tag_set":"cliff_organizations","tag_sets_id":2388,"tags_id":9362719},{"stories_id":1732569551,"tag":"Obama","tag_set":"cliff_people","tag_sets_id":2389,"tags_id":9362721},{"stories_id":1732569551,"tag":"White House","tag_set":"cliff_organizations","tag_sets_id":2388,"tags_id":9362736},{"stories_id":1732569551,"tag":"Mike Pence","tag_set":"cliff_people","tag_sets_id":2389,"tags_id":9362945},{"stories_id":1732569551,"tag":"Vladimir V. Putin","tag_set":"cliff_people","tag_sets_id":2389,"tags_id":9363285},{"stories_id":1732569551,"tag":"Kamala Harris","tag_set":"cliff_people","tag_sets_id":2389,"tags_id":9363331},{"stories_id":1732569551,"tag":"USA Today","tag_set":"cliff_organizations","tag_sets_id":2388,"tags_id":9373383},{"stories_id":1732569551,"tag":"Joseph R. Biden Jr.","tag_set":"cliff_people","tag_sets_id":2389,"tags_id":9456578},{"stories_id":1732569551,"tag":"Susan Page","tag_set":"cliff_people","tag_sets_id":2389,"tags_id":9694013},{"stories_id":1732569551,"tag":"Anthony S. Fauci","tag_set":"cliff_people","tag_sets_id":2389,"tags_id":10007509},{"stories_id":1732569551,"tag":"readability-lxml-0.7","tag_set":"extractor_version","tag_sets_id":1354,"tags_id":81092444},{"stories_id":1732569551,"tag":"cliff_clavin_v2.6.0","tag_set":"geocoder_version","tag_sets_id":1937,"tags_id":189462640}],"title":"Coronavirus Takes Debate Center Stage as Pence, Harris Skirmish","url":"https://www.nytimes.com/2020/10/07/us/politics/vice-presidential-debate.html","word_count":null}]