[{"ap_syndicated":null,"collect_date":"2020-10-13 06:01:12.701677","feeds":null,"guid":"SB11919148198257124240004587032601055328004","language":"en","media_id":1150,"media_name":null,"media_url":null,"processed_stories_id":null,"publish_date":"2020-10-13 05:30:00","stories_id":1737204114,"story_tags":[{"stories_id":1737204114,"tag":"geonames_6252001","tag_set":"mc-geocoder@media.mit.edu","tag_sets_id":1011,"tags_id":8878461},{"stories_id":1737204114,"tag":"geonames_5815135","tag_set":"mc-geocoder@media.mit.edu","tag_sets_id":1011,"tags_id":8878481},{"stories_id":1737204114,"tag":"geonames_2510769","tag_set":"mc-geocoder@media.mit.edu","tag_sets_id":1011,"tags_id":8878587},{"stories_id":1737204114,"tag":"geonames_2593110","tag_set":"mc-geocoder@media.mit.edu","tag_sets_id":1011,"tags_id":8878817},{"stories_id":1737204114,"tag":"geonames_6355183","tag_set":"mc-geocoder@media.mit.edu","tag_sets_id":1011,"tags_id":8878852},{"stories_id":1737204114,"tag":"nyt_labeller_v1.0.0","tag_set":"nyt_labels_version","tag_sets_id":1964,"tags_id":9360669},{"stories_id":1737204114,"tag":"politics and government","tag_set":"nyt_labels","tag_sets_id":1963,"tags_id":9360836},{"stories_id":1737204114,"tag":"finances","tag_set":"nyt_labels","tag_sets_id":1963,"tags_id":9360840},{"stories_id":1737204114,"tag":"budgets and budgeting","tag_set":"nyt_labels","tag_sets_id":1963,"tags_id":9360850},{"stories_id":1737204114,"tag":"taxation","tag_set":"nyt_labels","tag_sets_id":1963,"tags_id":9360882},{"stories_id":1737204114,"tag":"economic conditions and trends","tag_set":"nyt_labels","tag_sets_id":1963,"tags_id":9360989},{"stories_id":1737204114,"tag":"united states economy","tag_set":"nyt_labels","tag_sets_id":1963,"tags_id":9360990},{"stories_id":1737204114,"tag":"stocks and bonds","tag_set":"nyt_labels","tag_sets_id":1963,"tags_id":9361012},{"stories_id":1737204114,"tag":"credit","tag_set":"nyt_labels","tag_sets_id":1963,"tags_id":9361030},{"stories_id":1737204114,"tag":"government bonds","tag_set":"nyt_labels","tag_sets_id":1963,"tags_id":9361166},{"stories_id":1737204114,"tag":"Treasury Department","tag_set":"cliff_organizations","tag_sets_id":2388,"tags_id":9362735},{"stories_id":1737204114,"tag":"White House","tag_set":"cliff_organizations","tag_sets_id":2388,"tags_id":9362736},{"stories_id":1737204114,"tag":"Senate","tag_set":"cliff_organizations","tag_sets_id":2388,"tags_id":9362741},{"stories_id":1737204114,"tag":"Trump","tag_set":"cliff_people","tag_sets_id":2389,"tags_id":9362872},{"stories_id":1737204114,"tag":"Congress","tag_set":"cliff_organizations","tag_sets_id":2388,"tags_id":9362962},{"stories_id":1737204114,"tag":"Treasury","tag_set":"cliff_organizations","tag_sets_id":2388,"tags_id":9363650},{"stories_id":1737204114,"tag":"Biden","tag_set":"cliff_people","tag_sets_id":2389,"tags_id":9365736},{"stories_id":1737204114,"tag":"central bank","tag_set":"cliff_organizations","tag_sets_id":2388,"tags_id":9366781},{"stories_id":1737204114,"tag":"Fed","tag_set":"cliff_organizations","tag_sets_id":2388,"tags_id":9367877},{"stories_id":1737204114,"tag":"U.S. Treasury","tag_set":"cliff_organizations","tag_sets_id":2388,"tags_id":9386013},{"stories_id":1737204114,"tag":"Neuberger Berman","tag_set":"cliff_people","tag_sets_id":2389,"tags_id":9448982},{"stories_id":1737204114,"tag":"Thomas Simons","tag_set":"cliff_people","tag_sets_id":2389,"tags_id":9565586},{"stories_id":1737204114,"tag":"NatWest Markets","tag_set":"cliff_organizations","tag_sets_id":2388,"tags_id":9581296},{"stories_id":1737204114,"tag":"Jefferies LLC","tag_set":"cliff_organizations","tag_sets_id":2388,"tags_id":9646116},{"stories_id":1737204114,"tag":"Sam Goldfarb","tag_set":"cliff_people","tag_sets_id":2389,"tags_id":9674754},{"stories_id":1737204114,"tag":"Treasurys","tag_set":"cliff_organizations","tag_sets_id":2388,"tags_id":9697814},{"stories_id":1737204114,"tag":"John Briggs","tag_set":"cliff_people","tag_sets_id":2389,"tags_id":9712011},{"stories_id":1737204114,"tag":"Thanos Bardas","tag_set":"cliff_people","tag_sets_id":2389,"tags_id":30920095},{"stories_id":1737204114,"tag":"readability-lxml-0.7","tag_set":"extractor_version","tag_sets_id":1354,"tags_id":81092444},{"stories_id":1737204114,"tag":"cliff_clavin_v2.6.0","tag_set":"geocoder_version","tag_sets_id":1937,"tags_id":189462640}],"title":"Investors Prepare for Higher Treasury Yields as Election Looms","url":"https://www.wsj.com/articles/investors-prepare-for-higher-treasury-yields-as-election-looms-11602581400","word_count":null}]