[{"ap_syndicated":null,"collect_date":"2020-10-27 15:09:10.594167","feeds":null,"guid":"https://www.washingtonpost.com/opinions/what-trump-and-bidens-travel-schedules-tell-us-about-the-state-of-the-race/2020/10/27/0b056c80-183f-11eb-aeec-b93bcc29a01b_story.html?utm_source=rss&utm_medium=referral&utm_campaign=wp_opinions","language":"en","media_id":2,"media_name":null,"media_url":null,"processed_stories_id":null,"publish_date":"2020-10-27 02:35:49","stories_id":1751607309,"story_tags":[{"stories_id":1751607309,"tag":"guess_by_tag_meta","tag_set":"date_guess_method","tag_sets_id":508,"tags_id":50741386}],"title":"What Trump and Biden’s travel schedules tell us about the state of the race","url":"https://www.washingtonpost.com/opinions/what-trump-and-bidens-travel-schedules-tell-us-about-the-state-of-the-race/2020/10/27/0b056c80-183f-11eb-aeec-b93bcc29a01b_story.html?utm_source=rss&utm_medium=referral&utm_campaign=wp_opinions","word_count":null}]