[{"ap_syndicated":null,"collect_date":"2020-10-27 17:06:06.568873","feeds":null,"guid":"https://www.nytimes.com/2020/10/27/climate/robert-murray-coal-baron-with-clout-dies-at-80.html","language":"en","media_id":1,"media_name":null,"media_url":null,"processed_stories_id":null,"publish_date":"2020-10-27 17:00:07","stories_id":1751710629,"story_tags":[{"stories_id":1751710629,"tag":"guess_by_tag_time","tag_set":"date_guess_method","tag_sets_id":508,"tags_id":50741428}],"title":"Robert Murray, Coal Baron With Clout, Dies at 80","url":"https://www.nytimes.com/2020/10/27/climate/robert-murray-coal-baron-with-clout-dies-at-80.html","word_count":null}]