[{"ap_syndicated":null,"collect_date":"2020-10-30 07:48:31.023441","feeds":null,"guid":"{21004575-02D4-D4B5-4572-DC540ABFA29E}","language":"en","media_id":1150,"media_name":null,"media_url":null,"processed_stories_id":null,"publish_date":"2020-10-30 06:27:00","stories_id":1754621446,"story_tags":[{"stories_id":1754621446,"tag":"geonames_6252001","tag_set":"mc-geocoder@media.mit.edu","tag_sets_id":1011,"tags_id":8878461},{"stories_id":1754621446,"tag":"geonames_2112922","tag_set":"mc-geocoder@media.mit.edu","tag_sets_id":1011,"tags_id":8883137},{"stories_id":1754621446,"tag":"nyt_labeller_v1.0.0","tag_set":"nyt_labels_version","tag_sets_id":1964,"tags_id":9360669},{"stories_id":1754621446,"tag":"environment","tag_set":"nyt_labels","tag_sets_id":1963,"tags_id":9360887},{"stories_id":1754621446,"tag":"energy and power","tag_set":"nyt_labels","tag_sets_id":1963,"tags_id":9360997},{"stories_id":1754621446,"tag":"air pollution","tag_set":"nyt_labels","tag_sets_id":1963,"tags_id":9361007},{"stories_id":1754621446,"tag":"electric light and power","tag_set":"nyt_labels","tag_sets_id":1963,"tags_id":9361013},{"stories_id":1754621446,"tag":"light","tag_set":"nyt_labels","tag_sets_id":1963,"tags_id":9361014},{"stories_id":1754621446,"tag":"atomic energy","tag_set":"nyt_labels","tag_sets_id":1963,"tags_id":9361077},{"stories_id":1754621446,"tag":"research","tag_set":"nyt_labels","tag_sets_id":1963,"tags_id":9361083},{"stories_id":1754621446,"tag":"Atlantic Council","tag_set":"cliff_organizations","tag_sets_id":2388,"tags_id":9368532},{"stories_id":1754621446,"tag":"Bill Gates","tag_set":"cliff_people","tag_sets_id":2389,"tags_id":9390654},{"stories_id":1754621446,"tag":"Tepco","tag_set":"cliff_organizations","tag_sets_id":2388,"tags_id":9437276},{"stories_id":1754621446,"tag":"Kajima","tag_set":"cliff_organizations","tag_sets_id":2388,"tags_id":10357346},{"stories_id":1754621446,"tag":"readability-lxml-0.7","tag_set":"extractor_version","tag_sets_id":1354,"tags_id":81092444},{"stories_id":1754621446,"tag":"University of Sussex Business School","tag_set":"cliff_organizations","tag_sets_id":2388,"tags_id":85131088},{"stories_id":1754621446,"tag":"cliff_clavin_v2.6.0","tag_set":"geocoder_version","tag_sets_id":1937,"tags_id":189462640},{"stories_id":1754621446,"tag":"— Benjamin K. Sovacool","tag_set":"cliff_people","tag_sets_id":2389,"tags_id":219213098}],"title":"Your Digital Self: Nuclear power, lauded as a solution for a cleaner world, hits a snag","url":"http://www.marketwatch.com/news/story.asp?guid=%7B21004575-02D4-D4B5-4572-DC540ABFA29E%7D&siteid=rss&rss=1","word_count":null}]