[{"ap_syndicated":null,"collect_date":"2020-12-22 09:51:15.833908","feeds":null,"guid":"https://www.washingtonpost.com/politics/2020/12/22/biden-fossil-energy-oil-gas-companies/?utm_source=rss&utm_medium=referral&utm_campaign=wp_business","language":"en","media_id":2,"media_name":null,"media_url":null,"processed_stories_id":null,"publish_date":"2020-12-22 08:00:23","stories_id":1804489734,"story_tags":[{"stories_id":1804489734,"tag":"guess_by_unknown","tag_set":"date_guess_method","tag_sets_id":508,"tags_id":50741492}],"title":"Biden wants to make the climate fight central to his presidency. What do big oil and gas firms think about that?","url":"https://www.washingtonpost.com/politics/2020/12/22/biden-fossil-energy-oil-gas-companies/?utm_source=rss&utm_medium=referral&utm_campaign=wp_business","word_count":null}]