[{"ap_syndicated":null,"collect_date":"2021-01-21 09:54:39.719267","feeds":null,"guid":"https://www.nytimes.com/live/2021/01/21/business/us-economy-coronavirus/wall-street-drifts-a-day-after-reaching-a-record","language":"en","media_id":1,"media_name":null,"media_url":null,"processed_stories_id":null,"publish_date":"2021-01-21 09:50:24","stories_id":1830103594,"story_tags":[{"stories_id":1830103594,"tag":"geonames_6252001","tag_set":"mc-geocoder@media.mit.edu","tag_sets_id":1011,"tags_id":8878461},{"stories_id":1830103594,"tag":"geonames_4736286","tag_set":"mc-geocoder@media.mit.edu","tag_sets_id":1011,"tags_id":8878538},{"stories_id":1830103594,"tag":"geonames_4717560","tag_set":"mc-geocoder@media.mit.edu","tag_sets_id":1011,"tags_id":8883238},{"stories_id":1830103594,"tag":"nyt_labeller_v1.0.0","tag_set":"nyt_labels_version","tag_sets_id":1964,"tags_id":9360669},{"stories_id":1830103594,"tag":"finances","tag_set":"nyt_labels","tag_sets_id":1963,"tags_id":9360840},{"stories_id":1830103594,"tag":"energy and power","tag_set":"nyt_labels","tag_sets_id":1963,"tags_id":9360997},{"stories_id":1830103594,"tag":"electric light and power","tag_set":"nyt_labels","tag_sets_id":1963,"tags_id":9361013},{"stories_id":1830103594,"tag":"corporations","tag_set":"nyt_labels","tag_sets_id":1963,"tags_id":9361051},{"stories_id":1830103594,"tag":"Biden","tag_set":"cliff_people","tag_sets_id":2389,"tags_id":9365736},{"stories_id":1830103594,"tag":"S&P","tag_set":"cliff_organizations","tag_sets_id":2388,"tags_id":9368263},{"stories_id":1830103594,"tag":"United Airlines","tag_set":"cliff_organizations","tag_sets_id":2388,"tags_id":9389662},{"stories_id":1830103594,"tag":"Vestas","tag_set":"cliff_organizations","tag_sets_id":2388,"tags_id":9463927},{"stories_id":1830103594,"tag":"Siemens Energy","tag_set":"cliff_organizations","tag_sets_id":2388,"tags_id":9475662},{"stories_id":1830103594,"tag":"Continental Airlines","tag_set":"cliff_organizations","tag_sets_id":2388,"tags_id":9499052},{"stories_id":1830103594,"tag":"Siemens Gamesa","tag_set":"cliff_organizations","tag_sets_id":2388,"tags_id":10623207},{"stories_id":1830103594,"tag":"readability-lxml-0.7","tag_set":"extractor_version","tag_sets_id":1354,"tags_id":81092444},{"stories_id":1830103594,"tag":"cliff_clavin_v2.6.0","tag_set":"geocoder_version","tag_sets_id":1937,"tags_id":189462640}],"title":"Wall Street drifts a day after reaching a record.","url":"https://www.nytimes.com/live/2021/01/21/business/us-economy-coronavirus/wall-street-drifts-a-day-after-reaching-a-record","word_count":null}]