[{"ap_syndicated":null,"collect_date":"2021-01-28 10:13:33.925020","feeds":null,"guid":"https://www.washingtonpost.com/politics/2021/01/28/energy-202-republicans-prepare-fight-biden-climate-actions-they-call-divisive-illegal/?utm_source=rss&utm_medium=referral&utm_campaign=wp_homepage","language":"en","media_id":2,"media_name":null,"media_url":null,"processed_stories_id":null,"publish_date":"2021-01-28 10:11:53.686614","stories_id":1836660420,"story_tags":[{"stories_id":1836660420,"tag":"geonames_6252001","tag_set":"mc-geocoder@media.mit.edu","tag_sets_id":1011,"tags_id":8878461},{"stories_id":1836660420,"tag":"geonames_4736286","tag_set":"mc-geocoder@media.mit.edu","tag_sets_id":1011,"tags_id":8878538},{"stories_id":1836660420,"tag":"geonames_4717560","tag_set":"mc-geocoder@media.mit.edu","tag_sets_id":1011,"tags_id":8883238},{"stories_id":1836660420,"tag":"geonames_5549222","tag_set":"mc-geocoder@media.mit.edu","tag_sets_id":1011,"tags_id":8953311},{"stories_id":1836660420,"tag":"geonames_5220236","tag_set":"mc-geocoder@media.mit.edu","tag_sets_id":1011,"tags_id":9038613},{"stories_id":1836660420,"tag":"nyt_labeller_v1.0.0","tag_set":"nyt_labels_version","tag_sets_id":1964,"tags_id":9360669},{"stories_id":1836660420,"tag":"politics and government","tag_set":"nyt_labels","tag_sets_id":1963,"tags_id":9360836},{"stories_id":1836660420,"tag":"united states politics and government","tag_set":"nyt_labels","tag_sets_id":1963,"tags_id":9360846},{"stories_id":1836660420,"tag":"oil (petroleum) and gasoline","tag_set":"nyt_labels","tag_sets_id":1963,"tags_id":9360884},{"stories_id":1836660420,"tag":"global warming","tag_set":"nyt_labels","tag_sets_id":1963,"tags_id":9360886},{"stories_id":1836660420,"tag":"environment","tag_set":"nyt_labels","tag_sets_id":1963,"tags_id":9360887},{"stories_id":1836660420,"tag":"weather","tag_set":"nyt_labels","tag_sets_id":1963,"tags_id":9360902},{"stories_id":1836660420,"tag":"united states economy","tag_set":"nyt_labels","tag_sets_id":1963,"tags_id":9360990},{"stories_id":1836660420,"tag":"energy and power","tag_set":"nyt_labels","tag_sets_id":1963,"tags_id":9360997},{"stories_id":1836660420,"tag":"air pollution","tag_set":"nyt_labels","tag_sets_id":1963,"tags_id":9361007},{"stories_id":1836660420,"tag":"Donald Trump","tag_set":"cliff_people","tag_sets_id":2389,"tags_id":9362284},{"stories_id":1836660420,"tag":"Senate","tag_set":"cliff_organizations","tag_sets_id":2388,"tags_id":9362741},{"stories_id":1836660420,"tag":"Ted Cruz","tag_set":"cliff_people","tag_sets_id":2389,"tags_id":9362748},{"stories_id":1836660420,"tag":"New York Times","tag_set":"cliff_organizations","tag_sets_id":2388,"tags_id":9362756},{"stories_id":1836660420,"tag":"Barack Obama","tag_set":"cliff_people","tag_sets_id":2389,"tags_id":9362763},{"stories_id":1836660420,"tag":"Defense","tag_set":"cliff_organizations","tag_sets_id":2388,"tags_id":9362864},{"stories_id":1836660420,"tag":"GOP","tag_set":"cliff_organizations","tag_sets_id":2388,"tags_id":9362923},{"stories_id":1836660420,"tag":"Congress","tag_set":"cliff_organizations","tag_sets_id":2388,"tags_id":9362962},{"stories_id":1836660420,"tag":"Pentagon","tag_set":"cliff_organizations","tag_sets_id":2388,"tags_id":9362965},{"stories_id":1836660420,"tag":"NBC News","tag_set":"cliff_organizations","tag_sets_id":2388,"tags_id":9362992},{"stories_id":1836660420,"tag":"House","tag_set":"cliff_organizations","tag_sets_id":2388,"tags_id":9363164},{"stories_id":1836660420,"tag":"Treasury","tag_set":"cliff_organizations","tag_sets_id":2388,"tags_id":9363650},{"stories_id":1836660420,"tag":"Franklin D. Roosevelt","tag_set":"cliff_people","tag_sets_id":2389,"tags_id":9363984},{"stories_id":1836660420,"tag":"Fox News","tag_set":"cliff_organizations","tag_sets_id":2388,"tags_id":9364167},{"stories_id":1836660420,"tag":"Biden","tag_set":"cliff_people","tag_sets_id":2389,"tags_id":9365736},{"stories_id":1836660420,"tag":"Mitt Romney","tag_set":"cliff_people","tag_sets_id":2389,"tags_id":9365875},{"stories_id":1836660420,"tag":"John F. Kerry","tag_set":"cliff_people","tag_sets_id":2389,"tags_id":9366716},{"stories_id":1836660420,"tag":"Janet Yellen","tag_set":"cliff_people","tag_sets_id":2389,"tags_id":9367882},{"stories_id":1836660420,"tag":"Lisa Murkowski","tag_set":"cliff_people","tag_sets_id":2389,"tags_id":9368354},{"stories_id":1836660420,"tag":"Keystone","tag_set":"cliff_organizations","tag_sets_id":2388,"tags_id":9368394},{"stories_id":1836660420,"tag":"House Natural Resources Committee","tag_set":"cliff_organizations","tag_sets_id":2388,"tags_id":9371543},{"stories_id":1836660420,"tag":"Steven Mufson","tag_set":"cliff_people","tag_sets_id":2389,"tags_id":9374763},{"stories_id":1836660420,"tag":"Juliet Eilperin","tag_set":"cliff_people","tag_sets_id":2389,"tags_id":9374780},{"stories_id":1836660420,"tag":"Brady Dennis","tag_set":"cliff_people","tag_sets_id":2389,"tags_id":9374896},{"stories_id":1836660420,"tag":"commerce","tag_set":"cliff_organizations","tag_sets_id":2388,"tags_id":9377580},{"stories_id":1836660420,"tag":"John Barrasso","tag_set":"cliff_people","tag_sets_id":2389,"tags_id":9378331},{"stories_id":1836660420,"tag":"Patrick Morrisey","tag_set":"cliff_people","tag_sets_id":2389,"tags_id":9378499},{"stories_id":1836660420,"tag":"Justin Wm. Moyer","tag_set":"cliff_people","tag_sets_id":2389,"tags_id":9384650},{"stories_id":1836660420,"tag":"Bill Cassidy","tag_set":"cliff_people","tag_sets_id":2389,"tags_id":9385215},{"stories_id":1836660420,"tag":"International Energy Agency","tag_set":"cliff_organizations","tag_sets_id":2388,"tags_id":9387130},{"stories_id":1836660420,"tag":"Jennifer Granholm","tag_set":"cliff_people","tag_sets_id":2389,"tags_id":9396975},{"stories_id":1836660420,"tag":"Dan Sullivan","tag_set":"cliff_people","tag_sets_id":2389,"tags_id":9412848},{"stories_id":1836660420,"tag":"Dana Hedgpeth","tag_set":"cliff_people","tag_sets_id":2389,"tags_id":9422941},{"stories_id":1836660420,"tag":"BlackRock","tag_set":"cliff_organizations","tag_sets_id":2388,"tags_id":9433756},{"stories_id":1836660420,"tag":"energy","tag_set":"cliff_organizations","tag_sets_id":2388,"tags_id":9450843},{"stories_id":1836660420,"tag":"Larry Fink","tag_set":"cliff_people","tag_sets_id":2389,"tags_id":9460509},{"stories_id":1836660420,"tag":"National Zoo","tag_set":"cliff_organizations","tag_sets_id":2388,"tags_id":9500334},{"stories_id":1836660420,"tag":"Gina Raimondo","tag_set":"cliff_people","tag_sets_id":2389,"tags_id":9506141},{"stories_id":1836660420,"tag":"Lloyd Austin","tag_set":"cliff_people","tag_sets_id":2389,"tags_id":9553292},{"stories_id":1836660420,"tag":"Bruce Westerman","tag_set":"cliff_people","tag_sets_id":2389,"tags_id":9602059},{"stories_id":1836660420,"tag":"Mei Xiang","tag_set":"cliff_people","tag_sets_id":2389,"tags_id":11059423},{"stories_id":1836660420,"tag":"Marty Dearie","tag_set":"cliff_people","tag_sets_id":2389,"tags_id":11719538},{"stories_id":1836660420,"tag":"PepsiCola","tag_set":"cliff_organizations","tag_sets_id":2388,"tags_id":42482124},{"stories_id":1836660420,"tag":"readability-lxml-0.7","tag_set":"extractor_version","tag_sets_id":1354,"tags_id":81092444},{"stories_id":1836660420,"tag":"Jenny Rowland-Shea","tag_set":"cliff_people","tag_sets_id":2389,"tags_id":93148036},{"stories_id":1836660420,"tag":"cliff_clavin_v2.6.0","tag_set":"geocoder_version","tag_sets_id":1937,"tags_id":189462640},{"stories_id":1836660420,"tag":"panda baby Xiao Qi Ji","tag_set":"cliff_people","tag_sets_id":2389,"tags_id":227478805}],"title":"Republicans prepare to fight Biden’s climate actions they call ‘divisive and illegal’","url":"https://www.washingtonpost.com/politics/2021/01/28/energy-202-republicans-prepare-fight-biden-climate-actions-they-call-divisive-illegal/?utm_source=rss&utm_medium=referral&utm_campaign=wp_homepage","word_count":null}]