[{"ap_syndicated":null,"collect_date":"2021-02-11 06:53:08.937084","feeds":null,"guid":"https://www.nytimes.com/live/2021/02/11/business/stock-market-today/a-new-three-month-sign-up-period-for-obamacare-begins-feb-15","language":"en","media_id":1,"media_name":null,"media_url":null,"processed_stories_id":null,"publish_date":"2021-02-11 06:26:28","stories_id":1848998333,"story_tags":[{"stories_id":1848998333,"tag":"geonames_6252001","tag_set":"mc-geocoder@media.mit.edu","tag_sets_id":1011,"tags_id":8878461},{"stories_id":1848998333,"tag":"geonames_5332921","tag_set":"mc-geocoder@media.mit.edu","tag_sets_id":1011,"tags_id":8878533},{"stories_id":1848998333,"tag":"geonames_5368361","tag_set":"mc-geocoder@media.mit.edu","tag_sets_id":1011,"tags_id":8878543},{"stories_id":1848998333,"tag":"geonames_5367815","tag_set":"mc-geocoder@media.mit.edu","tag_sets_id":1011,"tags_id":8984968},{"stories_id":1848998333,"tag":"nyt_labeller_v1.0.0","tag_set":"nyt_labels_version","tag_sets_id":1964,"tags_id":9360669},{"stories_id":1848998333,"tag":"finances","tag_set":"nyt_labels","tag_sets_id":1963,"tags_id":9360840},{"stories_id":1848998333,"tag":"medicine and health","tag_set":"nyt_labels","tag_sets_id":1963,"tags_id":9360852},{"stories_id":1848998333,"tag":"labor","tag_set":"nyt_labels","tag_sets_id":1963,"tags_id":9360859},{"stories_id":1848998333,"tag":"diseases and conditions","tag_set":"nyt_labels","tag_sets_id":1963,"tags_id":9360942},{"stories_id":1848998333,"tag":"unemployment","tag_set":"nyt_labels","tag_sets_id":1963,"tags_id":9360967},{"stories_id":1848998333,"tag":"economic conditions and trends","tag_set":"nyt_labels","tag_sets_id":1963,"tags_id":9360989},{"stories_id":1848998333,"tag":"New York Times","tag_set":"cliff_organizations","tag_sets_id":2388,"tags_id":9362756},{"stories_id":1848998333,"tag":"Shell","tag_set":"cliff_organizations","tag_sets_id":2388,"tags_id":9363630},{"stories_id":1848998333,"tag":"Biden","tag_set":"cliff_people","tag_sets_id":2389,"tags_id":9365736},{"stories_id":1848998333,"tag":"Justin","tag_set":"cliff_people","tag_sets_id":2389,"tags_id":9366361},{"stories_id":1848998333,"tag":"BP","tag_set":"cliff_organizations","tag_sets_id":2388,"tags_id":9367462},{"stories_id":1848998333,"tag":"Labor Department","tag_set":"cliff_organizations","tag_sets_id":2388,"tags_id":9384561},{"stories_id":1848998333,"tag":"Royal Dutch Shell","tag_set":"cliff_organizations","tag_sets_id":2388,"tags_id":9388915},{"stories_id":1848998333,"tag":"Ben van Beurden","tag_set":"cliff_people","tag_sets_id":2389,"tags_id":9410490},{"stories_id":1848998333,"tag":"Families USA","tag_set":"cliff_organizations","tag_sets_id":2388,"tags_id":9478070},{"stories_id":1848998333,"tag":"A.C.A.","tag_set":"cliff_organizations","tag_sets_id":2388,"tags_id":9482023},{"stories_id":1848998333,"tag":"Ella Koeze","tag_set":"cliff_people","tag_sets_id":2389,"tags_id":9486002},{"stories_id":1848998333,"tag":"ZipRecruiter","tag_set":"cliff_people","tag_sets_id":2389,"tags_id":11778746},{"stories_id":1848998333,"tag":"Ann Carrns","tag_set":"cliff_people","tag_sets_id":2389,"tags_id":23326213},{"stories_id":1848998333,"tag":"Stuart Joyner","tag_set":"cliff_people","tag_sets_id":2389,"tags_id":27940450},{"stories_id":1848998333,"tag":"Cheryl Fish-Parcham","tag_set":"cliff_people","tag_sets_id":2389,"tags_id":28352913},{"stories_id":1848998333,"tag":"Julia Pollak","tag_set":"cliff_people","tag_sets_id":2389,"tags_id":32467971},{"stories_id":1848998333,"tag":"Redburn","tag_set":"cliff_organizations","tag_sets_id":2388,"tags_id":34371514},{"stories_id":1848998333,"tag":"Grand Central Market","tag_set":"cliff_organizations","tag_sets_id":2388,"tags_id":37994848},{"stories_id":1848998333,"tag":"readability-lxml-0.7","tag_set":"extractor_version","tag_sets_id":1354,"tags_id":81092444},{"stories_id":1848998333,"tag":"cliff_clavin_v2.6.0","tag_set":"geocoder_version","tag_sets_id":1937,"tags_id":189462640}],"title":"A new three-month sign-up period for Obamacare begins Feb. 15.","url":"https://www.nytimes.com/live/2021/02/11/business/stock-market-today/a-new-three-month-sign-up-period-for-obamacare-begins-feb-15","word_count":null}]