[{"ap_syndicated":null,"collect_date":"2021-02-16 03:50:34.697066","feeds":null,"guid":"{21005575-02D4-D4B5-4572-D28AE197AC1F}","language":"en","media_id":1150,"media_name":null,"media_url":null,"processed_stories_id":null,"publish_date":"2021-02-16 02:00:00","stories_id":1853532135,"story_tags":[{"stories_id":1853532135,"tag":"geonames_6251999","tag_set":"mc-geocoder@media.mit.edu","tag_sets_id":1011,"tags_id":8878548},{"stories_id":1853532135,"tag":"geonames_1880251","tag_set":"mc-geocoder@media.mit.edu","tag_sets_id":1011,"tags_id":8878605},{"stories_id":1853532135,"tag":"geonames_5883102","tag_set":"mc-geocoder@media.mit.edu","tag_sets_id":1011,"tags_id":8879102},{"stories_id":1853532135,"tag":"geonames_5913490","tag_set":"mc-geocoder@media.mit.edu","tag_sets_id":1011,"tags_id":8879122},{"stories_id":1853532135,"tag":"nyt_labeller_v1.0.0","tag_set":"nyt_labels_version","tag_sets_id":1964,"tags_id":9360669},{"stories_id":1853532135,"tag":"finances","tag_set":"nyt_labels","tag_sets_id":1963,"tags_id":9360840},{"stories_id":1853532135,"tag":"oil (petroleum) and gasoline","tag_set":"nyt_labels","tag_sets_id":1963,"tags_id":9360884},{"stories_id":1853532135,"tag":"energy and power","tag_set":"nyt_labels","tag_sets_id":1963,"tags_id":9360997},{"stories_id":1853532135,"tag":"electric light and power","tag_set":"nyt_labels","tag_sets_id":1963,"tags_id":9361013},{"stories_id":1853532135,"tag":"light","tag_set":"nyt_labels","tag_sets_id":1963,"tags_id":9361014},{"stories_id":1853532135,"tag":"Chevron","tag_set":"cliff_organizations","tag_sets_id":2388,"tags_id":9362928},{"stories_id":1853532135,"tag":"Boris Johnson","tag_set":"cliff_people","tag_sets_id":2389,"tags_id":9363715},{"stories_id":1853532135,"tag":"BP","tag_set":"cliff_organizations","tag_sets_id":2388,"tags_id":9367462},{"stories_id":1853532135,"tag":"Tesla","tag_set":"cliff_people","tag_sets_id":2389,"tags_id":9369660},{"stories_id":1853532135,"tag":"MarketWatch","tag_set":"cliff_people","tag_sets_id":2389,"tags_id":9390157},{"stories_id":1853532135,"tag":"John Redfern","tag_set":"cliff_people","tag_sets_id":2389,"tags_id":30301252},{"stories_id":1853532135,"tag":"Felipe Arbelaez","tag_set":"cliff_people","tag_sets_id":2389,"tags_id":33206038},{"stories_id":1853532135,"tag":"Eavor","tag_set":"cliff_people","tag_sets_id":2389,"tags_id":182493202},{"stories_id":1853532135,"tag":"readability-lxml-0.8.1","tag_set":"extractor_version","tag_sets_id":1354,"tags_id":228516910},{"stories_id":1853532135,"tag":"cliff_clavin_v2.6.1","tag_set":"geocoder_version","tag_sets_id":1937,"tags_id":228516911}],"title":": This technology could transform renewable energy. BP and Chevron just invested","url":"http://www.marketwatch.com/news/story.asp?guid=%7B21005575-02D4-D4B5-4572-D28AE197AC1F%7D&siteid=rss&rss=1","word_count":null}]