[{"ap_syndicated":null,"collect_date":"2021-02-18 14:46:45.330567","feeds":null,"guid":"https://nypost.com/?post_type=article&p=17353222","language":"en","media_id":7,"media_name":null,"media_url":null,"processed_stories_id":null,"publish_date":"2021-02-18 14:44:45","stories_id":1856321105,"story_tags":[{"stories_id":1856321105,"tag":"geonames_6252001","tag_set":"mc-geocoder@media.mit.edu","tag_sets_id":1011,"tags_id":8878461},{"stories_id":1856321105,"tag":"geonames_5332921","tag_set":"mc-geocoder@media.mit.edu","tag_sets_id":1011,"tags_id":8878533},{"stories_id":1856321105,"tag":"geonames_5391959","tag_set":"mc-geocoder@media.mit.edu","tag_sets_id":1011,"tags_id":8878536},{"stories_id":1856321105,"tag":"geonames_5368361","tag_set":"mc-geocoder@media.mit.edu","tag_sets_id":1011,"tags_id":8878543},{"stories_id":1856321105,"tag":"geonames_5389489","tag_set":"mc-geocoder@media.mit.edu","tag_sets_id":1011,"tags_id":8879532},{"stories_id":1856321105,"tag":"geonames_5392952","tag_set":"mc-geocoder@media.mit.edu","tag_sets_id":1011,"tags_id":8879863},{"stories_id":1856321105,"tag":"geonames_5380668","tag_set":"mc-geocoder@media.mit.edu","tag_sets_id":1011,"tags_id":8879892},{"stories_id":1856321105,"tag":"nyt_labeller_v1.0.0","tag_set":"nyt_labels_version","tag_sets_id":1964,"tags_id":9360669},{"stories_id":1856321105,"tag":"politics and government","tag_set":"nyt_labels","tag_sets_id":1963,"tags_id":9360836},{"stories_id":1856321105,"tag":"law and legislation","tag_set":"nyt_labels","tag_sets_id":1963,"tags_id":9360837},{"stories_id":1856321105,"tag":"oil (petroleum) and gasoline","tag_set":"nyt_labels","tag_sets_id":1963,"tags_id":9360884},{"stories_id":1856321105,"tag":"environment","tag_set":"nyt_labels","tag_sets_id":1963,"tags_id":9360887},{"stories_id":1856321105,"tag":"energy and power","tag_set":"nyt_labels","tag_sets_id":1963,"tags_id":9360997},{"stories_id":1856321105,"tag":"air pollution","tag_set":"nyt_labels","tag_sets_id":1963,"tags_id":9361007},{"stories_id":1856321105,"tag":"electric light and power","tag_set":"nyt_labels","tag_sets_id":1963,"tags_id":9361013},{"stories_id":1856321105,"tag":"light","tag_set":"nyt_labels","tag_sets_id":1963,"tags_id":9361014},{"stories_id":1856321105,"tag":"Harvard University","tag_set":"cliff_organizations","tag_sets_id":2388,"tags_id":9367242},{"stories_id":1856321105,"tag":"Gavin Newsom","tag_set":"cliff_people","tag_sets_id":2389,"tags_id":9372682},{"stories_id":1856321105,"tag":"U.S. Energy Information Administration","tag_set":"cliff_organizations","tag_sets_id":2388,"tags_id":9443978},{"stories_id":1856321105,"tag":"Scott Wiener","tag_set":"cliff_people","tag_sets_id":2389,"tags_id":9504262},{"stories_id":1856321105,"tag":"Western States Petroleum Association","tag_set":"cliff_organizations","tag_sets_id":2388,"tags_id":9683113},{"stories_id":1856321105,"tag":"California Independent Petroleum Association","tag_set":"cliff_organizations","tag_sets_id":2388,"tags_id":9692062},{"stories_id":1856321105,"tag":"Rock Zierman","tag_set":"cliff_people","tag_sets_id":2389,"tags_id":9692068},{"stories_id":1856321105,"tag":"Hollin Kretzmann","tag_set":"cliff_people","tag_sets_id":2389,"tags_id":9692069},{"stories_id":1856321105,"tag":"Catherine Reheis-Boyd","tag_set":"cliff_people","tag_sets_id":2389,"tags_id":11090882},{"stories_id":1856321105,"tag":"Monique Limon","tag_set":"cliff_people","tag_sets_id":2389,"tags_id":20080200},{"stories_id":1856321105,"tag":"Shannon Grove","tag_set":"cliff_people","tag_sets_id":2389,"tags_id":23846781},{"stories_id":1856321105,"tag":"California Council on Science and Technology","tag_set":"cliff_organizations","tag_sets_id":2388,"tags_id":26715249},{"stories_id":1856321105,"tag":"Assemblyman Vince Fong","tag_set":"cliff_people","tag_sets_id":2389,"tags_id":30612564},{"stories_id":1856321105,"tag":"Karina Maher","tag_set":"cliff_people","tag_sets_id":2389,"tags_id":107302546},{"stories_id":1856321105,"tag":"readability-lxml-0.8.1","tag_set":"extractor_version","tag_sets_id":1354,"tags_id":228516910},{"stories_id":1856321105,"tag":"cliff_clavin_v2.6.1","tag_set":"geocoder_version","tag_sets_id":1937,"tags_id":228516911}],"title":"California lawmakers propose ban on fracking by 2027","url":"https://nypost.com/2021/02/18/california-lawmakers-propose-ban-on-fracking-by-2027/","word_count":null}]