[{"ap_syndicated":null,"collect_date":"2021-02-23 12:18:16.491158","feeds":null,"guid":"https://www.washingtonpost.com/politics/2021/02/23/technology-202-how-social-media-helped-fuel-false-claims-about-texas-power-outages/?utm_source=rss&utm_medium=referral&utm_campaign=wp_homepage","language":"en","media_id":2,"media_name":null,"media_url":null,"processed_stories_id":null,"publish_date":"2021-02-23 11:33:31.284669","stories_id":1860758070,"story_tags":[{"stories_id":1860758070,"tag":"geonames_6252001","tag_set":"mc-geocoder@media.mit.edu","tag_sets_id":1011,"tags_id":8878461},{"stories_id":1860758070,"tag":"geonames_4736286","tag_set":"mc-geocoder@media.mit.edu","tag_sets_id":1011,"tags_id":8878538},{"stories_id":1860758070,"tag":"geonames_4460162","tag_set":"mc-geocoder@media.mit.edu","tag_sets_id":1011,"tags_id":8880950},{"stories_id":1860758070,"tag":"nyt_labeller_v1.0.0","tag_set":"nyt_labels_version","tag_sets_id":1964,"tags_id":9360669},{"stories_id":1860758070,"tag":"computers and the internet","tag_set":"nyt_labels","tag_sets_id":1963,"tags_id":9360839},{"stories_id":1860758070,"tag":"energy and power","tag_set":"nyt_labels","tag_sets_id":1963,"tags_id":9360997},{"stories_id":1860758070,"tag":"electric light and power","tag_set":"nyt_labels","tag_sets_id":1963,"tags_id":9361013},{"stories_id":1860758070,"tag":"light","tag_set":"nyt_labels","tag_sets_id":1963,"tags_id":9361014},{"stories_id":1860758070,"tag":"Reuters","tag_set":"cliff_organizations","tag_sets_id":2388,"tags_id":9362267},{"stories_id":1860758070,"tag":"Obama","tag_set":"cliff_people","tag_sets_id":2389,"tags_id":9362721},{"stories_id":1860758070,"tag":"Facebook","tag_set":"cliff_organizations","tag_sets_id":2388,"tags_id":9362725},{"stories_id":1860758070,"tag":"White House","tag_set":"cliff_organizations","tag_sets_id":2388,"tags_id":9362736},{"stories_id":1860758070,"tag":"NEC","tag_set":"cliff_organizations","tag_sets_id":2388,"tags_id":9362738},{"stories_id":1860758070,"tag":"Ted Cruz","tag_set":"cliff_people","tag_sets_id":2389,"tags_id":9362748},{"stories_id":1860758070,"tag":"New York Times","tag_set":"cliff_organizations","tag_sets_id":2388,"tags_id":9362756},{"stories_id":1860758070,"tag":"Washington Post","tag_set":"cliff_organizations","tag_sets_id":2388,"tags_id":9362798},{"stories_id":1860758070,"tag":"Congress","tag_set":"cliff_organizations","tag_sets_id":2388,"tags_id":9362962},{"stories_id":1860758070,"tag":"Joe Biden","tag_set":"cliff_people","tag_sets_id":2389,"tags_id":9363134},{"stories_id":1860758070,"tag":"Google","tag_set":"cliff_organizations","tag_sets_id":2388,"tags_id":9363209},{"stories_id":1860758070,"tag":"Justice Department","tag_set":"cliff_organizations","tag_sets_id":2388,"tags_id":9363280},{"stories_id":1860758070,"tag":"Columbia University","tag_set":"cliff_organizations","tag_sets_id":2388,"tags_id":9363347},{"stories_id":1860758070,"tag":"Twitter","tag_set":"cliff_organizations","tag_sets_id":2388,"tags_id":9363684},{"stories_id":1860758070,"tag":"House Judiciary Committee","tag_set":"cliff_organizations","tag_sets_id":2388,"tags_id":9363808},{"stories_id":1860758070,"tag":"YouTube","tag_set":"cliff_organizations","tag_sets_id":2388,"tags_id":9364054},{"stories_id":1860758070,"tag":"Fox News","tag_set":"cliff_organizations","tag_sets_id":2388,"tags_id":9364167},{"stories_id":1860758070,"tag":"Elizabeth Warren","tag_set":"cliff_people","tag_sets_id":2389,"tags_id":9364527},{"stories_id":1860758070,"tag":"Sean Hannity","tag_set":"cliff_people","tag_sets_id":2389,"tags_id":9364805},{"stories_id":1860758070,"tag":"Senate Armed Services Committee","tag_set":"cliff_organizations","tag_sets_id":2388,"tags_id":9365061},{"stories_id":1860758070,"tag":"Financial Times","tag_set":"cliff_organizations","tag_sets_id":2388,"tags_id":9365104},{"stories_id":1860758070,"tag":"Axios","tag_set":"cliff_people","tag_sets_id":2389,"tags_id":9366309},{"stories_id":1860758070,"tag":"Politico","tag_set":"cliff_organizations","tag_sets_id":2388,"tags_id":9369771},{"stories_id":1860758070,"tag":"Senate Judiciary Committee","tag_set":"cliff_organizations","tag_sets_id":2388,"tags_id":9371288},{"stories_id":1860758070,"tag":"Microsoft","tag_set":"cliff_organizations","tag_sets_id":2388,"tags_id":9374723},{"stories_id":1860758070,"tag":"Greg Abbott","tag_set":"cliff_people","tag_sets_id":2389,"tags_id":9374917},{"stories_id":1860758070,"tag":"tech giants","tag_set":"cliff_organizations","tag_sets_id":2388,"tags_id":9376410},{"stories_id":1860758070,"tag":"Merrick Garland","tag_set":"cliff_people","tag_sets_id":2389,"tags_id":9376567},{"stories_id":1860758070,"tag":"Department of Corrections","tag_set":"cliff_organizations","tag_sets_id":2388,"tags_id":9377683},{"stories_id":1860758070,"tag":"Eric Schmidt","tag_set":"cliff_people","tag_sets_id":2389,"tags_id":9378803},{"stories_id":1860758070,"tag":"University of North Carolina","tag_set":"cliff_organizations","tag_sets_id":2388,"tags_id":9379221},{"stories_id":1860758070,"tag":"FCC","tag_set":"cliff_organizations","tag_sets_id":2388,"tags_id":9379567},{"stories_id":1860758070,"tag":"Damien","tag_set":"cliff_people","tag_sets_id":2389,"tags_id":9380831},{"stories_id":1860758070,"tag":"Brad Smith","tag_set":"cliff_people","tag_sets_id":2389,"tags_id":9387999},{"stories_id":1860758070,"tag":"Tim Wu","tag_set":"cliff_people","tag_sets_id":2389,"tags_id":9396087},{"stories_id":1860758070,"tag":"Gizmodo","tag_set":"cliff_organizations","tag_sets_id":2388,"tags_id":9398083},{"stories_id":1860758070,"tag":"White House National Economic Council","tag_set":"cliff_organizations","tag_sets_id":2388,"tags_id":9421400},{"stories_id":1860758070,"tag":"Todd C. Young","tag_set":"cliff_people","tag_sets_id":2389,"tags_id":9426437},{"stories_id":1860758070,"tag":"FTC","tag_set":"cliff_organizations","tag_sets_id":2388,"tags_id":9447897},{"stories_id":1860758070,"tag":"Campbell Brown","tag_set":"cliff_people","tag_sets_id":2389,"tags_id":9454159},{"stories_id":1860758070,"tag":"Suzan DelBene","tag_set":"cliff_people","tag_sets_id":2389,"tags_id":9468678},{"stories_id":1860758070,"tag":"Daniel Kreiss","tag_set":"cliff_people","tag_sets_id":2389,"tags_id":9499107},{"stories_id":1860758070,"tag":"Mike Isaac","tag_set":"cliff_people","tag_sets_id":2389,"tags_id":9505569},{"stories_id":1860758070,"tag":"KJZZ","tag_set":"cliff_organizations","tag_sets_id":2388,"tags_id":9530669},{"stories_id":1860758070,"tag":"GMF","tag_set":"cliff_organizations","tag_sets_id":2388,"tags_id":9552837},{"stories_id":1860758070,"tag":"Caitlin Mitchell","tag_set":"cliff_people","tag_sets_id":2389,"tags_id":9702443},{"stories_id":1860758070,"tag":"Susan Davies","tag_set":"cliff_people","tag_sets_id":2389,"tags_id":9708958},{"stories_id":1860758070,"tag":"factcheck.org","tag_set":"cliff_organizations","tag_sets_id":2388,"tags_id":9928680},{"stories_id":1860758070,"tag":"Sara Fischer","tag_set":"cliff_people","tag_sets_id":2389,"tags_id":10485506},{"stories_id":1860758070,"tag":"KJZZ","tag_set":"cliff_people","tag_sets_id":2389,"tags_id":10572763},{"stories_id":1860758070,"tag":"Alex Barker","tag_set":"cliff_people","tag_sets_id":2389,"tags_id":10774616},{"stories_id":1860758070,"tag":"Jimmy Jenkins","tag_set":"cliff_people","tag_sets_id":2389,"tags_id":11235527},{"stories_id":1860758070,"tag":"Arizona’s Department of Corrections","tag_set":"cliff_organizations","tag_sets_id":2388,"tags_id":11761502},{"stories_id":1860758070,"tag":"Lincoln Network","tag_set":"cliff_organizations","tag_sets_id":2388,"tags_id":11956854},{"stories_id":1860758070,"tag":"antitrust bureau","tag_set":"cliff_organizations","tag_sets_id":2388,"tags_id":19889558},{"stories_id":1860758070,"tag":"Farshad Shadloo","tag_set":"cliff_people","tag_sets_id":2389,"tags_id":29783550},{"stories_id":1860758070,"tag":"Eli Weiner","tag_set":"cliff_people","tag_sets_id":2389,"tags_id":34543714},{"stories_id":1860758070,"tag":"Elizabeth Busby","tag_set":"cliff_people","tag_sets_id":2389,"tags_id":62350573},{"stories_id":1860758070,"tag":"global news partnerships","tag_set":"cliff_organizations","tag_sets_id":2388,"tags_id":74376013},{"stories_id":1860758070,"tag":"Arizona corrections department","tag_set":"cliff_organizations","tag_sets_id":2388,"tags_id":91278528},{"stories_id":1860758070,"tag":"Adrienne Goldstein","tag_set":"cliff_people","tag_sets_id":2389,"tags_id":197228340},{"stories_id":1860758070,"tag":"Nathan Simington","tag_set":"cliff_people","tag_sets_id":2389,"tags_id":215060311},{"stories_id":1860758070,"tag":"readability-lxml-0.8.1","tag_set":"extractor_version","tag_sets_id":1354,"tags_id":228516910},{"stories_id":1860758070,"tag":"cliff_clavin_v2.6.1","tag_set":"geocoder_version","tag_sets_id":1937,"tags_id":228516911},{"stories_id":1860758070,"tag":"Marshall Fund research","tag_set":"cliff_organizations","tag_sets_id":2388,"tags_id":229431548},{"stories_id":1860758070,"tag":"Marshall Fund digital research","tag_set":"cliff_organizations","tag_sets_id":2388,"tags_id":229431549}],"title":"How social media helped fuel false claims about Texas power outages","url":"https://www.washingtonpost.com/politics/2021/02/23/technology-202-how-social-media-helped-fuel-false-claims-about-texas-power-outages/?utm_source=rss&utm_medium=referral&utm_campaign=wp_homepage","word_count":null}]