[{"ap_syndicated":null,"collect_date":"2021-02-23 22:41:55.856309","feeds":null,"guid":"SB12394484570358143904404587300001453107164","language":"en","media_id":1150,"media_name":null,"media_url":null,"processed_stories_id":null,"publish_date":"2021-02-23 19:04:00","stories_id":1861264335,"story_tags":[{"stories_id":1861264335,"tag":"geonames_6252001","tag_set":"mc-geocoder@media.mit.edu","tag_sets_id":1011,"tags_id":8878461},{"stories_id":1861264335,"tag":"geonames_4736286","tag_set":"mc-geocoder@media.mit.edu","tag_sets_id":1011,"tags_id":8878538},{"stories_id":1861264335,"tag":"geonames_5690694","tag_set":"mc-geocoder@media.mit.edu","tag_sets_id":1011,"tags_id":8878690},{"stories_id":1861264335,"tag":"nyt_labeller_v1.0.0","tag_set":"nyt_labels_version","tag_sets_id":1964,"tags_id":9360669},{"stories_id":1861264335,"tag":"environment","tag_set":"nyt_labels","tag_sets_id":1963,"tags_id":9360887},{"stories_id":1861264335,"tag":"energy and power","tag_set":"nyt_labels","tag_sets_id":1963,"tags_id":9360997},{"stories_id":1861264335,"tag":"air pollution","tag_set":"nyt_labels","tag_sets_id":1963,"tags_id":9361007},{"stories_id":1861264335,"tag":"electric light and power","tag_set":"nyt_labels","tag_sets_id":1963,"tags_id":9361013},{"stories_id":1861264335,"tag":"light","tag_set":"nyt_labels","tag_sets_id":1963,"tags_id":9361014},{"stories_id":1861264335,"tag":"blackouts and brownouts (electrical)","tag_set":"nyt_labels","tag_sets_id":1963,"tags_id":9361015},{"stories_id":1861264335,"tag":"atomic energy","tag_set":"nyt_labels","tag_sets_id":1963,"tags_id":9361077},{"stories_id":1861264335,"tag":"gas (fuel)","tag_set":"nyt_labels","tag_sets_id":1963,"tags_id":9361098},{"stories_id":1861264335,"tag":"Republican","tag_set":"cliff_organizations","tag_sets_id":2388,"tags_id":9362742},{"stories_id":1861264335,"tag":"Elizabeth Warren","tag_set":"cliff_people","tag_sets_id":2389,"tags_id":9364527},{"stories_id":1861264335,"tag":"Biden","tag_set":"cliff_people","tag_sets_id":2389,"tags_id":9365736},{"stories_id":1861264335,"tag":"Apple","tag_set":"cliff_organizations","tag_sets_id":2388,"tags_id":9367295},{"stories_id":1861264335,"tag":"Andrew Cuomo","tag_set":"cliff_people","tag_sets_id":2389,"tags_id":9373032},{"stories_id":1861264335,"tag":"NERC","tag_set":"cliff_organizations","tag_sets_id":2388,"tags_id":9432509},{"stories_id":1861264335,"tag":"FERC","tag_set":"cliff_organizations","tag_sets_id":2388,"tags_id":9476819},{"stories_id":1861264335,"tag":"North American Electric Reliability Corporation","tag_set":"cliff_organizations","tag_sets_id":2388,"tags_id":9487123},{"stories_id":1861264335,"tag":"Richard Glick","tag_set":"cliff_people","tag_sets_id":2389,"tags_id":9749125},{"stories_id":1861264335,"tag":"James Danly","tag_set":"cliff_people","tag_sets_id":2389,"tags_id":11321769},{"stories_id":1861264335,"tag":"readability-lxml-0.8.1","tag_set":"extractor_version","tag_sets_id":1354,"tags_id":228516910},{"stories_id":1861264335,"tag":"cliff_clavin_v2.6.1","tag_set":"geocoder_version","tag_sets_id":1937,"tags_id":228516911},{"stories_id":1861264335,"tag":"Obama Federal Energy Regulatory Commission","tag_set":"cliff_organizations","tag_sets_id":2388,"tags_id":229479530}],"title":"More Green Blackouts Ahead","url":"https://www.wsj.com/articles/more-green-blackouts-ahead-11614125061","word_count":null}]