[{"ap_syndicated":null,"collect_date":"2021-04-26 00:56:51.903082","feeds":null,"guid":"SB10177742283261594853404587425401195430954","language":"en","media_id":1150,"media_name":null,"media_url":null,"processed_stories_id":null,"publish_date":"2021-04-25 22:11:00","stories_id":1912618339,"story_tags":[{"stories_id":1912618339,"tag":"geonames_1814991","tag_set":"mc-geocoder@media.mit.edu","tag_sets_id":1011,"tags_id":8878478},{"stories_id":1912618339,"tag":"geonames_2038349","tag_set":"mc-geocoder@media.mit.edu","tag_sets_id":1011,"tags_id":8878603},{"stories_id":1912618339,"tag":"geonames_1816670","tag_set":"mc-geocoder@media.mit.edu","tag_sets_id":1011,"tags_id":8878606},{"stories_id":1912618339,"tag":"geonames_5879092","tag_set":"mc-geocoder@media.mit.edu","tag_sets_id":1011,"tags_id":8878759},{"stories_id":1912618339,"tag":"nyt_labeller_v1.0.0","tag_set":"nyt_labels_version","tag_sets_id":1964,"tags_id":9360669},{"stories_id":1912618339,"tag":"finances","tag_set":"nyt_labels","tag_sets_id":1963,"tags_id":9360840},{"stories_id":1912618339,"tag":"environment","tag_set":"nyt_labels","tag_sets_id":1963,"tags_id":9360887},{"stories_id":1912618339,"tag":"international trade and world market","tag_set":"nyt_labels","tag_sets_id":1963,"tags_id":9360983},{"stories_id":1912618339,"tag":"economic conditions and trends","tag_set":"nyt_labels","tag_sets_id":1963,"tags_id":9360989},{"stories_id":1912618339,"tag":"energy and power","tag_set":"nyt_labels","tag_sets_id":1963,"tags_id":9360997},{"stories_id":1912618339,"tag":"air pollution","tag_set":"nyt_labels","tag_sets_id":1963,"tags_id":9361007},{"stories_id":1912618339,"tag":"electric light and power","tag_set":"nyt_labels","tag_sets_id":1963,"tags_id":9361013},{"stories_id":1912618339,"tag":"light","tag_set":"nyt_labels","tag_sets_id":1963,"tags_id":9361014},{"stories_id":1912618339,"tag":"gas (fuel)","tag_set":"nyt_labels","tag_sets_id":1963,"tags_id":9361098},{"stories_id":1912618339,"tag":"Donald Trump","tag_set":"cliff_people","tag_sets_id":2389,"tags_id":9362284},{"stories_id":1912618339,"tag":"Peterson Institute for International Economics","tag_set":"cliff_organizations","tag_sets_id":2388,"tags_id":9381412},{"stories_id":1912618339,"tag":"Nathaniel Taplin","tag_set":"cliff_people","tag_sets_id":2389,"tags_id":9532626},{"stories_id":1912618339,"tag":"Sinopec","tag_set":"cliff_organizations","tag_sets_id":2388,"tags_id":9537875},{"stories_id":1912618339,"tag":"Uncle Sam","tag_set":"cliff_people","tag_sets_id":2389,"tags_id":9697014},{"stories_id":1912618339,"tag":"Center for Research on Energy","tag_set":"cliff_organizations","tag_sets_id":2388,"tags_id":178703542},{"stories_id":1912618339,"tag":"readability-lxml-0.8.1","tag_set":"extractor_version","tag_sets_id":1354,"tags_id":228516910},{"stories_id":1912618339,"tag":"cliff_clavin_v2.6.1","tag_set":"geocoder_version","tag_sets_id":1937,"tags_id":228516911}],"title":"How to Add Gas to U.S.-China Climate Cooperation","url":"https://www.wsj.com/articles/how-to-add-gas-to-u-s-china-climate-cooperation-11619402874","word_count":null}]