[{"ap_syndicated":null,"collect_date":"2021-06-02 18:09:11.291585","feeds":null,"guid":"SB11603709921017774301704587489632618104616","language":"en","media_id":1150,"media_name":null,"media_url":null,"processed_stories_id":null,"publish_date":"2021-06-02 17:02:00","stories_id":1949439615,"story_tags":[{"stories_id":1949439615,"tag":"geonames_6252001","tag_set":"mc-geocoder@media.mit.edu","tag_sets_id":1011,"tags_id":8878461},{"stories_id":1949439615,"tag":"geonames_5332921","tag_set":"mc-geocoder@media.mit.edu","tag_sets_id":1011,"tags_id":8878533},{"stories_id":1949439615,"tag":"geonames_1694008","tag_set":"mc-geocoder@media.mit.edu","tag_sets_id":1011,"tags_id":8878724},{"stories_id":1949439615,"tag":"geonames_1689056","tag_set":"mc-geocoder@media.mit.edu","tag_sets_id":1011,"tags_id":8880124},{"stories_id":1949439615,"tag":"geonames_7521303","tag_set":"mc-geocoder@media.mit.edu","tag_sets_id":1011,"tags_id":8880477},{"stories_id":1949439615,"tag":"nyt_labeller_v1.0.0","tag_set":"nyt_labels_version","tag_sets_id":1964,"tags_id":9360669},{"stories_id":1949439615,"tag":"politics and government","tag_set":"nyt_labels","tag_sets_id":1963,"tags_id":9360836},{"stories_id":1949439615,"tag":"united states politics and government","tag_set":"nyt_labels","tag_sets_id":1963,"tags_id":9360846},{"stories_id":1949439615,"tag":"environment","tag_set":"nyt_labels","tag_sets_id":1963,"tags_id":9360887},{"stories_id":1949439615,"tag":"White House","tag_set":"cliff_organizations","tag_sets_id":2388,"tags_id":9362736},{"stories_id":1949439615,"tag":"Biden","tag_set":"cliff_people","tag_sets_id":2389,"tags_id":9365736},{"stories_id":1949439615,"tag":"Mark Kelly","tag_set":"cliff_people","tag_sets_id":2389,"tags_id":9373500},{"stories_id":1949439615,"tag":"EVs","tag_set":"cliff_organizations","tag_sets_id":2388,"tags_id":9432985},{"stories_id":1949439615,"tag":"Pete Buttigieg","tag_set":"cliff_people","tag_sets_id":2389,"tags_id":9504322},{"stories_id":1949439615,"tag":"Susana Almanza","tag_set":"cliff_people","tag_sets_id":2389,"tags_id":40419470},{"stories_id":1949439615,"tag":"White House Environmental Justice Advisory Council","tag_set":"cliff_organizations","tag_sets_id":2388,"tags_id":208064056},{"stories_id":1949439615,"tag":"readability-lxml-0.8.1","tag_set":"extractor_version","tag_sets_id":1354,"tags_id":228516910},{"stories_id":1949439615,"tag":"cliff_clavin_v2.6.1","tag_set":"geocoder_version","tag_sets_id":1937,"tags_id":228516911}],"title":"The Progressive Infrastructure Blacklist","url":"https://www.wsj.com/articles/the-progressive-infrastructure-blacklist-11622667739","word_count":null}]