[{"ap_syndicated":null,"collect_date":"2021-06-29 14:20:24.105780","feeds":null,"guid":"https://nypost.com/2021/06/29/bernie-sanders-running-point-on-dem-only-reconciliation-bill/","language":"en","media_id":7,"media_name":null,"media_url":null,"processed_stories_id":null,"publish_date":"2021-06-29 14:04:10","stories_id":1975729618,"story_tags":[{"stories_id":1975729618,"tag":"geonames_6252001","tag_set":"mc-geocoder@media.mit.edu","tag_sets_id":1011,"tags_id":8878461},{"stories_id":1975729618,"tag":"geonames_6254928","tag_set":"mc-geocoder@media.mit.edu","tag_sets_id":1011,"tags_id":8878547},{"stories_id":1975729618,"tag":"geonames_5279468","tag_set":"mc-geocoder@media.mit.edu","tag_sets_id":1011,"tags_id":8878849},{"stories_id":1975729618,"tag":"nyt_labeller_v1.0.0","tag_set":"nyt_labels_version","tag_sets_id":1964,"tags_id":9360669},{"stories_id":1975729618,"tag":"politics and government","tag_set":"nyt_labels","tag_sets_id":1963,"tags_id":9360836},{"stories_id":1975729618,"tag":"law and legislation","tag_set":"nyt_labels","tag_sets_id":1963,"tags_id":9360837},{"stories_id":1975729618,"tag":"finances","tag_set":"nyt_labels","tag_sets_id":1963,"tags_id":9360840},{"stories_id":1975729618,"tag":"united states politics and government","tag_set":"nyt_labels","tag_sets_id":1963,"tags_id":9360846},{"stories_id":1975729618,"tag":"White House","tag_set":"cliff_organizations","tag_sets_id":2388,"tags_id":9362736},{"stories_id":1975729618,"tag":"Senate","tag_set":"cliff_organizations","tag_sets_id":2388,"tags_id":9362741},{"stories_id":1975729618,"tag":"Republican","tag_set":"cliff_organizations","tag_sets_id":2388,"tags_id":9362742},{"stories_id":1975729618,"tag":"Bernie Sanders","tag_set":"cliff_people","tag_sets_id":2389,"tags_id":9362750},{"stories_id":1975729618,"tag":"Congress","tag_set":"cliff_organizations","tag_sets_id":2388,"tags_id":9362962},{"stories_id":1975729618,"tag":"House","tag_set":"cliff_organizations","tag_sets_id":2388,"tags_id":9363164},{"stories_id":1975729618,"tag":"Nancy Pelosi","tag_set":"cliff_people","tag_sets_id":2389,"tags_id":9364036},{"stories_id":1975729618,"tag":"Biden","tag_set":"cliff_people","tag_sets_id":2389,"tags_id":9365736},{"stories_id":1975729618,"tag":"United States Senate","tag_set":"cliff_organizations","tag_sets_id":2388,"tags_id":9366805},{"stories_id":1975729618,"tag":"Joe Manchin","tag_set":"cliff_people","tag_sets_id":2389,"tags_id":9374828},{"stories_id":1975729618,"tag":"Kyrsten Sinema","tag_set":"cliff_people","tag_sets_id":2389,"tags_id":9381771},{"stories_id":1975729618,"tag":"Senate Budget Committee","tag_set":"cliff_organizations","tag_sets_id":2388,"tags_id":9397448},{"stories_id":1975729618,"tag":"bill","tag_set":"cliff_people","tag_sets_id":2389,"tags_id":9399619},{"stories_id":1975729618,"tag":"Jen Psaki","tag_set":"cliff_people","tag_sets_id":2389,"tags_id":9441598},{"stories_id":1975729618,"tag":"Shawn Thew/EPA","tag_set":"cliff_people","tag_sets_id":2389,"tags_id":10180550},{"stories_id":1975729618,"tag":"Michael Brochstein/Sipa","tag_set":"cliff_people","tag_sets_id":2389,"tags_id":33122568},{"stories_id":1975729618,"tag":"readability-lxml-0.8.1","tag_set":"extractor_version","tag_sets_id":1354,"tags_id":228516910},{"stories_id":1975729618,"tag":"cliff_clavin_v2.6.1","tag_set":"geocoder_version","tag_sets_id":1937,"tags_id":228516911}],"title":"Sanders ‘running point’ on reconciliation bill as Dems try to keep $1.2T deal in place","url":"https://nypost.com/2021/06/29/bernie-sanders-running-point-on-dem-only-reconciliation-bill/","word_count":null}]