[{"ap_syndicated":null,"collect_date":"2021-07-20 13:34:53.744915","feeds":null,"guid":"https://www.nytimes.com/2021/07/20/opinion/letters/vaccines-republicans.html","language":"en","media_id":1,"media_name":null,"media_url":null,"processed_stories_id":null,"publish_date":"2021-07-20 13:25:28","stories_id":1995925143,"story_tags":[{"stories_id":1995925143,"tag":"geonames_6252001","tag_set":"mc-geocoder@media.mit.edu","tag_sets_id":1011,"tags_id":8878461},{"stories_id":1995925143,"tag":"geonames_5332921","tag_set":"mc-geocoder@media.mit.edu","tag_sets_id":1011,"tags_id":8878533},{"stories_id":1995925143,"tag":"geonames_5368361","tag_set":"mc-geocoder@media.mit.edu","tag_sets_id":1011,"tags_id":8878543},{"stories_id":1995925143,"tag":"geonames_4407066","tag_set":"mc-geocoder@media.mit.edu","tag_sets_id":1011,"tags_id":8878712},{"stories_id":1995925143,"tag":"geonames_5015618","tag_set":"mc-geocoder@media.mit.edu","tag_sets_id":1011,"tags_id":8879118},{"stories_id":1995925143,"tag":"geonames_5398563","tag_set":"mc-geocoder@media.mit.edu","tag_sets_id":1011,"tags_id":8880697},{"stories_id":1995925143,"tag":"geonames_5128549","tag_set":"mc-geocoder@media.mit.edu","tag_sets_id":1011,"tags_id":8882270},{"stories_id":1995925143,"tag":"geonames_3682426","tag_set":"mc-geocoder@media.mit.edu","tag_sets_id":1011,"tags_id":8885170},{"stories_id":1995925143,"tag":"nyt_labeller_v1.0.0","tag_set":"nyt_labels_version","tag_sets_id":1964,"tags_id":9360669},{"stories_id":1995925143,"tag":"medicine and health","tag_set":"nyt_labels","tag_sets_id":1963,"tags_id":9360852},{"stories_id":1995925143,"tag":"diseases and conditions","tag_set":"nyt_labels","tag_sets_id":1963,"tags_id":9360942},{"stories_id":1995925143,"tag":"vaccination and immunization","tag_set":"nyt_labels","tag_sets_id":1963,"tags_id":9361041},{"stories_id":1995925143,"tag":"NBC","tag_set":"cliff_organizations","tag_sets_id":2388,"tags_id":9363117},{"stories_id":1995925143,"tag":"Herald","tag_set":"cliff_organizations","tag_sets_id":2388,"tags_id":9369249},{"stories_id":1995925143,"tag":"Miami Herald","tag_set":"cliff_organizations","tag_sets_id":2388,"tags_id":9374209},{"stories_id":1995925143,"tag":"Jeffrey Epstein","tag_set":"cliff_people","tag_sets_id":2389,"tags_id":9427438},{"stories_id":1995925143,"tag":"Michelle Goldberg","tag_set":"cliff_people","tag_sets_id":2389,"tags_id":9506170},{"stories_id":1995925143,"tag":"Julie K. Brown","tag_set":"cliff_people","tag_sets_id":2389,"tags_id":10524775},{"stories_id":1995925143,"tag":"Betty Rollin","tag_set":"cliff_people","tag_sets_id":2389,"tags_id":10534840},{"stories_id":1995925143,"tag":"Rebecca Martin","tag_set":"cliff_people","tag_sets_id":2389,"tags_id":10942824},{"stories_id":1995925143,"tag":"Debbie Duncan","tag_set":"cliff_people","tag_sets_id":2389,"tags_id":31425481},{"stories_id":1995925143,"tag":"Boston University’s Institute for Sustainable Energy","tag_set":"cliff_organizations","tag_sets_id":2388,"tags_id":36140640},{"stories_id":1995925143,"tag":"Linda W. Smith","tag_set":"cliff_people","tag_sets_id":2389,"tags_id":37971062},{"stories_id":1995925143,"tag":"geonames_5001132","tag_set":"mc-geocoder@media.mit.edu","tag_sets_id":1011,"tags_id":44972701},{"stories_id":1995925143,"tag":"JoAnn Lee Frank Clearwater","tag_set":"cliff_people","tag_sets_id":2389,"tags_id":45488794},{"stories_id":1995925143,"tag":"Marjorie Taylor Greene","tag_set":"cliff_people","tag_sets_id":2389,"tags_id":72191371},{"stories_id":1995925143,"tag":"Hinda Keller Farber","tag_set":"cliff_people","tag_sets_id":2389,"tags_id":215140793},{"stories_id":1995925143,"tag":"readability-lxml-0.8.1","tag_set":"extractor_version","tag_sets_id":1354,"tags_id":228516910},{"stories_id":1995925143,"tag":"cliff_clavin_v2.6.1","tag_set":"geocoder_version","tag_sets_id":1937,"tags_id":228516911}],"title":"The Anti-Vaxxers and Their Enablers","url":"https://www.nytimes.com/2021/07/20/opinion/letters/vaccines-republicans.html","word_count":null}]