[{"ap_syndicated":null,"collect_date":"2021-08-17 08:02:50.555916","feeds":null,"guid":"https://www.usatoday.com/in-depth/news/nation/2021/08/17/indigenous-people-legal-barriers-protect-sacred-spaces/8152992002/","language":"en","media_id":4,"media_name":null,"media_url":null,"processed_stories_id":null,"publish_date":"2021-08-17 05:02:17","stories_id":2020574526,"story_tags":[{"stories_id":2020574526,"tag":"geonames_6252001","tag_set":"mc-geocoder@media.mit.edu","tag_sets_id":1011,"tags_id":8878461},{"stories_id":2020574526,"tag":"geonames_5551752","tag_set":"mc-geocoder@media.mit.edu","tag_sets_id":1011,"tags_id":8878730},{"stories_id":2020574526,"tag":"geonames_5308655","tag_set":"mc-geocoder@media.mit.edu","tag_sets_id":1011,"tags_id":8879154},{"stories_id":2020574526,"tag":"geonames_5294810","tag_set":"mc-geocoder@media.mit.edu","tag_sets_id":1011,"tags_id":8883444},{"stories_id":2020574526,"tag":"geonames_5296391","tag_set":"mc-geocoder@media.mit.edu","tag_sets_id":1011,"tags_id":8910978},{"stories_id":2020574526,"tag":"nyt_labeller_v1.0.0","tag_set":"nyt_labels_version","tag_sets_id":1964,"tags_id":9360669},{"stories_id":2020574526,"tag":"travel and vacations","tag_set":"nyt_labels","tag_sets_id":1963,"tags_id":9361022},{"stories_id":2020574526,"tag":"culture","tag_set":"nyt_labels","tag_sets_id":1963,"tags_id":9361065},{"stories_id":2020574526,"tag":"parks and other recreation areas","tag_set":"nyt_labels","tag_sets_id":1963,"tags_id":9361266},{"stories_id":2020574526,"tag":"leisure","tag_set":"nyt_labels","tag_sets_id":1963,"tags_id":9361267},{"stories_id":2020574526,"tag":"Harvard","tag_set":"cliff_organizations","tag_sets_id":2388,"tags_id":9362285},{"stories_id":2020574526,"tag":"Senate","tag_set":"cliff_organizations","tag_sets_id":2388,"tags_id":9362741},{"stories_id":2020574526,"tag":"Trump","tag_set":"cliff_people","tag_sets_id":2389,"tags_id":9362872},{"stories_id":2020574526,"tag":"Congress","tag_set":"cliff_organizations","tag_sets_id":2388,"tags_id":9362962},{"stories_id":2020574526,"tag":"Joe Biden","tag_set":"cliff_people","tag_sets_id":2389,"tags_id":9363134},{"stories_id":2020574526,"tag":"Agriculture Department","tag_set":"cliff_organizations","tag_sets_id":2388,"tags_id":9363721},{"stories_id":2020574526,"tag":"Interior","tag_set":"cliff_organizations","tag_sets_id":2388,"tags_id":9363817},{"stories_id":2020574526,"tag":"U.S. House of Representatives","tag_set":"cliff_organizations","tag_sets_id":2388,"tags_id":9363926},{"stories_id":2020574526,"tag":"U.S. Supreme Court","tag_set":"cliff_organizations","tag_sets_id":2388,"tags_id":9363947},{"stories_id":2020574526,"tag":"Environmental Protection Agency","tag_set":"cliff_organizations","tag_sets_id":2388,"tags_id":9363956},{"stories_id":2020574526,"tag":"Sandra Day O'Connor","tag_set":"cliff_people","tag_sets_id":2389,"tags_id":9364007},{"stories_id":2020574526,"tag":"pope","tag_set":"cliff_people","tag_sets_id":2389,"tags_id":9367260},{"stories_id":2020574526,"tag":"Interior Department","tag_set":"cliff_organizations","tag_sets_id":2388,"tags_id":9367363},{"stories_id":2020574526,"tag":"Arizona State University","tag_set":"cliff_organizations","tag_sets_id":2388,"tags_id":9382235},{"stories_id":2020574526,"tag":"NEPA","tag_set":"cliff_organizations","tag_sets_id":2388,"tags_id":9401279},{"stories_id":2020574526,"tag":"Teddy Roosevelt","tag_set":"cliff_people","tag_sets_id":2389,"tags_id":9411026},{"stories_id":2020574526,"tag":"ASU","tag_set":"cliff_organizations","tag_sets_id":2388,"tags_id":9416711},{"stories_id":2020574526,"tag":"Simon Fraser University","tag_set":"cliff_organizations","tag_sets_id":2388,"tags_id":9427871},{"stories_id":2020574526,"tag":"John Marshall","tag_set":"cliff_people","tag_sets_id":2389,"tags_id":9430390},{"stories_id":2020574526,"tag":"9th Circuit Court of Appeals","tag_set":"cliff_organizations","tag_sets_id":2388,"tags_id":9436995},{"stories_id":2020574526,"tag":"NAGPRA","tag_set":"cliff_organizations","tag_sets_id":2388,"tags_id":9461215},{"stories_id":2020574526,"tag":"Kaibab National Forest","tag_set":"cliff_organizations","tag_sets_id":2388,"tags_id":9466828},{"stories_id":2020574526,"tag":"U.S. Forest Service","tag_set":"cliff_organizations","tag_sets_id":2388,"tags_id":9466829},{"stories_id":2020574526,"tag":"Blythe","tag_set":"cliff_people","tag_sets_id":2389,"tags_id":9483595},{"stories_id":2020574526,"tag":"Steven Newcomb","tag_set":"cliff_people","tag_sets_id":2389,"tags_id":9500393},{"stories_id":2020574526,"tag":"Forest Service","tag_set":"cliff_organizations","tag_sets_id":2388,"tags_id":9535778},{"stories_id":2020574526,"tag":"Henry VII","tag_set":"cliff_people","tag_sets_id":2389,"tags_id":9566897},{"stories_id":2020574526,"tag":"John Collier","tag_set":"cliff_people","tag_sets_id":2389,"tags_id":9599237},{"stories_id":2020574526,"tag":"Barclay","tag_set":"cliff_organizations","tag_sets_id":2388,"tags_id":9658531},{"stories_id":2020574526,"tag":"John Cabot","tag_set":"cliff_people","tag_sets_id":2389,"tags_id":9801521},{"stories_id":2020574526,"tag":"Lyng","tag_set":"cliff_people","tag_sets_id":2389,"tags_id":10044432},{"stories_id":2020574526,"tag":"American Indian Studies","tag_set":"cliff_organizations","tag_sets_id":2388,"tags_id":10116458},{"stories_id":2020574526,"tag":"John Welch","tag_set":"cliff_people","tag_sets_id":2389,"tags_id":10123555},{"stories_id":2020574526,"tag":"Michael Chow","tag_set":"cliff_people","tag_sets_id":2389,"tags_id":10350589},{"stories_id":2020574526,"tag":"David Martinez","tag_set":"cliff_people","tag_sets_id":2389,"tags_id":10376112},{"stories_id":2020574526,"tag":"Robert N. Clinton","tag_set":"cliff_people","tag_sets_id":2389,"tags_id":10493523},{"stories_id":2020574526,"tag":"Thomas Hawthorne/The","tag_set":"cliff_people","tag_sets_id":2389,"tags_id":10564248},{"stories_id":2020574526,"tag":"Cheryl Evans/The","tag_set":"cliff_people","tag_sets_id":2389,"tags_id":10578298},{"stories_id":2020574526,"tag":"Deb Haaland","tag_set":"cliff_people","tag_sets_id":2389,"tags_id":10756652},{"stories_id":2020574526,"tag":"American Indian Affairs","tag_set":"cliff_organizations","tag_sets_id":2388,"tags_id":10816175},{"stories_id":2020574526,"tag":"Tonto National Forest","tag_set":"cliff_organizations","tag_sets_id":2388,"tags_id":11058404},{"stories_id":2020574526,"tag":"Jonathan Irish","tag_set":"cliff_people","tag_sets_id":2389,"tags_id":11286787},{"stories_id":2020574526,"tag":"Marc Fink","tag_set":"cliff_people","tag_sets_id":2389,"tags_id":11532219},{"stories_id":2020574526,"tag":"Emmanuel Lozano/The","tag_set":"cliff_people","tag_sets_id":2389,"tags_id":11728302},{"stories_id":2020574526,"tag":"Michalyn Steele","tag_set":"cliff_people","tag_sets_id":2389,"tags_id":23317749},{"stories_id":2020574526,"tag":"Mount Graham","tag_set":"cliff_people","tag_sets_id":2389,"tags_id":28531910},{"stories_id":2020574526,"tag":"Rex Tilousi","tag_set":"cliff_people","tag_sets_id":2389,"tags_id":32433497},{"stories_id":2020574526,"tag":"Debra Krol","tag_set":"cliff_people","tag_sets_id":2389,"tags_id":34251254},{"stories_id":2020574526,"tag":"Amelia Flores","tag_set":"cliff_people","tag_sets_id":2389,"tags_id":43093504},{"stories_id":2020574526,"tag":"Stephanie Hall Barclay","tag_set":"cliff_people","tag_sets_id":2389,"tags_id":54052150},{"stories_id":2020574526,"tag":"Shannon O'Loughlin","tag_set":"cliff_people","tag_sets_id":2389,"tags_id":78502329},{"stories_id":2020574526,"tag":"Fydel Rising Sun","tag_set":"cliff_organizations","tag_sets_id":2388,"tags_id":97308887},{"stories_id":2020574526,"tag":"Cora Maxx-Phillips","tag_set":"cliff_people","tag_sets_id":2389,"tags_id":177559716},{"stories_id":2020574526,"tag":"Val R. Panteah","tag_set":"cliff_people","tag_sets_id":2389,"tags_id":179538761},{"stories_id":2020574526,"tag":"Catena Foundation","tag_set":"cliff_organizations","tag_sets_id":2388,"tags_id":182103201},{"stories_id":2020574526,"tag":"readability-lxml-0.8.1","tag_set":"extractor_version","tag_sets_id":1354,"tags_id":228516910},{"stories_id":2020574526,"tag":"cliff_clavin_v2.6.1","tag_set":"geocoder_version","tag_sets_id":1937,"tags_id":228516911},{"stories_id":2020574526,"tag":"Taav Tiivjunmdva","tag_set":"cliff_people","tag_sets_id":2389,"tags_id":241470719}],"title":"How legal and cultural barriers keep Indigenous people from protecting sacred spaces off tribal land","url":"https://feeds.feedblitz.com/~/662734122/0/usatoday-newstopstories~How-legal-and-cultural-barriers-keep-Indigenous-people-from-protecting-sacred-spaces-off-tribal-land/","word_count":null}]