[{"ap_syndicated":null,"collect_date":"2021-09-02 19:09:49.664321","feeds":null,"guid":"https://www.nytimes.com/2021/09/02/opinion/corporate-taxes-biden-spending-bill.html","language":"en","media_id":1,"media_name":null,"media_url":null,"processed_stories_id":null,"publish_date":"2021-09-02 19:00:08","stories_id":2031370676,"story_tags":[{"stories_id":2031370676,"tag":"geonames_6252001","tag_set":"mc-geocoder@media.mit.edu","tag_sets_id":1011,"tags_id":8878461},{"stories_id":2031370676,"tag":"nyt_labeller_v1.0.0","tag_set":"nyt_labels_version","tag_sets_id":1964,"tags_id":9360669},{"stories_id":2031370676,"tag":"finances","tag_set":"nyt_labels","tag_sets_id":1963,"tags_id":9360840},{"stories_id":2031370676,"tag":"lobbying and lobbyists","tag_set":"nyt_labels","tag_sets_id":1963,"tags_id":9360866},{"stories_id":2031370676,"tag":"global warming","tag_set":"nyt_labels","tag_sets_id":1963,"tags_id":9360886},{"stories_id":2031370676,"tag":"environment","tag_set":"nyt_labels","tag_sets_id":1963,"tags_id":9360887},{"stories_id":2031370676,"tag":"weather","tag_set":"nyt_labels","tag_sets_id":1963,"tags_id":9360902},{"stories_id":2031370676,"tag":"hurricanes and tropical storms","tag_set":"nyt_labels","tag_sets_id":1963,"tags_id":9360925},{"stories_id":2031370676,"tag":"floods","tag_set":"nyt_labels","tag_sets_id":1963,"tags_id":9360927},{"stories_id":2031370676,"tag":"air pollution","tag_set":"nyt_labels","tag_sets_id":1963,"tags_id":9361007},{"stories_id":2031370676,"tag":"ExxonMobil","tag_set":"cliff_organizations","tag_sets_id":2388,"tags_id":9362922},{"stories_id":2031370676,"tag":"Congress","tag_set":"cliff_organizations","tag_sets_id":2388,"tags_id":9362962},{"stories_id":2031370676,"tag":"Biden","tag_set":"cliff_people","tag_sets_id":2389,"tags_id":9365736},{"stories_id":2031370676,"tag":"Disney","tag_set":"cliff_organizations","tag_sets_id":2388,"tags_id":9366536},{"stories_id":2031370676,"tag":"Pfizer","tag_set":"cliff_organizations","tag_sets_id":2388,"tags_id":9373934},{"stories_id":2031370676,"tag":"Walt Disney Company","tag_set":"cliff_organizations","tag_sets_id":2388,"tags_id":9418827},{"stories_id":2031370676,"tag":"David Roberts","tag_set":"cliff_people","tag_sets_id":2389,"tags_id":9596828},{"stories_id":2031370676,"tag":"William Henry Vanderbilt","tag_set":"cliff_people","tag_sets_id":2389,"tags_id":26850574},{"stories_id":2031370676,"tag":"readability-lxml-0.8.1","tag_set":"extractor_version","tag_sets_id":1354,"tags_id":228516910},{"stories_id":2031370676,"tag":"cliff_clavin_v2.6.1","tag_set":"geocoder_version","tag_sets_id":1937,"tags_id":228516911}],"title":"Corporate America Is Lobbying for Climate Disaster","url":"https://www.nytimes.com/2021/09/02/opinion/corporate-taxes-biden-spending-bill.html","word_count":null}]