[{"ap_syndicated":null,"collect_date":"2021-09-02 14:03:45.811348","feeds":null,"guid":"https://nypost.com/?post_type=article&p=19327721","language":"en","media_id":7,"media_name":null,"media_url":null,"processed_stories_id":null,"publish_date":"2021-09-02 13:49:54","stories_id":2031134110,"story_tags":[{"stories_id":2031134110,"tag":"geonames_6252001","tag_set":"mc-geocoder@media.mit.edu","tag_sets_id":1011,"tags_id":8878461},{"stories_id":2031134110,"tag":"geonames_5110302","tag_set":"mc-geocoder@media.mit.edu","tag_sets_id":1011,"tags_id":8878462},{"stories_id":2031134110,"tag":"geonames_5128638","tag_set":"mc-geocoder@media.mit.edu","tag_sets_id":1011,"tags_id":8878463},{"stories_id":2031134110,"tag":"nyt_labeller_v1.0.0","tag_set":"nyt_labels_version","tag_sets_id":1964,"tags_id":9360669},{"stories_id":2031134110,"tag":"weather","tag_set":"nyt_labels","tag_sets_id":1963,"tags_id":9360902},{"stories_id":2031134110,"tag":"hurricanes and tropical storms","tag_set":"nyt_labels","tag_sets_id":1963,"tags_id":9360925},{"stories_id":2031134110,"tag":"floods","tag_set":"nyt_labels","tag_sets_id":1963,"tags_id":9360927},{"stories_id":2031134110,"tag":"fires and firefighters","tag_set":"nyt_labels","tag_sets_id":1963,"tags_id":9361005},{"stories_id":2031134110,"tag":"Senate","tag_set":"cliff_organizations","tag_sets_id":2388,"tags_id":9362741},{"stories_id":2031134110,"tag":"Congress","tag_set":"cliff_organizations","tag_sets_id":2388,"tags_id":9362962},{"stories_id":2031134110,"tag":"Joe Biden","tag_set":"cliff_people","tag_sets_id":2389,"tags_id":9363134},{"stories_id":2031134110,"tag":"House","tag_set":"cliff_organizations","tag_sets_id":2388,"tags_id":9363164},{"stories_id":2031134110,"tag":"Nancy Pelosi","tag_set":"cliff_people","tag_sets_id":2389,"tags_id":9364036},{"stories_id":2031134110,"tag":"Eisenhower","tag_set":"cliff_people","tag_sets_id":2389,"tags_id":9376749},{"stories_id":2031134110,"tag":"Evan Vucci/AP","tag_set":"cliff_people","tag_sets_id":2389,"tags_id":9394743},{"stories_id":2031134110,"tag":"Kathy Hochul","tag_set":"cliff_people","tag_sets_id":2389,"tags_id":9464061},{"stories_id":2031134110,"tag":"New York Fire Department","tag_set":"cliff_organizations","tag_sets_id":2388,"tags_id":9546613},{"stories_id":2031134110,"tag":"Ida","tag_set":"cliff_people","tag_sets_id":2389,"tags_id":9583423},{"stories_id":2031134110,"tag":"Ed Jones/AFP","tag_set":"cliff_people","tag_sets_id":2389,"tags_id":9716755},{"stories_id":2031134110,"tag":"Paul Martinka","tag_set":"cliff_people","tag_sets_id":2389,"tags_id":10042999},{"stories_id":2031134110,"tag":"Anthony Behar/Sipa","tag_set":"cliff_people","tag_sets_id":2389,"tags_id":11768146},{"stories_id":2031134110,"tag":"geonames_5133273","tag_set":"mc-geocoder@media.mit.edu","tag_sets_id":1011,"tags_id":187517154},{"stories_id":2031134110,"tag":"readability-lxml-0.8.1","tag_set":"extractor_version","tag_sets_id":1354,"tags_id":228516910},{"stories_id":2031134110,"tag":"cliff_clavin_v2.6.1","tag_set":"geocoder_version","tag_sets_id":1937,"tags_id":228516911},{"stories_id":2031134110,"tag":"Republican support using special budget reconciliation","tag_set":"cliff_organizations","tag_sets_id":2388,"tags_id":242523921}],"title":"Biden uses deadly NYC Ida flooding to push $1.2T infrastructure bill","url":"https://nypost.com/2021/09/02/joe-biden-pushes-infrastructure-bill-a-nyc-flooding/","word_count":null}]