[{"ap_syndicated":null,"collect_date":"2021-11-24 03:42:27.690631","feeds":null,"guid":"https://www.nytimes.com/2021/11/14/climate/glasgow-cop26-leadership.html","language":"en","media_id":1,"media_name":null,"media_url":null,"processed_stories_id":null,"publish_date":"2021-11-14 20:20:05","stories_id":2113663285,"story_tags":[{"stories_id":2113663285,"tag":"geonames_2635167","tag_set":"mc-geocoder@media.mit.edu","tag_sets_id":1011,"tags_id":8878466},{"stories_id":2113663285,"tag":"geonames_2638360","tag_set":"mc-geocoder@media.mit.edu","tag_sets_id":1011,"tags_id":8879119},{"stories_id":2113663285,"tag":"geonames_2648579","tag_set":"mc-geocoder@media.mit.edu","tag_sets_id":1011,"tags_id":8882429},{"stories_id":2113663285,"tag":"geonames_4428539","tag_set":"mc-geocoder@media.mit.edu","tag_sets_id":1011,"tags_id":8954332},{"stories_id":2113663285,"tag":"nyt_labeller_v1.0.0","tag_set":"nyt_labels_version","tag_sets_id":1964,"tags_id":9360669},{"stories_id":2113663285,"tag":"global warming","tag_set":"nyt_labels","tag_sets_id":1963,"tags_id":9360886},{"stories_id":2113663285,"tag":"environment","tag_set":"nyt_labels","tag_sets_id":1963,"tags_id":9360887},{"stories_id":2113663285,"tag":"weather","tag_set":"nyt_labels","tag_sets_id":1963,"tags_id":9360902},{"stories_id":2113663285,"tag":"United Nations","tag_set":"cliff_organizations","tag_sets_id":2388,"tags_id":9362785},{"stories_id":2113663285,"tag":"Airbus","tag_set":"cliff_organizations","tag_sets_id":2388,"tags_id":9364154},{"stories_id":2113663285,"tag":"Communist Party","tag_set":"cliff_organizations","tag_sets_id":2388,"tags_id":9365010},{"stories_id":2113663285,"tag":"Mao Zedong","tag_set":"cliff_people","tag_sets_id":2389,"tags_id":9365167},{"stories_id":2113663285,"tag":"Narendra Modi","tag_set":"cliff_people","tag_sets_id":2389,"tags_id":9365328},{"stories_id":2113663285,"tag":"Biden","tag_set":"cliff_people","tag_sets_id":2389,"tags_id":9365736},{"stories_id":2113663285,"tag":"BP","tag_set":"cliff_organizations","tag_sets_id":2388,"tags_id":9367462},{"stories_id":2113663285,"tag":"Royal Dutch Shell","tag_set":"cliff_organizations","tag_sets_id":2388,"tags_id":9388915},{"stories_id":2113663285,"tag":"Alok Sharma","tag_set":"cliff_people","tag_sets_id":2389,"tags_id":9417570},{"stories_id":2113663285,"tag":"Henry Fountain","tag_set":"cliff_people","tag_sets_id":2389,"tags_id":9421223},{"stories_id":2113663285,"tag":"new European Union","tag_set":"cliff_organizations","tag_sets_id":2388,"tags_id":9429129},{"stories_id":2113663285,"tag":"University of Chile","tag_set":"cliff_organizations","tag_sets_id":2388,"tags_id":9435998},{"stories_id":2113663285,"tag":"ArcelorMittal","tag_set":"cliff_organizations","tag_sets_id":2388,"tags_id":9439714},{"stories_id":2113663285,"tag":"Mindy Lubber","tag_set":"cliff_people","tag_sets_id":2389,"tags_id":9549367},{"stories_id":2113663285,"tag":"Stanley Reed","tag_set":"cliff_people","tag_sets_id":2389,"tags_id":9887446},{"stories_id":2113663285,"tag":"Liz Alderman","tag_set":"cliff_people","tag_sets_id":2389,"tags_id":10993465},{"stories_id":2113663285,"tag":"Maisa Rojas","tag_set":"cliff_people","tag_sets_id":2389,"tags_id":11901610},{"stories_id":2113663285,"tag":"Simon Stiell","tag_set":"cliff_people","tag_sets_id":2389,"tags_id":28893586},{"stories_id":2113663285,"tag":"Bernard Looney","tag_set":"cliff_people","tag_sets_id":2389,"tags_id":33112319},{"stories_id":2113663285,"tag":"Winston Choi-Schagrin","tag_set":"cliff_people","tag_sets_id":2389,"tags_id":72009870},{"stories_id":2113663285,"tag":"Greta Thunberg","tag_set":"cliff_people","tag_sets_id":2389,"tags_id":73335219},{"stories_id":2113663285,"tag":"Mitzi Jonelle Tan","tag_set":"cliff_people","tag_sets_id":2389,"tags_id":186358635},{"stories_id":2113663285,"tag":"Mikaela Loach","tag_set":"cliff_people","tag_sets_id":2389,"tags_id":187511593},{"stories_id":2113663285,"tag":"readability-lxml-0.8.1","tag_set":"extractor_version","tag_sets_id":1354,"tags_id":228516910},{"stories_id":2113663285,"tag":"cliff_clavin_v2.6.1","tag_set":"geocoder_version","tag_sets_id":1937,"tags_id":228516911}],"title":"Climate Promises Made in Glasgow Now Rest With a Handful of Powerful Leaders","url":"https://www.nytimes.com/2021/11/14/climate/glasgow-cop26-leadership.html","word_count":null}]