[{"ap_syndicated":null,"collect_date":"2021-12-08 18:09:02.400025","feeds":null,"guid":"https://www.nytimes.com/2021/12/08/briefing/omicron-instagram-great-performers.html","language":"en","media_id":1,"media_name":null,"media_url":null,"processed_stories_id":null,"publish_date":"2021-12-08 17:33:30","stories_id":2129948295,"story_tags":[{"stories_id":2129948295,"tag":"geonames_1814991","tag_set":"mc-geocoder@media.mit.edu","tag_sets_id":1011,"tags_id":8878478},{"stories_id":2129948295,"tag":"geonames_2038349","tag_set":"mc-geocoder@media.mit.edu","tag_sets_id":1011,"tags_id":8878603},{"stories_id":2129948295,"tag":"geonames_1816670","tag_set":"mc-geocoder@media.mit.edu","tag_sets_id":1011,"tags_id":8878606},{"stories_id":2129948295,"tag":"nyt_labeller_v1.0.0","tag_set":"nyt_labels_version","tag_sets_id":1964,"tags_id":9360669},{"stories_id":2129948295,"tag":"tests and testing","tag_set":"nyt_labels","tag_sets_id":1963,"tags_id":9360838},{"stories_id":2129948295,"tag":"medicine and health","tag_set":"nyt_labels","tag_sets_id":1963,"tags_id":9360852},{"stories_id":2129948295,"tag":"diseases and conditions","tag_set":"nyt_labels","tag_sets_id":1963,"tags_id":9360942},{"stories_id":2129948295,"tag":"vaccination and immunization","tag_set":"nyt_labels","tag_sets_id":1963,"tags_id":9361041},{"stories_id":2129948295,"tag":"Donald Trump","tag_set":"cliff_people","tag_sets_id":2389,"tags_id":9362284},{"stories_id":2129948295,"tag":"Trump","tag_set":"cliff_organizations","tag_sets_id":2388,"tags_id":9362787},{"stories_id":2129948295,"tag":"Congress","tag_set":"cliff_organizations","tag_sets_id":2388,"tags_id":9362962},{"stories_id":2129948295,"tag":"House","tag_set":"cliff_organizations","tag_sets_id":2388,"tags_id":9363164},{"stories_id":2129948295,"tag":"Angela Merkel","tag_set":"cliff_people","tag_sets_id":2389,"tags_id":9363560},{"stories_id":2129948295,"tag":"Biden","tag_set":"cliff_people","tag_sets_id":2389,"tags_id":9365736},{"stories_id":2129948295,"tag":"Instagram","tag_set":"cliff_people","tag_sets_id":2389,"tags_id":9368240},{"stories_id":2129948295,"tag":"Pfizer","tag_set":"cliff_organizations","tag_sets_id":2388,"tags_id":9373934},{"stories_id":2129948295,"tag":"Julius Caesar","tag_set":"cliff_people","tag_sets_id":2389,"tags_id":9377152},{"stories_id":2129948295,"tag":"Douglas MacArthur","tag_set":"cliff_people","tag_sets_id":2389,"tags_id":9378881},{"stories_id":2129948295,"tag":"Gandhi","tag_set":"cliff_people","tag_sets_id":2389,"tags_id":9379563},{"stories_id":2129948295,"tag":"Instagram","tag_set":"cliff_organizations","tag_sets_id":2388,"tags_id":9382008},{"stories_id":2129948295,"tag":"Mark Meadows","tag_set":"cliff_people","tag_sets_id":2389,"tags_id":9382997},{"stories_id":2129948295,"tag":"Peng Shuai","tag_set":"cliff_people","tag_sets_id":2389,"tags_id":9388893},{"stories_id":2129948295,"tag":"A.O. Scott","tag_set":"cliff_people","tag_sets_id":2389,"tags_id":9397773},{"stories_id":2129948295,"tag":"Capitol Hill","tag_set":"cliff_organizations","tag_sets_id":2388,"tags_id":9398750},{"stories_id":2129948295,"tag":"social media app","tag_set":"cliff_organizations","tag_sets_id":2388,"tags_id":9416280},{"stories_id":2129948295,"tag":"House Financial Services Committee","tag_set":"cliff_organizations","tag_sets_id":2388,"tags_id":9431930},{"stories_id":2129948295,"tag":"Olaf Scholz","tag_set":"cliff_people","tag_sets_id":2389,"tags_id":9437204},{"stories_id":2129948295,"tag":"Adam Mosseri","tag_set":"cliff_people","tag_sets_id":2389,"tags_id":9509285},{"stories_id":2129948295,"tag":"Meta","tag_set":"cliff_organizations","tag_sets_id":2388,"tags_id":9758263},{"stories_id":2129948295,"tag":"Roger Hargreaves","tag_set":"cliff_people","tag_sets_id":2389,"tags_id":9794539},{"stories_id":2129948295,"tag":"T. rex","tag_set":"cliff_people","tag_sets_id":2389,"tags_id":10213978},{"stories_id":2129948295,"tag":"Bryan Denton","tag_set":"cliff_people","tag_sets_id":2389,"tags_id":10800965},{"stories_id":2129948295,"tag":"Richard Blumental","tag_set":"cliff_people","tag_sets_id":2389,"tags_id":10958281},{"stories_id":2129948295,"tag":"Amanda Gorman","tag_set":"cliff_people","tag_sets_id":2389,"tags_id":28785472},{"stories_id":2129948295,"tag":"BioNTech","tag_set":"cliff_people","tag_sets_id":2389,"tags_id":35126232},{"stories_id":2129948295,"tag":"Anna Della Subin","tag_set":"cliff_people","tag_sets_id":2389,"tags_id":41013375},{"stories_id":2129948295,"tag":"readability-lxml-0.8.1","tag_set":"extractor_version","tag_sets_id":1354,"tags_id":228516910},{"stories_id":2129948295,"tag":"cliff_clavin_v2.6.1","tag_set":"geocoder_version","tag_sets_id":1937,"tags_id":228516911}],"title":"Omicron, Instagram, Great Performers: Your Wednesday Evening Briefing","url":"https://www.nytimes.com/2021/12/08/briefing/omicron-instagram-great-performers.html","word_count":null}]