[{"ap_syndicated":null,"collect_date":"2021-12-13 07:33:47.497538","feeds":null,"guid":"SB10195743107621793341704588234210325353212","language":"en","media_id":1150,"media_name":null,"media_url":null,"processed_stories_id":null,"publish_date":"2021-12-13 05:30:00","stories_id":2134826714,"story_tags":[{"stories_id":2134826714,"tag":"geonames_6252001","tag_set":"mc-geocoder@media.mit.edu","tag_sets_id":1011,"tags_id":8878461},{"stories_id":2134826714,"tag":"geonames_5128638","tag_set":"mc-geocoder@media.mit.edu","tag_sets_id":1011,"tags_id":8878463},{"stories_id":2134826714,"tag":"geonames_5391959","tag_set":"mc-geocoder@media.mit.edu","tag_sets_id":1011,"tags_id":8878536},{"stories_id":2134826714,"tag":"geonames_4736286","tag_set":"mc-geocoder@media.mit.edu","tag_sets_id":1011,"tags_id":8878538},{"stories_id":2134826714,"tag":"geonames_4671654","tag_set":"mc-geocoder@media.mit.edu","tag_sets_id":1011,"tags_id":8878993},{"stories_id":2134826714,"tag":"nyt_labeller_v1.0.0","tag_set":"nyt_labels_version","tag_sets_id":1964,"tags_id":9360669},{"stories_id":2134826714,"tag":"finances","tag_set":"nyt_labels","tag_sets_id":1963,"tags_id":9360840},{"stories_id":2134826714,"tag":"ratings and rating systems","tag_set":"nyt_labels","tag_sets_id":1963,"tags_id":9360876},{"stories_id":2134826714,"tag":"stocks and bonds","tag_set":"nyt_labels","tag_sets_id":1963,"tags_id":9361012},{"stories_id":2134826714,"tag":"credit","tag_set":"nyt_labels","tag_sets_id":1963,"tags_id":9361030},{"stories_id":2134826714,"tag":"mergers, acquisitions and divestitures","tag_set":"nyt_labels","tag_sets_id":1963,"tags_id":9361071},{"stories_id":2134826714,"tag":"Securities and Exchange Commission","tag_set":"cliff_organizations","tag_sets_id":2388,"tags_id":9366122},{"stories_id":2134826714,"tag":"S&P","tag_set":"cliff_organizations","tag_sets_id":2388,"tags_id":9368263},{"stories_id":2134826714,"tag":"Morningstar Inc.","tag_set":"cliff_organizations","tag_sets_id":2388,"tags_id":9506823},{"stories_id":2134826714,"tag":"Kroll Bond Rating Agency","tag_set":"cliff_organizations","tag_sets_id":2388,"tags_id":9599984},{"stories_id":2134826714,"tag":"S&P Global Inc.","tag_set":"cliff_organizations","tag_sets_id":2388,"tags_id":9641361},{"stories_id":2134826714,"tag":"Scott Eells/Bloomberg","tag_set":"cliff_people","tag_sets_id":2389,"tags_id":9658612},{"stories_id":2134826714,"tag":"Miriam Gottfried","tag_set":"cliff_people","tag_sets_id":2389,"tags_id":9666787},{"stories_id":2134826714,"tag":"Jim Nadler","tag_set":"cliff_people","tag_sets_id":2389,"tags_id":9681992},{"stories_id":2134826714,"tag":"IHS Markit Ltd.","tag_set":"cliff_organizations","tag_sets_id":2388,"tags_id":9724886},{"stories_id":2134826714,"tag":"Fitch Ratings Inc.","tag_set":"cliff_organizations","tag_sets_id":2388,"tags_id":9734121},{"stories_id":2134826714,"tag":"Moody’s Corp.","tag_set":"cliff_organizations","tag_sets_id":2388,"tags_id":9764589},{"stories_id":2134826714,"tag":"van Dijk","tag_set":"cliff_people","tag_sets_id":2389,"tags_id":9772485},{"stories_id":2134826714,"tag":"KBRA","tag_set":"cliff_people","tag_sets_id":2389,"tags_id":9925958},{"stories_id":2134826714,"tag":"Warburg Pincus LLC","tag_set":"cliff_organizations","tag_sets_id":2388,"tags_id":9928837},{"stories_id":2134826714,"tag":"Kroll Inc.","tag_set":"cliff_organizations","tag_sets_id":2388,"tags_id":10269736},{"stories_id":2134826714,"tag":"Jules Kroll","tag_set":"cliff_people","tag_sets_id":2389,"tags_id":10407507},{"stories_id":2134826714,"tag":"KBRA","tag_set":"cliff_organizations","tag_sets_id":2388,"tags_id":10500700},{"stories_id":2134826714,"tag":"Carlyle Group Inc.","tag_set":"cliff_organizations","tag_sets_id":2388,"tags_id":10884805},{"stories_id":2134826714,"tag":"Parthenon Capital Partners","tag_set":"cliff_organizations","tag_sets_id":2388,"tags_id":41106964},{"stories_id":2134826714,"tag":"Sherman Financial Group LLC","tag_set":"cliff_organizations","tag_sets_id":2388,"tags_id":51691270},{"stories_id":2134826714,"tag":"geonames_5109797","tag_set":"mc-geocoder@media.mit.edu","tag_sets_id":1011,"tags_id":187516780},{"stories_id":2134826714,"tag":"Kroll Bond Rating Agency LLC","tag_set":"cliff_organizations","tag_sets_id":2388,"tags_id":224656077},{"stories_id":2134826714,"tag":"readability-lxml-0.8.1","tag_set":"extractor_version","tag_sets_id":1354,"tags_id":228516910},{"stories_id":2134826714,"tag":"cliff_clavin_v2.6.1","tag_set":"geocoder_version","tag_sets_id":1937,"tags_id":228516911},{"stories_id":2134826714,"tag":"Kroll rival DBRS Inc.","tag_set":"cliff_organizations","tag_sets_id":2388,"tags_id":251851319},{"stories_id":2134826714,"tag":"Moody’s bought Dutch data provider Bureau","tag_set":"cliff_organizations","tag_sets_id":2388,"tags_id":251851320}],"title":"Parthenon Capital to Buy Kroll Bond Rating Agency in $900 Million Deal","url":"https://www.wsj.com/articles/parthenon-capital-to-buy-kroll-bond-rating-agency-in-900-million-deal-11639391402?mod=rss_markets_main","word_count":null}]