[{"ap_syndicated":null,"collect_date":"2022-05-11 05:10:40.725518","feeds":null,"guid":"https://www.nytimes.com/2022/05/11/realestate/cutchogue-ny-an-appealing-alternative-to-the-hamptons.html","language":"en","media_id":1,"media_name":null,"media_url":null,"processed_stories_id":null,"publish_date":"2022-05-11 05:00:30","stories_id":2305560114,"story_tags":[{"stories_id":2305560114,"tag":"geonames_6252001","tag_set":"mc-geocoder@media.mit.edu","tag_sets_id":1011,"tags_id":8878461},{"stories_id":2305560114,"tag":"geonames_5128638","tag_set":"mc-geocoder@media.mit.edu","tag_sets_id":1011,"tags_id":8878463},{"stories_id":2305560114,"tag":"geonames_4970331","tag_set":"mc-geocoder@media.mit.edu","tag_sets_id":1011,"tags_id":8878497},{"stories_id":2305560114,"tag":"geonames_5139054","tag_set":"mc-geocoder@media.mit.edu","tag_sets_id":1011,"tags_id":8887620},{"stories_id":2305560114,"tag":"geonames_5126239","tag_set":"mc-geocoder@media.mit.edu","tag_sets_id":1011,"tags_id":8897458},{"stories_id":2305560114,"tag":"geonames_4788158","tag_set":"mc-geocoder@media.mit.edu","tag_sets_id":1011,"tags_id":8909329},{"stories_id":2305560114,"tag":"nyt_labeller_v1.0.0","tag_set":"nyt_labels_version","tag_sets_id":1964,"tags_id":9360669},{"stories_id":2305560114,"tag":"travel and vacations","tag_set":"nyt_labels","tag_sets_id":1963,"tags_id":9361022},{"stories_id":2305560114,"tag":"geographic profiles","tag_set":"nyt_labels","tag_sets_id":1963,"tags_id":9361364},{"stories_id":2305560114,"tag":"geography","tag_set":"nyt_labels","tag_sets_id":1963,"tags_id":9361365},{"stories_id":2305560114,"tag":"Brian","tag_set":"cliff_people","tag_sets_id":2389,"tags_id":9367175},{"stories_id":2305560114,"tag":"Steve","tag_set":"cliff_people","tag_sets_id":2389,"tags_id":9388387},{"stories_id":2305560114,"tag":"Zillow","tag_set":"cliff_organizations","tag_sets_id":2388,"tags_id":9392982},{"stories_id":2305560114,"tag":"Douglas Elliman","tag_set":"cliff_people","tag_sets_id":2389,"tags_id":9407156},{"stories_id":2305560114,"tag":"Wickham","tag_set":"cliff_people","tag_sets_id":2389,"tags_id":9620696},{"stories_id":2305560114,"tag":"Trimble","tag_set":"cliff_people","tag_sets_id":2389,"tags_id":9679018},{"stories_id":2305560114,"tag":"Joey Clark","tag_set":"cliff_people","tag_sets_id":2389,"tags_id":10383056},{"stories_id":2305560114,"tag":"geonames_5114401","tag_set":"mc-geocoder@media.mit.edu","tag_sets_id":1011,"tags_id":10584422},{"stories_id":2305560114,"tag":"Daniel Gale Sotheby","tag_set":"cliff_people","tag_sets_id":2389,"tags_id":11309702},{"stories_id":2305560114,"tag":"Cutchogue New Suffolk Free Library","tag_set":"cliff_organizations","tag_sets_id":2388,"tags_id":31384287},{"stories_id":2305560114,"tag":"Cutchogue East Elementary School","tag_set":"cliff_organizations","tag_sets_id":2388,"tags_id":32045536},{"stories_id":2305560114,"tag":"peak travel times","tag_set":"cliff_organizations","tag_sets_id":2388,"tags_id":33132467},{"stories_id":2305560114,"tag":"McCall Wines","tag_set":"cliff_organizations","tag_sets_id":2388,"tags_id":33158903},{"stories_id":2305560114,"tag":"New Suffolk Free Library","tag_set":"cliff_organizations","tag_sets_id":2388,"tags_id":37533761},{"stories_id":2305560114,"tag":"Thomas McCloskey","tag_set":"cliff_people","tag_sets_id":2389,"tags_id":37534499},{"stories_id":2305560114,"tag":"Jessica Kelleher","tag_set":"cliff_people","tag_sets_id":2389,"tags_id":40948789},{"stories_id":2305560114,"tag":"Braun Seafood Company","tag_set":"cliff_organizations","tag_sets_id":2388,"tags_id":48455037},{"stories_id":2305560114,"tag":"Nancy Cervelli","tag_set":"cliff_people","tag_sets_id":2389,"tags_id":64824067},{"stories_id":2305560114,"tag":"Cutchogue Presbyterian Church","tag_set":"cliff_organizations","tag_sets_id":2388,"tags_id":73623700},{"stories_id":2305560114,"tag":"Lisa Gillooly","tag_set":"cliff_people","tag_sets_id":2389,"tags_id":107727950},{"stories_id":2305560114,"tag":"Mattituck-Cutchogue Union Free School District","tag_set":"cliff_organizations","tag_sets_id":2388,"tags_id":111237123},{"stories_id":2305560114,"tag":"Danielle Porto","tag_set":"cliff_people","tag_sets_id":2389,"tags_id":148065812},{"stories_id":2305560114,"tag":"Vincent Monteforte","tag_set":"cliff_people","tag_sets_id":2389,"tags_id":220150131},{"stories_id":2305560114,"tag":"Ursula XVII","tag_set":"cliff_people","tag_sets_id":2389,"tags_id":226839883},{"stories_id":2305560114,"tag":"readability-lxml-0.8.1","tag_set":"extractor_version","tag_sets_id":1354,"tags_id":228516910},{"stories_id":2305560114,"tag":"cliff_clavin_v2.6.1","tag_set":"geocoder_version","tag_sets_id":1937,"tags_id":228516911},{"stories_id":2305560114,"tag":"Mariella O. Ostroski","tag_set":"cliff_people","tag_sets_id":2389,"tags_id":253948778}],"title":"Cutchogue, N.Y.: An Appealing Alternative to the Hamptons","url":"https://www.nytimes.com/2022/05/11/realestate/cutchogue-ny-an-appealing-alternative-to-the-hamptons.html","word_count":null}]