[{"ap_syndicated":null,"collect_date":"2022-05-12 19:33:24.686875","feeds":null,"guid":"https://nypost.com/2022/05/12/ny-electric-bills-expected-to-jump-12-this-summer/","language":"en","media_id":7,"media_name":null,"media_url":null,"processed_stories_id":null,"publish_date":"2022-05-12 19:25:32","stories_id":2307403972,"story_tags":[{"stories_id":2307403972,"tag":"geonames_6252001","tag_set":"mc-geocoder@media.mit.edu","tag_sets_id":1011,"tags_id":8878461},{"stories_id":2307403972,"tag":"geonames_5128638","tag_set":"mc-geocoder@media.mit.edu","tag_sets_id":1011,"tags_id":8878463},{"stories_id":2307403972,"tag":"geonames_5128581","tag_set":"mc-geocoder@media.mit.edu","tag_sets_id":1011,"tags_id":8878486},{"stories_id":2307403972,"tag":"geonames_4177965","tag_set":"mc-geocoder@media.mit.edu","tag_sets_id":1011,"tags_id":8880850},{"stories_id":2307403972,"tag":"nyt_labeller_v1.0.0","tag_set":"nyt_labels_version","tag_sets_id":1964,"tags_id":9360669},{"stories_id":2307403972,"tag":"prices (fares, fees and rates)","tag_set":"nyt_labels","tag_sets_id":1963,"tags_id":9360996},{"stories_id":2307403972,"tag":"energy and power","tag_set":"nyt_labels","tag_sets_id":1963,"tags_id":9360997},{"stories_id":2307403972,"tag":"electric light and power","tag_set":"nyt_labels","tag_sets_id":1963,"tags_id":9361013},{"stories_id":2307403972,"tag":"light","tag_set":"nyt_labels","tag_sets_id":1963,"tags_id":9361014},{"stories_id":2307403972,"tag":"Edison","tag_set":"cliff_people","tag_sets_id":2389,"tags_id":9392275},{"stories_id":2307403972,"tag":"Public Service Commission","tag_set":"cliff_organizations","tag_sets_id":2388,"tags_id":9423283},{"stories_id":2307403972,"tag":"PSC","tag_set":"cliff_organizations","tag_sets_id":2388,"tags_id":9454866},{"stories_id":2307403972,"tag":"Kathy Hochul","tag_set":"cliff_people","tag_sets_id":2389,"tags_id":9464061},{"stories_id":2307403972,"tag":"Allan Drury","tag_set":"cliff_people","tag_sets_id":2389,"tags_id":15044683},{"stories_id":2307403972,"tag":"Rory Christian","tag_set":"cliff_people","tag_sets_id":2389,"tags_id":37626514},{"stories_id":2307403972,"tag":"NY electric","tag_set":"cliff_organizations","tag_sets_id":2388,"tags_id":60915192},{"stories_id":2307403972,"tag":"readability-lxml-0.8.1","tag_set":"extractor_version","tag_sets_id":1354,"tags_id":228516910},{"stories_id":2307403972,"tag":"cliff_clavin_v2.6.1","tag_set":"geocoder_version","tag_sets_id":1937,"tags_id":228516911}],"title":"NY electric bills expected to jump 12% this summer","url":"https://nypost.com/2022/05/12/ny-electric-bills-expected-to-jump-12-this-summer/","word_count":null}]