[{"ap_syndicated":null,"collect_date":"2022-06-09 08:51:05.812483","feeds":null,"guid":"https://www.washingtonpost.com/lifestyle/2022/06/09/alaska-is-having-wildest-election-2022/?utm_source=rss&utm_medium=referral&utm_campaign=wp_lifestyle","language":"en","media_id":2,"media_name":null,"media_url":null,"processed_stories_id":null,"publish_date":"2022-06-09 06:00:10","stories_id":2333284209,"story_tags":[{"stories_id":2333284209,"tag":"geonames_6252001","tag_set":"mc-geocoder@media.mit.edu","tag_sets_id":1011,"tags_id":8878461},{"stories_id":2333284209,"tag":"geonames_5879092","tag_set":"mc-geocoder@media.mit.edu","tag_sets_id":1011,"tags_id":8878759},{"stories_id":2333284209,"tag":"geonames_5554072","tag_set":"mc-geocoder@media.mit.edu","tag_sets_id":1011,"tags_id":8879493},{"stories_id":2333284209,"tag":"geonames_5879400","tag_set":"mc-geocoder@media.mit.edu","tag_sets_id":1011,"tags_id":8879787},{"stories_id":2333284209,"tag":"geonames_4140963","tag_set":"mc-geocoder@media.mit.edu","tag_sets_id":1011,"tags_id":8880349},{"stories_id":2333284209,"tag":"geonames_1688420","tag_set":"mc-geocoder@media.mit.edu","tag_sets_id":1011,"tags_id":8880377},{"stories_id":2333284209,"tag":"geonames_5861897","tag_set":"mc-geocoder@media.mit.edu","tag_sets_id":1011,"tags_id":8885858},{"stories_id":2333284209,"tag":"geonames_5874678","tag_set":"mc-geocoder@media.mit.edu","tag_sets_id":1011,"tags_id":8896077},{"stories_id":2333284209,"tag":"nyt_labeller_v1.0.0","tag_set":"nyt_labels_version","tag_sets_id":1964,"tags_id":9360669},{"stories_id":2333284209,"tag":"politics and government","tag_set":"nyt_labels","tag_sets_id":1963,"tags_id":9360836},{"stories_id":2333284209,"tag":"united states politics and government","tag_set":"nyt_labels","tag_sets_id":1963,"tags_id":9360846},{"stories_id":2333284209,"tag":"elections","tag_set":"nyt_labels","tag_sets_id":1963,"tags_id":9360851},{"stories_id":2333284209,"tag":"Donald Trump","tag_set":"cliff_people","tag_sets_id":2389,"tags_id":9362284},{"stories_id":2333284209,"tag":"Democratic Party","tag_set":"cliff_organizations","tag_sets_id":2388,"tags_id":9362724},{"stories_id":2333284209,"tag":"Senate","tag_set":"cliff_organizations","tag_sets_id":2388,"tags_id":9362741},{"stories_id":2333284209,"tag":"Bernie Sanders","tag_set":"cliff_people","tag_sets_id":2389,"tags_id":9362750},{"stories_id":2333284209,"tag":"Washington Post","tag_set":"cliff_organizations","tag_sets_id":2388,"tags_id":9362798},{"stories_id":2333284209,"tag":"GOP","tag_set":"cliff_organizations","tag_sets_id":2388,"tags_id":9362923},{"stories_id":2333284209,"tag":"FBI","tag_set":"cliff_organizations","tag_sets_id":2388,"tags_id":9362961},{"stories_id":2333284209,"tag":"Congress","tag_set":"cliff_organizations","tag_sets_id":2388,"tags_id":9362962},{"stories_id":2333284209,"tag":"National Guard","tag_set":"cliff_organizations","tag_sets_id":2388,"tags_id":9363152},{"stories_id":2333284209,"tag":"Nancy Pelosi","tag_set":"cliff_people","tag_sets_id":2389,"tags_id":9364036},{"stories_id":2333284209,"tag":"Sarah Palin","tag_set":"cliff_people","tag_sets_id":2389,"tags_id":9364048},{"stories_id":2333284209,"tag":"interior","tag_set":"cliff_organizations","tag_sets_id":2388,"tags_id":9364161},{"stories_id":2333284209,"tag":"Newt Gingrich","tag_set":"cliff_people","tag_sets_id":2389,"tags_id":9364756},{"stories_id":2333284209,"tag":"Stalin","tag_set":"cliff_people","tag_sets_id":2389,"tags_id":9367404},{"stories_id":2333284209,"tag":"New York University","tag_set":"cliff_organizations","tag_sets_id":2388,"tags_id":9367475},{"stories_id":2333284209,"tag":"Army","tag_set":"cliff_organizations","tag_sets_id":2388,"tags_id":9367943},{"stories_id":2333284209,"tag":"Lisa Murkowski","tag_set":"cliff_people","tag_sets_id":2389,"tags_id":9368354},{"stories_id":2333284209,"tag":"Bureau of Land Management","tag_set":"cliff_organizations","tag_sets_id":2388,"tags_id":9373685},{"stories_id":2333284209,"tag":"New York Police Department","tag_set":"cliff_organizations","tag_sets_id":2388,"tags_id":9376014},{"stories_id":2333284209,"tag":"Martin Scorsese","tag_set":"cliff_people","tag_sets_id":2389,"tags_id":9382275},{"stories_id":2333284209,"tag":"Bob","tag_set":"cliff_people","tag_sets_id":2389,"tags_id":9388251},{"stories_id":2333284209,"tag":"Santa Claus","tag_set":"cliff_people","tag_sets_id":2389,"tags_id":9395399},{"stories_id":2333284209,"tag":"Dan Sullivan","tag_set":"cliff_people","tag_sets_id":2389,"tags_id":9412848},{"stories_id":2333284209,"tag":"Cessna","tag_set":"cliff_organizations","tag_sets_id":2388,"tags_id":9420996},{"stories_id":2333284209,"tag":"red cross","tag_set":"cliff_organizations","tag_sets_id":2388,"tags_id":9428232},{"stories_id":2333284209,"tag":"DCA","tag_set":"cliff_organizations","tag_sets_id":2388,"tags_id":9448939},{"stories_id":2333284209,"tag":"Alaska","tag_set":"cliff_organizations","tag_sets_id":2388,"tags_id":9452264},{"stories_id":2333284209,"tag":"Don Young","tag_set":"cliff_people","tag_sets_id":2389,"tags_id":9452268},{"stories_id":2333284209,"tag":"Ted Nugent","tag_set":"cliff_people","tag_sets_id":2389,"tags_id":9468599},{"stories_id":2333284209,"tag":"Hunter Biden","tag_set":"cliff_people","tag_sets_id":2389,"tags_id":9479867},{"stories_id":2333284209,"tag":"Jack London","tag_set":"cliff_people","tag_sets_id":2389,"tags_id":9481068},{"stories_id":2333284209,"tag":"U.S. Interior Department","tag_set":"cliff_organizations","tag_sets_id":2388,"tags_id":9502136},{"stories_id":2333284209,"tag":"University of Alaska","tag_set":"cliff_organizations","tag_sets_id":2388,"tags_id":9513268},{"stories_id":2333284209,"tag":"Mark Begich","tag_set":"cliff_people","tag_sets_id":2389,"tags_id":9553617},{"stories_id":2333284209,"tag":"Santa Claus","tag_set":"cliff_organizations","tag_sets_id":2388,"tags_id":9583102},{"stories_id":2333284209,"tag":"Tuckerman Babcock","tag_set":"cliff_people","tag_sets_id":2389,"tags_id":9695533},{"stories_id":2333284209,"tag":"Bernie Bro","tag_set":"cliff_people","tag_sets_id":2389,"tags_id":9769106},{"stories_id":2333284209,"tag":"Alaska Democratic Party","tag_set":"cliff_organizations","tag_sets_id":2388,"tags_id":9782237},{"stories_id":2333284209,"tag":"Tara Sweeney","tag_set":"cliff_people","tag_sets_id":2389,"tags_id":10299903},{"stories_id":2333284209,"tag":"Ivan Moore","tag_set":"cliff_people","tag_sets_id":2389,"tags_id":10311153},{"stories_id":2333284209,"tag":"Suzanne Downing","tag_set":"cliff_people","tag_sets_id":2389,"tags_id":10399982},{"stories_id":2333284209,"tag":"Jim Palin","tag_set":"cliff_people","tag_sets_id":2389,"tags_id":10422240},{"stories_id":2333284209,"tag":"Anchorage Assembly","tag_set":"cliff_organizations","tag_sets_id":2388,"tags_id":10750654},{"stories_id":2333284209,"tag":"Deb Haaland","tag_set":"cliff_people","tag_sets_id":2389,"tags_id":10756652},{"stories_id":2333284209,"tag":"Indian affairs","tag_set":"cliff_organizations","tag_sets_id":2388,"tags_id":11271669},{"stories_id":2333284209,"tag":"Scott Kendall","tag_set":"cliff_people","tag_sets_id":2389,"tags_id":11360370},{"stories_id":2333284209,"tag":"Ash Adams","tag_set":"cliff_people","tag_sets_id":2389,"tags_id":11402469},{"stories_id":2333284209,"tag":"National Defense Executive Reserve","tag_set":"cliff_organizations","tag_sets_id":2388,"tags_id":11902620},{"stories_id":2333284209,"tag":"Jeff Lowenfels","tag_set":"cliff_people","tag_sets_id":2389,"tags_id":28357502},{"stories_id":2333284209,"tag":"Thomas Patrick O’Connor","tag_set":"cliff_people","tag_sets_id":2389,"tags_id":31857813},{"stories_id":2333284209,"tag":"Nick Begich Sr.","tag_set":"cliff_people","tag_sets_id":2389,"tags_id":33139680},{"stories_id":2333284209,"tag":"William “Billy” Mitchell","tag_set":"cliff_people","tag_sets_id":2389,"tags_id":33799790},{"stories_id":2333284209,"tag":"Kim Reitmeier","tag_set":"cliff_people","tag_sets_id":2389,"tags_id":34222979},{"stories_id":2333284209,"tag":"Genevieve Mina","tag_set":"cliff_people","tag_sets_id":2389,"tags_id":38697999},{"stories_id":2333284209,"tag":"Al Gross","tag_set":"cliff_people","tag_sets_id":2389,"tags_id":44414310},{"stories_id":2333284209,"tag":"Mary Peltola","tag_set":"cliff_people","tag_sets_id":2389,"tags_id":50668477},{"stories_id":2333284209,"tag":"Nick Begich III","tag_set":"cliff_people","tag_sets_id":2389,"tags_id":51371384},{"stories_id":2333284209,"tag":"Cindy Glassmaker","tag_set":"cliff_people","tag_sets_id":2389,"tags_id":55849583},{"stories_id":2333284209,"tag":"Alaska Survey Research","tag_set":"cliff_organizations","tag_sets_id":2388,"tags_id":60296599},{"stories_id":2333284209,"tag":"Josh Revak","tag_set":"cliff_people","tag_sets_id":2389,"tags_id":73196250},{"stories_id":2333284209,"tag":"Amy Lauren Lovecraft","tag_set":"cliff_people","tag_sets_id":2389,"tags_id":74149608},{"stories_id":2333284209,"tag":"Thomas P. O’Connor","tag_set":"cliff_people","tag_sets_id":2389,"tags_id":85497862},{"stories_id":2333284209,"tag":"Wigi Tozzi","tag_set":"cliff_people","tag_sets_id":2389,"tags_id":86353523},{"stories_id":2333284209,"tag":"readability-lxml-0.8.1","tag_set":"extractor_version","tag_sets_id":1354,"tags_id":228516910},{"stories_id":2333284209,"tag":"cliff_clavin_v2.6.1","tag_set":"geocoder_version","tag_sets_id":1937,"tags_id":228516911},{"stories_id":2333284209,"tag":"John B. Coghill Jr.","tag_set":"cliff_people","tag_sets_id":2389,"tags_id":255660681}],"title":"Alaska is having the wildest election of 2022","url":"https://www.washingtonpost.com/lifestyle/2022/06/09/alaska-is-having-wildest-election-2022/?utm_source=rss&utm_medium=referral&utm_campaign=wp_lifestyle","word_count":null}]