[{"ap_syndicated":null,"collect_date":"2022-06-21 11:31:49.582028","feeds":null,"guid":"SB12413036576360873427504588610421352496976","language":"en","media_id":1150,"media_name":null,"media_url":null,"processed_stories_id":null,"publish_date":"2022-06-21 07:03:00","stories_id":2344426483,"story_tags":[{"stories_id":2344426483,"tag":"geonames_6252001","tag_set":"mc-geocoder@media.mit.edu","tag_sets_id":1011,"tags_id":8878461},{"stories_id":2344426483,"tag":"nyt_labeller_v1.0.0","tag_set":"nyt_labels_version","tag_sets_id":1964,"tags_id":9360669},{"stories_id":2344426483,"tag":"finances","tag_set":"nyt_labels","tag_sets_id":1963,"tags_id":9360840},{"stories_id":2344426483,"tag":"united states economy","tag_set":"nyt_labels","tag_sets_id":1963,"tags_id":9360990},{"stories_id":2344426483,"tag":"prices (fares, fees and rates)","tag_set":"nyt_labels","tag_sets_id":1963,"tags_id":9360996},{"stories_id":2344426483,"tag":"energy and power","tag_set":"nyt_labels","tag_sets_id":1963,"tags_id":9360997},{"stories_id":2344426483,"tag":"electric light and power","tag_set":"nyt_labels","tag_sets_id":1963,"tags_id":9361013},{"stories_id":2344426483,"tag":"light","tag_set":"nyt_labels","tag_sets_id":1963,"tags_id":9361014},{"stories_id":2344426483,"tag":"interest rates","tag_set":"nyt_labels","tag_sets_id":1963,"tags_id":9361078},{"stories_id":2344426483,"tag":"Biden","tag_set":"cliff_people","tag_sets_id":2389,"tags_id":9365736},{"stories_id":2344426483,"tag":"Federal Reserve","tag_set":"cliff_organizations","tag_sets_id":2388,"tags_id":9368261},{"stories_id":2344426483,"tag":"Commerce Department","tag_set":"cliff_organizations","tag_sets_id":2388,"tags_id":9368435},{"stories_id":2344426483,"tag":"Keith Martin","tag_set":"cliff_people","tag_sets_id":2389,"tags_id":9396533},{"stories_id":2344426483,"tag":"U.S. Energy Department","tag_set":"cliff_organizations","tag_sets_id":2388,"tags_id":9414253},{"stories_id":2344426483,"tag":"Federal Energy Regulatory Commission","tag_set":"cliff_organizations","tag_sets_id":2388,"tags_id":9415770},{"stories_id":2344426483,"tag":"Energy Department","tag_set":"cliff_organizations","tag_sets_id":2388,"tags_id":9415772},{"stories_id":2344426483,"tag":"Dow Jones & Company, Inc","tag_set":"cliff_organizations","tag_sets_id":2388,"tags_id":9448258},{"stories_id":2344426483,"tag":"Lawrence Berkeley National Laboratory","tag_set":"cliff_organizations","tag_sets_id":2388,"tags_id":9450339},{"stories_id":2344426483,"tag":"Lazard","tag_set":"cliff_organizations","tag_sets_id":2388,"tags_id":9457592},{"stories_id":2344426483,"tag":"Green Energy","tag_set":"cliff_organizations","tag_sets_id":2388,"tags_id":9503739},{"stories_id":2344426483,"tag":"John Carson","tag_set":"cliff_people","tag_sets_id":2389,"tags_id":9504266},{"stories_id":2344426483,"tag":"Norton","tag_set":"cliff_organizations","tag_sets_id":2388,"tags_id":9568650},{"stories_id":2344426483,"tag":"PPA","tag_set":"cliff_organizations","tag_sets_id":2388,"tags_id":9633194},{"stories_id":2344426483,"tag":"Jinjoo Lee","tag_set":"cliff_people","tag_sets_id":2389,"tags_id":46447844},{"stories_id":2344426483,"tag":"Cordelio Power","tag_set":"cliff_organizations","tag_sets_id":2388,"tags_id":73345710},{"stories_id":2344426483,"tag":"readability-lxml-0.8.1","tag_set":"extractor_version","tag_sets_id":1354,"tags_id":228516910},{"stories_id":2344426483,"tag":"cliff_clavin_v2.6.1","tag_set":"geocoder_version","tag_sets_id":1937,"tags_id":228516911}],"title":"Green Energy's Big Looming Problem Is Red Tape","url":"https://www.wsj.com/articles/green-energys-big-looming-problem-is-red-tape-11655809380?mod=rss_markets_main","word_count":null}]