[{"ap_syndicated":null,"collect_date":"2022-06-26 08:33:33.960861","feeds":null,"guid":"https://www.nytimes.com/live/2022/06/26/world/russia-ukraine-war-news/tight-security-will-aim-to-prevent-a-repeat-of-past-violence","language":"en","media_id":1,"media_name":null,"media_url":null,"processed_stories_id":null,"publish_date":"2022-06-26 08:22:09","stories_id":2349017728,"story_tags":[{"stories_id":2349017728,"tag":"geonames_2950157","tag_set":"mc-geocoder@media.mit.edu","tag_sets_id":1011,"tags_id":8878617},{"stories_id":2349017728,"tag":"geonames_2950159","tag_set":"mc-geocoder@media.mit.edu","tag_sets_id":1011,"tags_id":8878621},{"stories_id":2349017728,"tag":"geonames_524894","tag_set":"mc-geocoder@media.mit.edu","tag_sets_id":1011,"tags_id":8878647},{"stories_id":2349017728,"tag":"geonames_524901","tag_set":"mc-geocoder@media.mit.edu","tag_sets_id":1011,"tags_id":8878648},{"stories_id":2349017728,"tag":"geonames_690791","tag_set":"mc-geocoder@media.mit.edu","tag_sets_id":1011,"tags_id":8878855},{"stories_id":2349017728,"tag":"geonames_501165","tag_set":"mc-geocoder@media.mit.edu","tag_sets_id":1011,"tags_id":8892979},{"stories_id":2349017728,"tag":"geonames_565348","tag_set":"mc-geocoder@media.mit.edu","tag_sets_id":1011,"tags_id":8955895},{"stories_id":2349017728,"tag":"nyt_labeller_v1.0.0","tag_set":"nyt_labels_version","tag_sets_id":1964,"tags_id":9360669},{"stories_id":2349017728,"tag":"economic conditions and trends","tag_set":"nyt_labels","tag_sets_id":1963,"tags_id":9360989},{"stories_id":2349017728,"tag":"New York Times","tag_set":"cliff_organizations","tag_sets_id":2388,"tags_id":9362756},{"stories_id":2349017728,"tag":"United Nations","tag_set":"cliff_organizations","tag_sets_id":2388,"tags_id":9362785},{"stories_id":2349017728,"tag":"NATO","tag_set":"cliff_organizations","tag_sets_id":2388,"tags_id":9362843},{"stories_id":2349017728,"tag":"Emmanuel Macron","tag_set":"cliff_people","tag_sets_id":2389,"tags_id":9365980},{"stories_id":2349017728,"tag":"Mario Draghi","tag_set":"cliff_people","tag_sets_id":2389,"tags_id":9407601},{"stories_id":2349017728,"tag":"Global Public Policy Institute","tag_set":"cliff_organizations","tag_sets_id":2388,"tags_id":9421055},{"stories_id":2349017728,"tag":"Olaf Scholz","tag_set":"cliff_people","tag_sets_id":2389,"tags_id":9437204},{"stories_id":2349017728,"tag":"Marshall Fund","tag_set":"cliff_organizations","tag_sets_id":2388,"tags_id":9467134},{"stories_id":2349017728,"tag":"Lutz Weischer","tag_set":"cliff_people","tag_sets_id":2389,"tags_id":9526507},{"stories_id":2349017728,"tag":"Ulrich","tag_set":"cliff_people","tag_sets_id":2389,"tags_id":9627920},{"stories_id":2349017728,"tag":"Sudha David-Wilp","tag_set":"cliff_people","tag_sets_id":2389,"tags_id":9648165},{"stories_id":2349017728,"tag":"Tyler Hicks/The","tag_set":"cliff_people","tag_sets_id":2389,"tags_id":9670680},{"stories_id":2349017728,"tag":"Thorsten Benner","tag_set":"cliff_people","tag_sets_id":2389,"tags_id":10918527},{"stories_id":2349017728,"tag":"Volodymyr Zelensky","tag_set":"cliff_people","tag_sets_id":2389,"tags_id":40535994},{"stories_id":2349017728,"tag":"Lindsay Stringer","tag_set":"cliff_people","tag_sets_id":2389,"tags_id":42249767},{"stories_id":2349017728,"tag":"readability-lxml-0.8.1","tag_set":"extractor_version","tag_sets_id":1354,"tags_id":228516910},{"stories_id":2349017728,"tag":"cliff_clavin_v2.6.1","tag_set":"geocoder_version","tag_sets_id":1937,"tags_id":228516911}],"title":"Tight security at G7 will aim to prevent a repeat of past violence.","url":"https://www.nytimes.com/live/2022/06/26/world/russia-ukraine-war-news/tight-security-will-aim-to-prevent-a-repeat-of-past-violence","word_count":null}]