[{"ap_syndicated":null,"collect_date":"2022-06-30 12:32:48.974428","feeds":null,"guid":"https://www.washingtonpost.com/climate-environment/2022/06/30/epa-supreme-court-west-virginia/?utm_source=rss&utm_medium=referral&utm_campaign=wp_climate-environment","language":"en","media_id":2,"media_name":null,"media_url":null,"processed_stories_id":null,"publish_date":"2022-06-30 12:21:28","stories_id":2353258343,"story_tags":[{"stories_id":2353258343,"tag":"geonames_6252001","tag_set":"mc-geocoder@media.mit.edu","tag_sets_id":1011,"tags_id":8878461},{"stories_id":2353258343,"tag":"geonames_4826850","tag_set":"mc-geocoder@media.mit.edu","tag_sets_id":1011,"tags_id":8878580},{"stories_id":2353258343,"tag":"geonames_4717560","tag_set":"mc-geocoder@media.mit.edu","tag_sets_id":1011,"tags_id":8883238},{"stories_id":2353258343,"tag":"nyt_labeller_v1.0.0","tag_set":"nyt_labels_version","tag_sets_id":1964,"tags_id":9360669},{"stories_id":2353258343,"tag":"politics and government","tag_set":"nyt_labels","tag_sets_id":1963,"tags_id":9360836},{"stories_id":2353258343,"tag":"suits and litigation","tag_set":"nyt_labels","tag_sets_id":1963,"tags_id":9360860},{"stories_id":2353258343,"tag":"global warming","tag_set":"nyt_labels","tag_sets_id":1963,"tags_id":9360886},{"stories_id":2353258343,"tag":"environment","tag_set":"nyt_labels","tag_sets_id":1963,"tags_id":9360887},{"stories_id":2353258343,"tag":"decisions and verdicts","tag_set":"nyt_labels","tag_sets_id":1963,"tags_id":9360905},{"stories_id":2353258343,"tag":"air pollution","tag_set":"nyt_labels","tag_sets_id":1963,"tags_id":9361007},{"stories_id":2353258343,"tag":"Donald Trump","tag_set":"cliff_people","tag_sets_id":2389,"tags_id":9362284},{"stories_id":2353258343,"tag":"Supreme Court","tag_set":"cliff_organizations","tag_sets_id":2388,"tags_id":9362719},{"stories_id":2353258343,"tag":"Facebook","tag_set":"cliff_organizations","tag_sets_id":2388,"tags_id":9362725},{"stories_id":2353258343,"tag":"GOP","tag_set":"cliff_organizations","tag_sets_id":2388,"tags_id":9362923},{"stories_id":2353258343,"tag":"Congress","tag_set":"cliff_organizations","tag_sets_id":2388,"tags_id":9362962},{"stories_id":2353258343,"tag":"U.S. Supreme Court","tag_set":"cliff_organizations","tag_sets_id":2388,"tags_id":9363947},{"stories_id":2353258343,"tag":"Environmental Protection Agency","tag_set":"cliff_organizations","tag_sets_id":2388,"tags_id":9363956},{"stories_id":2353258343,"tag":"EPA","tag_set":"cliff_organizations","tag_sets_id":2388,"tags_id":9364166},{"stories_id":2353258343,"tag":"Neil M. Gorsuch","tag_set":"cliff_people","tag_sets_id":2389,"tags_id":9364790},{"stories_id":2353258343,"tag":"Tom Wolf","tag_set":"cliff_people","tag_sets_id":2389,"tags_id":9364828},{"stories_id":2353258343,"tag":"Biden","tag_set":"cliff_people","tag_sets_id":2389,"tags_id":9365736},{"stories_id":2353258343,"tag":"Clarence Thomas","tag_set":"cliff_people","tag_sets_id":2389,"tags_id":9365743},{"stories_id":2353258343,"tag":"Antonin Scalia","tag_set":"cliff_people","tag_sets_id":2389,"tags_id":9366143},{"stories_id":2353258343,"tag":"Kate Brown","tag_set":"cliff_people","tag_sets_id":2389,"tags_id":9372440},{"stories_id":2353258343,"tag":"D.C. Circuit","tag_set":"cliff_organizations","tag_sets_id":2388,"tags_id":9373779},{"stories_id":2353258343,"tag":"U.S. Chamber of Commerce","tag_set":"cliff_organizations","tag_sets_id":2388,"tags_id":9378477},{"stories_id":2353258343,"tag":"Patrick Morrisey","tag_set":"cliff_people","tag_sets_id":2389,"tags_id":9378499},{"stories_id":2353258343,"tag":"Ken Paxton","tag_set":"cliff_people","tag_sets_id":2389,"tags_id":9378500},{"stories_id":2353258343,"tag":"Pacific Legal Foundation","tag_set":"cliff_organizations","tag_sets_id":2388,"tags_id":9398495},{"stories_id":2353258343,"tag":"Damien Schiff","tag_set":"cliff_people","tag_sets_id":2389,"tags_id":9414456},{"stories_id":2353258343,"tag":"Amy Coney Barrett","tag_set":"cliff_people","tag_sets_id":2389,"tags_id":9414459},{"stories_id":2353258343,"tag":"John G. Roberts Jr.","tag_set":"cliff_people","tag_sets_id":2389,"tags_id":9415696},{"stories_id":2353258343,"tag":"Samuel A. Alito Jr.","tag_set":"cliff_people","tag_sets_id":2389,"tags_id":9415699},{"stories_id":2353258343,"tag":"Ned Lamont","tag_set":"cliff_people","tag_sets_id":2389,"tags_id":9416172},{"stories_id":2353258343,"tag":"Court of Appeals","tag_set":"cliff_organizations","tag_sets_id":2388,"tags_id":9458611},{"stories_id":2353258343,"tag":"Georgetown University Law Center","tag_set":"cliff_organizations","tag_sets_id":2388,"tags_id":9458820},{"stories_id":2353258343,"tag":"Dan Farber","tag_set":"cliff_people","tag_sets_id":2389,"tags_id":9460389},{"stories_id":2353258343,"tag":"U.S. Climate Alliance","tag_set":"cliff_organizations","tag_sets_id":2388,"tags_id":9586184},{"stories_id":2353258343,"tag":"Brett M. Kavanaugh","tag_set":"cliff_people","tag_sets_id":2389,"tags_id":9586823},{"stories_id":2353258343,"tag":"William Buzbee","tag_set":"cliff_people","tag_sets_id":2389,"tags_id":9610954},{"stories_id":2353258343,"tag":"University of California at Berkeley","tag_set":"cliff_organizations","tag_sets_id":2388,"tags_id":9706391},{"stories_id":2353258343,"tag":"Chelsea Johnson","tag_set":"cliff_people","tag_sets_id":2389,"tags_id":10162651},{"stories_id":2353258343,"tag":"Mike Sackett","tag_set":"cliff_people","tag_sets_id":2389,"tags_id":11611812},{"stories_id":2353258343,"tag":"Glenn Youngkin","tag_set":"cliff_people","tag_sets_id":2389,"tags_id":11881633},{"stories_id":2353258343,"tag":"Kirti Datla","tag_set":"cliff_people","tag_sets_id":2389,"tags_id":37603640},{"stories_id":2353258343,"tag":"Doug Mastriano","tag_set":"cliff_people","tag_sets_id":2389,"tags_id":49382677},{"stories_id":2353258343,"tag":"geonames_11126357","tag_set":"mc-geocoder@media.mit.edu","tag_sets_id":1011,"tags_id":187969146},{"stories_id":2353258343,"tag":"readability-lxml-0.8.1","tag_set":"extractor_version","tag_sets_id":1354,"tags_id":228516910},{"stories_id":2353258343,"tag":"cliff_clavin_v2.6.1","tag_set":"geocoder_version","tag_sets_id":1937,"tags_id":228516911}],"title":"Supreme Court’s EPA ruling upends Biden’s environmental agenda","url":"https://www.washingtonpost.com/climate-environment/2022/06/30/epa-supreme-court-west-virginia/?utm_source=rss&utm_medium=referral&utm_campaign=wp_climate-environment","word_count":null}]