[{"ap_syndicated":null,"collect_date":"2022-07-15 00:34:27.958402","feeds":null,"guid":"https://www.nytimes.com/2022/07/15/style/sarah-bauer-greer-mackebee-wedding.html","language":"en","media_id":1,"media_name":null,"media_url":null,"processed_stories_id":null,"publish_date":"2022-07-15 00:00:10","stories_id":2366630310,"story_tags":[{"stories_id":2366630310,"tag":"geonames_6252001","tag_set":"mc-geocoder@media.mit.edu","tag_sets_id":1011,"tags_id":8878461},{"stories_id":2366630310,"tag":"geonames_4921868","tag_set":"mc-geocoder@media.mit.edu","tag_sets_id":1011,"tags_id":8878577},{"stories_id":2366630310,"tag":"geonames_4259418","tag_set":"mc-geocoder@media.mit.edu","tag_sets_id":1011,"tags_id":8878583},{"stories_id":2366630310,"tag":"geonames_4140963","tag_set":"mc-geocoder@media.mit.edu","tag_sets_id":1011,"tags_id":8880349},{"stories_id":2366630310,"tag":"geonames_4255466","tag_set":"mc-geocoder@media.mit.edu","tag_sets_id":1011,"tags_id":8880848},{"stories_id":2366630310,"tag":"nyt_labeller_v1.0.0","tag_set":"nyt_labels_version","tag_sets_id":1964,"tags_id":9360669},{"stories_id":2366630310,"tag":"television","tag_set":"nyt_labels","tag_sets_id":1963,"tags_id":9360879},{"stories_id":2366630310,"tag":"college athletics","tag_set":"nyt_labels","tag_sets_id":1963,"tags_id":9360944},{"stories_id":2366630310,"tag":"Facebook","tag_set":"cliff_organizations","tag_sets_id":2388,"tags_id":9362725},{"stories_id":2366630310,"tag":"Clark","tag_set":"cliff_people","tag_sets_id":2389,"tags_id":9363541},{"stories_id":2366630310,"tag":"U.S. Senate","tag_set":"cliff_organizations","tag_sets_id":2388,"tags_id":9363953},{"stories_id":2366630310,"tag":"Dick Durbin","tag_set":"cliff_people","tag_sets_id":2389,"tags_id":9364724},{"stories_id":2366630310,"tag":"Indiana University","tag_set":"cliff_organizations","tag_sets_id":2388,"tags_id":9366856},{"stories_id":2366630310,"tag":"Stanford University","tag_set":"cliff_organizations","tag_sets_id":2388,"tags_id":9367230},{"stories_id":2366630310,"tag":"Duke University","tag_set":"cliff_organizations","tag_sets_id":2388,"tags_id":9376406},{"stories_id":2366630310,"tag":"Joe Donnelly","tag_set":"cliff_people","tag_sets_id":2389,"tags_id":9377821},{"stories_id":2366630310,"tag":"Duke","tag_set":"cliff_organizations","tag_sets_id":2388,"tags_id":9388160},{"stories_id":2366630310,"tag":"Lewis","tag_set":"cliff_people","tag_sets_id":2389,"tags_id":9401639},{"stories_id":2366630310,"tag":"M.I.T","tag_set":"cliff_organizations","tag_sets_id":2388,"tags_id":9633228},{"stories_id":2366630310,"tag":"Bill Reid","tag_set":"cliff_people","tag_sets_id":2389,"tags_id":9857758},{"stories_id":2366630310,"tag":"Johnny Gilbert","tag_set":"cliff_people","tag_sets_id":2389,"tags_id":10678466},{"stories_id":2366630310,"tag":"St. John the Evangelist Catholic Church","tag_set":"cliff_organizations","tag_sets_id":2388,"tags_id":12310113},{"stories_id":2366630310,"tag":"St. Elizabeth Seton Catholic Church","tag_set":"cliff_organizations","tag_sets_id":2388,"tags_id":35356462},{"stories_id":2366630310,"tag":"BrightNight","tag_set":"cliff_organizations","tag_sets_id":2388,"tags_id":201372815},{"stories_id":2366630310,"tag":"William Greer Mackebee","tag_set":"cliff_people","tag_sets_id":2389,"tags_id":220199046},{"stories_id":2366630310,"tag":"readability-lxml-0.8.1","tag_set":"extractor_version","tag_sets_id":1354,"tags_id":228516910},{"stories_id":2366630310,"tag":"cliff_clavin_v2.6.1","tag_set":"geocoder_version","tag_sets_id":1937,"tags_id":228516911},{"stories_id":2366630310,"tag":"Sarah Elizabeth Bauer","tag_set":"cliff_people","tag_sets_id":2389,"tags_id":257811650}],"title":"What Is … Happily Ever After?","url":"https://www.nytimes.com/2022/07/15/style/sarah-bauer-greer-mackebee-wedding.html","word_count":null}]