[{"ap_syndicated":null,"collect_date":"2022-07-22 19:30:08.432177","feeds":null,"guid":"https://www.washingtonpost.com/politics/2022/07/22/where-biden-imperiled-climate-agenda-stands/","language":"en","media_id":2,"media_name":null,"media_url":null,"processed_stories_id":null,"publish_date":"2022-07-22 08:29:53","stories_id":2373976442,"story_tags":[{"stories_id":2373976442,"tag":"geonames_6252001","tag_set":"mc-geocoder@media.mit.edu","tag_sets_id":1011,"tags_id":8878461},{"stories_id":2373976442,"tag":"geonames_5332921","tag_set":"mc-geocoder@media.mit.edu","tag_sets_id":1011,"tags_id":8878533},{"stories_id":2373976442,"tag":"geonames_6254926","tag_set":"mc-geocoder@media.mit.edu","tag_sets_id":1011,"tags_id":8878682},{"stories_id":2373976442,"tag":"geonames_4930956","tag_set":"mc-geocoder@media.mit.edu","tag_sets_id":1011,"tags_id":8878689},{"stories_id":2373976442,"tag":"geonames_5551752","tag_set":"mc-geocoder@media.mit.edu","tag_sets_id":1011,"tags_id":8878730},{"stories_id":2373976442,"tag":"geonames_5308655","tag_set":"mc-geocoder@media.mit.edu","tag_sets_id":1011,"tags_id":8879154},{"stories_id":2373976442,"tag":"nyt_labeller_v1.0.0","tag_set":"nyt_labels_version","tag_sets_id":1964,"tags_id":9360669},{"stories_id":2373976442,"tag":"politics and government","tag_set":"nyt_labels","tag_sets_id":1963,"tags_id":9360836},{"stories_id":2373976442,"tag":"united states politics and government","tag_set":"nyt_labels","tag_sets_id":1963,"tags_id":9360846},{"stories_id":2373976442,"tag":"environment","tag_set":"nyt_labels","tag_sets_id":1963,"tags_id":9360887},{"stories_id":2373976442,"tag":"energy and power","tag_set":"nyt_labels","tag_sets_id":1963,"tags_id":9360997},{"stories_id":2373976442,"tag":"Donald Trump","tag_set":"cliff_people","tag_sets_id":2389,"tags_id":9362284},{"stories_id":2373976442,"tag":"Senate","tag_set":"cliff_organizations","tag_sets_id":2388,"tags_id":9362741},{"stories_id":2373976442,"tag":"Washington Post","tag_set":"cliff_organizations","tag_sets_id":2388,"tags_id":9362798},{"stories_id":2373976442,"tag":"Congress","tag_set":"cliff_organizations","tag_sets_id":2388,"tags_id":9362962},{"stories_id":2373976442,"tag":"Trump administration","tag_set":"cliff_organizations","tag_sets_id":2388,"tags_id":9362998},{"stories_id":2373976442,"tag":"House","tag_set":"cliff_organizations","tag_sets_id":2388,"tags_id":9363164},{"stories_id":2373976442,"tag":"Democrats","tag_set":"cliff_organizations","tag_sets_id":2388,"tags_id":9363166},{"stories_id":2373976442,"tag":"Interior","tag_set":"cliff_organizations","tag_sets_id":2388,"tags_id":9363817},{"stories_id":2373976442,"tag":"Environmental Protection Agency","tag_set":"cliff_organizations","tag_sets_id":2388,"tags_id":9363956},{"stories_id":2373976442,"tag":"Biden","tag_set":"cliff_people","tag_sets_id":2389,"tags_id":9365736},{"stories_id":2373976442,"tag":"Interior Department","tag_set":"cliff_organizations","tag_sets_id":2388,"tags_id":9367363},{"stories_id":2373976442,"tag":"Federal Emergency Management Agency","tag_set":"cliff_organizations","tag_sets_id":2388,"tags_id":9368312},{"stories_id":2373976442,"tag":"Federal Highway Administration","tag_set":"cliff_organizations","tag_sets_id":2388,"tags_id":9376456},{"stories_id":2373976442,"tag":"John Barrasso","tag_set":"cliff_people","tag_sets_id":2389,"tags_id":9378331},{"stories_id":2373976442,"tag":"International Union for Conservation of Nature","tag_set":"cliff_organizations","tag_sets_id":2388,"tags_id":9378890},{"stories_id":2373976442,"tag":"Dino Grandoni","tag_set":"cliff_people","tag_sets_id":2389,"tags_id":9381750},{"stories_id":2373976442,"tag":"Transportation Department","tag_set":"cliff_organizations","tag_sets_id":2388,"tags_id":9384559},{"stories_id":2373976442,"tag":"Joe Manchin III","tag_set":"cliff_people","tag_sets_id":2389,"tags_id":9385885},{"stories_id":2373976442,"tag":"Jason Samenow","tag_set":"cliff_people","tag_sets_id":2389,"tags_id":9410048},{"stories_id":2373976442,"tag":"Federal Energy Regulatory Commission","tag_set":"cliff_organizations","tag_sets_id":2388,"tags_id":9415770},{"stories_id":2373976442,"tag":"Energy Department","tag_set":"cliff_organizations","tag_sets_id":2388,"tags_id":9415772},{"stories_id":2373976442,"tag":"Senate Energy and Natural Resources Committee","tag_set":"cliff_organizations","tag_sets_id":2388,"tags_id":9416098},{"stories_id":2373976442,"tag":"North American Electric Reliability Corp.","tag_set":"cliff_organizations","tag_sets_id":2388,"tags_id":9463495},{"stories_id":2373976442,"tag":"Jerry McNerney","tag_set":"cliff_people","tag_sets_id":2389,"tags_id":9474527},{"stories_id":2373976442,"tag":"FERC","tag_set":"cliff_organizations","tag_sets_id":2388,"tags_id":9476819},{"stories_id":2373976442,"tag":"Tony Romm","tag_set":"cliff_people","tag_sets_id":2389,"tags_id":9511525},{"stories_id":2373976442,"tag":"Mike Levin","tag_set":"cliff_people","tag_sets_id":2389,"tags_id":9572556},{"stories_id":2373976442,"tag":"Yasmeen Abutaleb","tag_set":"cliff_people","tag_sets_id":2389,"tags_id":9577935},{"stories_id":2373976442,"tag":"Matthew Cappucci","tag_set":"cliff_people","tag_sets_id":2389,"tags_id":9596422},{"stories_id":2373976442,"tag":"Shailen Bhatt","tag_set":"cliff_people","tag_sets_id":2389,"tags_id":9754309},{"stories_id":2373976442,"tag":"Stephen Owens","tag_set":"cliff_people","tag_sets_id":2389,"tags_id":10562332},{"stories_id":2373976442,"tag":"Jason Holmes","tag_set":"cliff_people","tag_sets_id":2389,"tags_id":10619967},{"stories_id":2373976442,"tag":"Anna Phillips","tag_set":"cliff_people","tag_sets_id":2389,"tags_id":10795554},{"stories_id":2373976442,"tag":"Jeff Marootian","tag_set":"cliff_people","tag_sets_id":2389,"tags_id":11815921},{"stories_id":2373976442,"tag":"Zack Budryk","tag_set":"cliff_people","tag_sets_id":2389,"tags_id":27040234},{"stories_id":2373976442,"tag":"Sean Casten","tag_set":"cliff_people","tag_sets_id":2389,"tags_id":28406818},{"stories_id":2373976442,"tag":"Brianna Tucker","tag_set":"cliff_people","tag_sets_id":2389,"tags_id":35682416},{"stories_id":2373976442,"tag":"Jill Tauber","tag_set":"cliff_people","tag_sets_id":2389,"tags_id":45781027},{"stories_id":2373976442,"tag":"Laura Daniel-Davis","tag_set":"cliff_people","tag_sets_id":2389,"tags_id":59034498},{"stories_id":2373976442,"tag":"Biden EPA","tag_set":"cliff_organizations","tag_sets_id":2388,"tags_id":202571460},{"stories_id":2373976442,"tag":"readability-lxml-0.8.1","tag_set":"extractor_version","tag_sets_id":1354,"tags_id":228516910},{"stories_id":2373976442,"tag":"cliff_clavin_v2.6.1","tag_set":"geocoder_version","tag_sets_id":1937,"tags_id":228516911}],"title":"Where Biden's imperiled climate agenda stands","url":"https://www.washingtonpost.com/politics/2022/07/22/where-biden-imperiled-climate-agenda-stands/","word_count":null}]