[{"ap_syndicated":null,"collect_date":"2022-08-09 10:40:54.654135","feeds":null,"guid":"https://www.nytimes.com/live/2022/08/09/us/election-wisconsin-primary-minnesota/a-mans-home-is-a-sacred-place-wisconsin-republicans-condemn-the-fbi-search-of-trumps-home","language":"en","media_id":1,"media_name":null,"media_url":null,"processed_stories_id":null,"publish_date":"2022-08-09 10:31:50","stories_id":2389340331,"story_tags":[{"stories_id":2389340331,"tag":"geonames_6252001","tag_set":"mc-geocoder@media.mit.edu","tag_sets_id":1011,"tags_id":8878461},{"stories_id":2389340331,"tag":"geonames_4138106","tag_set":"mc-geocoder@media.mit.edu","tag_sets_id":1011,"tags_id":8878827},{"stories_id":2389340331,"tag":"geonames_4140963","tag_set":"mc-geocoder@media.mit.edu","tag_sets_id":1011,"tags_id":8880349},{"stories_id":2389340331,"tag":"nyt_labeller_v1.0.0","tag_set":"nyt_labels_version","tag_sets_id":1964,"tags_id":9360669},{"stories_id":2389340331,"tag":"politics and government","tag_set":"nyt_labels","tag_sets_id":1963,"tags_id":9360836},{"stories_id":2389340331,"tag":"law and legislation","tag_set":"nyt_labels","tag_sets_id":1963,"tags_id":9360837},{"stories_id":2389340331,"tag":"finances","tag_set":"nyt_labels","tag_sets_id":1963,"tags_id":9360840},{"stories_id":2389340331,"tag":"united states politics and government","tag_set":"nyt_labels","tag_sets_id":1963,"tags_id":9360846},{"stories_id":2389340331,"tag":"advertising and marketing","tag_set":"nyt_labels","tag_sets_id":1963,"tags_id":9360849},{"stories_id":2389340331,"tag":"elections","tag_set":"nyt_labels","tag_sets_id":1963,"tags_id":9360851},{"stories_id":2389340331,"tag":"medicine and health","tag_set":"nyt_labels","tag_sets_id":1963,"tags_id":9360852},{"stories_id":2389340331,"tag":"election issues","tag_set":"nyt_labels","tag_sets_id":1963,"tags_id":9360896},{"stories_id":2389340331,"tag":"drugs (pharmaceuticals)","tag_set":"nyt_labels","tag_sets_id":1963,"tags_id":9360941},{"stories_id":2389340331,"tag":"prices (fares, fees and rates)","tag_set":"nyt_labels","tag_sets_id":1963,"tags_id":9360996},{"stories_id":2389340331,"tag":"Supreme Court","tag_set":"cliff_organizations","tag_sets_id":2388,"tags_id":9362719},{"stories_id":2389340331,"tag":"Democratic Party","tag_set":"cliff_organizations","tag_sets_id":2388,"tags_id":9362724},{"stories_id":2389340331,"tag":"White House","tag_set":"cliff_organizations","tag_sets_id":2388,"tags_id":9362736},{"stories_id":2389340331,"tag":"Senate","tag_set":"cliff_organizations","tag_sets_id":2388,"tags_id":9362741},{"stories_id":2389340331,"tag":"Republican","tag_set":"cliff_organizations","tag_sets_id":2388,"tags_id":9362742},{"stories_id":2389340331,"tag":"New York Times","tag_set":"cliff_organizations","tag_sets_id":2388,"tags_id":9362756},{"stories_id":2389340331,"tag":"Congress","tag_set":"cliff_organizations","tag_sets_id":2388,"tags_id":9362962},{"stories_id":2389340331,"tag":"House","tag_set":"cliff_organizations","tag_sets_id":2388,"tags_id":9363164},{"stories_id":2389340331,"tag":"Gary Peters","tag_set":"cliff_people","tag_sets_id":2389,"tags_id":9363328},{"stories_id":2389340331,"tag":"Internal Revenue Service","tag_set":"cliff_organizations","tag_sets_id":2388,"tags_id":9363451},{"stories_id":2389340331,"tag":"Roe","tag_set":"cliff_people","tag_sets_id":2389,"tags_id":9364471},{"stories_id":2389340331,"tag":"Wade","tag_set":"cliff_people","tag_sets_id":2389,"tags_id":9364472},{"stories_id":2389340331,"tag":"Medicare","tag_set":"cliff_organizations","tag_sets_id":2388,"tags_id":9364657},{"stories_id":2389340331,"tag":"Chuck Schumer","tag_set":"cliff_people","tag_sets_id":2389,"tags_id":9364810},{"stories_id":2389340331,"tag":"Biden","tag_set":"cliff_people","tag_sets_id":2389,"tags_id":9365736},{"stories_id":2389340331,"tag":"Tom Cotton","tag_set":"cliff_people","tag_sets_id":2389,"tags_id":9367444},{"stories_id":2389340331,"tag":"I.R.S.","tag_set":"cliff_organizations","tag_sets_id":2388,"tags_id":9370174},{"stories_id":2389340331,"tag":"PAC","tag_set":"cliff_organizations","tag_sets_id":2388,"tags_id":9371733},{"stories_id":2389340331,"tag":"Catherine Cortez Masto","tag_set":"cliff_people","tag_sets_id":2389,"tags_id":9372681},{"stories_id":2389340331,"tag":"Mark Kelly","tag_set":"cliff_people","tag_sets_id":2389,"tags_id":9373500},{"stories_id":2389340331,"tag":"Ron Johnson","tag_set":"cliff_people","tag_sets_id":2389,"tags_id":9381712},{"stories_id":2389340331,"tag":"Maggie Hassan","tag_set":"cliff_people","tag_sets_id":2389,"tags_id":9398780},{"stories_id":2389340331,"tag":"Dina Titus","tag_set":"cliff_people","tag_sets_id":2389,"tags_id":9414394},{"stories_id":2389340331,"tag":"Michael Bennet","tag_set":"cliff_people","tag_sets_id":2389,"tags_id":9445954},{"stories_id":2389340331,"tag":"Jonathan Weisman","tag_set":"cliff_people","tag_sets_id":2389,"tags_id":9447413},{"stories_id":2389340331,"tag":"Steven Law","tag_set":"cliff_people","tag_sets_id":2389,"tags_id":9476806},{"stories_id":2389340331,"tag":"Michael Podhorzer","tag_set":"cliff_people","tag_sets_id":2389,"tags_id":9476936},{"stories_id":2389340331,"tag":"Raphael Warnock","tag_set":"cliff_people","tag_sets_id":2389,"tags_id":9586623},{"stories_id":2389340331,"tag":"Ali Lapp","tag_set":"cliff_people","tag_sets_id":2389,"tags_id":9605712},{"stories_id":2389340331,"tag":"Jennifer O’Malley Dillon","tag_set":"cliff_people","tag_sets_id":2389,"tags_id":9691503},{"stories_id":2389340331,"tag":"Kansas Constitution","tag_set":"cliff_organizations","tag_sets_id":2388,"tags_id":9851083},{"stories_id":2389340331,"tag":"Kenny Holston","tag_set":"cliff_people","tag_sets_id":2389,"tags_id":9921959},{"stories_id":2389340331,"tag":"Democratic super PAC","tag_set":"cliff_organizations","tag_sets_id":2388,"tags_id":10106886},{"stories_id":2389340331,"tag":"J.B. Poersch","tag_set":"cliff_people","tag_sets_id":2389,"tags_id":10715424},{"stories_id":2389340331,"tag":"Mandela Barnes","tag_set":"cliff_people","tag_sets_id":2389,"tags_id":10780771},{"stories_id":2389340331,"tag":"Republican super PAC","tag_set":"cliff_organizations","tag_sets_id":2388,"tags_id":11402561},{"stories_id":2389340331,"tag":"Nicole Buchanan","tag_set":"cliff_people","tag_sets_id":2389,"tags_id":29783635},{"stories_id":2389340331,"tag":"Susan Wild","tag_set":"cliff_people","tag_sets_id":2389,"tags_id":33627210},{"stories_id":2389340331,"tag":"Katie Currid","tag_set":"cliff_people","tag_sets_id":2389,"tags_id":34059718},{"stories_id":2389340331,"tag":"Veasey Conway","tag_set":"cliff_people","tag_sets_id":2389,"tags_id":42047040},{"stories_id":2389340331,"tag":"Senate Democratic super PAC","tag_set":"cliff_organizations","tag_sets_id":2388,"tags_id":52224481},{"stories_id":2389340331,"tag":"AARP New Hampshire state","tag_set":"cliff_organizations","tag_sets_id":2388,"tags_id":54214511},{"stories_id":2389340331,"tag":"readability-lxml-0.8.1","tag_set":"extractor_version","tag_sets_id":1354,"tags_id":228516910},{"stories_id":2389340331,"tag":"cliff_clavin_v2.6.1","tag_set":"geocoder_version","tag_sets_id":1937,"tags_id":228516911}],"title":"Wisconsin Republicans Condemn the F.B.I. Search of Trump’s Home","url":"https://www.nytimes.com/live/2022/08/09/us/election-wisconsin-primary-minnesota/a-mans-home-is-a-sacred-place-wisconsin-republicans-condemn-the-fbi-search-of-trumps-home","word_count":null}]