[{"ap_syndicated":null,"collect_date":"2022-09-03 08:55:12.136352","feeds":null,"guid":"https://www.usatoday.com/story/news/nation/2022/09/03/public-power-new-york-maine-climate-sustainability/7904405001/","language":"en","media_id":4,"media_name":null,"media_url":null,"processed_stories_id":null,"publish_date":"2022-09-03 08:00:18","stories_id":2411195756,"story_tags":[{"stories_id":2411195756,"tag":"geonames_6252001","tag_set":"mc-geocoder@media.mit.edu","tag_sets_id":1011,"tags_id":8878461},{"stories_id":2411195756,"tag":"geonames_5128638","tag_set":"mc-geocoder@media.mit.edu","tag_sets_id":1011,"tags_id":8878463},{"stories_id":2411195756,"tag":"geonames_5221703","tag_set":"mc-geocoder@media.mit.edu","tag_sets_id":1011,"tags_id":8879507},{"stories_id":2411195756,"tag":"nyt_labeller_v1.0.0","tag_set":"nyt_labels_version","tag_sets_id":1964,"tags_id":9360669},{"stories_id":2411195756,"tag":"politics and government","tag_set":"nyt_labels","tag_sets_id":1963,"tags_id":9360836},{"stories_id":2411195756,"tag":"law and legislation","tag_set":"nyt_labels","tag_sets_id":1963,"tags_id":9360837},{"stories_id":2411195756,"tag":"energy and power","tag_set":"nyt_labels","tag_sets_id":1963,"tags_id":9360997},{"stories_id":2411195756,"tag":"electric light and power","tag_set":"nyt_labels","tag_sets_id":1963,"tags_id":9361013},{"stories_id":2411195756,"tag":"light","tag_set":"nyt_labels","tag_sets_id":1963,"tags_id":9361014},{"stories_id":2411195756,"tag":"Senate","tag_set":"cliff_organizations","tag_sets_id":2388,"tags_id":9362741},{"stories_id":2411195756,"tag":"Brooklyn College","tag_set":"cliff_organizations","tag_sets_id":2388,"tags_id":9365686},{"stories_id":2411195756,"tag":"USA TODAY","tag_set":"cliff_organizations","tag_sets_id":2388,"tags_id":9382850},{"stories_id":2411195756,"tag":"Kathy Hochul","tag_set":"cliff_people","tag_sets_id":2389,"tags_id":9464061},{"stories_id":2411195756,"tag":"Janet Mills","tag_set":"cliff_people","tag_sets_id":2389,"tags_id":9623019},{"stories_id":2411195756,"tag":"American Public Power Association","tag_set":"cliff_organizations","tag_sets_id":2388,"tags_id":9714590},{"stories_id":2411195756,"tag":"John Flynn","tag_set":"cliff_people","tag_sets_id":2389,"tags_id":9723010},{"stories_id":2411195756,"tag":"New York Power Authority","tag_set":"cliff_organizations","tag_sets_id":2388,"tags_id":10173966},{"stories_id":2411195756,"tag":"NYPA","tag_set":"cliff_organizations","tag_sets_id":2388,"tags_id":10627057},{"stories_id":2411195756,"tag":"Justin Driscoll","tag_set":"cliff_people","tag_sets_id":2389,"tags_id":11151843},{"stories_id":2411195756,"tag":"Michael Menser","tag_set":"cliff_people","tag_sets_id":2389,"tags_id":17761978},{"stories_id":2411195756,"tag":"Gavin Donohue","tag_set":"cliff_people","tag_sets_id":2389,"tags_id":27870236},{"stories_id":2411195756,"tag":"Aaron Eisenberg","tag_set":"cliff_people","tag_sets_id":2389,"tags_id":32522719},{"stories_id":2411195756,"tag":"public power movement","tag_set":"cliff_organizations","tag_sets_id":2388,"tags_id":173990987},{"stories_id":2411195756,"tag":"Marie Therese Kane","tag_set":"cliff_people","tag_sets_id":2389,"tags_id":201065502},{"stories_id":2411195756,"tag":"readability-lxml-0.8.1","tag_set":"extractor_version","tag_sets_id":1354,"tags_id":228516910},{"stories_id":2411195756,"tag":"cliff_clavin_v2.6.1","tag_set":"geocoder_version","tag_sets_id":1937,"tags_id":228516911},{"stories_id":2411195756,"tag":"Daniel Atonna","tag_set":"cliff_people","tag_sets_id":2389,"tags_id":255476802},{"stories_id":2411195756,"tag":"trade association Independent Power Producers of New York","tag_set":"cliff_organizations","tag_sets_id":2388,"tags_id":260405409},{"stories_id":2411195756,"tag":"US public power utilities","tag_set":"cliff_organizations","tag_sets_id":2388,"tags_id":260405410},{"stories_id":2411195756,"tag":"Urban Sustainability Studies","tag_set":"cliff_organizations","tag_sets_id":2388,"tags_id":260405411},{"stories_id":2411195756,"tag":"Wil Thieme","tag_set":"cliff_people","tag_sets_id":2389,"tags_id":260405412}],"title":"Sparking change? Why activists in New York, Maine and elsewhere are pushing for public power.","url":"http://rssfeeds.usatoday.com/~/709341802/0/usatodaycomnation-topstories~Sparking-change-Why-activists-in-New-York-Maine-and-elsewhere-are-pushing-for-public-power/","word_count":null}]