[{"ap_syndicated":null,"collect_date":"2022-09-07 18:10:05.339707","feeds":null,"guid":"https://www.nytimes.com/2022/09/07/briefing/voter-fraud-putin-speech-wakanda.html","language":"en","media_id":1,"media_name":null,"media_url":null,"processed_stories_id":null,"publish_date":"2022-09-07 17:55:35","stories_id":2414933874,"story_tags":[{"stories_id":2414933874,"tag":"geonames_6252001","tag_set":"mc-geocoder@media.mit.edu","tag_sets_id":1011,"tags_id":8878461},{"stories_id":2414933874,"tag":"geonames_5128638","tag_set":"mc-geocoder@media.mit.edu","tag_sets_id":1011,"tags_id":8878463},{"stories_id":2414933874,"tag":"geonames_5128581","tag_set":"mc-geocoder@media.mit.edu","tag_sets_id":1011,"tags_id":8878486},{"stories_id":2414933874,"tag":"geonames_5368361","tag_set":"mc-geocoder@media.mit.edu","tag_sets_id":1011,"tags_id":8878543},{"stories_id":2414933874,"tag":"geonames_4641630","tag_set":"mc-geocoder@media.mit.edu","tag_sets_id":1011,"tags_id":8878746},{"stories_id":2414933874,"tag":"geonames_4667282","tag_set":"mc-geocoder@media.mit.edu","tag_sets_id":1011,"tags_id":8879476},{"stories_id":2414933874,"tag":"geonames_5367815","tag_set":"mc-geocoder@media.mit.edu","tag_sets_id":1011,"tags_id":8984968},{"stories_id":2414933874,"tag":"geonames_4647963","tag_set":"mc-geocoder@media.mit.edu","tag_sets_id":1011,"tags_id":9025469},{"stories_id":2414933874,"tag":"nyt_labeller_v1.0.0","tag_set":"nyt_labels_version","tag_sets_id":1964,"tags_id":9360669},{"stories_id":2414933874,"tag":"politics and government","tag_set":"nyt_labels","tag_sets_id":1963,"tags_id":9360836},{"stories_id":2414933874,"tag":"finances","tag_set":"nyt_labels","tag_sets_id":1963,"tags_id":9360840},{"stories_id":2414933874,"tag":"elections","tag_set":"nyt_labels","tag_sets_id":1963,"tags_id":9360851},{"stories_id":2414933874,"tag":"sentences (criminal)","tag_set":"nyt_labels","tag_sets_id":1963,"tags_id":9361027},{"stories_id":2414933874,"tag":"Donald Trump","tag_set":"cliff_people","tag_sets_id":2389,"tags_id":9362284},{"stories_id":2414933874,"tag":"Vladimir Putin","tag_set":"cliff_people","tag_sets_id":2389,"tags_id":9362290},{"stories_id":2414933874,"tag":"White House","tag_set":"cliff_organizations","tag_sets_id":2388,"tags_id":9362736},{"stories_id":2414933874,"tag":"Steve Bannon","tag_set":"cliff_people","tag_sets_id":2389,"tags_id":9362746},{"stories_id":2414933874,"tag":"New York Times","tag_set":"cliff_organizations","tag_sets_id":2388,"tags_id":9362756},{"stories_id":2414933874,"tag":"Michelle Obama","tag_set":"cliff_people","tag_sets_id":2389,"tags_id":9363126},{"stories_id":2414933874,"tag":"European Parliament","tag_set":"cliff_organizations","tag_sets_id":2388,"tags_id":9363193},{"stories_id":2414933874,"tag":"Xi Jinping","tag_set":"cliff_people","tag_sets_id":2389,"tags_id":9363823},{"stories_id":2414933874,"tag":"Joe","tag_set":"cliff_people","tag_sets_id":2389,"tags_id":9364446},{"stories_id":2414933874,"tag":"E.U.","tag_set":"cliff_organizations","tag_sets_id":2388,"tags_id":9365392},{"stories_id":2414933874,"tag":"Times","tag_set":"cliff_organizations","tag_sets_id":2388,"tags_id":9365707},{"stories_id":2414933874,"tag":"Apple","tag_set":"cliff_organizations","tag_sets_id":2388,"tags_id":9367295},{"stories_id":2414933874,"tag":"Obamas","tag_set":"cliff_organizations","tag_sets_id":2388,"tags_id":9367482},{"stories_id":2414933874,"tag":"Melania Trump","tag_set":"cliff_people","tag_sets_id":2389,"tags_id":9367885},{"stories_id":2414933874,"tag":"Denver Broncos","tag_set":"cliff_organizations","tag_sets_id":2388,"tags_id":9370772},{"stories_id":2414933874,"tag":"Sharon","tag_set":"cliff_people","tag_sets_id":2389,"tags_id":9371339},{"stories_id":2414933874,"tag":"Tom Brady","tag_set":"cliff_people","tag_sets_id":2389,"tags_id":9372061},{"stories_id":2414933874,"tag":"Chadwick Boseman","tag_set":"cliff_people","tag_sets_id":2389,"tags_id":9372353},{"stories_id":2414933874,"tag":"Barack","tag_set":"cliff_people","tag_sets_id":2389,"tags_id":9387184},{"stories_id":2414933874,"tag":"National Football League","tag_set":"cliff_organizations","tag_sets_id":2388,"tags_id":9389254},{"stories_id":2414933874,"tag":"Russell Wilson","tag_set":"cliff_people","tag_sets_id":2389,"tags_id":9390595},{"stories_id":2414933874,"tag":"Lupita Nyong","tag_set":"cliff_people","tag_sets_id":2389,"tags_id":9421018},{"stories_id":2414933874,"tag":"Angela Bassett","tag_set":"cliff_people","tag_sets_id":2389,"tags_id":9429233},{"stories_id":2414933874,"tag":"Nick Kyrgios","tag_set":"cliff_people","tag_sets_id":2389,"tags_id":9431575},{"stories_id":2414933874,"tag":"Ron DeSantis","tag_set":"cliff_people","tag_sets_id":2389,"tags_id":9453820},{"stories_id":2414933874,"tag":"Jill Biden","tag_set":"cliff_people","tag_sets_id":2389,"tags_id":9463407},{"stories_id":2414933874,"tag":"Kathy Hochul","tag_set":"cliff_people","tag_sets_id":2389,"tags_id":9464061},{"stories_id":2414933874,"tag":"Vanessa Friedman","tag_set":"cliff_people","tag_sets_id":2389,"tags_id":9520916},{"stories_id":2414933874,"tag":"Letitia Wright","tag_set":"cliff_people","tag_sets_id":2389,"tags_id":9690676},{"stories_id":2414933874,"tag":"Robert McCurdy","tag_set":"cliff_people","tag_sets_id":2389,"tags_id":9845780},{"stories_id":2414933874,"tag":"Wakanda","tag_set":"cliff_people","tag_sets_id":2389,"tags_id":9966257},{"stories_id":2414933874,"tag":"Wakanda","tag_set":"cliff_organizations","tag_sets_id":2388,"tags_id":10442031},{"stories_id":2414933874,"tag":"T’Challa","tag_set":"cliff_people","tag_sets_id":2389,"tags_id":10445675},{"stories_id":2414933874,"tag":"Astead Herndon","tag_set":"cliff_people","tag_sets_id":2389,"tags_id":10704069},{"stories_id":2414933874,"tag":"W.N.B.A. star","tag_set":"cliff_organizations","tag_sets_id":2388,"tags_id":86499884},{"stories_id":2414933874,"tag":"Aileen Cannon","tag_set":"cliff_people","tag_sets_id":2389,"tags_id":117013499},{"stories_id":2414933874,"tag":"readability-lxml-0.8.1","tag_set":"extractor_version","tag_sets_id":1354,"tags_id":228516910},{"stories_id":2414933874,"tag":"cliff_clavin_v2.6.1","tag_set":"geocoder_version","tag_sets_id":1937,"tags_id":228516911},{"stories_id":2414933874,"tag":"Apple Watch Ultra","tag_set":"cliff_organizations","tag_sets_id":2388,"tags_id":260592277}],"title":"Your Wednesday Evening Briefing","url":"https://www.nytimes.com/2022/09/07/briefing/voter-fraud-putin-speech-wakanda.html","word_count":null}]