[{"ap_syndicated":null,"collect_date":"2022-09-16 06:42:58.173888","feeds":null,"guid":"https://www.nytimes.com/2022/09/16/podcasts/san-francisco-fog-ukraine-monkey-pox-narrated-articles.html","language":"en","media_id":1,"media_name":null,"media_url":null,"processed_stories_id":null,"publish_date":"2022-09-16 06:22:14","stories_id":2422625688,"story_tags":[{"stories_id":2422625688,"tag":"geonames_6252001","tag_set":"mc-geocoder@media.mit.edu","tag_sets_id":1011,"tags_id":8878461},{"stories_id":2422625688,"tag":"geonames_5128581","tag_set":"mc-geocoder@media.mit.edu","tag_sets_id":1011,"tags_id":8878486},{"stories_id":2422625688,"tag":"geonames_5332921","tag_set":"mc-geocoder@media.mit.edu","tag_sets_id":1011,"tags_id":8878533},{"stories_id":2422625688,"tag":"geonames_5391959","tag_set":"mc-geocoder@media.mit.edu","tag_sets_id":1011,"tags_id":8878536},{"stories_id":2422625688,"tag":"geonames_706483","tag_set":"mc-geocoder@media.mit.edu","tag_sets_id":1011,"tags_id":8882952},{"stories_id":2422625688,"tag":"geonames_4156920","tag_set":"mc-geocoder@media.mit.edu","tag_sets_id":1011,"tags_id":8976721},{"stories_id":2422625688,"tag":"nyt_labeller_v1.0.0","tag_set":"nyt_labels_version","tag_sets_id":1964,"tags_id":9360669},{"stories_id":2422625688,"tag":"global warming","tag_set":"nyt_labels","tag_sets_id":1963,"tags_id":9360886},{"stories_id":2422625688,"tag":"environment","tag_set":"nyt_labels","tag_sets_id":1963,"tags_id":9360887},{"stories_id":2422625688,"tag":"weather","tag_set":"nyt_labels","tag_sets_id":1963,"tags_id":9360902},{"stories_id":2422625688,"tag":"New York Times","tag_set":"cliff_organizations","tag_sets_id":2388,"tags_id":9362756},{"stories_id":2422625688,"tag":"European Union","tag_set":"cliff_organizations","tag_sets_id":2388,"tags_id":9362999},{"stories_id":2422625688,"tag":"Times","tag_set":"cliff_organizations","tag_sets_id":2388,"tags_id":9365707},{"stories_id":2422625688,"tag":"green energy","tag_set":"cliff_organizations","tag_sets_id":2388,"tags_id":9407584},{"stories_id":2422625688,"tag":"John Woo","tag_set":"cliff_people","tag_sets_id":2389,"tags_id":9476309},{"stories_id":2422625688,"tag":"Michael Wilson","tag_set":"cliff_people","tag_sets_id":2389,"tags_id":9483718},{"stories_id":2422625688,"tag":"Stephanie Nolen","tag_set":"cliff_people","tag_sets_id":2389,"tags_id":9525011},{"stories_id":2422625688,"tag":"Sam Dolnick","tag_set":"cliff_people","tag_sets_id":2389,"tags_id":9603668},{"stories_id":2422625688,"tag":"Julia Simon","tag_set":"cliff_people","tag_sets_id":2389,"tags_id":9647274},{"stories_id":2422625688,"tag":"Weiyi Cai","tag_set":"cliff_people","tag_sets_id":2389,"tags_id":9758928},{"stories_id":2422625688,"tag":"Abecassis","tag_set":"cliff_people","tag_sets_id":2389,"tags_id":9957439},{"stories_id":2422625688,"tag":"Kate Winslett","tag_set":"cliff_people","tag_sets_id":2389,"tags_id":9977790},{"stories_id":2422625688,"tag":"Erika Solomon","tag_set":"cliff_people","tag_sets_id":2389,"tags_id":10291146},{"stories_id":2422625688,"tag":"Dan Farrell","tag_set":"cliff_people","tag_sets_id":2389,"tags_id":10591426},{"stories_id":2422625688,"tag":"Adrienne Hurst","tag_set":"cliff_people","tag_sets_id":2389,"tags_id":11332071},{"stories_id":2422625688,"tag":"Sarah Diamond","tag_set":"cliff_people","tag_sets_id":2389,"tags_id":16022077},{"stories_id":2422625688,"tag":"Anna Diamond","tag_set":"cliff_people","tag_sets_id":2389,"tags_id":30038831},{"stories_id":2422625688,"tag":"Elisheba Ittoop","tag_set":"cliff_people","tag_sets_id":2389,"tags_id":33768214},{"stories_id":2422625688,"tag":"Ryan Wegner","tag_set":"cliff_people","tag_sets_id":2389,"tags_id":35872772},{"stories_id":2422625688,"tag":"Margaret H. Willison","tag_set":"cliff_people","tag_sets_id":2389,"tags_id":36361874},{"stories_id":2422625688,"tag":"Tiana Young","tag_set":"cliff_people","tag_sets_id":2389,"tags_id":41943660},{"stories_id":2422625688,"tag":"Jack D’Isidoro","tag_set":"cliff_people","tag_sets_id":2389,"tags_id":59472629},{"stories_id":2422625688,"tag":"Aaron Esposito","tag_set":"cliff_people","tag_sets_id":2389,"tags_id":68918413},{"stories_id":2422625688,"tag":"Sarah Hurtes","tag_set":"cliff_people","tag_sets_id":2389,"tags_id":95701609},{"stories_id":2422625688,"tag":"Elena Hecht","tag_set":"cliff_people","tag_sets_id":2389,"tags_id":129449578},{"stories_id":2422625688,"tag":"Sergiy Ivanchuk","tag_set":"cliff_people","tag_sets_id":2389,"tags_id":170813884},{"stories_id":2422625688,"tag":"Emma Kehlbeck","tag_set":"cliff_people","tag_sets_id":2389,"tags_id":172950199},{"stories_id":2422625688,"tag":"Marion Lozano","tag_set":"cliff_people","tag_sets_id":2389,"tags_id":209294435},{"stories_id":2422625688,"tag":"Desiree Ibekwe","tag_set":"cliff_people","tag_sets_id":2389,"tags_id":211104508},{"stories_id":2422625688,"tag":"Parin Behrooz","tag_set":"cliff_people","tag_sets_id":2389,"tags_id":224838176},{"stories_id":2422625688,"tag":"readability-lxml-0.8.1","tag_set":"extractor_version","tag_sets_id":1354,"tags_id":228516910},{"stories_id":2422625688,"tag":"cliff_clavin_v2.6.1","tag_set":"geocoder_version","tag_sets_id":1937,"tags_id":228516911},{"stories_id":2422625688,"tag":"Tanya Pérez","tag_set":"cliff_people","tag_sets_id":2389,"tags_id":249097482},{"stories_id":2422625688,"tag":"Krish Seenivasan","tag_set":"cliff_people","tag_sets_id":2389,"tags_id":249097483}],"title":"The Future of San Francisco’s Fog and More: The Week in Narrated Articles","url":"https://www.nytimes.com/2022/09/16/podcasts/san-francisco-fog-ukraine-monkey-pox-narrated-articles.html","word_count":null}]