[{"ap_syndicated":null,"collect_date":"2022-09-20 04:48:14.465718","feeds":null,"guid":"https://www.washingtonpost.com/business/energy/the-booming-esg-bond-thats-facing-growing-skepticism/2022/09/20/d4ec0d0a-38af-11ed-b8af-0a04e5dc3db6_story.html?utm_source=rss&utm_medium=referral&utm_campaign=wp_business","language":"en","media_id":2,"media_name":null,"media_url":null,"processed_stories_id":null,"publish_date":"2022-09-20 04:15:27","stories_id":2425710945,"story_tags":[{"stories_id":2425710945,"tag":"geonames_2635167","tag_set":"mc-geocoder@media.mit.edu","tag_sets_id":1011,"tags_id":8878466},{"stories_id":2425710945,"tag":"geonames_6269131","tag_set":"mc-geocoder@media.mit.edu","tag_sets_id":1011,"tags_id":8878467},{"stories_id":2425710945,"tag":"geonames_2643743","tag_set":"mc-geocoder@media.mit.edu","tag_sets_id":1011,"tags_id":8878473},{"stories_id":2425710945,"tag":"geonames_3895114","tag_set":"mc-geocoder@media.mit.edu","tag_sets_id":1011,"tags_id":8878681},{"stories_id":2425710945,"tag":"geonames_3439705","tag_set":"mc-geocoder@media.mit.edu","tag_sets_id":1011,"tags_id":8878856},{"stories_id":2425710945,"tag":"nyt_labeller_v1.0.0","tag_set":"nyt_labels_version","tag_sets_id":1964,"tags_id":9360669},{"stories_id":2425710945,"tag":"finances","tag_set":"nyt_labels","tag_sets_id":1963,"tags_id":9360840},{"stories_id":2425710945,"tag":"stocks and bonds","tag_set":"nyt_labels","tag_sets_id":1963,"tags_id":9361012},{"stories_id":2425710945,"tag":"credit","tag_set":"nyt_labels","tag_sets_id":1963,"tags_id":9361030},{"stories_id":2425710945,"tag":"United Nations","tag_set":"cliff_organizations","tag_sets_id":2388,"tags_id":9362785},{"stories_id":2425710945,"tag":"fashion house","tag_set":"cliff_organizations","tag_sets_id":2388,"tags_id":9364614},{"stories_id":2425710945,"tag":"BOC","tag_set":"cliff_organizations","tag_sets_id":2388,"tags_id":9369669},{"stories_id":2425710945,"tag":"Tesco","tag_set":"cliff_organizations","tag_sets_id":2388,"tags_id":9384816},{"stories_id":2425710945,"tag":"Enel","tag_set":"cliff_organizations","tag_sets_id":2388,"tags_id":9434285},{"stories_id":2425710945,"tag":"Tesco Plc","tag_set":"cliff_organizations","tag_sets_id":2388,"tags_id":9635543},{"stories_id":2425710945,"tag":"ESG","tag_set":"cliff_organizations","tag_sets_id":2388,"tags_id":9674632},{"stories_id":2425710945,"tag":"JAB Holding Co.","tag_set":"cliff_organizations","tag_sets_id":2388,"tags_id":9718366},{"stories_id":2425710945,"tag":"Enel SpA","tag_set":"cliff_organizations","tag_sets_id":2388,"tags_id":9746819},{"stories_id":2425710945,"tag":"Bank of China Ltd.","tag_set":"cliff_organizations","tag_sets_id":2388,"tags_id":10121373},{"stories_id":2425710945,"tag":"Carrefour SA","tag_set":"cliff_organizations","tag_sets_id":2388,"tags_id":11450537},{"stories_id":2425710945,"tag":"International Capital Market Association","tag_set":"cliff_organizations","tag_sets_id":2388,"tags_id":28267642},{"stories_id":2425710945,"tag":"Chanel Ceres Plc","tag_set":"cliff_organizations","tag_sets_id":2388,"tags_id":222331191},{"stories_id":2425710945,"tag":"readability-lxml-0.8.1","tag_set":"extractor_version","tag_sets_id":1354,"tags_id":228516910},{"stories_id":2425710945,"tag":"cliff_clavin_v2.6.1","tag_set":"geocoder_version","tag_sets_id":1937,"tags_id":228516911},{"stories_id":2425710945,"tag":"London & Quadrant Housing trust","tag_set":"cliff_organizations","tag_sets_id":2388,"tags_id":261251396}],"title":"The Booming ESG Bond That’s Facing Growing Skepticism","url":"https://www.washingtonpost.com/business/energy/the-booming-esg-bond-thats-facing-growing-skepticism/2022/09/20/d4ec0d0a-38af-11ed-b8af-0a04e5dc3db6_story.html?utm_source=rss&utm_medium=referral&utm_campaign=wp_business","word_count":null}]