[{"ap_syndicated":null,"collect_date":"2022-10-21 14:05:26.715502","feeds":null,"guid":"{20C06575-04D4-B545-713E-CD9C184D7DF6}","language":"en","media_id":1150,"media_name":null,"media_url":null,"processed_stories_id":null,"publish_date":"2022-10-21 12:34:00","stories_id":2454730966,"story_tags":[{"stories_id":2454730966,"tag":"geonames_2017370","tag_set":"mc-geocoder@media.mit.edu","tag_sets_id":1011,"tags_id":8878645},{"stories_id":2454730966,"tag":"nyt_labeller_v1.0.0","tag_set":"nyt_labels_version","tag_sets_id":1964,"tags_id":9360669},{"stories_id":2454730966,"tag":"finances","tag_set":"nyt_labels","tag_sets_id":1963,"tags_id":9360840},{"stories_id":2454730966,"tag":"environment","tag_set":"nyt_labels","tag_sets_id":1963,"tags_id":9360887},{"stories_id":2454730966,"tag":"economic conditions and trends","tag_set":"nyt_labels","tag_sets_id":1963,"tags_id":9360989},{"stories_id":2454730966,"tag":"energy and power","tag_set":"nyt_labels","tag_sets_id":1963,"tags_id":9360997},{"stories_id":2454730966,"tag":"Biden","tag_set":"cliff_people","tag_sets_id":2389,"tags_id":9365736},{"stories_id":2454730966,"tag":"Securities and Exchange Commission","tag_set":"cliff_organizations","tag_sets_id":2388,"tags_id":9366122},{"stories_id":2454730966,"tag":"S&P","tag_set":"cliff_organizations","tag_sets_id":2388,"tags_id":9368263},{"stories_id":2454730966,"tag":"MarketWatch","tag_set":"cliff_people","tag_sets_id":2389,"tags_id":9390157},{"stories_id":2454730966,"tag":"PwC","tag_set":"cliff_organizations","tag_sets_id":2388,"tags_id":9400064},{"stories_id":2454730966,"tag":"Honeywell","tag_set":"cliff_organizations","tag_sets_id":2388,"tags_id":9412862},{"stories_id":2454730966,"tag":"Harvard Business Review","tag_set":"cliff_organizations","tag_sets_id":2388,"tags_id":9444244},{"stories_id":2454730966,"tag":"Darius Adamczyk","tag_set":"cliff_people","tag_sets_id":2389,"tags_id":9664065},{"stories_id":2454730966,"tag":"Honeywell HON","tag_set":"cliff_people","tag_sets_id":2389,"tags_id":28895987},{"stories_id":2454730966,"tag":"Evan van Hook","tag_set":"cliff_people","tag_sets_id":2389,"tags_id":49827956},{"stories_id":2454730966,"tag":"readability-lxml-0.8.1","tag_set":"extractor_version","tag_sets_id":1354,"tags_id":228516910},{"stories_id":2454730966,"tag":"cliff_clavin_v2.6.1","tag_set":"geocoder_version","tag_sets_id":1937,"tags_id":228516911}],"title":": Honeywell survey reveals strong corporate efforts to cut energy waste, but cloudier outlook for coming sustainability efforts","url":"http://www.marketwatch.com/news/story.asp?guid=%7B20C06575-04D4-B545-713E-CD9C184D7DF6%7D&siteid=rss&rss=1","word_count":null}]