[{"ap_syndicated":null,"collect_date":"2022-11-07 03:37:46.964974","feeds":null,"guid":"https://www.nytimes.com/live/2022/11/07/climate/cop27-climate-summit/what-is-cop27-and-what-are-its-aims","language":"en","media_id":1,"media_name":null,"media_url":null,"processed_stories_id":null,"publish_date":"2022-11-07 03:01:23","stories_id":2470180605,"story_tags":[{"stories_id":2470180605,"tag":"geonames_6252001","tag_set":"mc-geocoder@media.mit.edu","tag_sets_id":1011,"tags_id":8878461},{"stories_id":2470180605,"tag":"geonames_5128638","tag_set":"mc-geocoder@media.mit.edu","tag_sets_id":1011,"tags_id":8878463},{"stories_id":2470180605,"tag":"geonames_5128581","tag_set":"mc-geocoder@media.mit.edu","tag_sets_id":1011,"tags_id":8878486},{"stories_id":2470180605,"tag":"geonames_953987","tag_set":"mc-geocoder@media.mit.edu","tag_sets_id":1011,"tags_id":8878908},{"stories_id":2470180605,"tag":"geonames_357994","tag_set":"mc-geocoder@media.mit.edu","tag_sets_id":1011,"tags_id":8879007},{"stories_id":2470180605,"tag":"geonames_1085595","tag_set":"mc-geocoder@media.mit.edu","tag_sets_id":1011,"tags_id":8880870},{"stories_id":2470180605,"tag":"geonames_355182","tag_set":"mc-geocoder@media.mit.edu","tag_sets_id":1011,"tags_id":8882968},{"stories_id":2470180605,"tag":"geonames_349340","tag_set":"mc-geocoder@media.mit.edu","tag_sets_id":1011,"tags_id":8892348},{"stories_id":2470180605,"tag":"nyt_labeller_v1.0.0","tag_set":"nyt_labels_version","tag_sets_id":1964,"tags_id":9360669},{"stories_id":2470180605,"tag":"politics and government","tag_set":"nyt_labels","tag_sets_id":1963,"tags_id":9360836},{"stories_id":2470180605,"tag":"finances","tag_set":"nyt_labels","tag_sets_id":1963,"tags_id":9360840},{"stories_id":2470180605,"tag":"global warming","tag_set":"nyt_labels","tag_sets_id":1963,"tags_id":9360886},{"stories_id":2470180605,"tag":"environment","tag_set":"nyt_labels","tag_sets_id":1963,"tags_id":9360887},{"stories_id":2470180605,"tag":"economic conditions and trends","tag_set":"nyt_labels","tag_sets_id":1963,"tags_id":9360989},{"stories_id":2470180605,"tag":"energy and power","tag_set":"nyt_labels","tag_sets_id":1963,"tags_id":9360997},{"stories_id":2470180605,"tag":"air pollution","tag_set":"nyt_labels","tag_sets_id":1963,"tags_id":9361007},{"stories_id":2470180605,"tag":"electric light and power","tag_set":"nyt_labels","tag_sets_id":1963,"tags_id":9361013},{"stories_id":2470180605,"tag":"light","tag_set":"nyt_labels","tag_sets_id":1963,"tags_id":9361014},{"stories_id":2470180605,"tag":"New York Times","tag_set":"cliff_organizations","tag_sets_id":2388,"tags_id":9362756},{"stories_id":2470180605,"tag":"United Nations","tag_set":"cliff_organizations","tag_sets_id":2388,"tags_id":9362785},{"stories_id":2470180605,"tag":"Bloomberg","tag_set":"cliff_organizations","tag_sets_id":2388,"tags_id":9363116},{"stories_id":2470180605,"tag":"Michael Bloomberg","tag_set":"cliff_people","tag_sets_id":2389,"tags_id":9363124},{"stories_id":2470180605,"tag":"U.N.","tag_set":"cliff_organizations","tag_sets_id":2388,"tags_id":9363619},{"stories_id":2470180605,"tag":"Joao","tag_set":"cliff_people","tag_sets_id":2389,"tags_id":10127006},{"stories_id":2470180605,"tag":"readability-lxml-0.8.1","tag_set":"extractor_version","tag_sets_id":1354,"tags_id":228516910},{"stories_id":2470180605,"tag":"cliff_clavin_v2.6.1","tag_set":"geocoder_version","tag_sets_id":1937,"tags_id":228516911}],"title":"What is COP27, and what are its aims?","url":"https://www.nytimes.com/live/2022/11/07/climate/cop27-climate-summit/what-is-cop27-and-what-are-its-aims","word_count":null}]