[{"ap_syndicated":null,"collect_date":"2022-11-11 13:14:02.520418","feeds":null,"guid":"WP-WSJ-0000324278","language":"en","media_id":1150,"media_name":null,"media_url":null,"processed_stories_id":null,"publish_date":"2022-11-11 11:00:00","stories_id":2475110965,"story_tags":[{"stories_id":2475110965,"tag":"nyt_labeller_v1.0.0","tag_set":"nyt_labels_version","tag_sets_id":1964,"tags_id":9360669},{"stories_id":2475110965,"tag":"energy and power","tag_set":"nyt_labels","tag_sets_id":1963,"tags_id":9360997},{"stories_id":2475110965,"tag":"electric light and power","tag_set":"nyt_labels","tag_sets_id":1963,"tags_id":9361013},{"stories_id":2475110965,"tag":"light","tag_set":"nyt_labels","tag_sets_id":1963,"tags_id":9361014},{"stories_id":2475110965,"tag":"Rhiannon Hoyle","tag_set":"cliff_people","tag_sets_id":2389,"tags_id":33262785},{"stories_id":2475110965,"tag":"readability-lxml-0.8.1","tag_set":"extractor_version","tag_sets_id":1354,"tags_id":228516910},{"stories_id":2475110965,"tag":"cliff_clavin_v2.6.1","tag_set":"geocoder_version","tag_sets_id":1937,"tags_id":228516911},{"stories_id":2475110965,"tag":"Green Hydrogen Journal","tag_set":"cliff_organizations","tag_sets_id":2388,"tags_id":264636009}],"title":"Startups Look for Ways to Bring Down the Cost of Green Hydrogen","url":"https://www.wsj.com/articles/startups-bring-down-cost-green-hydrogen-11668117024?mod=pls_whats_news_us_business_f","word_count":null}]