[{"ap_syndicated":null,"collect_date":"2018-03-19 16:07:56.396664","feeds":null,"guid":"https://www.usatoday.com/story/money/nation-now/2018/03/19/clean-coal-plant-proposal-answer-indiana-coal-industry/437682002/","language":"en","media_id":4,"media_name":null,"media_url":null,"processed_stories_id":null,"publish_date":"2018-03-19 15:56:42","stories_id":827102452,"story_tags":[{"stories_id":827102452,"tag":"geonames_6252001","tag_set":"mc-geocoder@media.mit.edu","tag_sets_id":1011,"tags_id":8878461},{"stories_id":827102452,"tag":"geonames_4921868","tag_set":"mc-geocoder@media.mit.edu","tag_sets_id":1011,"tags_id":8878577},{"stories_id":827102452,"tag":"geonames_4259418","tag_set":"mc-geocoder@media.mit.edu","tag_sets_id":1011,"tags_id":8878583},{"stories_id":827102452,"tag":"geonames_8963243","tag_set":"mc-geocoder@media.mit.edu","tag_sets_id":1011,"tags_id":8879110},{"stories_id":827102452,"tag":"geonames_4170156","tag_set":"mc-geocoder@media.mit.edu","tag_sets_id":1011,"tags_id":8882813},{"stories_id":827102452,"tag":"geonames_4263856","tag_set":"mc-geocoder@media.mit.edu","tag_sets_id":1011,"tags_id":9158894},{"stories_id":827102452,"tag":"readability-lxml-0.6.2","tag_set":"extractor_version","tag_sets_id":1354,"tags_id":9325058},{"stories_id":827102452,"tag":"nyt_labeller_v1.0.0","tag_set":"nyt_labels_version","tag_sets_id":1964,"tags_id":9360669},{"stories_id":827102452,"tag":"oil (petroleum) and gasoline","tag_set":"nyt_labels","tag_sets_id":1963,"tags_id":9360884},{"stories_id":827102452,"tag":"prices (fares, fees and rates)","tag_set":"nyt_labels","tag_sets_id":1963,"tags_id":9360996},{"stories_id":827102452,"tag":"energy and power","tag_set":"nyt_labels","tag_sets_id":1963,"tags_id":9360997},{"stories_id":827102452,"tag":"electric light and power","tag_set":"nyt_labels","tag_sets_id":1963,"tags_id":9361013},{"stories_id":827102452,"tag":"light","tag_set":"nyt_labels","tag_sets_id":1963,"tags_id":9361014},{"stories_id":827102452,"tag":"Facebook","tag_set":"cliff_organizations","tag_sets_id":2388,"tags_id":9362725},{"stories_id":827102452,"tag":"Trump","tag_set":"cliff_people","tag_sets_id":2389,"tags_id":9362872},{"stories_id":827102452,"tag":"Sierra Club","tag_set":"cliff_organizations","tag_sets_id":2388,"tags_id":9364168},{"stories_id":827102452,"tag":"SEC","tag_set":"cliff_organizations","tag_sets_id":2388,"tags_id":9364676},{"stories_id":827102452,"tag":"Indiana University","tag_set":"cliff_organizations","tag_sets_id":2388,"tags_id":9366856},{"stories_id":827102452,"tag":"Dale","tag_set":"cliff_people","tag_sets_id":2389,"tags_id":9374280},{"stories_id":827102452,"tag":"Purdue","tag_set":"cliff_organizations","tag_sets_id":2388,"tags_id":9381709},{"stories_id":827102452,"tag":"Halliburton","tag_set":"cliff_organizations","tag_sets_id":2388,"tags_id":9387614},{"stories_id":827102452,"tag":"Institute for Energy Economics","tag_set":"cliff_organizations","tag_sets_id":2388,"tags_id":9401036},{"stories_id":827102452,"tag":"Charlie Nye","tag_set":"cliff_people","tag_sets_id":2389,"tags_id":9405776},{"stories_id":827102452,"tag":"U.S. Department of Energy","tag_set":"cliff_organizations","tag_sets_id":2388,"tags_id":9414255},{"stories_id":827102452,"tag":"Duke Energy","tag_set":"cliff_organizations","tag_sets_id":2388,"tags_id":9421844},{"stories_id":827102452,"tag":"John Blair","tag_set":"cliff_people","tag_sets_id":2389,"tags_id":9447636},{"stories_id":827102452,"tag":"AEP","tag_set":"cliff_organizations","tag_sets_id":2388,"tags_id":9447910},{"stories_id":827102452,"tag":"federal Environmental Protection Agency","tag_set":"cliff_organizations","tag_sets_id":2388,"tags_id":9455388},{"stories_id":827102452,"tag":"Neil Carman","tag_set":"cliff_people","tag_sets_id":2389,"tags_id":9474900},{"stories_id":827102452,"tag":"KBR","tag_set":"cliff_organizations","tag_sets_id":2388,"tags_id":9510844},{"stories_id":827102452,"tag":"AK Steel","tag_set":"cliff_organizations","tag_sets_id":2388,"tags_id":9515668},{"stories_id":827102452,"tag":"Erin Brockovich","tag_set":"cliff_people","tag_sets_id":2389,"tags_id":9561750},{"stories_id":827102452,"tag":"IndyStar","tag_set":"cliff_people","tag_sets_id":2389,"tags_id":9632102},{"stories_id":827102452,"tag":"Emily Hopkins","tag_set":"cliff_people","tag_sets_id":2389,"tags_id":9632104},{"stories_id":827102452,"tag":"cliff_clavin_v2.4.1","tag_set":"geocoder_version","tag_sets_id":1937,"tags_id":9696677},{"stories_id":827102452,"tag":"Ted Nace","tag_set":"cliff_people","tag_sets_id":2389,"tags_id":9702174},{"stories_id":827102452,"tag":"Vectren","tag_set":"cliff_organizations","tag_sets_id":2388,"tags_id":9746276},{"stories_id":827102452,"tag":"Matt Detrich","tag_set":"cliff_people","tag_sets_id":2389,"tags_id":10153581},{"stories_id":827102452,"tag":"economic development group","tag_set":"cliff_organizations","tag_sets_id":2388,"tags_id":11048719},{"stories_id":827102452,"tag":"Greg Merle","tag_set":"cliff_people","tag_sets_id":2389,"tags_id":11109438},{"stories_id":827102452,"tag":"David Schlissel","tag_set":"cliff_people","tag_sets_id":2389,"tags_id":11422377},{"stories_id":827102452,"tag":"Sarah Bowman","tag_set":"cliff_people","tag_sets_id":2389,"tags_id":11559899},{"stories_id":827102452,"tag":"IDEM","tag_set":"cliff_organizations","tag_sets_id":2388,"tags_id":21474175},{"stories_id":827102452,"tag":"Mary Hess","tag_set":"cliff_people","tag_sets_id":2389,"tags_id":27914443},{"stories_id":827102452,"tag":"Jay Gore","tag_set":"cliff_people","tag_sets_id":2389,"tags_id":28140199},{"stories_id":827102452,"tag":"Nina Mason Pulliam Charitable Trust","tag_set":"cliff_organizations","tag_sets_id":2388,"tags_id":28521865},{"stories_id":827102452,"tag":"Karen Woody","tag_set":"cliff_people","tag_sets_id":2389,"tags_id":31237322},{"stories_id":827102452,"tag":"Valley Watch","tag_set":"cliff_organizations","tag_sets_id":2388,"tags_id":33616492},{"stories_id":827102452,"tag":"Norma Kreilein","tag_set":"cliff_people","tag_sets_id":2389,"tags_id":36185697},{"stories_id":827102452,"tag":"Dale Town Council","tag_set":"cliff_organizations","tag_sets_id":2388,"tags_id":46637073},{"stories_id":827102452,"tag":"Riverview Energy","tag_set":"cliff_organizations","tag_sets_id":2388,"tags_id":46637074},{"stories_id":827102452,"tag":"Lincolnland Economic Development Corporation","tag_set":"cliff_organizations","tag_sets_id":2388,"tags_id":54148898},{"stories_id":827102452,"tag":"Purdue University's Energy Center","tag_set":"cliff_organizations","tag_sets_id":2388,"tags_id":54148899},{"stories_id":827102452,"tag":"Blair of Valley Watch","tag_set":"cliff_organizations","tag_sets_id":2388,"tags_id":54148901},{"stories_id":827102452,"tag":"Tom Utter","tag_set":"cliff_people","tag_sets_id":2389,"tags_id":54148902},{"stories_id":827102452,"tag":"Bob Grewe","tag_set":"cliff_people","tag_sets_id":2389,"tags_id":54148903},{"stories_id":827102452,"tag":"Riverview Energy Corp.","tag_set":"cliff_organizations","tag_sets_id":2388,"tags_id":54301039},{"stories_id":827102452,"tag":"Clean Coal Refining Corp.","tag_set":"cliff_organizations","tag_sets_id":2388,"tags_id":54301040}],"title":"Could this &apos;clean coal&rsquo; plant proposal be an answer to Indiana&rsquo;s 17 billion tons of reserves?","url":"http://rssfeeds.usatoday.com/~/533583714/0/usatodaycomnation-topstories~Could-this-aposclean-coalrsquo-plant-proposal-be-an-answer-to-Indianarsquos-billion-tons-of-reserves/","word_count":null}]