[{"ap_syndicated":null,"collect_date":"2018-08-05 00:21:57.637680","feeds":null,"guid":"https://www.nytimes.com/2018/08/05/fashion/weddings/katherine-later-jack-godshall.html","language":"en","media_id":1,"media_name":null,"media_url":null,"processed_stories_id":null,"publish_date":"2018-08-05 04:00:08","stories_id":945977360,"story_tags":[{"stories_id":945977360,"tag":"geonames_6252001","tag_set":"mc-geocoder@media.mit.edu","tag_sets_id":1011,"tags_id":8878461},{"stories_id":945977360,"tag":"geonames_4896861","tag_set":"mc-geocoder@media.mit.edu","tag_sets_id":1011,"tags_id":8878482},{"stories_id":945977360,"tag":"geonames_4887398","tag_set":"mc-geocoder@media.mit.edu","tag_sets_id":1011,"tags_id":8878485},{"stories_id":945977360,"tag":"geonames_5165418","tag_set":"mc-geocoder@media.mit.edu","tag_sets_id":1011,"tags_id":8878703},{"stories_id":945977360,"tag":"geonames_5145476","tag_set":"mc-geocoder@media.mit.edu","tag_sets_id":1011,"tags_id":8879108},{"stories_id":945977360,"tag":"readability-lxml-0.6.2","tag_set":"extractor_version","tag_sets_id":1354,"tags_id":9325058},{"stories_id":945977360,"tag":"nyt_labeller_v1.0.0","tag_set":"nyt_labels_version","tag_sets_id":1964,"tags_id":9360669},{"stories_id":945977360,"tag":"weddings and engagements","tag_set":"nyt_labels","tag_sets_id":1963,"tags_id":9361135},{"stories_id":945977360,"tag":"University of Chicago","tag_set":"cliff_organizations","tag_sets_id":2388,"tags_id":9365703},{"stories_id":945977360,"tag":"Smith College","tag_set":"cliff_organizations","tag_sets_id":2388,"tags_id":9387827},{"stories_id":945977360,"tag":"Kenyon College","tag_set":"cliff_organizations","tag_sets_id":2388,"tags_id":9509178},{"stories_id":945977360,"tag":"WTTW","tag_set":"cliff_organizations","tag_sets_id":2388,"tags_id":9563968},{"stories_id":945977360,"tag":"Ephraim","tag_set":"cliff_people","tag_sets_id":2389,"tags_id":9565189},{"stories_id":945977360,"tag":"cliff_clavin_v2.4.1","tag_set":"geocoder_version","tag_sets_id":1937,"tags_id":9696677},{"stories_id":945977360,"tag":"Doolittle & Burroughs","tag_set":"cliff_organizations","tag_sets_id":2388,"tags_id":11664706},{"stories_id":945977360,"tag":"Lyric Opera Chicago","tag_set":"cliff_organizations","tag_sets_id":2388,"tags_id":71272310},{"stories_id":945977360,"tag":"Jack Godshall Katherine Breckinridge","tag_set":"cliff_people","tag_sets_id":2389,"tags_id":71272311},{"stories_id":945977360,"tag":"Jack Carter Godshall","tag_set":"cliff_people","tag_sets_id":2389,"tags_id":71272312},{"stories_id":945977360,"tag":"Christopher A. Kliner","tag_set":"cliff_people","tag_sets_id":2389,"tags_id":71272313},{"stories_id":945977360,"tag":"Mary B. Field","tag_set":"cliff_people","tag_sets_id":2389,"tags_id":71272314},{"stories_id":945977360,"tag":"G. Timothy","tag_set":"cliff_people","tag_sets_id":2389,"tags_id":71272315},{"stories_id":945977360,"tag":"Cathy C. Godshall","tag_set":"cliff_people","tag_sets_id":2389,"tags_id":71272316},{"stories_id":945977360,"tag":"Douglas N. Godshall","tag_set":"cliff_people","tag_sets_id":2389,"tags_id":71272317}],"title":"Katherine Later, Jack Godshall","url":"https://www.nytimes.com/2018/08/05/fashion/weddings/katherine-later-jack-godshall.html","word_count":null}]