[{"ap_syndicated":null,"collect_date":"2018-09-30 16:53:15.511055","feeds":null,"guid":"{F73C6BD4-C4F0-11E8-861E-9E0745AEEB74}","language":"en","media_id":1150,"media_name":null,"media_url":null,"processed_stories_id":null,"publish_date":"2018-09-30 16:47:10","stories_id":1007688389,"story_tags":[{"stories_id":1007688389,"tag":"geonames_5128638","tag_set":"mc-geocoder@media.mit.edu","tag_sets_id":1011,"tags_id":8878463},{"stories_id":1007688389,"tag":"geonames_292223","tag_set":"mc-geocoder@media.mit.edu","tag_sets_id":1011,"tags_id":8878826},{"stories_id":1007688389,"tag":"geonames_102358","tag_set":"mc-geocoder@media.mit.edu","tag_sets_id":1011,"tags_id":8879002},{"stories_id":1007688389,"tag":"geonames_108410","tag_set":"mc-geocoder@media.mit.edu","tag_sets_id":1011,"tags_id":8880824},{"stories_id":1007688389,"tag":"nyt_labeller_v1.0.0","tag_set":"nyt_labels_version","tag_sets_id":1964,"tags_id":9360669},{"stories_id":1007688389,"tag":"finances","tag_set":"nyt_labels","tag_sets_id":1963,"tags_id":9360840},{"stories_id":1007688389,"tag":"oil (petroleum) and gasoline","tag_set":"nyt_labels","tag_sets_id":1963,"tags_id":9360884},{"stories_id":1007688389,"tag":"energy and power","tag_set":"nyt_labels","tag_sets_id":1963,"tags_id":9360997},{"stories_id":1007688389,"tag":"electric light and power","tag_set":"nyt_labels","tag_sets_id":1963,"tags_id":9361013},{"stories_id":1007688389,"tag":"light","tag_set":"nyt_labels","tag_sets_id":1963,"tags_id":9361014},{"stories_id":1007688389,"tag":"foreign investments","tag_set":"nyt_labels","tag_sets_id":1963,"tags_id":9361185},{"stories_id":1007688389,"tag":"Mohammed bin Salman","tag_set":"cliff_people","tag_sets_id":2389,"tags_id":9363796},{"stories_id":1007688389,"tag":"SoftBank","tag_set":"cliff_organizations","tag_sets_id":2388,"tags_id":9388833},{"stories_id":1007688389,"tag":"Masayoshi Son","tag_set":"cliff_people","tag_sets_id":2389,"tags_id":9505822},{"stories_id":1007688389,"tag":"SoftBank Group Corp.","tag_set":"cliff_organizations","tag_sets_id":2388,"tags_id":9516487},{"stories_id":1007688389,"tag":"cliff_clavin_v2.4.1","tag_set":"geocoder_version","tag_sets_id":1937,"tags_id":9696677},{"stories_id":1007688389,"tag":"geonames_5123428","tag_set":"mc-geocoder@media.mit.edu","tag_sets_id":1011,"tags_id":9696694},{"stories_id":1007688389,"tag":"readability-lxml-0.7","tag_set":"extractor_version","tag_sets_id":1354,"tags_id":81092444}],"title":"The Wall Street Journal: Saudi Arabia tables $200 billion solar-energy plant with SoftBank","url":"http://www.marketwatch.com/news/story.asp?guid=%7BF73C6BD4-C4F0-11E8-861E-9E0745AEEB74%7D&siteid=rss&rss=1","word_count":null}]