[{"ap_syndicated":null,"collect_date":"2018-10-08 11:05:47.445143","feeds":null,"guid":"HASH(0xc675128)","language":"en","media_id":1150,"media_name":null,"media_url":null,"processed_stories_id":null,"publish_date":"2018-10-08 11:36:42","stories_id":1018272718,"story_tags":[{"stories_id":1018272718,"tag":"geonames_6252001","tag_set":"mc-geocoder@media.mit.edu","tag_sets_id":1011,"tags_id":8878461},{"stories_id":1018272718,"tag":"geonames_5128638","tag_set":"mc-geocoder@media.mit.edu","tag_sets_id":1011,"tags_id":8878463},{"stories_id":1018272718,"tag":"geonames_4155751","tag_set":"mc-geocoder@media.mit.edu","tag_sets_id":1011,"tags_id":8878477},{"stories_id":1018272718,"tag":"geonames_5815135","tag_set":"mc-geocoder@media.mit.edu","tag_sets_id":1011,"tags_id":8878481},{"stories_id":1018272718,"tag":"geonames_5128581","tag_set":"mc-geocoder@media.mit.edu","tag_sets_id":1011,"tags_id":8878486},{"stories_id":1018272718,"tag":"geonames_4164138","tag_set":"mc-geocoder@media.mit.edu","tag_sets_id":1011,"tags_id":8878539},{"stories_id":1018272718,"tag":"geonames_4331987","tag_set":"mc-geocoder@media.mit.edu","tag_sets_id":1011,"tags_id":8878576},{"stories_id":1018272718,"tag":"geonames_4138106","tag_set":"mc-geocoder@media.mit.edu","tag_sets_id":1011,"tags_id":8878827},{"stories_id":1018272718,"tag":"geonames_5224323","tag_set":"mc-geocoder@media.mit.edu","tag_sets_id":1011,"tags_id":8878836},{"stories_id":1018272718,"tag":"geonames_4335045","tag_set":"mc-geocoder@media.mit.edu","tag_sets_id":1011,"tags_id":8879047},{"stories_id":1018272718,"tag":"nyt_labeller_v1.0.0","tag_set":"nyt_labels_version","tag_sets_id":1964,"tags_id":9360669},{"stories_id":1018272718,"tag":"global warming","tag_set":"nyt_labels","tag_sets_id":1963,"tags_id":9360886},{"stories_id":1018272718,"tag":"weather","tag_set":"nyt_labels","tag_sets_id":1963,"tags_id":9360902},{"stories_id":1018272718,"tag":"economic conditions and trends","tag_set":"nyt_labels","tag_sets_id":1963,"tags_id":9360989},{"stories_id":1018272718,"tag":"Donald Trump","tag_set":"cliff_people","tag_sets_id":2389,"tags_id":9362284},{"stories_id":1018272718,"tag":"Brookings Institution","tag_set":"cliff_organizations","tag_sets_id":2388,"tags_id":9365025},{"stories_id":1018272718,"tag":"American Psychological Association","tag_set":"cliff_organizations","tag_sets_id":2388,"tags_id":9367617},{"stories_id":1018272718,"tag":"FEMA","tag_set":"cliff_organizations","tag_sets_id":2388,"tags_id":9368313},{"stories_id":1018272718,"tag":"GAO","tag_set":"cliff_organizations","tag_sets_id":2388,"tags_id":9396523},{"stories_id":1018272718,"tag":"William Nordhaus","tag_set":"cliff_people","tag_sets_id":2389,"tags_id":9437058},{"stories_id":1018272718,"tag":"Insurance Information Institute","tag_set":"cliff_organizations","tag_sets_id":2388,"tags_id":9465453},{"stories_id":1018272718,"tag":"Paul Romer","tag_set":"cliff_people","tag_sets_id":2389,"tags_id":9500720},{"stories_id":1018272718,"tag":"Royal Swedish Academy of Sciences","tag_set":"cliff_organizations","tag_sets_id":2388,"tags_id":9509492},{"stories_id":1018272718,"tag":"Stanford Medicine","tag_set":"cliff_organizations","tag_sets_id":2388,"tags_id":9621801},{"stories_id":1018272718,"tag":"cliff_clavin_v2.4.1","tag_set":"geocoder_version","tag_sets_id":1937,"tags_id":9696677},{"stories_id":1018272718,"tag":"Bert Sperling","tag_set":"cliff_people","tag_sets_id":2389,"tags_id":23876649},{"stories_id":1018272718,"tag":"Savvy Families Institute","tag_set":"cliff_organizations","tag_sets_id":2388,"tags_id":32084202},{"stories_id":1018272718,"tag":"David Stookey","tag_set":"cliff_people","tag_sets_id":2389,"tags_id":32084203},{"stories_id":1018272718,"tag":"readability-lxml-0.7","tag_set":"extractor_version","tag_sets_id":1354,"tags_id":81092444}],"title":"Climate change has already cost the government $350 billion—here’s how much it will cost you","url":"http://feeds.marketwatch.com/~r/marketwatch/pf/~3/henADrKxD8o/story.asp","word_count":null}]