[{"ap_syndicated":null,"collect_date":"2018-10-30 09:19:34.189663","feeds":null,"guid":"https://www.washingtonpost.com/news/powerpost/paloma/the-energy-202/2018/10/30/the-energy-202-democrats-actually-have-a-shot-at-winning-on-energy-policy-next-week-in-the-states/5bd790ae1b326b38c0be126e/","language":"en","media_id":2,"media_name":null,"media_url":null,"processed_stories_id":null,"publish_date":"2018-10-30 08:47:40","stories_id":1043394517,"story_tags":[{"stories_id":1043394517,"tag":"geonames_6252001","tag_set":"mc-geocoder@media.mit.edu","tag_sets_id":1011,"tags_id":8878461},{"stories_id":1043394517,"tag":"geonames_5815135","tag_set":"mc-geocoder@media.mit.edu","tag_sets_id":1011,"tags_id":8878481},{"stories_id":1043394517,"tag":"geonames_4740686","tag_set":"mc-geocoder@media.mit.edu","tag_sets_id":1011,"tags_id":8878595},{"stories_id":1043394517,"tag":"geonames_1816670","tag_set":"mc-geocoder@media.mit.edu","tag_sets_id":1011,"tags_id":8878606},{"stories_id":1043394517,"tag":"geonames_5809844","tag_set":"mc-geocoder@media.mit.edu","tag_sets_id":1011,"tags_id":8878694},{"stories_id":1043394517,"tag":"geonames_5506956","tag_set":"mc-geocoder@media.mit.edu","tag_sets_id":1011,"tags_id":8878898},{"stories_id":1043394517,"tag":"geonames_5814916","tag_set":"mc-geocoder@media.mit.edu","tag_sets_id":1011,"tags_id":8879019},{"stories_id":1043394517,"tag":"geonames_4667282","tag_set":"mc-geocoder@media.mit.edu","tag_sets_id":1011,"tags_id":8879476},{"stories_id":1043394517,"tag":"geonames_5879400","tag_set":"mc-geocoder@media.mit.edu","tag_sets_id":1011,"tags_id":8879787},{"stories_id":1043394517,"tag":"geonames_8947848","tag_set":"mc-geocoder@media.mit.edu","tag_sets_id":1011,"tags_id":8904464},{"stories_id":1043394517,"tag":"geonames_5380784","tag_set":"mc-geocoder@media.mit.edu","tag_sets_id":1011,"tags_id":9008689},{"stories_id":1043394517,"tag":"geonames_5795348","tag_set":"mc-geocoder@media.mit.edu","tag_sets_id":1011,"tags_id":9025526},{"stories_id":1043394517,"tag":"geonames_4486860","tag_set":"mc-geocoder@media.mit.edu","tag_sets_id":1011,"tags_id":9037494},{"stories_id":1043394517,"tag":"geonames_7261960","tag_set":"mc-geocoder@media.mit.edu","tag_sets_id":1011,"tags_id":9114767},{"stories_id":1043394517,"tag":"nyt_labeller_v1.0.0","tag_set":"nyt_labels_version","tag_sets_id":1964,"tags_id":9360669},{"stories_id":1043394517,"tag":"politics and government","tag_set":"nyt_labels","tag_sets_id":1963,"tags_id":9360836},{"stories_id":1043394517,"tag":"united states politics and government","tag_set":"nyt_labels","tag_sets_id":1963,"tags_id":9360846},{"stories_id":1043394517,"tag":"elections","tag_set":"nyt_labels","tag_sets_id":1963,"tags_id":9360851},{"stories_id":1043394517,"tag":"energy and power","tag_set":"nyt_labels","tag_sets_id":1963,"tags_id":9360997},{"stories_id":1043394517,"tag":"National Academy of Sciences","tag_set":"cliff_organizations","tag_sets_id":2388,"tags_id":9362168},{"stories_id":1043394517,"tag":"Washington Post","tag_set":"cliff_organizations","tag_sets_id":2388,"tags_id":9362798},{"stories_id":1043394517,"tag":"Trump","tag_set":"cliff_people","tag_sets_id":2389,"tags_id":9362872},{"stories_id":1043394517,"tag":"AP","tag_set":"cliff_organizations","tag_sets_id":2388,"tags_id":9362920},{"stories_id":1043394517,"tag":"CNN","tag_set":"cliff_organizations","tag_sets_id":2388,"tags_id":9362932},{"stories_id":1043394517,"tag":"House","tag_set":"cliff_organizations","tag_sets_id":2388,"tags_id":9363164},{"stories_id":1043394517,"tag":"Post","tag_set":"cliff_organizations","tag_sets_id":2388,"tags_id":9363250},{"stories_id":1043394517,"tag":"World Health Organization","tag_set":"cliff_organizations","tag_sets_id":2388,"tags_id":9363392},{"stories_id":1043394517,"tag":"George Washington University","tag_set":"cliff_organizations","tag_sets_id":2388,"tags_id":9363438},{"stories_id":1043394517,"tag":"U.N.","tag_set":"cliff_organizations","tag_sets_id":2388,"tags_id":9363619},{"stories_id":1043394517,"tag":"Department of Energy","tag_set":"cliff_organizations","tag_sets_id":2388,"tags_id":9364164},{"stories_id":1043394517,"tag":"the Associated Press","tag_set":"cliff_organizations","tag_sets_id":2388,"tags_id":9366284},{"stories_id":1043394517,"tag":"Interior Department","tag_set":"cliff_organizations","tag_sets_id":2388,"tags_id":9367363},{"stories_id":1043394517,"tag":"BP","tag_set":"cliff_organizations","tag_sets_id":2388,"tags_id":9367462},{"stories_id":1043394517,"tag":"BLM","tag_set":"cliff_organizations","tag_sets_id":2388,"tags_id":9369326},{"stories_id":1043394517,"tag":"National Park Service","tag_set":"cliff_organizations","tag_sets_id":2388,"tags_id":9373690},{"stories_id":1043394517,"tag":"Steven Mufson","tag_set":"cliff_people","tag_sets_id":2389,"tags_id":9374763},{"stories_id":1043394517,"tag":"Chris Mooney","tag_set":"cliff_people","tag_sets_id":2389,"tags_id":9374895},{"stories_id":1043394517,"tag":"S&P Global Platts","tag_set":"cliff_organizations","tag_sets_id":2388,"tags_id":9388911},{"stories_id":1043394517,"tag":"Department of Interior","tag_set":"cliff_organizations","tag_sets_id":2388,"tags_id":9389064},{"stories_id":1043394517,"tag":"Bill Gates","tag_set":"cliff_people","tag_sets_id":2389,"tags_id":9390654},{"stories_id":1043394517,"tag":"Harris","tag_set":"cliff_people","tag_sets_id":2389,"tags_id":9395691},{"stories_id":1043394517,"tag":"IEA","tag_set":"cliff_organizations","tag_sets_id":2388,"tags_id":9395763},{"stories_id":1043394517,"tag":"El Niño","tag_set":"cliff_organizations","tag_sets_id":2388,"tags_id":9397344},{"stories_id":1043394517,"tag":"Energy","tag_set":"cliff_organizations","tag_sets_id":2388,"tags_id":9397380},{"stories_id":1043394517,"tag":"Jason Samenow","tag_set":"cliff_people","tag_sets_id":2389,"tags_id":9410048},{"stories_id":1043394517,"tag":"Energy Department","tag_set":"cliff_organizations","tag_sets_id":2388,"tags_id":9415772},{"stories_id":1043394517,"tag":"Senate Energy and Natural Resources Committee","tag_set":"cliff_organizations","tag_sets_id":2388,"tags_id":9416098},{"stories_id":1043394517,"tag":"Ernest Moniz","tag_set":"cliff_people","tag_sets_id":2389,"tags_id":9420842},{"stories_id":1043394517,"tag":"Bracewell","tag_set":"cliff_organizations","tag_sets_id":2388,"tags_id":9421843},{"stories_id":1043394517,"tag":"Arizona Daily Star","tag_set":"cliff_organizations","tag_sets_id":2388,"tags_id":9431257},{"stories_id":1043394517,"tag":"Jay Inslee","tag_set":"cliff_people","tag_sets_id":2389,"tags_id":9434808},{"stories_id":1043394517,"tag":"Tom Steyer","tag_set":"cliff_people","tag_sets_id":2389,"tags_id":9458539},{"stories_id":1043394517,"tag":"Jared Polis","tag_set":"cliff_people","tag_sets_id":2389,"tags_id":9460032},{"stories_id":1043394517,"tag":"Angela Fritz","tag_set":"cliff_people","tag_sets_id":2389,"tags_id":9467517},{"stories_id":1043394517,"tag":"Geoff Cooper","tag_set":"cliff_people","tag_sets_id":2389,"tags_id":9471607},{"stories_id":1043394517,"tag":"American Petroleum Institute","tag_set":"cliff_organizations","tag_sets_id":2388,"tags_id":9476750},{"stories_id":1043394517,"tag":"FERC","tag_set":"cliff_organizations","tag_sets_id":2388,"tags_id":9476819},{"stories_id":1043394517,"tag":"Walker Stapleton","tag_set":"cliff_people","tag_sets_id":2389,"tags_id":9485238},{"stories_id":1043394517,"tag":"Jahi Chikwendiu/The","tag_set":"cliff_people","tag_sets_id":2389,"tags_id":9524834},{"stories_id":1043394517,"tag":"Western States Petroleum Association","tag_set":"cliff_organizations","tag_sets_id":2388,"tags_id":9683113},{"stories_id":1043394517,"tag":"cliff_clavin_v2.4.1","tag_set":"geocoder_version","tag_sets_id":1937,"tags_id":9696677},{"stories_id":1043394517,"tag":"AFP","tag_set":"cliff_organizations","tag_sets_id":2388,"tags_id":9696691},{"stories_id":1043394517,"tag":"Ethan Miller/Getty","tag_set":"cliff_people","tag_sets_id":2389,"tags_id":9706932},{"stories_id":1043394517,"tag":"Han Guan","tag_set":"cliff_people","tag_sets_id":2389,"tags_id":10165528},{"stories_id":1043394517,"tag":"Arizona Public Service","tag_set":"cliff_organizations","tag_sets_id":2388,"tags_id":10296279},{"stories_id":1043394517,"tag":"Jennifer Oldham","tag_set":"cliff_people","tag_sets_id":2389,"tags_id":10429032},{"stories_id":1043394517,"tag":"United States Energy Association","tag_set":"cliff_organizations","tag_sets_id":2388,"tags_id":10439844},{"stories_id":1043394517,"tag":"Helen H. Richardson/Denver","tag_set":"cliff_people","tag_sets_id":2389,"tags_id":11195985},{"stories_id":1043394517,"tag":"Bill Holland","tag_set":"cliff_people","tag_sets_id":2389,"tags_id":11217641},{"stories_id":1043394517,"tag":"Matt Benson","tag_set":"cliff_people","tag_sets_id":2389,"tags_id":11756113},{"stories_id":1043394517,"tag":"John W. Fitzpatrick","tag_set":"cliff_people","tag_sets_id":2389,"tags_id":21076558},{"stories_id":1043394517,"tag":"Colorado Petroleum Council","tag_set":"cliff_organizations","tag_sets_id":2388,"tags_id":21239847},{"stories_id":1043394517,"tag":"Tracee Bentley","tag_set":"cliff_people","tag_sets_id":2389,"tags_id":21239857},{"stories_id":1043394517,"tag":"geonames_5576859","tag_set":"mc-geocoder@media.mit.edu","tag_sets_id":1011,"tags_id":23446022},{"stories_id":1043394517,"tag":"Columbia University Center on Global Energy","tag_set":"cliff_organizations","tag_sets_id":2388,"tags_id":25029098},{"stories_id":1043394517,"tag":"Greg Lehman/Walla Walla","tag_set":"cliff_people","tag_sets_id":2389,"tags_id":28488783},{"stories_id":1043394517,"tag":"Rita Baranwal","tag_set":"cliff_people","tag_sets_id":2389,"tags_id":30740047},{"stories_id":1043394517,"tag":"Lars Hagberg/AFP","tag_set":"cliff_people","tag_sets_id":2389,"tags_id":35912322},{"stories_id":1043394517,"tag":"Renewable Fuel Association","tag_set":"cliff_organizations","tag_sets_id":2388,"tags_id":36439677},{"stories_id":1043394517,"tag":"geonames_6138374","tag_set":"mc-geocoder@media.mit.edu","tag_sets_id":1011,"tags_id":36657783},{"stories_id":1043394517,"tag":"Bernard McNamee","tag_set":"cliff_people","tag_sets_id":2389,"tags_id":45518013},{"stories_id":1043394517,"tag":"Jim WatsonJIM","tag_set":"cliff_people","tag_sets_id":2389,"tags_id":55771207},{"stories_id":1043394517,"tag":"Raymond David Vela","tag_set":"cliff_people","tag_sets_id":2389,"tags_id":74186589},{"stories_id":1043394517,"tag":"readability-lxml-0.7","tag_set":"extractor_version","tag_sets_id":1354,"tags_id":81092444}],"title":"The Energy 202: Democrats actually have a shot at winning on energy policy next week — in the states","url":"https://www.washingtonpost.com/news/powerpost/paloma/the-energy-202/2018/10/30/the-energy-202-democrats-actually-have-a-shot-at-winning-on-energy-policy-next-week-in-the-states/5bd790ae1b326b38c0be126e/","word_count":null}]