[{"ap_syndicated":null,"collect_date":"2018-12-31 05:13:17.779929","feeds":null,"guid":"https://www.nytimes.com/2018/12/29/opinion/sunday/republicans-climate-change-polls.html","language":"en","media_id":1,"media_name":null,"media_url":null,"processed_stories_id":null,"publish_date":"2018-12-29 14:30:04","stories_id":1128291366,"story_tags":[{"stories_id":1128291366,"tag":"guess_by_tag_time","tag_set":"date_guess_method","tag_sets_id":508,"tags_id":50741428}],"title":"More Republicans Than You Think Support Action on Climate Change","url":"https://www.nytimes.com/2018/12/29/opinion/sunday/republicans-climate-change-polls.html?partner=rss&emc=rss","word_count":null}]