[{"ap_syndicated":null,"collect_date":"2019-01-04 05:11:51.795551","feeds":null,"guid":"https://www.washingtonpost.com/opinions/2019/01/03/watch-out-two-successful-democratic-governors/","language":"en","media_id":2,"media_name":null,"media_url":null,"processed_stories_id":null,"publish_date":"2019-01-03 14:30:59","stories_id":1135136918,"story_tags":[{"stories_id":1135136918,"tag":"geonames_6252001","tag_set":"mc-geocoder@media.mit.edu","tag_sets_id":1011,"tags_id":8878461},{"stories_id":1135136918,"tag":"geonames_5815135","tag_set":"mc-geocoder@media.mit.edu","tag_sets_id":1011,"tags_id":8878481},{"stories_id":1135136918,"tag":"geonames_6254928","tag_set":"mc-geocoder@media.mit.edu","tag_sets_id":1011,"tags_id":8878547},{"stories_id":1135136918,"tag":"geonames_5805687","tag_set":"mc-geocoder@media.mit.edu","tag_sets_id":1011,"tags_id":8880090},{"stories_id":1135136918,"tag":"nyt_labeller_v1.0.0","tag_set":"nyt_labels_version","tag_sets_id":1964,"tags_id":9360669},{"stories_id":1135136918,"tag":"politics and government","tag_set":"nyt_labels","tag_sets_id":1963,"tags_id":9360836},{"stories_id":1135136918,"tag":"finances","tag_set":"nyt_labels","tag_sets_id":1963,"tags_id":9360840},{"stories_id":1135136918,"tag":"united states politics and government","tag_set":"nyt_labels","tag_sets_id":1963,"tags_id":9360846},{"stories_id":1135136918,"tag":"budgets and budgeting","tag_set":"nyt_labels","tag_sets_id":1963,"tags_id":9360850},{"stories_id":1135136918,"tag":"MSNBC","tag_set":"cliff_organizations","tag_sets_id":2388,"tags_id":9362780},{"stories_id":1135136918,"tag":"Trump","tag_set":"cliff_organizations","tag_sets_id":2388,"tags_id":9362787},{"stories_id":1135136918,"tag":"Trump","tag_set":"cliff_people","tag_sets_id":2389,"tags_id":9362872},{"stories_id":1135136918,"tag":"D","tag_set":"cliff_organizations","tag_sets_id":2388,"tags_id":9363165},{"stories_id":1135136918,"tag":"Elizabeth Warren","tag_set":"cliff_people","tag_sets_id":2389,"tags_id":9364527},{"stories_id":1135136918,"tag":"Clintons","tag_set":"cliff_people","tag_sets_id":2389,"tags_id":9365249},{"stories_id":1135136918,"tag":"Chris Hayes","tag_set":"cliff_people","tag_sets_id":2389,"tags_id":9365879},{"stories_id":1135136918,"tag":"Apple","tag_set":"cliff_organizations","tag_sets_id":2388,"tags_id":9367295},{"stories_id":1135136918,"tag":"Tim Cook","tag_set":"cliff_people","tag_sets_id":2389,"tags_id":9375672},{"stories_id":1135136918,"tag":"Terry McAuliffe","tag_set":"cliff_people","tag_sets_id":2389,"tags_id":9387494},{"stories_id":1135136918,"tag":"Jay Inslee","tag_set":"cliff_people","tag_sets_id":2389,"tags_id":9434808},{"stories_id":1135136918,"tag":"Jennifer Rubin","tag_set":"cliff_people","tag_sets_id":2389,"tags_id":9475900},{"stories_id":1135136918,"tag":"Debbie Downer","tag_set":"cliff_people","tag_sets_id":2389,"tags_id":9496579},{"stories_id":1135136918,"tag":"cliff_clavin_v2.4.1","tag_set":"geocoder_version","tag_sets_id":1937,"tags_id":9696677},{"stories_id":1135136918,"tag":"Ted S. Warren/AP","tag_set":"cliff_people","tag_sets_id":2389,"tags_id":10509064},{"stories_id":1135136918,"tag":"readability-lxml-0.7","tag_set":"extractor_version","tag_sets_id":1354,"tags_id":81092444}],"title":"Watch out for these two Democrats with gubernatorial experience","url":"https://www.washingtonpost.com/opinions/2019/01/03/watch-out-two-successful-democratic-governors/","word_count":null}]