[{"ap_syndicated":null,"collect_date":"2019-02-07 16:50:02.510854","feeds":null,"guid":"https://www.usatoday.com/story/news/politics/2019/02/07/green-new-deal-ocasio-cortez-pelosi-paint-united-front-climate/2801407002/","language":"en","media_id":4,"media_name":null,"media_url":null,"processed_stories_id":null,"publish_date":"2019-02-07 15:25:48","stories_id":1186160949,"story_tags":[{"stories_id":1186160949,"tag":"geonames_6252001","tag_set":"mc-geocoder@media.mit.edu","tag_sets_id":1011,"tags_id":8878461},{"stories_id":1186160949,"tag":"geonames_5815135","tag_set":"mc-geocoder@media.mit.edu","tag_sets_id":1011,"tags_id":8878481},{"stories_id":1186160949,"tag":"nyt_labeller_v1.0.0","tag_set":"nyt_labels_version","tag_sets_id":1964,"tags_id":9360669},{"stories_id":1186160949,"tag":"politics and government","tag_set":"nyt_labels","tag_sets_id":1963,"tags_id":9360836},{"stories_id":1186160949,"tag":"global warming","tag_set":"nyt_labels","tag_sets_id":1963,"tags_id":9360886},{"stories_id":1186160949,"tag":"environment","tag_set":"nyt_labels","tag_sets_id":1963,"tags_id":9360887},{"stories_id":1186160949,"tag":"weather","tag_set":"nyt_labels","tag_sets_id":1963,"tags_id":9360902},{"stories_id":1186160949,"tag":"energy and power","tag_set":"nyt_labels","tag_sets_id":1963,"tags_id":9360997},{"stories_id":1186160949,"tag":"electric light and power","tag_set":"nyt_labels","tag_sets_id":1963,"tags_id":9361013},{"stories_id":1186160949,"tag":"light","tag_set":"nyt_labels","tag_sets_id":1963,"tags_id":9361014},{"stories_id":1186160949,"tag":"Donald Trump","tag_set":"cliff_people","tag_sets_id":2389,"tags_id":9362284},{"stories_id":1186160949,"tag":"Senate","tag_set":"cliff_organizations","tag_sets_id":2388,"tags_id":9362741},{"stories_id":1186160949,"tag":"Congress","tag_set":"cliff_organizations","tag_sets_id":2388,"tags_id":9362962},{"stories_id":1186160949,"tag":"House","tag_set":"cliff_organizations","tag_sets_id":2388,"tags_id":9363164},{"stories_id":1186160949,"tag":"Nancy Pelosi","tag_set":"cliff_people","tag_sets_id":2389,"tags_id":9364036},{"stories_id":1186160949,"tag":"united front","tag_set":"cliff_organizations","tag_sets_id":2388,"tags_id":9367450},{"stories_id":1186160949,"tag":"USA TODAY","tag_set":"cliff_organizations","tag_sets_id":2388,"tags_id":9382850},{"stories_id":1186160949,"tag":"Ed Markey","tag_set":"cliff_people","tag_sets_id":2389,"tags_id":9387136},{"stories_id":1186160949,"tag":"Bob Salera","tag_set":"cliff_people","tag_sets_id":2389,"tags_id":9421616},{"stories_id":1186160949,"tag":"National Republican","tag_set":"cliff_organizations","tag_sets_id":2388,"tags_id":9436989},{"stories_id":1186160949,"tag":"NRCC","tag_set":"cliff_organizations","tag_sets_id":2388,"tags_id":9436990},{"stories_id":1186160949,"tag":"Edward Markey","tag_set":"cliff_people","tag_sets_id":2389,"tags_id":9532651},{"stories_id":1186160949,"tag":"cliff_clavin_v2.4.1","tag_set":"geocoder_version","tag_sets_id":1937,"tags_id":9696677},{"stories_id":1186160949,"tag":"Hammill","tag_set":"cliff_people","tag_sets_id":2389,"tags_id":9881311},{"stories_id":1186160949,"tag":"Ledyard King","tag_set":"cliff_organizations","tag_sets_id":2388,"tags_id":10131233},{"stories_id":1186160949,"tag":"Alexandria Ocasio-Cortez","tag_set":"cliff_people","tag_sets_id":2389,"tags_id":44318694},{"stories_id":1186160949,"tag":"readability-lxml-0.7","tag_set":"extractor_version","tag_sets_id":1354,"tags_id":81092444}],"title":"Green New Deal: Ocasio-Cortez plan has yet to have Pelosi backing as both emphasize climate change","url":"http://rssfeeds.usatoday.com/~/596068652/0/usatoday-techtopstories~Green-New-Deal-OcasioCortez-plan-has-yet-to-have-Pelosi-backing-as-both-emphasize-climate-change/","word_count":null}]