[{"ap_syndicated":null,"collect_date":"2019-02-11 03:48:46.475979","feeds":null,"guid":"https://www.washingtonpost.com/politics/fact-checker/whats-actually-in-the-green-new-deal-from-democrats/2019/02/11/d9dafdee-f161-40af-a52d-1bba221927db_story.html","language":"en","media_id":2,"media_name":null,"media_url":null,"processed_stories_id":null,"publish_date":"2019-02-11 03:00:34","stories_id":1191266311,"story_tags":[{"stories_id":1191266311,"tag":"guess_by_unknown","tag_set":"date_guess_method","tag_sets_id":508,"tags_id":50741492}],"title":"What’s actually in the ‘Green New Deal’ from Democrats?","url":"https://www.washingtonpost.com/politics/fact-checker/whats-actually-in-the-green-new-deal-from-democrats/2019/02/11/d9dafdee-f161-40af-a52d-1bba221927db_story.html","word_count":null}]