[{"ap_syndicated":null,"collect_date":"2019-02-13 17:51:27.646904","feeds":null,"guid":"https://www.nytimes.com/2019/02/13/technology/atlassian-cannon-brookes-farquhar.html","language":"en","media_id":1,"media_name":null,"media_url":null,"processed_stories_id":null,"publish_date":"2019-02-13 14:16:59","stories_id":1194075885,"story_tags":[{"stories_id":1194075885,"tag":"geonames_5332921","tag_set":"mc-geocoder@media.mit.edu","tag_sets_id":1011,"tags_id":8878533},{"stories_id":1194075885,"tag":"geonames_2155400","tag_set":"mc-geocoder@media.mit.edu","tag_sets_id":1011,"tags_id":8878624},{"stories_id":1194075885,"tag":"geonames_2147714","tag_set":"mc-geocoder@media.mit.edu","tag_sets_id":1011,"tags_id":8878628},{"stories_id":1194075885,"tag":"geonames_2077456","tag_set":"mc-geocoder@media.mit.edu","tag_sets_id":1011,"tags_id":8878705},{"stories_id":1194075885,"tag":"geonames_2172517","tag_set":"mc-geocoder@media.mit.edu","tag_sets_id":1011,"tags_id":8883175},{"stories_id":1194075885,"tag":"nyt_labeller_v1.0.0","tag_set":"nyt_labels_version","tag_sets_id":1964,"tags_id":9360669},{"stories_id":1194075885,"tag":"computers and the internet","tag_set":"nyt_labels","tag_sets_id":1963,"tags_id":9360839},{"stories_id":1194075885,"tag":"finances","tag_set":"nyt_labels","tag_sets_id":1963,"tags_id":9360840},{"stories_id":1194075885,"tag":"computer software","tag_set":"nyt_labels","tag_sets_id":1963,"tags_id":9360880},{"stories_id":1194075885,"tag":"Julie Bishop","tag_set":"cliff_people","tag_sets_id":2389,"tags_id":9366038},{"stories_id":1194075885,"tag":"Scott Farquhar","tag_set":"cliff_people","tag_sets_id":2389,"tags_id":9366237},{"stories_id":1194075885,"tag":"McDonald","tag_set":"cliff_organizations","tag_sets_id":2388,"tags_id":9376221},{"stories_id":1194075885,"tag":"Peter Dutton","tag_set":"cliff_people","tag_sets_id":2389,"tags_id":9376596},{"stories_id":1194075885,"tag":"Liberal Party","tag_set":"cliff_organizations","tag_sets_id":2388,"tags_id":9378259},{"stories_id":1194075885,"tag":"Scott Morrison","tag_set":"cliff_people","tag_sets_id":2389,"tags_id":9382030},{"stories_id":1194075885,"tag":"Macquarie University","tag_set":"cliff_organizations","tag_sets_id":2388,"tags_id":9383979},{"stories_id":1194075885,"tag":"Elon Musk","tag_set":"cliff_people","tag_sets_id":2389,"tags_id":9384651},{"stories_id":1194075885,"tag":"Congregational Church","tag_set":"cliff_organizations","tag_sets_id":2388,"tags_id":9390162},{"stories_id":1194075885,"tag":"Mike Cannon-Brookes","tag_set":"cliff_people","tag_sets_id":2389,"tags_id":9400867},{"stories_id":1194075885,"tag":"Alan Jones","tag_set":"cliff_people","tag_sets_id":2389,"tags_id":9408113},{"stories_id":1194075885,"tag":"Ryan Smith","tag_set":"cliff_people","tag_sets_id":2389,"tags_id":9454501},{"stories_id":1194075885,"tag":"cliff_clavin_v2.4.1","tag_set":"geocoder_version","tag_sets_id":1937,"tags_id":9696677},{"stories_id":1194075885,"tag":"Daniel Ek","tag_set":"cliff_people","tag_sets_id":2389,"tags_id":9744672},{"stories_id":1194075885,"tag":"sandy brown","tag_set":"cliff_people","tag_sets_id":2389,"tags_id":10000680},{"stories_id":1194075885,"tag":"Jira","tag_set":"cliff_people","tag_sets_id":2389,"tags_id":10967612},{"stories_id":1194075885,"tag":"Atlassian","tag_set":"cliff_organizations","tag_sets_id":2388,"tags_id":11871868},{"stories_id":1194075885,"tag":"Didier Elzinga","tag_set":"cliff_people","tag_sets_id":2389,"tags_id":11978117},{"stories_id":1194075885,"tag":"Bridget Griffen-Foley","tag_set":"cliff_people","tag_sets_id":2389,"tags_id":33845803},{"stories_id":1194075885,"tag":"Citigroup Australia","tag_set":"cliff_organizations","tag_sets_id":2388,"tags_id":37414236},{"stories_id":1194075885,"tag":"readability-lxml-0.7","tag_set":"extractor_version","tag_sets_id":1354,"tags_id":81092444},{"stories_id":1194075885,"tag":"Christine Van Toorn","tag_set":"cliff_people","tag_sets_id":2389,"tags_id":132536662}],"title":"The Strange Experience of Being Australia&#x2019;s First Tech Billionaires","url":"https://www.nytimes.com/2019/02/13/technology/atlassian-cannon-brookes-farquhar.html?partner=rss&emc=rss","word_count":null}]