[{"ap_syndicated":null,"collect_date":"2019-02-21 10:07:30.775847","feeds":null,"guid":"https://www.nytimes.com/2019/02/21/climate/green-new-deal-questions-answers.html","language":"en","media_id":1,"media_name":null,"media_url":null,"processed_stories_id":null,"publish_date":"2019-02-21 09:29:14","stories_id":1204320041,"story_tags":[{"stories_id":1204320041,"tag":"geonames_6252001","tag_set":"mc-geocoder@media.mit.edu","tag_sets_id":1011,"tags_id":8878461},{"stories_id":1204320041,"tag":"geonames_5128638","tag_set":"mc-geocoder@media.mit.edu","tag_sets_id":1011,"tags_id":8878463},{"stories_id":1204320041,"tag":"geonames_5145161","tag_set":"mc-geocoder@media.mit.edu","tag_sets_id":1011,"tags_id":9043824},{"stories_id":1204320041,"tag":"nyt_labeller_v1.0.0","tag_set":"nyt_labels_version","tag_sets_id":1964,"tags_id":9360669},{"stories_id":1204320041,"tag":"politics and government","tag_set":"nyt_labels","tag_sets_id":1963,"tags_id":9360836},{"stories_id":1204320041,"tag":"law and legislation","tag_set":"nyt_labels","tag_sets_id":1963,"tags_id":9360837},{"stories_id":1204320041,"tag":"labor","tag_set":"nyt_labels","tag_sets_id":1963,"tags_id":9360859},{"stories_id":1204320041,"tag":"global warming","tag_set":"nyt_labels","tag_sets_id":1963,"tags_id":9360886},{"stories_id":1204320041,"tag":"environment","tag_set":"nyt_labels","tag_sets_id":1963,"tags_id":9360887},{"stories_id":1204320041,"tag":"energy and power","tag_set":"nyt_labels","tag_sets_id":1963,"tags_id":9360997},{"stories_id":1204320041,"tag":"air pollution","tag_set":"nyt_labels","tag_sets_id":1963,"tags_id":9361007},{"stories_id":1204320041,"tag":"Senate","tag_set":"cliff_organizations","tag_sets_id":2388,"tags_id":9362741},{"stories_id":1204320041,"tag":"New York Times","tag_set":"cliff_organizations","tag_sets_id":2388,"tags_id":9362756},{"stories_id":1204320041,"tag":"United Nations","tag_set":"cliff_organizations","tag_sets_id":2388,"tags_id":9362785},{"stories_id":1204320041,"tag":"Trump","tag_set":"cliff_people","tag_sets_id":2389,"tags_id":9362872},{"stories_id":1204320041,"tag":"CNN","tag_set":"cliff_organizations","tag_sets_id":2388,"tags_id":9362932},{"stories_id":1204320041,"tag":"Mitch McConnell","tag_set":"cliff_people","tag_sets_id":2389,"tags_id":9362936},{"stories_id":1204320041,"tag":"Congress","tag_set":"cliff_organizations","tag_sets_id":2388,"tags_id":9362962},{"stories_id":1204320041,"tag":"House of Representatives","tag_set":"cliff_organizations","tag_sets_id":2388,"tags_id":9363212},{"stories_id":1204320041,"tag":"Kamala Harris","tag_set":"cliff_people","tag_sets_id":2389,"tags_id":9363331},{"stories_id":1204320041,"tag":"Franklin D. Roosevelt","tag_set":"cliff_people","tag_sets_id":2389,"tags_id":9363984},{"stories_id":1204320041,"tag":"Nancy Pelosi","tag_set":"cliff_people","tag_sets_id":2389,"tags_id":9364036},{"stories_id":1204320041,"tag":"Elizabeth Warren","tag_set":"cliff_people","tag_sets_id":2389,"tags_id":9364527},{"stories_id":1204320041,"tag":"Cory Booker","tag_set":"cliff_people","tag_sets_id":2389,"tags_id":9365894},{"stories_id":1204320041,"tag":"socialist","tag_set":"cliff_organizations","tag_sets_id":2388,"tags_id":9365957},{"stories_id":1204320041,"tag":"Kirsten Gillibrand","tag_set":"cliff_people","tag_sets_id":2389,"tags_id":9366370},{"stories_id":1204320041,"tag":"Tom Cotton","tag_set":"cliff_people","tag_sets_id":2389,"tags_id":9367444},{"stories_id":1204320041,"tag":"Hugh Hewitt","tag_set":"cliff_people","tag_sets_id":2389,"tags_id":9368221},{"stories_id":1204320041,"tag":"Green Party","tag_set":"cliff_organizations","tag_sets_id":2388,"tags_id":9376712},{"stories_id":1204320041,"tag":"John Barrasso","tag_set":"cliff_people","tag_sets_id":2389,"tags_id":9378331},{"stories_id":1204320041,"tag":"Amy Klobuchar","tag_set":"cliff_people","tag_sets_id":2389,"tags_id":9404151},{"stories_id":1204320041,"tag":"Edward J. Markey","tag_set":"cliff_people","tag_sets_id":2389,"tags_id":9449559},{"stories_id":1204320041,"tag":"Thomas L. Friedman","tag_set":"cliff_people","tag_sets_id":2389,"tags_id":9518892},{"stories_id":1204320041,"tag":"Electric Power Research Institute","tag_set":"cliff_organizations","tag_sets_id":2388,"tags_id":9667999},{"stories_id":1204320041,"tag":"cliff_clavin_v2.4.1","tag_set":"geocoder_version","tag_sets_id":1937,"tags_id":9696677},{"stories_id":1204320041,"tag":"Alexandria Ocasio-Cortez","tag_set":"cliff_people","tag_sets_id":2389,"tags_id":44318694},{"stories_id":1204320041,"tag":"readability-lxml-0.7","tag_set":"extractor_version","tag_sets_id":1354,"tags_id":81092444}],"title":"Nine Key Questions About the Green New Deal","url":"https://www.nytimes.com/2019/02/21/climate/green-new-deal-questions-answers.html?partner=rss&emc=rss","word_count":null}]