[{"ap_syndicated":null,"collect_date":"2019-04-13 13:18:43.015811","feeds":null,"guid":"http://nypost.com/?post_type=article&p=13702265","language":"en","media_id":7,"media_name":null,"media_url":null,"processed_stories_id":null,"publish_date":"2019-04-13 13:15:45","stories_id":1248500194,"story_tags":[{"stories_id":1248500194,"tag":"geonames_6252001","tag_set":"mc-geocoder@media.mit.edu","tag_sets_id":1011,"tags_id":8878461},{"stories_id":1248500194,"tag":"geonames_5128638","tag_set":"mc-geocoder@media.mit.edu","tag_sets_id":1011,"tags_id":8878463},{"stories_id":1248500194,"tag":"geonames_5128581","tag_set":"mc-geocoder@media.mit.edu","tag_sets_id":1011,"tags_id":8878486},{"stories_id":1248500194,"tag":"geonames_5125771","tag_set":"mc-geocoder@media.mit.edu","tag_sets_id":1011,"tags_id":8878499},{"stories_id":1248500194,"tag":"geonames_5121509","tag_set":"mc-geocoder@media.mit.edu","tag_sets_id":1011,"tags_id":9025546},{"stories_id":1248500194,"tag":"nyt_labeller_v1.0.0","tag_set":"nyt_labels_version","tag_sets_id":1964,"tags_id":9360669},{"stories_id":1248500194,"tag":"politics and government","tag_set":"nyt_labels","tag_sets_id":1963,"tags_id":9360836},{"stories_id":1248500194,"tag":"environment","tag_set":"nyt_labels","tag_sets_id":1963,"tags_id":9360887},{"stories_id":1248500194,"tag":"energy and power","tag_set":"nyt_labels","tag_sets_id":1963,"tags_id":9360997},{"stories_id":1248500194,"tag":"air pollution","tag_set":"nyt_labels","tag_sets_id":1963,"tags_id":9361007},{"stories_id":1248500194,"tag":"electric light and power","tag_set":"nyt_labels","tag_sets_id":1963,"tags_id":9361013},{"stories_id":1248500194,"tag":"light","tag_set":"nyt_labels","tag_sets_id":1963,"tags_id":9361014},{"stories_id":1248500194,"tag":"atomic energy","tag_set":"nyt_labels","tag_sets_id":1963,"tags_id":9361077},{"stories_id":1248500194,"tag":"NASA","tag_set":"cliff_organizations","tag_sets_id":2388,"tags_id":9364494},{"stories_id":1248500194,"tag":"MIT","tag_set":"cliff_organizations","tag_sets_id":2388,"tags_id":9372787},{"stories_id":1248500194,"tag":"Fukushima","tag_set":"cliff_people","tag_sets_id":2389,"tags_id":9374455},{"stories_id":1248500194,"tag":"Stewart","tag_set":"cliff_people","tag_sets_id":2389,"tags_id":9399197},{"stories_id":1248500194,"tag":"James Hansen","tag_set":"cliff_people","tag_sets_id":2389,"tags_id":9437059},{"stories_id":1248500194,"tag":"Cuomo","tag_set":"cliff_people","tag_sets_id":2389,"tags_id":9458056},{"stories_id":1248500194,"tag":"cliff_clavin_v2.4.1","tag_set":"geocoder_version","tag_sets_id":1937,"tags_id":9696677},{"stories_id":1248500194,"tag":"James B. Meigs","tag_set":"cliff_people","tag_sets_id":2389,"tags_id":27115955},{"stories_id":1248500194,"tag":"readability-lxml-0.7","tag_set":"extractor_version","tag_sets_id":1354,"tags_id":81092444}],"title":"One way to save the planet: Build more nuclear plants","url":"https://nypost.com/2019/04/13/one-way-to-save-the-planet-build-more-nuclear-plants/","word_count":null}]