[{"ap_syndicated":null,"collect_date":"2019-04-26 01:03:18.299808","feeds":null,"guid":"https://www.nytimes.com/2019/03/01/us/jay-inslee-2020.html?module=inline","language":"en","media_id":1,"media_name":null,"media_url":null,"processed_stories_id":null,"publish_date":"2019-03-01 00:00:00","stories_id":1266511029,"story_tags":[{"stories_id":1266511029,"tag":"guess_by_tag_time","tag_set":"date_guess_method","tag_sets_id":508,"tags_id":50741428}],"title":"Jay Inslee, Washington Governor and Environmentalist, Enters 2020 Race - The New York Times","url":"https://www.nytimes.com/2019/03/01/us/jay-inslee-2020.html?module=inline","word_count":null}]