[{"ap_syndicated":null,"collect_date":"2019-04-30 08:33:52.425429","feeds":null,"guid":"https://www.washingtonpost.com/news/powerpost/paloma/the-energy-202/2019/04/30/the-energy-202-new-york-s-cuomo-is-pitching-a-green-new-deal-climate-activists-say-it-s-not-green-enough/5cc75afba7a0a46fd9222b9b/","language":"en","media_id":2,"media_name":null,"media_url":null,"processed_stories_id":null,"publish_date":"2019-04-30 08:11:02","stories_id":1270187089,"story_tags":[{"stories_id":1270187089,"tag":"geonames_6252001","tag_set":"mc-geocoder@media.mit.edu","tag_sets_id":1011,"tags_id":8878461},{"stories_id":1270187089,"tag":"geonames_5128638","tag_set":"mc-geocoder@media.mit.edu","tag_sets_id":1011,"tags_id":8878463},{"stories_id":1270187089,"tag":"geonames_5368361","tag_set":"mc-geocoder@media.mit.edu","tag_sets_id":1011,"tags_id":8878543},{"stories_id":1270187089,"tag":"nyt_labeller_v1.0.0","tag_set":"nyt_labels_version","tag_sets_id":1964,"tags_id":9360669},{"stories_id":1270187089,"tag":"politics and government","tag_set":"nyt_labels","tag_sets_id":1963,"tags_id":9360836},{"stories_id":1270187089,"tag":"law and legislation","tag_set":"nyt_labels","tag_sets_id":1963,"tags_id":9360837},{"stories_id":1270187089,"tag":"global warming","tag_set":"nyt_labels","tag_sets_id":1963,"tags_id":9360886},{"stories_id":1270187089,"tag":"environment","tag_set":"nyt_labels","tag_sets_id":1963,"tags_id":9360887},{"stories_id":1270187089,"tag":"energy and power","tag_set":"nyt_labels","tag_sets_id":1963,"tags_id":9360997},{"stories_id":1270187089,"tag":"air pollution","tag_set":"nyt_labels","tag_sets_id":1963,"tags_id":9361007},{"stories_id":1270187089,"tag":"electric light and power","tag_set":"nyt_labels","tag_sets_id":1963,"tags_id":9361013},{"stories_id":1270187089,"tag":"light","tag_set":"nyt_labels","tag_sets_id":1963,"tags_id":9361014},{"stories_id":1270187089,"tag":"Reuters","tag_set":"cliff_organizations","tag_sets_id":2388,"tags_id":9362267},{"stories_id":1270187089,"tag":"White House","tag_set":"cliff_organizations","tag_sets_id":2388,"tags_id":9362736},{"stories_id":1270187089,"tag":"Senate","tag_set":"cliff_organizations","tag_sets_id":2388,"tags_id":9362741},{"stories_id":1270187089,"tag":"Trump","tag_set":"cliff_people","tag_sets_id":2389,"tags_id":9362872},{"stories_id":1270187089,"tag":"GOP","tag_set":"cliff_organizations","tag_sets_id":2388,"tags_id":9362923},{"stories_id":1270187089,"tag":"Charles E. Schumer","tag_set":"cliff_people","tag_sets_id":2389,"tags_id":9362946},{"stories_id":1270187089,"tag":"Congress","tag_set":"cliff_organizations","tag_sets_id":2388,"tags_id":9362962},{"stories_id":1270187089,"tag":"House","tag_set":"cliff_organizations","tag_sets_id":2388,"tags_id":9363164},{"stories_id":1270187089,"tag":"Post","tag_set":"cliff_organizations","tag_sets_id":2388,"tags_id":9363250},{"stories_id":1270187089,"tag":"Interior","tag_set":"cliff_organizations","tag_sets_id":2388,"tags_id":9363817},{"stories_id":1270187089,"tag":"Nancy Pelosi","tag_set":"cliff_people","tag_sets_id":2389,"tags_id":9364036},{"stories_id":1270187089,"tag":"the Associated Press","tag_set":"cliff_organizations","tag_sets_id":2388,"tags_id":9366284},{"stories_id":1270187089,"tag":"Los Angeles Times","tag_set":"cliff_organizations","tag_sets_id":2388,"tags_id":9366745},{"stories_id":1270187089,"tag":"Interior Department","tag_set":"cliff_organizations","tag_sets_id":2388,"tags_id":9367363},{"stories_id":1270187089,"tag":"Steve Scalise","tag_set":"cliff_people","tag_sets_id":2389,"tags_id":9368861},{"stories_id":1270187089,"tag":"Eric Garcetti","tag_set":"cliff_people","tag_sets_id":2389,"tags_id":9371381},{"stories_id":1270187089,"tag":"House Natural Resources Committee","tag_set":"cliff_organizations","tag_sets_id":2388,"tags_id":9371543},{"stories_id":1270187089,"tag":"Andrew Cuomo","tag_set":"cliff_people","tag_sets_id":2389,"tags_id":9373032},{"stories_id":1270187089,"tag":"Southern Environmental Law Center","tag_set":"cliff_organizations","tag_sets_id":2388,"tags_id":9373333},{"stories_id":1270187089,"tag":"Juliet Eilperin","tag_set":"cliff_people","tag_sets_id":2389,"tags_id":9374780},{"stories_id":1270187089,"tag":"Brady Dennis","tag_set":"cliff_people","tag_sets_id":2389,"tags_id":9374896},{"stories_id":1270187089,"tag":"John Locher/AP","tag_set":"cliff_people","tag_sets_id":2389,"tags_id":9375731},{"stories_id":1270187089,"tag":"Annie Linskey","tag_set":"cliff_people","tag_sets_id":2389,"tags_id":9381752},{"stories_id":1270187089,"tag":"NOAA","tag_set":"cliff_organizations","tag_sets_id":2388,"tags_id":9407329},{"stories_id":1270187089,"tag":"Jody Hice","tag_set":"cliff_people","tag_sets_id":2389,"tags_id":9413724},{"stories_id":1270187089,"tag":"L.A. Times","tag_set":"cliff_organizations","tag_sets_id":2388,"tags_id":9432411},{"stories_id":1270187089,"tag":"Jay Inslee","tag_set":"cliff_people","tag_sets_id":2389,"tags_id":9434808},{"stories_id":1270187089,"tag":"Edward J. Markey","tag_set":"cliff_people","tag_sets_id":2389,"tags_id":9449559},{"stories_id":1270187089,"tag":"David Bernhardt","tag_set":"cliff_people","tag_sets_id":2389,"tags_id":9462566},{"stories_id":1270187089,"tag":"Public Works Committee","tag_set":"cliff_organizations","tag_sets_id":2388,"tags_id":9462970},{"stories_id":1270187089,"tag":"Beto O’Rourke","tag_set":"cliff_people","tag_sets_id":2389,"tags_id":9476803},{"stories_id":1270187089,"tag":"Assembly","tag_set":"cliff_organizations","tag_sets_id":2388,"tags_id":9480229},{"stories_id":1270187089,"tag":"New York State Assembly","tag_set":"cliff_organizations","tag_sets_id":2388,"tags_id":9530857},{"stories_id":1270187089,"tag":"CCPA","tag_set":"cliff_organizations","tag_sets_id":2388,"tags_id":9559205},{"stories_id":1270187089,"tag":"clean energy","tag_set":"cliff_organizations","tag_sets_id":2388,"tags_id":9584691},{"stories_id":1270187089,"tag":"Beto O'Rourke","tag_set":"cliff_people","tag_sets_id":2389,"tags_id":9596964},{"stories_id":1270187089,"tag":"House Energy and Commerce","tag_set":"cliff_organizations","tag_sets_id":2388,"tags_id":9641221},{"stories_id":1270187089,"tag":"Jessica Ramos","tag_set":"cliff_people","tag_sets_id":2389,"tags_id":9659155},{"stories_id":1270187089,"tag":"Andrew Wheeler","tag_set":"cliff_people","tag_sets_id":2389,"tags_id":9686302},{"stories_id":1270187089,"tag":"cliff_clavin_v2.4.1","tag_set":"geocoder_version","tag_sets_id":1937,"tags_id":9696677},{"stories_id":1270187089,"tag":"Lucy Nicholson/Reuters","tag_set":"cliff_people","tag_sets_id":2389,"tags_id":9706155},{"stories_id":1270187089,"tag":"Bureau of Ocean Energy","tag_set":"cliff_organizations","tag_sets_id":2388,"tags_id":9730911},{"stories_id":1270187089,"tag":"Hans Pennink/AP","tag_set":"cliff_people","tag_sets_id":2389,"tags_id":10036735},{"stories_id":1270187089,"tag":"Los Angeles Department of Water","tag_set":"cliff_organizations","tag_sets_id":2388,"tags_id":10334158},{"stories_id":1270187089,"tag":"BOEM","tag_set":"cliff_organizations","tag_sets_id":2388,"tags_id":11668292},{"stories_id":1270187089,"tag":"Steve Englebright","tag_set":"cliff_people","tag_sets_id":2389,"tags_id":16299929},{"stories_id":1270187089,"tag":"Michael Kracker","tag_set":"cliff_people","tag_sets_id":2389,"tags_id":28802620},{"stories_id":1270187089,"tag":"Varshini Prakash","tag_set":"cliff_people","tag_sets_id":2389,"tags_id":29357867},{"stories_id":1270187089,"tag":"Alexandria Ocasio-Cortez","tag_set":"cliff_people","tag_sets_id":2389,"tags_id":44318694},{"stories_id":1270187089,"tag":"Joergen","tag_set":"cliff_people","tag_sets_id":2389,"tags_id":46336925},{"stories_id":1270187089,"tag":"Stephan Edel","tag_set":"cliff_people","tag_sets_id":2389,"tags_id":64616873},{"stories_id":1270187089,"tag":"readability-lxml-0.7","tag_set":"extractor_version","tag_sets_id":1354,"tags_id":81092444},{"stories_id":1270187089,"tag":"New York Working Families Project","tag_set":"cliff_organizations","tag_sets_id":2388,"tags_id":119092563},{"stories_id":1270187089,"tag":"taxpayer advocacy coalition Unshackle Upstate","tag_set":"cliff_organizations","tag_sets_id":2388,"tags_id":154480608}],"title":"The Energy 202: New York’s Cuomo is pitching a Green New Deal. Climate activists say it’s not green enough. ","url":"https://www.washingtonpost.com/news/powerpost/paloma/the-energy-202/2019/04/30/the-energy-202-new-york-s-cuomo-is-pitching-a-green-new-deal-climate-activists-say-it-s-not-green-enough/5cc75afba7a0a46fd9222b9b/","word_count":null}]