[{"ap_syndicated":null,"collect_date":"2019-05-02 06:38:43.567187","feeds":null,"guid":"https://www.washingtonpost.com/news/posteverything/wp/2019/05/02/feature/the-green-new-deal-isnt-too-big-its-not-nearly-big-enough/","language":"en","media_id":2,"media_name":null,"media_url":null,"processed_stories_id":null,"publish_date":"2019-05-02 06:00:58","stories_id":1271959761,"story_tags":[{"stories_id":1271959761,"tag":"geonames_6252001","tag_set":"mc-geocoder@media.mit.edu","tag_sets_id":1011,"tags_id":8878461},{"stories_id":1271959761,"tag":"geonames_5128638","tag_set":"mc-geocoder@media.mit.edu","tag_sets_id":1011,"tags_id":8878463},{"stories_id":1271959761,"tag":"geonames_3012874","tag_set":"mc-geocoder@media.mit.edu","tag_sets_id":1011,"tags_id":8878568},{"stories_id":1271959761,"tag":"geonames_2988507","tag_set":"mc-geocoder@media.mit.edu","tag_sets_id":1011,"tags_id":8878572},{"stories_id":1271959761,"tag":"geonames_5113681","tag_set":"mc-geocoder@media.mit.edu","tag_sets_id":1011,"tags_id":8887039},{"stories_id":1271959761,"tag":"nyt_labeller_v1.0.0","tag_set":"nyt_labels_version","tag_sets_id":1964,"tags_id":9360669},{"stories_id":1271959761,"tag":"politics and government","tag_set":"nyt_labels","tag_sets_id":1963,"tags_id":9360836},{"stories_id":1271959761,"tag":"global warming","tag_set":"nyt_labels","tag_sets_id":1963,"tags_id":9360886},{"stories_id":1271959761,"tag":"environment","tag_set":"nyt_labels","tag_sets_id":1963,"tags_id":9360887},{"stories_id":1271959761,"tag":"weather","tag_set":"nyt_labels","tag_sets_id":1963,"tags_id":9360902},{"stories_id":1271959761,"tag":"energy and power","tag_set":"nyt_labels","tag_sets_id":1963,"tags_id":9360997},{"stories_id":1271959761,"tag":"air pollution","tag_set":"nyt_labels","tag_sets_id":1963,"tags_id":9361007},{"stories_id":1271959761,"tag":"electric light and power","tag_set":"nyt_labels","tag_sets_id":1963,"tags_id":9361013},{"stories_id":1271959761,"tag":"light","tag_set":"nyt_labels","tag_sets_id":1963,"tags_id":9361014},{"stories_id":1271959761,"tag":"Reuters","tag_set":"cliff_organizations","tag_sets_id":2388,"tags_id":9362267},{"stories_id":1271959761,"tag":"White House","tag_set":"cliff_organizations","tag_sets_id":2388,"tags_id":9362736},{"stories_id":1271959761,"tag":"Senate","tag_set":"cliff_organizations","tag_sets_id":2388,"tags_id":9362741},{"stories_id":1271959761,"tag":"Hillary Clinton","tag_set":"cliff_people","tag_sets_id":2389,"tags_id":9362747},{"stories_id":1271959761,"tag":"Barack Obama","tag_set":"cliff_people","tag_sets_id":2389,"tags_id":9362763},{"stories_id":1271959761,"tag":"Associated Press","tag_set":"cliff_organizations","tag_sets_id":2388,"tags_id":9362784},{"stories_id":1271959761,"tag":"United Nations","tag_set":"cliff_organizations","tag_sets_id":2388,"tags_id":9362785},{"stories_id":1271959761,"tag":"Trump","tag_set":"cliff_people","tag_sets_id":2389,"tags_id":9362872},{"stories_id":1271959761,"tag":"Congress","tag_set":"cliff_organizations","tag_sets_id":2388,"tags_id":9362962},{"stories_id":1271959761,"tag":"Pentagon","tag_set":"cliff_organizations","tag_sets_id":2388,"tags_id":9362965},{"stories_id":1271959761,"tag":"European Union","tag_set":"cliff_organizations","tag_sets_id":2388,"tags_id":9362999},{"stories_id":1271959761,"tag":"U.N.","tag_set":"cliff_organizations","tag_sets_id":2388,"tags_id":9363619},{"stories_id":1271959761,"tag":"World Bank","tag_set":"cliff_organizations","tag_sets_id":2388,"tags_id":9363853},{"stories_id":1271959761,"tag":"University of Chicago","tag_set":"cliff_organizations","tag_sets_id":2388,"tags_id":9365703},{"stories_id":1271959761,"tag":"Newsweek","tag_set":"cliff_organizations","tag_sets_id":2388,"tags_id":9368625},{"stories_id":1271959761,"tag":"World Resources Institute","tag_set":"cliff_organizations","tag_sets_id":2388,"tags_id":9421796},{"stories_id":1271959761,"tag":"JPMorgan","tag_set":"cliff_organizations","tag_sets_id":2388,"tags_id":9425441},{"stories_id":1271959761,"tag":"World Economic Forum","tag_set":"cliff_organizations","tag_sets_id":2388,"tags_id":9436649},{"stories_id":1271959761,"tag":"Ben Adler","tag_set":"cliff_people","tag_sets_id":2389,"tags_id":9510736},{"stories_id":1271959761,"tag":"Robinson Meyer","tag_set":"cliff_people","tag_sets_id":2389,"tags_id":9610975},{"stories_id":1271959761,"tag":"Gebru Jember Endalew","tag_set":"cliff_people","tag_sets_id":2389,"tags_id":9643023},{"stories_id":1271959761,"tag":"cliff_clavin_v2.4.1","tag_set":"geocoder_version","tag_sets_id":1937,"tags_id":9696677},{"stories_id":1271959761,"tag":"Jesse Young","tag_set":"cliff_people","tag_sets_id":2389,"tags_id":10216172},{"stories_id":1271959761,"tag":"Bureau of Energy Efficiency","tag_set":"cliff_organizations","tag_sets_id":2388,"tags_id":10438320},{"stories_id":1271959761,"tag":"City & State NY","tag_set":"cliff_organizations","tag_sets_id":2388,"tags_id":23963796},{"stories_id":1271959761,"tag":"Ajay Mathur","tag_set":"cliff_people","tag_sets_id":2389,"tags_id":28720316},{"stories_id":1271959761,"tag":"Alexandria","tag_set":"cliff_people","tag_sets_id":2389,"tags_id":28839507},{"stories_id":1271959761,"tag":"Leonardo Martinez-Diaz","tag_set":"cliff_people","tag_sets_id":2389,"tags_id":31459362},{"stories_id":1271959761,"tag":"readability-lxml-0.7","tag_set":"extractor_version","tag_sets_id":1354,"tags_id":81092444}],"title":"The Green New Deal isn’t too big. It’s not nearly big enough.","url":"https://www.washingtonpost.com/news/posteverything/wp/2019/05/02/feature/the-green-new-deal-isnt-too-big-its-not-nearly-big-enough/","word_count":null}]