[{"ap_syndicated":null,"collect_date":"2019-07-17 11:51:13.157036","feeds":null,"guid":"https://www.newsweek.com/donald-trump-hate-wind-opinion-1385881?utm_source=Twitter&utm_medium=Social&utm_campaign=NewsweekTwitter","language":"en","media_id":2,"media_name":null,"media_url":null,"processed_stories_id":null,"publish_date":"2019-04-05 09:14:33","stories_id":1341154727,"story_tags":[{"stories_id":1341154727,"tag":"guess_by_tag_meta","tag_set":"date_guess_method","tag_sets_id":508,"tags_id":50741386}],"title":"Why Does Donald Trump Hate Wind? | Opinion","url":"https://www.newsweek.com/donald-trump-hate-wind-opinion-1385881?utm_source=Twitter&utm_medium=Social&utm_campaign=NewsweekTwitter","word_count":null}]