[{"ap_syndicated":null,"collect_date":"2019-07-23 03:37:23.575106","feeds":null,"guid":"https://www.wsj.com/articles/ohio-lawmakers-miss-deadline-to-save-two-nuclear-plants-vow-to-keep-trying-11562508000#comments_sector","language":"en","media_id":1150,"media_name":null,"media_url":null,"processed_stories_id":null,"publish_date":"2019-07-07 00:00:00","stories_id":1345874938,"story_tags":[{"stories_id":1345874938,"tag":"geonames_6252001","tag_set":"mc-geocoder@media.mit.edu","tag_sets_id":1011,"tags_id":8878461},{"stories_id":1345874938,"tag":"geonames_5150529","tag_set":"mc-geocoder@media.mit.edu","tag_sets_id":1011,"tags_id":8878641},{"stories_id":1345874938,"tag":"geonames_5165418","tag_set":"mc-geocoder@media.mit.edu","tag_sets_id":1011,"tags_id":8878703},{"stories_id":1345874938,"tag":"geonames_5174035","tag_set":"mc-geocoder@media.mit.edu","tag_sets_id":1011,"tags_id":8879375},{"stories_id":1345874938,"tag":"geonames_4513798","tag_set":"mc-geocoder@media.mit.edu","tag_sets_id":1011,"tags_id":9025727},{"stories_id":1345874938,"tag":"nyt_labeller_v1.0.0","tag_set":"nyt_labels_version","tag_sets_id":1964,"tags_id":9360669},{"stories_id":1345874938,"tag":"law and legislation","tag_set":"nyt_labels","tag_sets_id":1963,"tags_id":9360837},{"stories_id":1345874938,"tag":"finances","tag_set":"nyt_labels","tag_sets_id":1963,"tags_id":9360840},{"stories_id":1345874938,"tag":"labor","tag_set":"nyt_labels","tag_sets_id":1963,"tags_id":9360859},{"stories_id":1345874938,"tag":"environment","tag_set":"nyt_labels","tag_sets_id":1963,"tags_id":9360887},{"stories_id":1345874938,"tag":"energy and power","tag_set":"nyt_labels","tag_sets_id":1963,"tags_id":9360997},{"stories_id":1345874938,"tag":"electric light and power","tag_set":"nyt_labels","tag_sets_id":1963,"tags_id":9361013},{"stories_id":1345874938,"tag":"light","tag_set":"nyt_labels","tag_sets_id":1963,"tags_id":9361014},{"stories_id":1345874938,"tag":"atomic energy","tag_set":"nyt_labels","tag_sets_id":1963,"tags_id":9361077},{"stories_id":1345874938,"tag":"factories and industrial plants","tag_set":"nyt_labels","tag_sets_id":1963,"tags_id":9361182},{"stories_id":1345874938,"tag":"bankruptcies","tag_set":"nyt_labels","tag_sets_id":1963,"tags_id":9361241},{"stories_id":1345874938,"tag":"shutdowns (institutional)","tag_set":"nyt_labels","tag_sets_id":1963,"tags_id":9361247},{"stories_id":1345874938,"tag":"Senate","tag_set":"cliff_organizations","tag_sets_id":2388,"tags_id":9362741},{"stories_id":1345874938,"tag":"Perry","tag_set":"cliff_people","tag_sets_id":2389,"tags_id":9370404},{"stories_id":1345874938,"tag":"Natural Resources Defense Council","tag_set":"cliff_organizations","tag_sets_id":2388,"tags_id":9378230},{"stories_id":1345874938,"tag":"Mike DeWine","tag_set":"cliff_people","tag_sets_id":2389,"tags_id":9379688},{"stories_id":1345874938,"tag":"Exelon Corp.","tag_set":"cliff_organizations","tag_sets_id":2388,"tags_id":9448026},{"stories_id":1345874938,"tag":"FirstEnergy","tag_set":"cliff_organizations","tag_sets_id":2388,"tags_id":9487132},{"stories_id":1345874938,"tag":"Dan Sawmiller","tag_set":"cliff_people","tag_sets_id":2389,"tags_id":9515246},{"stories_id":1345874938,"tag":"Davis-Besse","tag_set":"cliff_organizations","tag_sets_id":2388,"tags_id":9550744},{"stories_id":1345874938,"tag":"Ohio Senate","tag_set":"cliff_organizations","tag_sets_id":2388,"tags_id":9563112},{"stories_id":1345874938,"tag":"cliff_clavin_v2.4.1","tag_set":"geocoder_version","tag_sets_id":1937,"tags_id":9696677},{"stories_id":1345874938,"tag":"FirstEnergy Solutions Corp.","tag_set":"cliff_organizations","tag_sets_id":2388,"tags_id":9703948},{"stories_id":1345874938,"tag":"Kris Maher","tag_set":"cliff_people","tag_sets_id":2389,"tags_id":11791737},{"stories_id":1345874938,"tag":"Dustin Franz","tag_set":"cliff_people","tag_sets_id":2389,"tags_id":14238981},{"stories_id":1345874938,"tag":"John Fortney","tag_set":"cliff_people","tag_sets_id":2389,"tags_id":17055849},{"stories_id":1345874938,"tag":"guess_by_tag_meta","tag_set":"date_guess_method","tag_sets_id":508,"tags_id":50741386},{"stories_id":1345874938,"tag":"readability-lxml-0.7","tag_set":"extractor_version","tag_sets_id":1354,"tags_id":81092444}],"title":"Ohio Lawmakers Miss Deadline to Save Two Nuclear Plants, Vow to Keep Trying","url":"https://www.wsj.com/articles/ohio-lawmakers-miss-deadline-to-save-two-nuclear-plants-vow-to-keep-trying-11562508000#comments_sector","word_count":null}]