[{"ap_syndicated":null,"collect_date":"2019-07-28 22:40:43.426786","feeds":null,"guid":"https://nypost.com/2019/07/28/the-pantaleo-effect-proves-the-city-cant-afford-to-soften-the-nypd/","language":"en","media_id":7,"media_name":null,"media_url":null,"processed_stories_id":null,"publish_date":"2019-07-28 22:23:26","stories_id":1350792030,"story_tags":[{"stories_id":1350792030,"tag":"geonames_6252001","tag_set":"mc-geocoder@media.mit.edu","tag_sets_id":1011,"tags_id":8878461},{"stories_id":1350792030,"tag":"geonames_5110302","tag_set":"mc-geocoder@media.mit.edu","tag_sets_id":1011,"tags_id":8878462},{"stories_id":1350792030,"tag":"geonames_5128638","tag_set":"mc-geocoder@media.mit.edu","tag_sets_id":1011,"tags_id":8878463},{"stories_id":1350792030,"tag":"geonames_4199219","tag_set":"mc-geocoder@media.mit.edu","tag_sets_id":1011,"tags_id":8878639},{"stories_id":1350792030,"tag":"geonames_5139568","tag_set":"mc-geocoder@media.mit.edu","tag_sets_id":1011,"tags_id":8879508},{"stories_id":1350792030,"tag":"nyt_labeller_v1.0.0","tag_set":"nyt_labels_version","tag_sets_id":1964,"tags_id":9360669},{"stories_id":1350792030,"tag":"police","tag_set":"nyt_labels","tag_sets_id":1963,"tags_id":9360881},{"stories_id":1350792030,"tag":"biographical information","tag_set":"nyt_labels","tag_sets_id":1963,"tags_id":9360968},{"stories_id":1350792030,"tag":"demonstrations and riots","tag_set":"nyt_labels","tag_sets_id":1963,"tags_id":9360974},{"stories_id":1350792030,"tag":"Barack Obama","tag_set":"cliff_people","tag_sets_id":2389,"tags_id":9362763},{"stories_id":1350792030,"tag":"Trump","tag_set":"cliff_organizations","tag_sets_id":2388,"tags_id":9362787},{"stories_id":1350792030,"tag":"Trump","tag_set":"cliff_people","tag_sets_id":2389,"tags_id":9362872},{"stories_id":1350792030,"tag":"craven","tag_set":"cliff_people","tag_sets_id":2389,"tags_id":9364206},{"stories_id":1350792030,"tag":"Bill de Blasio","tag_set":"cliff_people","tag_sets_id":2389,"tags_id":9365833},{"stories_id":1350792030,"tag":"US Justice Department","tag_set":"cliff_organizations","tag_sets_id":2388,"tags_id":9366765},{"stories_id":1350792030,"tag":"Michael Brown","tag_set":"cliff_people","tag_sets_id":2389,"tags_id":9366771},{"stories_id":1350792030,"tag":"Ferguson","tag_set":"cliff_people","tag_sets_id":2389,"tags_id":9366772},{"stories_id":1350792030,"tag":"Eric Garner","tag_set":"cliff_people","tag_sets_id":2389,"tags_id":9366773},{"stories_id":1350792030,"tag":"Andrew Cuomo","tag_set":"cliff_people","tag_sets_id":2389,"tags_id":9373032},{"stories_id":1350792030,"tag":"Dante","tag_set":"cliff_people","tag_sets_id":2389,"tags_id":9383974},{"stories_id":1350792030,"tag":"Rafael Ramos","tag_set":"cliff_people","tag_sets_id":2389,"tags_id":9485980},{"stories_id":1350792030,"tag":"Wenjian Liu","tag_set":"cliff_people","tag_sets_id":2389,"tags_id":9485981},{"stories_id":1350792030,"tag":"James O’Neill","tag_set":"cliff_people","tag_sets_id":2389,"tags_id":9532740},{"stories_id":1350792030,"tag":"Daniel Pantaleo","tag_set":"cliff_people","tag_sets_id":2389,"tags_id":9544876},{"stories_id":1350792030,"tag":"de Blasio","tag_set":"cliff_organizations","tag_sets_id":2388,"tags_id":9547781},{"stories_id":1350792030,"tag":"Juan Rodriguez","tag_set":"cliff_people","tag_sets_id":2389,"tags_id":9634473},{"stories_id":1350792030,"tag":"Ed Mullins","tag_set":"cliff_people","tag_sets_id":2389,"tags_id":9650390},{"stories_id":1350792030,"tag":"cliff_clavin_v2.4.1","tag_set":"geocoder_version","tag_sets_id":1937,"tags_id":9696677},{"stories_id":1350792030,"tag":"Sergeants Benevolent Association","tag_set":"cliff_organizations","tag_sets_id":2388,"tags_id":9721534},{"stories_id":1350792030,"tag":"Henry Gates","tag_set":"cliff_people","tag_sets_id":2389,"tags_id":10751025},{"stories_id":1350792030,"tag":"Jordan Peterson","tag_set":"cliff_organizations","tag_sets_id":2388,"tags_id":31879773},{"stories_id":1350792030,"tag":"Joseph Imperatrice","tag_set":"cliff_people","tag_sets_id":2389,"tags_id":32263880},{"stories_id":1350792030,"tag":"readability-lxml-0.7","tag_set":"extractor_version","tag_sets_id":1354,"tags_id":81092444}],"title":"The &#8216;Pantaleo effect&#8217; proves the city can&#8217;t afford to soften the NYPD","url":"https://nypost.com/2019/07/28/the-pantaleo-effect-proves-the-city-cant-afford-to-soften-the-nypd/","word_count":null}]