[{"ap_syndicated":null,"collect_date":"2019-08-01 04:43:45.674444","feeds":null,"guid":"https://www.washingtonpost.com/world/europe/siemens-earnings-slip-on-lower-demand-from-auto-industry/2019/08/01/c3579eae-b434-11e9-acc8-1d847bacca73_story.html","language":"en","media_id":2,"media_name":null,"media_url":null,"processed_stories_id":null,"publish_date":"2019-08-01 04:17:13","stories_id":1353827500,"story_tags":[{"stories_id":1353827500,"tag":"geonames_2921044","tag_set":"mc-geocoder@media.mit.edu","tag_sets_id":1011,"tags_id":8878575},{"stories_id":1353827500,"tag":"geonames_2905330","tag_set":"mc-geocoder@media.mit.edu","tag_sets_id":1011,"tags_id":8879830},{"stories_id":1353827500,"tag":"geonames_2925533","tag_set":"mc-geocoder@media.mit.edu","tag_sets_id":1011,"tags_id":8879837},{"stories_id":1353827500,"tag":"nyt_labeller_v1.0.0","tag_set":"nyt_labels_version","tag_sets_id":1964,"tags_id":9360669},{"stories_id":1353827500,"tag":"company reports","tag_set":"nyt_labels","tag_sets_id":1963,"tags_id":9361050},{"stories_id":1353827500,"tag":"corporations","tag_set":"nyt_labels","tag_sets_id":1963,"tags_id":9361051},{"stories_id":1353827500,"tag":"Siemens","tag_set":"cliff_organizations","tag_sets_id":2388,"tags_id":9367846},{"stories_id":1353827500,"tag":"cliff_clavin_v2.4.1","tag_set":"geocoder_version","tag_sets_id":1937,"tags_id":9696677},{"stories_id":1353827500,"tag":"readability-lxml-0.7","tag_set":"extractor_version","tag_sets_id":1354,"tags_id":81092444}],"title":"Siemens earnings slip on lower demand from auto industry","url":"https://www.washingtonpost.com/world/europe/siemens-earnings-slip-on-lower-demand-from-auto-industry/2019/08/01/c3579eae-b434-11e9-acc8-1d847bacca73_story.html","word_count":null}]