[{"ap_syndicated":null,"collect_date":"2019-08-09 09:17:06.993005","feeds":null,"guid":"https://www.nytimes.com/2019/08/09/realestate/converting-to-geothermal-energy.html","language":"en","media_id":1,"media_name":null,"media_url":null,"processed_stories_id":null,"publish_date":"2019-08-09 13:01:35","stories_id":1361006205,"story_tags":[{"stories_id":1361006205,"tag":"geonames_6252001","tag_set":"mc-geocoder@media.mit.edu","tag_sets_id":1011,"tags_id":8878461},{"stories_id":1361006205,"tag":"geonames_5128638","tag_set":"mc-geocoder@media.mit.edu","tag_sets_id":1011,"tags_id":8878463},{"stories_id":1361006205,"tag":"geonames_4970331","tag_set":"mc-geocoder@media.mit.edu","tag_sets_id":1011,"tags_id":8878497},{"stories_id":1361006205,"tag":"nyt_labeller_v1.0.0","tag_set":"nyt_labels_version","tag_sets_id":1964,"tags_id":9360669},{"stories_id":1361006205,"tag":"environment","tag_set":"nyt_labels","tag_sets_id":1963,"tags_id":9360887},{"stories_id":1361006205,"tag":"energy and power","tag_set":"nyt_labels","tag_sets_id":1963,"tags_id":9360997},{"stories_id":1361006205,"tag":"air pollution","tag_set":"nyt_labels","tag_sets_id":1963,"tags_id":9361007},{"stories_id":1361006205,"tag":"electric light and power","tag_set":"nyt_labels","tag_sets_id":1963,"tags_id":9361013},{"stories_id":1361006205,"tag":"light","tag_set":"nyt_labels","tag_sets_id":1963,"tags_id":9361014},{"stories_id":1361006205,"tag":"chemistry","tag_set":"nyt_labels","tag_sets_id":1963,"tags_id":9361262},{"stories_id":1361006205,"tag":"Environmental Protection Agency","tag_set":"cliff_organizations","tag_sets_id":2388,"tags_id":9363956},{"stories_id":1361006205,"tag":"Williams","tag_set":"cliff_people","tag_sets_id":2389,"tags_id":9374143},{"stories_id":1361006205,"tag":"U.S. Energy Department","tag_set":"cliff_organizations","tag_sets_id":2388,"tags_id":9414253},{"stories_id":1361006205,"tag":"U.S. Department of Energy","tag_set":"cliff_organizations","tag_sets_id":2388,"tags_id":9414255},{"stories_id":1361006205,"tag":"New York State Energy Research and Development Authority","tag_set":"cliff_organizations","tag_sets_id":2388,"tags_id":9488358},{"stories_id":1361006205,"tag":"Consolidated Edison","tag_set":"cliff_organizations","tag_sets_id":2388,"tags_id":9657370},{"stories_id":1361006205,"tag":"cliff_clavin_v2.4.1","tag_set":"geocoder_version","tag_sets_id":1937,"tags_id":9696677},{"stories_id":1361006205,"tag":"Adam Tucker","tag_set":"cliff_people","tag_sets_id":2389,"tags_id":27781895},{"stories_id":1361006205,"tag":"David Logsdon","tag_set":"cliff_people","tag_sets_id":2389,"tags_id":28623697},{"stories_id":1361006205,"tag":"Kathy Hannun","tag_set":"cliff_people","tag_sets_id":2389,"tags_id":28887342},{"stories_id":1361006205,"tag":"Zachary Fink","tag_set":"cliff_people","tag_sets_id":2389,"tags_id":29436147},{"stories_id":1361006205,"tag":"Ron Kamen","tag_set":"cliff_people","tag_sets_id":2389,"tags_id":36219472},{"stories_id":1361006205,"tag":"Owen Brady","tag_set":"cliff_people","tag_sets_id":2389,"tags_id":37170416},{"stories_id":1361006205,"tag":"readability-lxml-0.7","tag_set":"extractor_version","tag_sets_id":1354,"tags_id":81092444},{"stories_id":1361006205,"tag":"Susan Rowe Harrison","tag_set":"cliff_people","tag_sets_id":2389,"tags_id":148018016}],"title":"Converting to Geothermal Energy","url":"https://www.nytimes.com/2019/08/09/realestate/converting-to-geothermal-energy.html","word_count":null}]