[{"ap_syndicated":null,"collect_date":"2019-09-20 08:18:40.150674","feeds":null,"guid":"https://www.washingtonpost.com/news/powerpost/paloma/the-finance-202/2019/09/20/the-finance-202-koch-network-admits-its-push-against-trump-s-tariffs-has-fallen-flat/5d8414d8602ff1737aef732b/","language":"en","media_id":2,"media_name":null,"media_url":null,"processed_stories_id":null,"publish_date":"2019-09-20 07:27:22","stories_id":1397666227,"story_tags":[{"stories_id":1397666227,"tag":"guess_by_unknown","tag_set":"date_guess_method","tag_sets_id":508,"tags_id":50741492}],"title":"The Finance 202: Koch network admits its push against Trump's tariffs has fallen flat","url":"https://www.washingtonpost.com/news/powerpost/paloma/the-finance-202/2019/09/20/the-finance-202-koch-network-admits-its-push-against-trump-s-tariffs-has-fallen-flat/5d8414d8602ff1737aef732b/","word_count":null}]