[{"ap_syndicated":null,"collect_date":"2019-10-06 00:33:34.881897","feeds":null,"guid":"https://nypost.com/2019/10/06/long-island-liberals-wake-up-to-how-green-extremism-hurts-constituents/","language":"en","media_id":7,"media_name":null,"media_url":null,"processed_stories_id":null,"publish_date":"2019-10-06 00:31:35","stories_id":1411501295,"story_tags":[{"stories_id":1411501295,"tag":"geonames_6252001","tag_set":"mc-geocoder@media.mit.edu","tag_sets_id":1011,"tags_id":8878461},{"stories_id":1411501295,"tag":"geonames_5128638","tag_set":"mc-geocoder@media.mit.edu","tag_sets_id":1011,"tags_id":8878463},{"stories_id":1411501295,"tag":"geonames_4970331","tag_set":"mc-geocoder@media.mit.edu","tag_sets_id":1011,"tags_id":8878497},{"stories_id":1411501295,"tag":"nyt_labeller_v1.0.0","tag_set":"nyt_labels_version","tag_sets_id":1964,"tags_id":9360669},{"stories_id":1411501295,"tag":"politics and government","tag_set":"nyt_labels","tag_sets_id":1963,"tags_id":9360836},{"stories_id":1411501295,"tag":"law and legislation","tag_set":"nyt_labels","tag_sets_id":1963,"tags_id":9360837},{"stories_id":1411501295,"tag":"environment","tag_set":"nyt_labels","tag_sets_id":1963,"tags_id":9360887},{"stories_id":1411501295,"tag":"energy and power","tag_set":"nyt_labels","tag_sets_id":1963,"tags_id":9360997},{"stories_id":1411501295,"tag":"Senate GOP","tag_set":"cliff_organizations","tag_sets_id":2388,"tags_id":9362720},{"stories_id":1411501295,"tag":"Senate","tag_set":"cliff_organizations","tag_sets_id":2388,"tags_id":9362741},{"stories_id":1411501295,"tag":"Andrew Cuomo","tag_set":"cliff_people","tag_sets_id":2389,"tags_id":9373032},{"stories_id":1411501295,"tag":"Williams","tag_set":"cliff_people","tag_sets_id":2389,"tags_id":9374143},{"stories_id":1411501295,"tag":"state Department of Environmental Conservation","tag_set":"cliff_organizations","tag_sets_id":2388,"tags_id":9390503},{"stories_id":1411501295,"tag":"Todd Kaminsky","tag_set":"cliff_people","tag_sets_id":2389,"tags_id":9480234},{"stories_id":1411501295,"tag":"John Flanagan","tag_set":"cliff_people","tag_sets_id":2389,"tags_id":9602984},{"stories_id":1411501295,"tag":"John Brooks","tag_set":"cliff_people","tag_sets_id":2389,"tags_id":9692701},{"stories_id":1411501295,"tag":"cliff_clavin_v2.4.1","tag_set":"geocoder_version","tag_sets_id":1937,"tags_id":9696677},{"stories_id":1411501295,"tag":"Anna Kaplan","tag_set":"cliff_people","tag_sets_id":2389,"tags_id":9821056},{"stories_id":1411501295,"tag":"Monica Martinez","tag_set":"cliff_people","tag_sets_id":2389,"tags_id":10070859},{"stories_id":1411501295,"tag":"Kevin Thomas","tag_set":"cliff_people","tag_sets_id":2389,"tags_id":10846927},{"stories_id":1411501295,"tag":"James Gaughran","tag_set":"cliff_people","tag_sets_id":2389,"tags_id":11900784},{"stories_id":1411501295,"tag":"Environmental Conservation Committee","tag_set":"cliff_organizations","tag_sets_id":2388,"tags_id":31735955},{"stories_id":1411501295,"tag":"readability-lxml-0.7","tag_set":"extractor_version","tag_sets_id":1354,"tags_id":81092444}],"title":"Long Island liberals wake up to how green extremism hurts constituents","url":"https://nypost.com/2019/10/06/long-island-liberals-wake-up-to-how-green-extremism-hurts-constituents/","word_count":null}]