[{"ap_syndicated":null,"collect_date":"2019-10-31 02:29:03.299549","feeds":null,"guid":"https://www.usatoday.com/story/news/50-states/2019/10/31/pumpkin-boat-foie-gras-ban-library-raccoons-news-around-states/40513379/","language":"en","media_id":4,"media_name":null,"media_url":null,"processed_stories_id":null,"publish_date":"2019-10-31 02:10:41","stories_id":1433013216,"story_tags":[{"stories_id":1433013216,"tag":"geonames_6252001","tag_set":"mc-geocoder@media.mit.edu","tag_sets_id":1011,"tags_id":8878461},{"stories_id":1433013216,"tag":"geonames_5815135","tag_set":"mc-geocoder@media.mit.edu","tag_sets_id":1011,"tags_id":8878481},{"stories_id":1433013216,"tag":"geonames_4887398","tag_set":"mc-geocoder@media.mit.edu","tag_sets_id":1011,"tags_id":8878485},{"stories_id":1433013216,"tag":"geonames_5128581","tag_set":"mc-geocoder@media.mit.edu","tag_sets_id":1011,"tags_id":8878486},{"stories_id":1433013216,"tag":"geonames_4331987","tag_set":"mc-geocoder@media.mit.edu","tag_sets_id":1011,"tags_id":8878576},{"stories_id":1433013216,"tag":"geonames_5506956","tag_set":"mc-geocoder@media.mit.edu","tag_sets_id":1011,"tags_id":8878898},{"stories_id":1433013216,"tag":"geonames_5509151","tag_set":"mc-geocoder@media.mit.edu","tag_sets_id":1011,"tags_id":8879111},{"stories_id":1433013216,"tag":"geonames_4116834","tag_set":"mc-geocoder@media.mit.edu","tag_sets_id":1011,"tags_id":8884894},{"stories_id":1433013216,"tag":"geonames_4880981","tag_set":"mc-geocoder@media.mit.edu","tag_sets_id":1011,"tags_id":8917107},{"stories_id":1433013216,"tag":"geonames_4273837","tag_set":"mc-geocoder@media.mit.edu","tag_sets_id":1011,"tags_id":8925159},{"stories_id":1433013216,"tag":"geonames_5180225","tag_set":"mc-geocoder@media.mit.edu","tag_sets_id":1011,"tags_id":8953878},{"stories_id":1433013216,"tag":"geonames_4547288","tag_set":"mc-geocoder@media.mit.edu","tag_sets_id":1011,"tags_id":9025409},{"stories_id":1433013216,"tag":"geonames_4058738","tag_set":"mc-geocoder@media.mit.edu","tag_sets_id":1011,"tags_id":9026125},{"stories_id":1433013216,"tag":"geonames_4422106","tag_set":"mc-geocoder@media.mit.edu","tag_sets_id":1011,"tags_id":9027452},{"stories_id":1433013216,"tag":"nyt_labeller_v1.0.0","tag_set":"nyt_labels_version","tag_sets_id":1964,"tags_id":9360669},{"stories_id":1433013216,"tag":"education and schools","tag_set":"nyt_labels","tag_sets_id":1963,"tags_id":9360833},{"stories_id":1433013216,"tag":"suits and litigation","tag_set":"nyt_labels","tag_sets_id":1963,"tags_id":9360860},{"stories_id":1433013216,"tag":"environment","tag_set":"nyt_labels","tag_sets_id":1963,"tags_id":9360887},{"stories_id":1433013216,"tag":"National Academy of Sciences","tag_set":"cliff_organizations","tag_sets_id":2388,"tags_id":9362168},{"stories_id":1433013216,"tag":"Senate","tag_set":"cliff_organizations","tag_sets_id":2388,"tags_id":9362741},{"stories_id":1433013216,"tag":"house","tag_set":"cliff_organizations","tag_sets_id":2388,"tags_id":9362752},{"stories_id":1433013216,"tag":"AP","tag_set":"cliff_organizations","tag_sets_id":2388,"tags_id":9362920},{"stories_id":1433013216,"tag":"Congress","tag_set":"cliff_organizations","tag_sets_id":2388,"tags_id":9362962},{"stories_id":1433013216,"tag":"Bill Clinton","tag_set":"cliff_people","tag_sets_id":2389,"tags_id":9363221},{"stories_id":1433013216,"tag":"Environmental Protection Agency","tag_set":"cliff_organizations","tag_sets_id":2388,"tags_id":9363956},{"stories_id":1433013216,"tag":"EPA","tag_set":"cliff_organizations","tag_sets_id":2388,"tags_id":9364166},{"stories_id":1433013216,"tag":"Larry Hogan","tag_set":"cliff_people","tag_sets_id":2389,"tags_id":9364475},{"stories_id":1433013216,"tag":"Salt Lake Tribune","tag_set":"cliff_organizations","tag_sets_id":2388,"tags_id":9364573},{"stories_id":1433013216,"tag":"Sullivan","tag_set":"cliff_people","tag_sets_id":2389,"tags_id":9364857},{"stories_id":1433013216,"tag":"Bill de Blasio","tag_set":"cliff_people","tag_sets_id":2389,"tags_id":9365833},{"stories_id":1433013216,"tag":"University of Alabama","tag_set":"cliff_organizations","tag_sets_id":2388,"tags_id":9365928},{"stories_id":1433013216,"tag":"Jim Crow","tag_set":"cliff_people","tag_sets_id":2389,"tags_id":9367925},{"stories_id":1433013216,"tag":"U.S. House","tag_set":"cliff_organizations","tag_sets_id":2388,"tags_id":9368215},{"stories_id":1433013216,"tag":"New Hampshire","tag_set":"cliff_organizations","tag_sets_id":2388,"tags_id":9373159},{"stories_id":1433013216,"tag":"Southern Environmental Law Center","tag_set":"cliff_organizations","tag_sets_id":2388,"tags_id":9373333},{"stories_id":1433013216,"tag":"Helena","tag_set":"cliff_people","tag_sets_id":2389,"tags_id":9374443},{"stories_id":1433013216,"tag":"Muriel Bowser","tag_set":"cliff_people","tag_sets_id":2389,"tags_id":9374830},{"stories_id":1433013216,"tag":"Robert Frost","tag_set":"cliff_people","tag_sets_id":2389,"tags_id":9374935},{"stories_id":1433013216,"tag":"John Conyers","tag_set":"cliff_people","tag_sets_id":2389,"tags_id":9375807},{"stories_id":1433013216,"tag":"University of Minnesota","tag_set":"cliff_organizations","tag_sets_id":2388,"tags_id":9376586},{"stories_id":1433013216,"tag":"Tulane University","tag_set":"cliff_organizations","tag_sets_id":2388,"tags_id":9376976},{"stories_id":1433013216,"tag":"Legislature","tag_set":"cliff_organizations","tag_sets_id":2388,"tags_id":9377684},{"stories_id":1433013216,"tag":"University of Massachusetts","tag_set":"cliff_organizations","tag_sets_id":2388,"tags_id":9377741},{"stories_id":1433013216,"tag":"University of New Hampshire","tag_set":"cliff_organizations","tag_sets_id":2388,"tags_id":9384612},{"stories_id":1433013216,"tag":"Spencer","tag_set":"cliff_people","tag_sets_id":2389,"tags_id":9384800},{"stories_id":1433013216,"tag":"U.S. National Park Service","tag_set":"cliff_organizations","tag_sets_id":2388,"tags_id":9385140},{"stories_id":1433013216,"tag":"Bangor Daily News","tag_set":"cliff_organizations","tag_sets_id":2388,"tags_id":9386673},{"stories_id":1433013216,"tag":"Bill Smith","tag_set":"cliff_people","tag_sets_id":2389,"tags_id":9388457},{"stories_id":1433013216,"tag":"Delaware State University","tag_set":"cliff_organizations","tag_sets_id":2388,"tags_id":9388573},{"stories_id":1433013216,"tag":"United Airlines","tag_set":"cliff_organizations","tag_sets_id":2388,"tags_id":9389662},{"stories_id":1433013216,"tag":"state Department of Environmental Conservation","tag_set":"cliff_organizations","tag_sets_id":2388,"tags_id":9390503},{"stories_id":1433013216,"tag":"Denver Post","tag_set":"cliff_organizations","tag_sets_id":2388,"tags_id":9392066},{"stories_id":1433013216,"tag":"Woodbridge","tag_set":"cliff_people","tag_sets_id":2389,"tags_id":9392279},{"stories_id":1433013216,"tag":"Murray","tag_set":"cliff_people","tag_sets_id":2389,"tags_id":9393750},{"stories_id":1433013216,"tag":"Chris Coons","tag_set":"cliff_people","tag_sets_id":2389,"tags_id":9399736},{"stories_id":1433013216,"tag":"Madison","tag_set":"cliff_people","tag_sets_id":2389,"tags_id":9404235},{"stories_id":1433013216,"tag":"Fred","tag_set":"cliff_people","tag_sets_id":2389,"tags_id":9407474},{"stories_id":1433013216,"tag":"Chris Sununu","tag_set":"cliff_people","tag_sets_id":2389,"tags_id":9408884},{"stories_id":1433013216,"tag":"Federal Energy Regulatory Commission","tag_set":"cliff_organizations","tag_sets_id":2388,"tags_id":9415770},{"stories_id":1433013216,"tag":"Ned Lamont","tag_set":"cliff_people","tag_sets_id":2389,"tags_id":9416172},{"stories_id":1433013216,"tag":"Momofuku","tag_set":"cliff_people","tag_sets_id":2389,"tags_id":9419304},{"stories_id":1433013216,"tag":"David Chang","tag_set":"cliff_people","tag_sets_id":2389,"tags_id":9419305},{"stories_id":1433013216,"tag":"Cessna","tag_set":"cliff_organizations","tag_sets_id":2388,"tags_id":9420996},{"stories_id":1433013216,"tag":"state Department of Transportation","tag_set":"cliff_organizations","tag_sets_id":2388,"tags_id":9423556},{"stories_id":1433013216,"tag":"Nevada Gaming Control Board","tag_set":"cliff_organizations","tag_sets_id":2388,"tags_id":9424143},{"stories_id":1433013216,"tag":"Tulane","tag_set":"cliff_organizations","tag_sets_id":2388,"tags_id":9425076},{"stories_id":1433013216,"tag":"DePaul University","tag_set":"cliff_organizations","tag_sets_id":2388,"tags_id":9427873},{"stories_id":1433013216,"tag":"Seymour","tag_set":"cliff_people","tag_sets_id":2389,"tags_id":9432915},{"stories_id":1433013216,"tag":"University of Arizona","tag_set":"cliff_organizations","tag_sets_id":2388,"tags_id":9446179},{"stories_id":1433013216,"tag":"Exelon Corp.","tag_set":"cliff_organizations","tag_sets_id":2388,"tags_id":9448026},{"stories_id":1433013216,"tag":"AJC","tag_set":"cliff_organizations","tag_sets_id":2388,"tags_id":9454517},{"stories_id":1433013216,"tag":"Vern","tag_set":"cliff_people","tag_sets_id":2389,"tags_id":9454562},{"stories_id":1433013216,"tag":"Kemp","tag_set":"cliff_people","tag_sets_id":2389,"tags_id":9454801},{"stories_id":1433013216,"tag":"Phil Scott","tag_set":"cliff_people","tag_sets_id":2389,"tags_id":9455100},{"stories_id":1433013216,"tag":"Salem","tag_set":"cliff_people","tag_sets_id":2389,"tags_id":9459378},{"stories_id":1433013216,"tag":"Congressional Black Caucus","tag_set":"cliff_organizations","tag_sets_id":2388,"tags_id":9461068},{"stories_id":1433013216,"tag":"Pickett","tag_set":"cliff_people","tag_sets_id":2389,"tags_id":9462363},{"stories_id":1433013216,"tag":"Chicago Teachers Union","tag_set":"cliff_organizations","tag_sets_id":2388,"tags_id":9463357},{"stories_id":1433013216,"tag":"Ben Ray Lujan","tag_set":"cliff_people","tag_sets_id":2389,"tags_id":9463367},{"stories_id":1433013216,"tag":"Janice Jackson","tag_set":"cliff_people","tag_sets_id":2389,"tags_id":9469991},{"stories_id":1433013216,"tag":"John Mellencamp","tag_set":"cliff_people","tag_sets_id":2389,"tags_id":9471927},{"stories_id":1433013216,"tag":"National Transportation Safety Board","tag_set":"cliff_organizations","tag_sets_id":2388,"tags_id":9475303},{"stories_id":1433013216,"tag":"Thomas Zilly","tag_set":"cliff_people","tag_sets_id":2389,"tags_id":9483181},{"stories_id":1433013216,"tag":"National Renewable Energy Laboratory","tag_set":"cliff_organizations","tag_sets_id":2388,"tags_id":9487126},{"stories_id":1433013216,"tag":"Bismarck","tag_set":"cliff_people","tag_sets_id":2389,"tags_id":9499293},{"stories_id":1433013216,"tag":"Gardiner","tag_set":"cliff_people","tag_sets_id":2389,"tags_id":9507767},{"stories_id":1433013216,"tag":"University of South Dakota","tag_set":"cliff_organizations","tag_sets_id":2388,"tags_id":9534556},{"stories_id":1433013216,"tag":"WUSA-TV","tag_set":"cliff_organizations","tag_sets_id":2388,"tags_id":9549065},{"stories_id":1433013216,"tag":"Plymouth State University","tag_set":"cliff_organizations","tag_sets_id":2388,"tags_id":9554463},{"stories_id":1433013216,"tag":"New Hampshire House","tag_set":"cliff_organizations","tag_sets_id":2388,"tags_id":9563322},{"stories_id":1433013216,"tag":"USA TODAY Network","tag_set":"cliff_organizations","tag_sets_id":2388,"tags_id":9573528},{"stories_id":1433013216,"tag":"Courtney Sacco/Corpus Christi","tag_set":"cliff_people","tag_sets_id":2389,"tags_id":9587693},{"stories_id":1433013216,"tag":"Mary Ruefle","tag_set":"cliff_people","tag_sets_id":2389,"tags_id":9606207},{"stories_id":1433013216,"tag":"Jesse Sharkey","tag_set":"cliff_people","tag_sets_id":2389,"tags_id":9609284},{"stories_id":1433013216,"tag":"Lori Lightfoot","tag_set":"cliff_people","tag_sets_id":2389,"tags_id":9620109},{"stories_id":1433013216,"tag":"Smithsonian Museum of African American History","tag_set":"cliff_organizations","tag_sets_id":2388,"tags_id":9668204},{"stories_id":1433013216,"tag":"Murray State University","tag_set":"cliff_organizations","tag_sets_id":2388,"tags_id":9668261},{"stories_id":1433013216,"tag":"cliff_clavin_v2.4.1","tag_set":"geocoder_version","tag_sets_id":1937,"tags_id":9696677},{"stories_id":1433013216,"tag":"Isaac Brekken/AP","tag_set":"cliff_people","tag_sets_id":2389,"tags_id":9791687},{"stories_id":1433013216,"tag":"John Morganelli","tag_set":"cliff_people","tag_sets_id":2389,"tags_id":9958371},{"stories_id":1433013216,"tag":"Andy Andrews","tag_set":"cliff_people","tag_sets_id":2389,"tags_id":10112326},{"stories_id":1433013216,"tag":"Oregon Department","tag_set":"cliff_organizations","tag_sets_id":2388,"tags_id":10140418},{"stories_id":1433013216,"tag":"Charro","tag_set":"cliff_people","tag_sets_id":2389,"tags_id":10241011},{"stories_id":1433013216,"tag":"John McCormac","tag_set":"cliff_people","tag_sets_id":2389,"tags_id":10306090},{"stories_id":1433013216,"tag":"Stephanie Rose","tag_set":"cliff_people","tag_sets_id":2389,"tags_id":10308279},{"stories_id":1433013216,"tag":"Hutchinson News","tag_set":"cliff_organizations","tag_sets_id":2388,"tags_id":10377862},{"stories_id":1433013216,"tag":"Christin","tag_set":"cliff_people","tag_sets_id":2389,"tags_id":10532600},{"stories_id":1433013216,"tag":"Ashley Walters","tag_set":"cliff_people","tag_sets_id":2389,"tags_id":10538002},{"stories_id":1433013216,"tag":"geonames_4338720","tag_set":"mc-geocoder@media.mit.edu","tag_sets_id":1011,"tags_id":10580882},{"stories_id":1433013216,"tag":"Oklahoma Department of Health","tag_set":"cliff_organizations","tag_sets_id":2388,"tags_id":10618539},{"stories_id":1433013216,"tag":"geonames_4842818","tag_set":"mc-geocoder@media.mit.edu","tag_sets_id":1011,"tags_id":10646923},{"stories_id":1433013216,"tag":"Arkansas State University","tag_set":"cliff_organizations","tag_sets_id":2388,"tags_id":10659444},{"stories_id":1433013216,"tag":"Idaho Department of Education","tag_set":"cliff_organizations","tag_sets_id":2388,"tags_id":10704299},{"stories_id":1433013216,"tag":"Quinton Lucas","tag_set":"cliff_people","tag_sets_id":2389,"tags_id":10713773},{"stories_id":1433013216,"tag":"Dennis Cook","tag_set":"cliff_people","tag_sets_id":2389,"tags_id":10737365},{"stories_id":1433013216,"tag":"Charles H. Wright Museum of African American History","tag_set":"cliff_organizations","tag_sets_id":2388,"tags_id":10767636},{"stories_id":1433013216,"tag":"Bebeto Matthews/AP","tag_set":"cliff_people","tag_sets_id":2389,"tags_id":10768721},{"stories_id":1433013216,"tag":"Rod Gramer","tag_set":"cliff_people","tag_sets_id":2389,"tags_id":10782256},{"stories_id":1433013216,"tag":"Monica Conyers","tag_set":"cliff_people","tag_sets_id":2389,"tags_id":10972502},{"stories_id":1433013216,"tag":"Ryan Harper","tag_set":"cliff_people","tag_sets_id":2389,"tags_id":11138084},{"stories_id":1433013216,"tag":"N.C. Transportation Museum","tag_set":"cliff_organizations","tag_sets_id":2388,"tags_id":11205080},{"stories_id":1433013216,"tag":"Minnesota Daily","tag_set":"cliff_organizations","tag_sets_id":2388,"tags_id":11334752},{"stories_id":1433013216,"tag":"Colorado Freedom of Information Coalition","tag_set":"cliff_organizations","tag_sets_id":2388,"tags_id":11440987},{"stories_id":1433013216,"tag":"Michael Lawton","tag_set":"cliff_people","tag_sets_id":2389,"tags_id":11676879},{"stories_id":1433013216,"tag":"Hawaii Tribune Herald","tag_set":"cliff_organizations","tag_sets_id":2388,"tags_id":11907531},{"stories_id":1433013216,"tag":"University System of New Hampshire","tag_set":"cliff_organizations","tag_sets_id":2388,"tags_id":11946331},{"stories_id":1433013216,"tag":"Office of Institutional Research","tag_set":"cliff_organizations","tag_sets_id":2388,"tags_id":11953497},{"stories_id":1433013216,"tag":"Kansas Star","tag_set":"cliff_organizations","tag_sets_id":2388,"tags_id":11977313},{"stories_id":1433013216,"tag":"Department of Regulatory Agencies","tag_set":"cliff_organizations","tag_sets_id":2388,"tags_id":15568129},{"stories_id":1433013216,"tag":"Paul Bussiere","tag_set":"cliff_people","tag_sets_id":2389,"tags_id":16155115},{"stories_id":1433013216,"tag":"Bob McMaster","tag_set":"cliff_people","tag_sets_id":2389,"tags_id":19431386},{"stories_id":1433013216,"tag":"Rodney Cook","tag_set":"cliff_people","tag_sets_id":2389,"tags_id":22878953},{"stories_id":1433013216,"tag":"Mississippi Board of Pharmacy","tag_set":"cliff_organizations","tag_sets_id":2388,"tags_id":27500915},{"stories_id":1433013216,"tag":"state Department of Alcoholic Beverage Control","tag_set":"cliff_organizations","tag_sets_id":2388,"tags_id":28131810},{"stories_id":1433013216,"tag":"TimesDaily","tag_set":"cliff_organizations","tag_sets_id":2388,"tags_id":28178020},{"stories_id":1433013216,"tag":"Pamela Bliss","tag_set":"cliff_people","tag_sets_id":2389,"tags_id":28773588},{"stories_id":1433013216,"tag":"Brooks Center","tag_set":"cliff_organizations","tag_sets_id":2388,"tags_id":28963339},{"stories_id":1433013216,"tag":"KAIT-TV","tag_set":"cliff_people","tag_sets_id":2389,"tags_id":29000848},{"stories_id":1433013216,"tag":"Workforce Council","tag_set":"cliff_organizations","tag_sets_id":2388,"tags_id":29481858},{"stories_id":1433013216,"tag":"United Houma Nation","tag_set":"cliff_organizations","tag_sets_id":2388,"tags_id":31752758},{"stories_id":1433013216,"tag":"Southern Indiana Center for the Arts","tag_set":"cliff_organizations","tag_sets_id":2388,"tags_id":31789756},{"stories_id":1433013216,"tag":"Abbey Martin","tag_set":"cliff_people","tag_sets_id":2389,"tags_id":32210958},{"stories_id":1433013216,"tag":"Carolyn Stanford Taylor","tag_set":"cliff_people","tag_sets_id":2389,"tags_id":33658415},{"stories_id":1433013216,"tag":"Naugatuck Community College","tag_set":"cliff_organizations","tag_sets_id":2388,"tags_id":35347512},{"stories_id":1433013216,"tag":"Josh Gallion","tag_set":"cliff_people","tag_sets_id":2389,"tags_id":38045127},{"stories_id":1433013216,"tag":"Jeff Geissler/AP","tag_set":"cliff_people","tag_sets_id":2389,"tags_id":38290527},{"stories_id":1433013216,"tag":"Annie Struby","tag_set":"cliff_people","tag_sets_id":2389,"tags_id":40496688},{"stories_id":1433013216,"tag":"Leilani Estates","tag_set":"cliff_organizations","tag_sets_id":2388,"tags_id":41665171},{"stories_id":1433013216,"tag":"Nebraska State Historic Preservation Office","tag_set":"cliff_organizations","tag_sets_id":2388,"tags_id":42349431},{"stories_id":1433013216,"tag":"state board of trustees","tag_set":"cliff_organizations","tag_sets_id":2388,"tags_id":48644768},{"stories_id":1433013216,"tag":"Adam Gerhardt","tag_set":"cliff_people","tag_sets_id":2389,"tags_id":50463477},{"stories_id":1433013216,"tag":"Codie Clark","tag_set":"cliff_people","tag_sets_id":2389,"tags_id":52080005},{"stories_id":1433013216,"tag":"Jordan Macknick","tag_set":"cliff_people","tag_sets_id":2389,"tags_id":55704854},{"stories_id":1433013216,"tag":"Dean B. Ellis","tag_set":"cliff_people","tag_sets_id":2389,"tags_id":57912482},{"stories_id":1433013216,"tag":"Chris Farthing","tag_set":"cliff_people","tag_sets_id":2389,"tags_id":63257585},{"stories_id":1433013216,"tag":"Keene State College and Granite State College","tag_set":"cliff_organizations","tag_sets_id":2388,"tags_id":66583109},{"stories_id":1433013216,"tag":"Tomme Tysdal","tag_set":"cliff_people","tag_sets_id":2389,"tags_id":67223911},{"stories_id":1433013216,"tag":"Justin Ownby","tag_set":"cliff_people","tag_sets_id":2389,"tags_id":76396253},{"stories_id":1433013216,"tag":"Leilani Estates Community Association","tag_set":"cliff_organizations","tag_sets_id":2388,"tags_id":77773725},{"stories_id":1433013216,"tag":"Andrea Darracq","tag_set":"cliff_people","tag_sets_id":2389,"tags_id":80431367},{"stories_id":1433013216,"tag":"readability-lxml-0.7","tag_set":"extractor_version","tag_sets_id":1354,"tags_id":81092444},{"stories_id":1433013216,"tag":"Wright Park Zoo","tag_set":"cliff_organizations","tag_sets_id":2388,"tags_id":81563999},{"stories_id":1433013216,"tag":"state environmental control department","tag_set":"cliff_organizations","tag_sets_id":2388,"tags_id":97904374},{"stories_id":1433013216,"tag":"Matthew Abens","tag_set":"cliff_people","tag_sets_id":2389,"tags_id":118982436},{"stories_id":1433013216,"tag":"Jason Faustin","tag_set":"cliff_people","tag_sets_id":2389,"tags_id":132607218},{"stories_id":1433013216,"tag":"Ashlee Rezin Garcia/Chicago","tag_set":"cliff_people","tag_sets_id":2389,"tags_id":184524160},{"stories_id":1433013216,"tag":"Michael Wainio","tag_set":"cliff_people","tag_sets_id":2389,"tags_id":185066211},{"stories_id":1433013216,"tag":"Dream Center Academy","tag_set":"cliff_organizations","tag_sets_id":2388,"tags_id":188794644},{"stories_id":1433013216,"tag":"Toyia Gourley","tag_set":"cliff_people","tag_sets_id":2389,"tags_id":188794646},{"stories_id":1433013216,"tag":"Idaho Business for education","tag_set":"cliff_organizations","tag_sets_id":2388,"tags_id":188798326},{"stories_id":1433013216,"tag":"Pamela Kreimeyer","tag_set":"cliff_people","tag_sets_id":2389,"tags_id":188849200},{"stories_id":1433013216,"tag":"Cody Easum","tag_set":"cliff_people","tag_sets_id":2389,"tags_id":188911805},{"stories_id":1433013216,"tag":"Chard Deniord","tag_set":"cliff_people","tag_sets_id":2389,"tags_id":188977614},{"stories_id":1433013216,"tag":"Charles Burkhamer/Richwood","tag_set":"cliff_people","tag_sets_id":2389,"tags_id":188988370},{"stories_id":1433013216,"tag":"University leaders tell state","tag_set":"cliff_organizations","tag_sets_id":2388,"tags_id":189028952},{"stories_id":1433013216,"tag":"Loni Hamner/AP","tag_set":"cliff_people","tag_sets_id":2389,"tags_id":189028953}],"title":"Pumpkin boat, foie gras ban, library raccoons: News from around our 50 states","url":"http://rssfeeds.usatoday.com/~/608494556/0/usatoday-newstopstories~Pumpkin-boat-foie-gras-ban-library-raccoons-News-from-around-our-states/","word_count":null}]