[{"ap_syndicated":null,"collect_date":"2019-11-26 03:29:09.470618","feeds":null,"guid":"https://www.nytimes.com/2019/11/26/climate/greenhouse-gas-emissions-carbon.html","language":"en","media_id":1,"media_name":null,"media_url":null,"processed_stories_id":null,"publish_date":"2019-11-26 03:00:08","stories_id":1454674015,"story_tags":[{"stories_id":1454674015,"tag":"geonames_6252001","tag_set":"mc-geocoder@media.mit.edu","tag_sets_id":1011,"tags_id":8878461},{"stories_id":1454674015,"tag":"geonames_4736286","tag_set":"mc-geocoder@media.mit.edu","tag_sets_id":1011,"tags_id":8878538},{"stories_id":1454674015,"tag":"geonames_4717560","tag_set":"mc-geocoder@media.mit.edu","tag_sets_id":1011,"tags_id":8883238},{"stories_id":1454674015,"tag":"nyt_labeller_v1.0.0","tag_set":"nyt_labels_version","tag_sets_id":1964,"tags_id":9360669},{"stories_id":1454674015,"tag":"global warming","tag_set":"nyt_labels","tag_sets_id":1963,"tags_id":9360886},{"stories_id":1454674015,"tag":"environment","tag_set":"nyt_labels","tag_sets_id":1963,"tags_id":9360887},{"stories_id":1454674015,"tag":"weather","tag_set":"nyt_labels","tag_sets_id":1963,"tags_id":9360902},{"stories_id":1454674015,"tag":"air pollution","tag_set":"nyt_labels","tag_sets_id":1963,"tags_id":9361007},{"stories_id":1454674015,"tag":"chemistry","tag_set":"nyt_labels","tag_sets_id":1963,"tags_id":9361262},{"stories_id":1454674015,"tag":"United Nations","tag_set":"cliff_organizations","tag_sets_id":2388,"tags_id":9362785},{"stories_id":1454674015,"tag":"International Energy Agency","tag_set":"cliff_organizations","tag_sets_id":2388,"tags_id":9387130},{"stories_id":1454674015,"tag":"World Resources Institute","tag_set":"cliff_organizations","tag_sets_id":2388,"tags_id":9421796},{"stories_id":1454674015,"tag":"David Waskow","tag_set":"cliff_people","tag_sets_id":2389,"tags_id":9421798},{"stories_id":1454674015,"tag":"Stockholm Environment Institute","tag_set":"cliff_organizations","tag_sets_id":2388,"tags_id":9428152},{"stories_id":1454674015,"tag":"World Meteorological Organization","tag_set":"cliff_organizations","tag_sets_id":2388,"tags_id":9434257},{"stories_id":1454674015,"tag":"Teresa Ribera","tag_set":"cliff_people","tag_sets_id":2389,"tags_id":9546507},{"stories_id":1454674015,"tag":"Brad Plumer","tag_set":"cliff_people","tag_sets_id":2389,"tags_id":9556912},{"stories_id":1454674015,"tag":"Michael Lazarus","tag_set":"cliff_people","tag_sets_id":2389,"tags_id":11274836},{"stories_id":1454674015,"tag":"readability-lxml-0.7","tag_set":"extractor_version","tag_sets_id":1354,"tags_id":81092444},{"stories_id":1454674015,"tag":"cliff_clavin_v2.6.0","tag_set":"geocoder_version","tag_sets_id":1937,"tags_id":189462640}],"title":"World Powers Vowed to Cut Greenhouse Gases. They’re Still Rising Perilously.","url":"https://www.nytimes.com/2019/11/26/climate/greenhouse-gas-emissions-carbon.html","word_count":null}]