[{"ap_syndicated":null,"collect_date":"2020-03-13 15:15:29.576516","feeds":null,"guid":"https://www.nytimes.com/2020/03/13/climate/coronavirus-habits-carbon-footprint.html","language":"en","media_id":1,"media_name":null,"media_url":null,"processed_stories_id":null,"publish_date":"2020-03-13 15:12:11","stories_id":1547565093,"story_tags":[{"stories_id":1547565093,"tag":"guess_by_tag_time","tag_set":"date_guess_method","tag_sets_id":508,"tags_id":50741428}],"title":"Social Distancing? You Might Be Fighting Climate Change, Too","url":"https://www.nytimes.com/2020/03/13/climate/coronavirus-habits-carbon-footprint.html","word_count":null}]