[{"ap_syndicated":null,"collect_date":"2020-03-31 16:52:16.002381","feeds":null,"guid":"https://www.nytimes.com/2019/11/14/climate/bernie-sanders-climate-change.html?smtyp=cur&smid=tw-nytclimate","language":"en","media_id":1,"media_name":null,"media_url":null,"processed_stories_id":null,"publish_date":"2019-11-14 20:54:44","stories_id":1564662827,"story_tags":[{"stories_id":1564662827,"tag":"guess_by_tag_time","tag_set":"date_guess_method","tag_sets_id":508,"tags_id":50741428}],"title":"Sanders’s Climate Ambitions Thrill Supporters. Experts Aren’t Impressed. - The New York Times","url":"https://www.nytimes.com/2019/11/14/climate/bernie-sanders-climate-change.html?smtyp=cur&smid=tw-nytclimate","word_count":null}]