[{"ap_syndicated":null,"collect_date":"2020-04-12 12:53:31.665307","feeds":null,"guid":"https://www.newsweek.com/john-kerry-alexandria-ocasio-cortez-trump-1391034?utm_medium=Social&utm_source=Facebook&utm_campaign=NewsweekFacebookSF","language":"en","media_id":2,"media_name":null,"media_url":null,"processed_stories_id":null,"publish_date":"2019-04-09 20:53:36","stories_id":1576353634,"story_tags":[{"stories_id":1576353634,"tag":"geonames_6252001","tag_set":"mc-geocoder@media.mit.edu","tag_sets_id":1011,"tags_id":8878461},{"stories_id":1576353634,"tag":"geonames_6254926","tag_set":"mc-geocoder@media.mit.edu","tag_sets_id":1011,"tags_id":8878682},{"stories_id":1576353634,"tag":"geonames_4744091","tag_set":"mc-geocoder@media.mit.edu","tag_sets_id":1011,"tags_id":8913283},{"stories_id":1576353634,"tag":"nyt_labeller_v1.0.0","tag_set":"nyt_labels_version","tag_sets_id":1964,"tags_id":9360669},{"stories_id":1576353634,"tag":"politics and government","tag_set":"nyt_labels","tag_sets_id":1963,"tags_id":9360836},{"stories_id":1576353634,"tag":"united states politics and government","tag_set":"nyt_labels","tag_sets_id":1963,"tags_id":9360846},{"stories_id":1576353634,"tag":"elections","tag_set":"nyt_labels","tag_sets_id":1963,"tags_id":9360851},{"stories_id":1576353634,"tag":"presidents and presidency (us)","tag_set":"nyt_labels","tag_sets_id":1963,"tags_id":9360853},{"stories_id":1576353634,"tag":"global warming","tag_set":"nyt_labels","tag_sets_id":1963,"tags_id":9360886},{"stories_id":1576353634,"tag":"environment","tag_set":"nyt_labels","tag_sets_id":1963,"tags_id":9360887},{"stories_id":1576353634,"tag":"air pollution","tag_set":"nyt_labels","tag_sets_id":1963,"tags_id":9361007},{"stories_id":1576353634,"tag":"Defense","tag_set":"cliff_organizations","tag_sets_id":2388,"tags_id":9362864},{"stories_id":1576353634,"tag":"Trump","tag_set":"cliff_people","tag_sets_id":2389,"tags_id":9362872},{"stories_id":1576353634,"tag":"State","tag_set":"cliff_organizations","tag_sets_id":2388,"tags_id":9363944},{"stories_id":1576353634,"tag":"John Kerry","tag_set":"cliff_people","tag_sets_id":2389,"tags_id":9364532},{"stories_id":1576353634,"tag":"Ed Markey","tag_set":"cliff_people","tag_sets_id":2389,"tags_id":9387136},{"stories_id":1576353634,"tag":"Chuck Hagel","tag_set":"cliff_people","tag_sets_id":2389,"tags_id":9403845},{"stories_id":1576353634,"tag":"James Comer","tag_set":"cliff_people","tag_sets_id":2389,"tags_id":9488408},{"stories_id":1576353634,"tag":"Ed] Markey","tag_set":"cliff_people","tag_sets_id":2389,"tags_id":29430054},{"stories_id":1576353634,"tag":"Democratic Oversight Committee","tag_set":"cliff_organizations","tag_sets_id":2388,"tags_id":32879750},{"stories_id":1576353634,"tag":"Alexandria Ocasio-Cortez","tag_set":"cliff_people","tag_sets_id":2389,"tags_id":44318694},{"stories_id":1576353634,"tag":"guess_by_tag_meta","tag_set":"date_guess_method","tag_sets_id":508,"tags_id":50741386},{"stories_id":1576353634,"tag":"readability-lxml-0.7","tag_set":"extractor_version","tag_sets_id":1354,"tags_id":81092444},{"stories_id":1576353634,"tag":"cliff_clavin_v2.6.0","tag_set":"geocoder_version","tag_sets_id":1937,"tags_id":189462640}],"title":"John Kerry Says Alexandria Ocasio-Cortez 'Offered More Leadership In One Day' On Climate Change Than Trump Ever Has","url":"https://www.newsweek.com/john-kerry-alexandria-ocasio-cortez-trump-1391034?utm_medium=Social&utm_source=Facebook&utm_campaign=NewsweekFacebookSF","word_count":null}]