[{"ap_syndicated":null,"collect_date":"2020-04-21 13:57:30.601999","feeds":null,"guid":"https://www.washingtonpost.com/opinions/2020/04/21/could-pandemic-help-push-oil-industry-into-irrelevance/?utm_source=rss&utm_medium=referral&utm_campaign=wp_opinions","language":"en","media_id":2,"media_name":null,"media_url":null,"processed_stories_id":null,"publish_date":"2020-04-21 01:51:36","stories_id":1584867612,"story_tags":[{"stories_id":1584867612,"tag":"geonames_6252001","tag_set":"mc-geocoder@media.mit.edu","tag_sets_id":1011,"tags_id":8878461},{"stories_id":1584867612,"tag":"geonames_4331987","tag_set":"mc-geocoder@media.mit.edu","tag_sets_id":1011,"tags_id":8878576},{"stories_id":1584867612,"tag":"geonames_4321187","tag_set":"mc-geocoder@media.mit.edu","tag_sets_id":1011,"tags_id":8888608},{"stories_id":1584867612,"tag":"nyt_labeller_v1.0.0","tag_set":"nyt_labels_version","tag_sets_id":1964,"tags_id":9360669},{"stories_id":1584867612,"tag":"medicine and health","tag_set":"nyt_labels","tag_sets_id":1963,"tags_id":9360852},{"stories_id":1584867612,"tag":"oil (petroleum) and gasoline","tag_set":"nyt_labels","tag_sets_id":1963,"tags_id":9360884},{"stories_id":1584867612,"tag":"environment","tag_set":"nyt_labels","tag_sets_id":1963,"tags_id":9360887},{"stories_id":1584867612,"tag":"diseases and conditions","tag_set":"nyt_labels","tag_sets_id":1963,"tags_id":9360942},{"stories_id":1584867612,"tag":"international trade and world market","tag_set":"nyt_labels","tag_sets_id":1963,"tags_id":9360983},{"stories_id":1584867612,"tag":"prices (fares, fees and rates)","tag_set":"nyt_labels","tag_sets_id":1963,"tags_id":9360996},{"stories_id":1584867612,"tag":"energy and power","tag_set":"nyt_labels","tag_sets_id":1963,"tags_id":9360997},{"stories_id":1584867612,"tag":"Vladimir Putin","tag_set":"cliff_people","tag_sets_id":2389,"tags_id":9362290},{"stories_id":1584867612,"tag":"Nicolás Maduro","tag_set":"cliff_people","tag_sets_id":2389,"tags_id":9363774},{"stories_id":1584867612,"tag":"Mohammed bin Salman","tag_set":"cliff_people","tag_sets_id":2389,"tags_id":9363796},{"stories_id":1584867612,"tag":"OPEC","tag_set":"cliff_organizations","tag_sets_id":2388,"tags_id":9375035},{"stories_id":1584867612,"tag":"Petroleum Exporting Countries","tag_set":"cliff_organizations","tag_sets_id":2388,"tags_id":9703512},{"stories_id":1584867612,"tag":"readability-lxml-0.7","tag_set":"extractor_version","tag_sets_id":1354,"tags_id":81092444},{"stories_id":1584867612,"tag":"cliff_clavin_v2.6.0","tag_set":"geocoder_version","tag_sets_id":1937,"tags_id":189462640}],"title":"Could the pandemic help push the oil industry into irrelevance?","url":"https://www.washingtonpost.com/opinions/2020/04/21/could-pandemic-help-push-oil-industry-into-irrelevance/?utm_source=rss&utm_medium=referral&utm_campaign=wp_opinions","word_count":null}]