[{"ap_syndicated":null,"collect_date":"2020-04-23 19:29:59.678940","feeds":null,"guid":"{8907DB92-85A3-11EA-8DD8-CACFE6E0C2C2}","language":"en","media_id":1150,"media_name":null,"media_url":null,"processed_stories_id":null,"publish_date":"2020-04-23 19:08:58","stories_id":1587290807,"story_tags":[{"stories_id":1587290807,"tag":"geonames_6252001","tag_set":"mc-geocoder@media.mit.edu","tag_sets_id":1011,"tags_id":8878461},{"stories_id":1587290807,"tag":"geonames_5001836","tag_set":"mc-geocoder@media.mit.edu","tag_sets_id":1011,"tags_id":8878821},{"stories_id":1587290807,"tag":"nyt_labeller_v1.0.0","tag_set":"nyt_labels_version","tag_sets_id":1964,"tags_id":9360669},{"stories_id":1587290807,"tag":"motion pictures","tag_set":"nyt_labels","tag_sets_id":1963,"tags_id":9360845},{"stories_id":1587290807,"tag":"advertising and marketing","tag_set":"nyt_labels","tag_sets_id":1963,"tags_id":9360849},{"stories_id":1587290807,"tag":"television","tag_set":"nyt_labels","tag_sets_id":1963,"tags_id":9360879},{"stories_id":1587290807,"tag":"environment","tag_set":"nyt_labels","tag_sets_id":1963,"tags_id":9360887},{"stories_id":1587290807,"tag":"Reuters","tag_set":"cliff_organizations","tag_sets_id":2388,"tags_id":9362267},{"stories_id":1587290807,"tag":"Obama","tag_set":"cliff_people","tag_sets_id":2389,"tags_id":9362721},{"stories_id":1587290807,"tag":"Michael Moore","tag_set":"cliff_people","tag_sets_id":2389,"tags_id":9362762},{"stories_id":1587290807,"tag":"Trump","tag_set":"cliff_people","tag_sets_id":2389,"tags_id":9362872},{"stories_id":1587290807,"tag":"YouTube","tag_set":"cliff_organizations","tag_sets_id":2388,"tags_id":9364054},{"stories_id":1587290807,"tag":"Sierra Club","tag_set":"cliff_organizations","tag_sets_id":2388,"tags_id":9364168},{"stories_id":1587290807,"tag":"John Kerry","tag_set":"cliff_people","tag_sets_id":2389,"tags_id":9364532},{"stories_id":1587290807,"tag":"Stephen Colbert","tag_set":"cliff_people","tag_sets_id":2389,"tags_id":9364823},{"stories_id":1587290807,"tag":"Elon Musk","tag_set":"cliff_organizations","tag_sets_id":2388,"tags_id":9365056},{"stories_id":1587290807,"tag":"Van Jones","tag_set":"cliff_people","tag_sets_id":2389,"tags_id":9365812},{"stories_id":1587290807,"tag":"Amazon","tag_set":"cliff_organizations","tag_sets_id":2388,"tags_id":9366535},{"stories_id":1587290807,"tag":"Al Gore","tag_set":"cliff_people","tag_sets_id":2389,"tags_id":9367577},{"stories_id":1587290807,"tag":"Jeff Bezos","tag_set":"cliff_people","tag_sets_id":2389,"tags_id":9368367},{"stories_id":1587290807,"tag":"Robert F. Kennedy Jr.","tag_set":"cliff_people","tag_sets_id":2389,"tags_id":9399746},{"stories_id":1587290807,"tag":"Enron","tag_set":"cliff_organizations","tag_sets_id":2388,"tags_id":9407182},{"stories_id":1587290807,"tag":"Bill McKibben","tag_set":"cliff_people","tag_sets_id":2389,"tags_id":9408953},{"stories_id":1587290807,"tag":"Robert Bryce","tag_set":"cliff_people","tag_sets_id":2389,"tags_id":9486283},{"stories_id":1587290807,"tag":"Emily Atkin","tag_set":"cliff_people","tag_sets_id":2389,"tags_id":9552802},{"stories_id":1587290807,"tag":"Eric Wesoff","tag_set":"cliff_people","tag_sets_id":2389,"tags_id":9683161},{"stories_id":1587290807,"tag":"Ozzie Zehner","tag_set":"cliff_people","tag_sets_id":2389,"tags_id":11531125},{"stories_id":1587290807,"tag":"PV","tag_set":"cliff_organizations","tag_sets_id":2388,"tags_id":13740066},{"stories_id":1587290807,"tag":"Jeff Gibbs","tag_set":"cliff_people","tag_sets_id":2389,"tags_id":29441547},{"stories_id":1587290807,"tag":"geonames_4990267","tag_set":"mc-geocoder@media.mit.edu","tag_sets_id":1011,"tags_id":35718511},{"stories_id":1587290807,"tag":"— Peter Bradshaw","tag_set":"cliff_people","tag_sets_id":2389,"tags_id":40265311},{"stories_id":1587290807,"tag":"Greta Thunberg","tag_set":"cliff_people","tag_sets_id":2389,"tags_id":73335219},{"stories_id":1587290807,"tag":"readability-lxml-0.7","tag_set":"extractor_version","tag_sets_id":1354,"tags_id":81092444},{"stories_id":1587290807,"tag":"cliff_clavin_v2.6.0","tag_set":"geocoder_version","tag_sets_id":1937,"tags_id":189462640}],"title":"The Margin: Michael Moore climate film snubs solar and urges population control, ruffling mainstream movement","url":"http://www.marketwatch.com/news/story.asp?guid=%7B8907DB92-85A3-11EA-8DD8-CACFE6E0C2C2%7D&siteid=rss&rss=1","word_count":null}]