[{"ap_syndicated":null,"collect_date":"2020-06-12 04:58:29.741169","feeds":null,"guid":"https://www.washingtonpost.com/world/middle_east/uae-israels-annexation-would-upend-improving-arab-ties/2020/06/12/8509be4c-ac87-11ea-a43b-be9f6494a87d_story.html?utm_source=rss&utm_medium=referral&utm_campaign=wp_world","language":"en","media_id":2,"media_name":null,"media_url":null,"processed_stories_id":null,"publish_date":"2020-06-12 04:34:25","stories_id":1632779846,"story_tags":[{"stories_id":1632779846,"tag":"geonames_294640","tag_set":"mc-geocoder@media.mit.edu","tag_sets_id":1011,"tags_id":8878501},{"stories_id":1632779846,"tag":"geonames_5734089","tag_set":"mc-geocoder@media.mit.edu","tag_sets_id":1011,"tags_id":8878508},{"stories_id":1632779846,"tag":"geonames_285153","tag_set":"mc-geocoder@media.mit.edu","tag_sets_id":1011,"tags_id":8879003},{"stories_id":1632779846,"tag":"nyt_labeller_v1.0.0","tag_set":"nyt_labels_version","tag_sets_id":1964,"tags_id":9360669},{"stories_id":1632779846,"tag":"Donald Trump","tag_set":"cliff_people","tag_sets_id":2389,"tags_id":9362284},{"stories_id":1632779846,"tag":"NATO","tag_set":"cliff_organizations","tag_sets_id":2388,"tags_id":9362843},{"stories_id":1632779846,"tag":"Benjamin Netanyahu","tag_set":"cliff_people","tag_sets_id":2389,"tags_id":9364565},{"stories_id":1632779846,"tag":"Abdullah II","tag_set":"cliff_people","tag_sets_id":2389,"tags_id":9385269},{"stories_id":1632779846,"tag":"Ehud Olmert","tag_set":"cliff_people","tag_sets_id":2389,"tags_id":9446154},{"stories_id":1632779846,"tag":"Yousef Al Otaiba","tag_set":"cliff_people","tag_sets_id":2389,"tags_id":9584565},{"stories_id":1632779846,"tag":"Yediot Aharonot","tag_set":"cliff_organizations","tag_sets_id":2388,"tags_id":9699470},{"stories_id":1632779846,"tag":"Abu Dhabi","tag_set":"cliff_organizations","tag_sets_id":2388,"tags_id":9707717},{"stories_id":1632779846,"tag":"readability-lxml-0.7","tag_set":"extractor_version","tag_sets_id":1354,"tags_id":81092444},{"stories_id":1632779846,"tag":"cliff_clavin_v2.6.0","tag_set":"geocoder_version","tag_sets_id":1937,"tags_id":189462640}],"title":"UAE: Israel’s annexation would ‘upend’ improving Arab ties","url":"https://www.washingtonpost.com/world/middle_east/uae-israels-annexation-would-upend-improving-arab-ties/2020/06/12/8509be4c-ac87-11ea-a43b-be9f6494a87d_story.html?utm_source=rss&utm_medium=referral&utm_campaign=wp_world","word_count":null}]