[{"ap_syndicated":null,"collect_date":"2020-07-06 18:46:34.446011","feeds":null,"guid":"https://www.nytimes.com/2020/07/06/briefing/virus-confederate-flag-amy-cooper.html","language":"en","media_id":1,"media_name":null,"media_url":null,"processed_stories_id":null,"publish_date":"2020-07-06 18:20:37","stories_id":1654595689,"story_tags":[{"stories_id":1654595689,"tag":"geonames_6252001","tag_set":"mc-geocoder@media.mit.edu","tag_sets_id":1011,"tags_id":8878461},{"stories_id":1654595689,"tag":"geonames_4155751","tag_set":"mc-geocoder@media.mit.edu","tag_sets_id":1011,"tags_id":8878477},{"stories_id":1654595689,"tag":"geonames_1819729","tag_set":"mc-geocoder@media.mit.edu","tag_sets_id":1011,"tags_id":8878515},{"stories_id":1654595689,"tag":"geonames_4164138","tag_set":"mc-geocoder@media.mit.edu","tag_sets_id":1011,"tags_id":8878539},{"stories_id":1654595689,"tag":"geonames_4261983","tag_set":"mc-geocoder@media.mit.edu","tag_sets_id":1011,"tags_id":9026642},{"stories_id":1654595689,"tag":"nyt_labeller_v1.0.0","tag_set":"nyt_labels_version","tag_sets_id":1964,"tags_id":9360669},{"stories_id":1654595689,"tag":"medicine and health","tag_set":"nyt_labels","tag_sets_id":1963,"tags_id":9360852},{"stories_id":1654595689,"tag":"diseases and conditions","tag_set":"nyt_labels","tag_sets_id":1963,"tags_id":9360942},{"stories_id":1654595689,"tag":"restaurants","tag_set":"nyt_labels","tag_sets_id":1963,"tags_id":9360966},{"stories_id":1654595689,"tag":"Supreme Court","tag_set":"cliff_organizations","tag_sets_id":2388,"tags_id":9362719},{"stories_id":1654595689,"tag":"Facebook","tag_set":"cliff_organizations","tag_sets_id":2388,"tags_id":9362725},{"stories_id":1654595689,"tag":"Trump","tag_set":"cliff_people","tag_sets_id":2389,"tags_id":9362872},{"stories_id":1654595689,"tag":"Google","tag_set":"cliff_organizations","tag_sets_id":2388,"tags_id":9363209},{"stories_id":1654595689,"tag":"social network","tag_set":"cliff_organizations","tag_sets_id":2388,"tags_id":9363683},{"stories_id":1654595689,"tag":"Walmart","tag_set":"cliff_organizations","tag_sets_id":2388,"tags_id":9363718},{"stories_id":1654595689,"tag":"Apple","tag_set":"cliff_organizations","tag_sets_id":2388,"tags_id":9367295},{"stories_id":1654595689,"tag":"New York University","tag_set":"cliff_organizations","tag_sets_id":2388,"tags_id":9367475},{"stories_id":1654595689,"tag":"Washington Redskins","tag_set":"cliff_organizations","tag_sets_id":2388,"tags_id":9370005},{"stories_id":1654595689,"tag":"Cleveland Indians","tag_set":"cliff_organizations","tag_sets_id":2388,"tags_id":9374943},{"stories_id":1654595689,"tag":"Berkshire Hathaway","tag_set":"cliff_organizations","tag_sets_id":2388,"tags_id":9377229},{"stories_id":1654595689,"tag":"NASCAR","tag_set":"cliff_organizations","tag_sets_id":2388,"tags_id":9394613},{"stories_id":1654595689,"tag":"Anthony Fauci","tag_set":"cliff_people","tag_sets_id":2389,"tags_id":9559324},{"stories_id":1654595689,"tag":"Darrell Wallace","tag_set":"cliff_people","tag_sets_id":2389,"tags_id":9607442},{"stories_id":1654595689,"tag":"Richard Pildes","tag_set":"cliff_people","tag_sets_id":2389,"tags_id":9610853},{"stories_id":1654595689,"tag":"Dominion Energy","tag_set":"cliff_organizations","tag_sets_id":2388,"tags_id":9638270},{"stories_id":1654595689,"tag":"Charlie Daniels","tag_set":"cliff_people","tag_sets_id":2389,"tags_id":9720725},{"stories_id":1654595689,"tag":"Nick Cordero","tag_set":"cliff_people","tag_sets_id":2389,"tags_id":10159649},{"stories_id":1654595689,"tag":"Amy Cooper","tag_set":"cliff_people","tag_sets_id":2389,"tags_id":10894914},{"stories_id":1654595689,"tag":"Christian Cooper","tag_set":"cliff_people","tag_sets_id":2389,"tags_id":19754298},{"stories_id":1654595689,"tag":"readability-lxml-0.7","tag_set":"extractor_version","tag_sets_id":1354,"tags_id":81092444},{"stories_id":1654595689,"tag":"cliff_clavin_v2.6.0","tag_set":"geocoder_version","tag_sets_id":1937,"tags_id":189462640},{"stories_id":1654595689,"tag":"Luigi Milano","tag_set":"cliff_people","tag_sets_id":2389,"tags_id":207163180}],"title":"Virus, Confederate Flag, Amy Cooper: Your Monday Evening Briefing","url":"https://www.nytimes.com/2020/07/06/briefing/virus-confederate-flag-amy-cooper.html","word_count":null}]