[{"ap_syndicated":null,"collect_date":"2020-07-23 14:11:45.511774","feeds":null,"guid":"https://www.nytimes.com/2020/07/23/sports/hockey/seattle-kraken-nhl-team-name.html","language":"en","media_id":1,"media_name":null,"media_url":null,"processed_stories_id":null,"publish_date":"2020-07-23 13:57:40","stories_id":1670087167,"story_tags":[{"stories_id":1670087167,"tag":"geonames_6252001","tag_set":"mc-geocoder@media.mit.edu","tag_sets_id":1011,"tags_id":8878461},{"stories_id":1670087167,"tag":"geonames_5815135","tag_set":"mc-geocoder@media.mit.edu","tag_sets_id":1011,"tags_id":8878481},{"stories_id":1670087167,"tag":"geonames_5809844","tag_set":"mc-geocoder@media.mit.edu","tag_sets_id":1011,"tags_id":8878694},{"stories_id":1670087167,"tag":"nyt_labeller_v1.0.0","tag_set":"nyt_labels_version","tag_sets_id":1964,"tags_id":9360669},{"stories_id":1670087167,"tag":"hockey, ice","tag_set":"nyt_labels","tag_sets_id":1963,"tags_id":9361112},{"stories_id":1670087167,"tag":"Amazon","tag_set":"cliff_organizations","tag_sets_id":2388,"tags_id":9366535},{"stories_id":1670087167,"tag":"N.B.A.","tag_set":"cliff_organizations","tag_sets_id":2388,"tags_id":9372115},{"stories_id":1670087167,"tag":"Herman Melville","tag_set":"cliff_people","tag_sets_id":2389,"tags_id":9380677},{"stories_id":1670087167,"tag":"Dick","tag_set":"cliff_people","tag_sets_id":2389,"tags_id":9381019},{"stories_id":1670087167,"tag":"N.F.L.","tag_set":"cliff_organizations","tag_sets_id":2388,"tags_id":9424846},{"stories_id":1670087167,"tag":"Western Hockey League","tag_set":"cliff_organizations","tag_sets_id":2388,"tags_id":9438536},{"stories_id":1670087167,"tag":"Liam Neeson","tag_set":"cliff_people","tag_sets_id":2389,"tags_id":9451374},{"stories_id":1670087167,"tag":"Henry Wadsworth Longfellow","tag_set":"cliff_people","tag_sets_id":2389,"tags_id":9519502},{"stories_id":1670087167,"tag":"Metropolitans","tag_set":"cliff_organizations","tag_sets_id":2388,"tags_id":9560995},{"stories_id":1670087167,"tag":"Seattle SuperSonics","tag_set":"cliff_organizations","tag_sets_id":2388,"tags_id":9689978},{"stories_id":1670087167,"tag":"Alfred Tennyson","tag_set":"cliff_people","tag_sets_id":2389,"tags_id":10076396},{"stories_id":1670087167,"tag":"Pacific Coast Hockey Association","tag_set":"cliff_organizations","tag_sets_id":2388,"tags_id":10410476},{"stories_id":1670087167,"tag":"Seattle Metropolitans","tag_set":"cliff_organizations","tag_sets_id":2388,"tags_id":10586984},{"stories_id":1670087167,"tag":"SuperSonics","tag_set":"cliff_organizations","tag_sets_id":2388,"tags_id":11266236},{"stories_id":1670087167,"tag":"Tod Leiweke","tag_set":"cliff_people","tag_sets_id":2389,"tags_id":11941203},{"stories_id":1670087167,"tag":"Mariners of Major League Baseball","tag_set":"cliff_organizations","tag_sets_id":2388,"tags_id":42351267},{"stories_id":1670087167,"tag":"expansion National Hockey League","tag_set":"cliff_organizations","tag_sets_id":2388,"tags_id":55566542},{"stories_id":1670087167,"tag":"readability-lxml-0.7","tag_set":"extractor_version","tag_sets_id":1354,"tags_id":81092444},{"stories_id":1670087167,"tag":"cliff_clavin_v2.6.0","tag_set":"geocoder_version","tag_sets_id":1937,"tags_id":189462640},{"stories_id":1670087167,"tag":"Seattle Kraken Seattle","tag_set":"cliff_organizations","tag_sets_id":2388,"tags_id":208449879}],"title":"Coming Next Year to the N.H.L.: The Seattle Kraken","url":"https://www.nytimes.com/2020/07/23/sports/hockey/seattle-kraken-nhl-team-name.html","word_count":null}]