[{"ap_syndicated":null,"collect_date":"2020-08-15 11:15:45.610470","feeds":null,"guid":"https://www.nytimes.com/2020/08/15/us/midwest-storm-farms.html","language":"en","media_id":1,"media_name":null,"media_url":null,"processed_stories_id":null,"publish_date":"2020-08-15 11:10:47","stories_id":1684148863,"story_tags":[{"stories_id":1684148863,"tag":"guess_by_unknown","tag_set":"date_guess_method","tag_sets_id":508,"tags_id":50741492}],"title":"A Bitter Wind at a Shaky Time, and Iowa Is Left Reeling","url":"https://www.nytimes.com/2020/08/15/us/midwest-storm-farms.html","word_count":null}]