[{"ap_syndicated":null,"collect_date":"2020-09-08 08:02:20.359565","feeds":null,"guid":"SB12555213099669323554804586618822984952518","language":"en","media_id":1150,"media_name":null,"media_url":null,"processed_stories_id":null,"publish_date":"2020-09-08 06:49:00","stories_id":1705199167,"story_tags":[{"stories_id":1705199167,"tag":"geonames_6252001","tag_set":"mc-geocoder@media.mit.edu","tag_sets_id":1011,"tags_id":8878461},{"stories_id":1705199167,"tag":"geonames_2623032","tag_set":"mc-geocoder@media.mit.edu","tag_sets_id":1011,"tags_id":8878871},{"stories_id":1705199167,"tag":"nyt_labeller_v1.0.0","tag_set":"nyt_labels_version","tag_sets_id":1964,"tags_id":9360669},{"stories_id":1705199167,"tag":"finances","tag_set":"nyt_labels","tag_sets_id":1963,"tags_id":9360840},{"stories_id":1705199167,"tag":"economic conditions and trends","tag_set":"nyt_labels","tag_sets_id":1963,"tags_id":9360989},{"stories_id":1705199167,"tag":"energy and power","tag_set":"nyt_labels","tag_sets_id":1963,"tags_id":9360997},{"stories_id":1705199167,"tag":"electric light and power","tag_set":"nyt_labels","tag_sets_id":1963,"tags_id":9361013},{"stories_id":1705199167,"tag":"light","tag_set":"nyt_labels","tag_sets_id":1963,"tags_id":9361014},{"stories_id":1705199167,"tag":"General Electric","tag_set":"cliff_organizations","tag_sets_id":2388,"tags_id":9376781},{"stories_id":1705199167,"tag":"HSBC","tag_set":"cliff_organizations","tag_sets_id":2388,"tags_id":9386767},{"stories_id":1705199167,"tag":"UBS","tag_set":"cliff_organizations","tag_sets_id":2388,"tags_id":9414541},{"stories_id":1705199167,"tag":"Vestas","tag_set":"cliff_organizations","tag_sets_id":2388,"tags_id":9463927},{"stories_id":1705199167,"tag":"Vesta","tag_set":"cliff_organizations","tag_sets_id":2388,"tags_id":9475385},{"stories_id":1705199167,"tag":"Mitsubishi Heavy Industries","tag_set":"cliff_organizations","tag_sets_id":2388,"tags_id":9791080},{"stories_id":1705199167,"tag":"Siemens Gamesa","tag_set":"cliff_organizations","tag_sets_id":2388,"tags_id":10623207},{"stories_id":1705199167,"tag":"Sean McLoughlin","tag_set":"cliff_people","tag_sets_id":2389,"tags_id":11697990},{"stories_id":1705199167,"tag":"Andreas Nauen","tag_set":"cliff_people","tag_sets_id":2389,"tags_id":28885164},{"stories_id":1705199167,"tag":"Rochelle Toplensky","tag_set":"cliff_people","tag_sets_id":2389,"tags_id":36358223},{"stories_id":1705199167,"tag":"readability-lxml-0.7","tag_set":"extractor_version","tag_sets_id":1354,"tags_id":81092444},{"stories_id":1705199167,"tag":"cliff_clavin_v2.6.0","tag_set":"geocoder_version","tag_sets_id":1937,"tags_id":189462640},{"stories_id":1705199167,"tag":"Supriya Subramanian","tag_set":"cliff_people","tag_sets_id":2389,"tags_id":189579076}],"title":"How Investors Can Harness the Power of Wind","url":"https://www.wsj.com/articles/how-investors-can-harness-the-power-of-wind-11599562194","word_count":null}]