[{"ap_syndicated":null,"collect_date":"2020-09-23 17:59:04.086884","feeds":null,"guid":"https://www.washingtonpost.com/climate-solutions/2020/09/23/climate-curious-advice/?utm_source=rss&utm_medium=referral&utm_campaign=wp_homepage","language":"en","media_id":2,"media_name":null,"media_url":null,"processed_stories_id":null,"publish_date":"2020-09-23 17:56:49.379486","stories_id":1719534910,"story_tags":[{"stories_id":1719534910,"tag":"geonames_6252001","tag_set":"mc-geocoder@media.mit.edu","tag_sets_id":1011,"tags_id":8878461},{"stories_id":1719534910,"tag":"geonames_5332921","tag_set":"mc-geocoder@media.mit.edu","tag_sets_id":1011,"tags_id":8878533},{"stories_id":1719534910,"tag":"nyt_labeller_v1.0.0","tag_set":"nyt_labels_version","tag_sets_id":1964,"tags_id":9360669},{"stories_id":1719534910,"tag":"environment","tag_set":"nyt_labels","tag_sets_id":1963,"tags_id":9360887},{"stories_id":1719534910,"tag":"energy and power","tag_set":"nyt_labels","tag_sets_id":1963,"tags_id":9360997},{"stories_id":1719534910,"tag":"air pollution","tag_set":"nyt_labels","tag_sets_id":1963,"tags_id":9361007},{"stories_id":1719534910,"tag":"electric light and power","tag_set":"nyt_labels","tag_sets_id":1963,"tags_id":9361013},{"stories_id":1719534910,"tag":"light","tag_set":"nyt_labels","tag_sets_id":1963,"tags_id":9361014},{"stories_id":1719534910,"tag":"United Nations","tag_set":"cliff_organizations","tag_sets_id":2388,"tags_id":9362785},{"stories_id":1719534910,"tag":"University of California","tag_set":"cliff_organizations","tag_sets_id":2388,"tags_id":9363455},{"stories_id":1719534910,"tag":"University of California at Berkeley","tag_set":"cliff_organizations","tag_sets_id":2388,"tags_id":9706391},{"stories_id":1719534910,"tag":"Craig Ebert","tag_set":"cliff_people","tag_sets_id":2389,"tags_id":29609813},{"stories_id":1719534910,"tag":"Barbara Haya","tag_set":"cliff_people","tag_sets_id":2389,"tags_id":55302695},{"stories_id":1719534910,"tag":"readability-lxml-0.7","tag_set":"extractor_version","tag_sets_id":1354,"tags_id":81092444},{"stories_id":1719534910,"tag":"cliff_clavin_v2.6.0","tag_set":"geocoder_version","tag_sets_id":1937,"tags_id":189462640}],"title":"How do carbon offsets work?","url":"https://www.washingtonpost.com/climate-solutions/2020/09/23/climate-curious-advice/?utm_source=rss&utm_medium=referral&utm_campaign=wp_homepage","word_count":null}]