[{"ap_syndicated":null,"collect_date":"2020-09-25 12:02:53.777225","feeds":null,"guid":"{21004575-02D4-D4B5-4572-D4F3B1ACDB45}","language":"en","media_id":1150,"media_name":null,"media_url":null,"processed_stories_id":null,"publish_date":"2020-09-25 11:42:00","stories_id":1721280876,"story_tags":[{"stories_id":1721280876,"tag":"geonames_6252001","tag_set":"mc-geocoder@media.mit.edu","tag_sets_id":1011,"tags_id":8878461},{"stories_id":1721280876,"tag":"geonames_5332921","tag_set":"mc-geocoder@media.mit.edu","tag_sets_id":1011,"tags_id":8878533},{"stories_id":1721280876,"tag":"nyt_labeller_v1.0.0","tag_set":"nyt_labels_version","tag_sets_id":1964,"tags_id":9360669},{"stories_id":1721280876,"tag":"finances","tag_set":"nyt_labels","tag_sets_id":1963,"tags_id":9360840},{"stories_id":1721280876,"tag":"stocks and bonds","tag_set":"nyt_labels","tag_sets_id":1963,"tags_id":9361012},{"stories_id":1721280876,"tag":"GM","tag_set":"cliff_organizations","tag_sets_id":2388,"tags_id":9367378},{"stories_id":1721280876,"tag":"BMW","tag_set":"cliff_organizations","tag_sets_id":2388,"tags_id":9382631},{"stories_id":1721280876,"tag":"Nokia","tag_set":"cliff_organizations","tag_sets_id":2388,"tags_id":9389951},{"stories_id":1721280876,"tag":"General Motors Co","tag_set":"cliff_organizations","tag_sets_id":2388,"tags_id":9403899},{"stories_id":1721280876,"tag":"Morningstar","tag_set":"cliff_organizations","tag_sets_id":2388,"tags_id":9416234},{"stories_id":1721280876,"tag":"Morningstar","tag_set":"cliff_people","tag_sets_id":2389,"tags_id":9644880},{"stories_id":1721280876,"tag":"Edison International EIX","tag_set":"cliff_organizations","tag_sets_id":2388,"tags_id":33466626},{"stories_id":1721280876,"tag":"Roche ROG","tag_set":"cliff_organizations","tag_sets_id":2388,"tags_id":35826639},{"stories_id":1721280876,"tag":"Minera De Chile SA","tag_set":"cliff_organizations","tag_sets_id":2388,"tags_id":62780120},{"stories_id":1721280876,"tag":"readability-lxml-0.7","tag_set":"extractor_version","tag_sets_id":1354,"tags_id":81092444},{"stories_id":1721280876,"tag":"Aphria APHA","tag_set":"cliff_organizations","tag_sets_id":2388,"tags_id":100802357},{"stories_id":1721280876,"tag":"cliff_clavin_v2.6.0","tag_set":"geocoder_version","tag_sets_id":1937,"tags_id":189462640}],"title":"The Tell: Here’s how to invest for the next decade","url":"http://www.marketwatch.com/news/story.asp?guid=%7B21004575-02D4-D4B5-4572-D4F3B1ACDB45%7D&siteid=rss&rss=1","word_count":null}]