[{"ap_syndicated":null,"collect_date":"2020-10-13 11:33:39.055074","feeds":null,"guid":"https://www.nytimes.com/2020/10/13/climate/trump-biden-fracking.html","language":"en","media_id":1,"media_name":null,"media_url":null,"processed_stories_id":null,"publish_date":"2020-10-13 11:03:47","stories_id":1737534726,"story_tags":[{"stories_id":1737534726,"tag":"guess_by_unknown","tag_set":"date_guess_method","tag_sets_id":508,"tags_id":50741492}],"title":"Fracking Is Trump's 'Hail Mary' Against Biden","url":"https://www.nytimes.com/2020/10/13/climate/trump-biden-fracking.html","word_count":null}]