[{"ap_syndicated":null,"collect_date":"2020-10-23 05:11:19.304858","feeds":null,"guid":"https://www.washingtonpost.com/politics/2020/10/22/takeaways-final-presidential-debate/","language":"en","media_id":2,"media_name":null,"media_url":null,"processed_stories_id":null,"publish_date":"2020-10-23 00:15:59","stories_id":1747478411,"story_tags":[{"stories_id":1747478411,"tag":"geonames_6252001","tag_set":"mc-geocoder@media.mit.edu","tag_sets_id":1011,"tags_id":8878461},{"stories_id":1747478411,"tag":"geonames_4544379","tag_set":"mc-geocoder@media.mit.edu","tag_sets_id":1011,"tags_id":8878726},{"stories_id":1747478411,"tag":"nyt_labeller_v1.0.0","tag_set":"nyt_labels_version","tag_sets_id":1964,"tags_id":9360669},{"stories_id":1747478411,"tag":"politics and government","tag_set":"nyt_labels","tag_sets_id":1963,"tags_id":9360836},{"stories_id":1747478411,"tag":"united states politics and government","tag_set":"nyt_labels","tag_sets_id":1963,"tags_id":9360846},{"stories_id":1747478411,"tag":"medicine and health","tag_set":"nyt_labels","tag_sets_id":1963,"tags_id":9360852},{"stories_id":1747478411,"tag":"Trump","tag_set":"cliff_organizations","tag_sets_id":2388,"tags_id":9362787},{"stories_id":1747478411,"tag":"Trump","tag_set":"cliff_people","tag_sets_id":2389,"tags_id":9362872},{"stories_id":1747478411,"tag":"Bill Clinton","tag_set":"cliff_people","tag_sets_id":2389,"tags_id":9363221},{"stories_id":1747478411,"tag":"Rudolph W. Giuliani","tag_set":"cliff_people","tag_sets_id":2389,"tags_id":9365246},{"stories_id":1747478411,"tag":"Kristen Welker","tag_set":"cliff_people","tag_sets_id":2389,"tags_id":9467238},{"stories_id":1747478411,"tag":"Bidens","tag_set":"cliff_organizations","tag_sets_id":2388,"tags_id":9478184},{"stories_id":1747478411,"tag":"Hunter Biden","tag_set":"cliff_people","tag_sets_id":2389,"tags_id":9479867},{"stories_id":1747478411,"tag":"Anthony S. Fauci","tag_set":"cliff_people","tag_sets_id":2389,"tags_id":10007509},{"stories_id":1747478411,"tag":"Burisma","tag_set":"cliff_organizations","tag_sets_id":2388,"tags_id":11168123},{"stories_id":1747478411,"tag":"readability-lxml-0.7","tag_set":"extractor_version","tag_sets_id":1354,"tags_id":81092444},{"stories_id":1747478411,"tag":"Tony Bobulinski","tag_set":"cliff_people","tag_sets_id":2389,"tags_id":179750655},{"stories_id":1747478411,"tag":"cliff_clavin_v2.6.0","tag_set":"geocoder_version","tag_sets_id":1937,"tags_id":189462640}],"title":"5 takeaways from the final 2020 presidential debate","url":"https://www.washingtonpost.com/politics/2020/10/22/takeaways-final-presidential-debate/","word_count":null}]