[{"ap_syndicated":null,"collect_date":"2020-10-24 17:31:43.397864","feeds":null,"guid":"https://www.usatoday.com/story/news/politics/elections/2020/10/24/biden-beat-trump-second-presidential-debate-majority-says-poll/6025522002/","language":"en","media_id":4,"media_name":null,"media_url":null,"processed_stories_id":null,"publish_date":"2020-10-24 16:53:37","stories_id":1748870153,"story_tags":[{"stories_id":1748870153,"tag":"nyt_labeller_v1.0.0","tag_set":"nyt_labels_version","tag_sets_id":1964,"tags_id":9360669},{"stories_id":1748870153,"tag":"politics and government","tag_set":"nyt_labels","tag_sets_id":1963,"tags_id":9360836},{"stories_id":1748870153,"tag":"united states politics and government","tag_set":"nyt_labels","tag_sets_id":1963,"tags_id":9360846},{"stories_id":1748870153,"tag":"elections","tag_set":"nyt_labels","tag_sets_id":1963,"tags_id":9360851},{"stories_id":1748870153,"tag":"presidents and presidency (us)","tag_set":"nyt_labels","tag_sets_id":1963,"tags_id":9360853},{"stories_id":1748870153,"tag":"presidential elections (us)","tag_set":"nyt_labels","tag_sets_id":1963,"tags_id":9360854},{"stories_id":1748870153,"tag":"public opinion","tag_set":"nyt_labels","tag_sets_id":1963,"tags_id":9360864},{"stories_id":1748870153,"tag":"election issues","tag_set":"nyt_labels","tag_sets_id":1963,"tags_id":9360896},{"stories_id":1748870153,"tag":"debating","tag_set":"nyt_labels","tag_sets_id":1963,"tags_id":9361227},{"stories_id":1748870153,"tag":"Donald Trump","tag_set":"cliff_people","tag_sets_id":2389,"tags_id":9362284},{"stories_id":1748870153,"tag":"Joe Biden","tag_set":"cliff_people","tag_sets_id":2389,"tags_id":9363134},{"stories_id":1748870153,"tag":"readability-lxml-0.7","tag_set":"extractor_version","tag_sets_id":1354,"tags_id":81092444},{"stories_id":1748870153,"tag":"cliff_clavin_v2.6.0","tag_set":"geocoder_version","tag_sets_id":1937,"tags_id":189462640}],"title":"Majority of voters say Biden won second debate, poll finds","url":"https://feeds.feedblitz.com/~/637515402/0/usatoday-newstopstories~Majority-of-voters-say-Biden-won-second-debate-poll-finds/","word_count":null}]