[{"ap_syndicated":null,"collect_date":"2020-10-23 15:03:28.161639","feeds":null,"guid":"{21004575-02D4-D4B5-4572-DAD4EB14E24E}","language":"en","media_id":1150,"media_name":null,"media_url":null,"processed_stories_id":null,"publish_date":"2020-10-23 14:49:00","stories_id":1748009823,"story_tags":[{"stories_id":1748009823,"tag":"nyt_labeller_v1.0.0","tag_set":"nyt_labels_version","tag_sets_id":1964,"tags_id":9360669},{"stories_id":1748009823,"tag":"finances","tag_set":"nyt_labels","tag_sets_id":1963,"tags_id":9360840},{"stories_id":1748009823,"tag":"stocks and bonds","tag_set":"nyt_labels","tag_sets_id":1963,"tags_id":9361012},{"stories_id":1748009823,"tag":"company reports","tag_set":"nyt_labels","tag_sets_id":1963,"tags_id":9361050},{"stories_id":1748009823,"tag":"Boeing","tag_set":"cliff_organizations","tag_sets_id":2388,"tags_id":9364153},{"stories_id":1748009823,"tag":"FDA","tag_set":"cliff_organizations","tag_sets_id":2388,"tags_id":9364674},{"stories_id":1748009823,"tag":"Gilead","tag_set":"cliff_organizations","tag_sets_id":2388,"tags_id":9367286},{"stories_id":1748009823,"tag":"S&P","tag_set":"cliff_organizations","tag_sets_id":2388,"tags_id":9368263},{"stories_id":1748009823,"tag":"General Electric Co.","tag_set":"cliff_organizations","tag_sets_id":2388,"tags_id":9369202},{"stories_id":1748009823,"tag":"GE","tag_set":"cliff_organizations","tag_sets_id":2388,"tags_id":9369925},{"stories_id":1748009823,"tag":"SPDR","tag_set":"cliff_organizations","tag_sets_id":2388,"tags_id":9392669},{"stories_id":1748009823,"tag":"Healthcare","tag_set":"cliff_organizations","tag_sets_id":2388,"tags_id":9394784},{"stories_id":1748009823,"tag":"Food and Drug Administration","tag_set":"cliff_organizations","tag_sets_id":2388,"tags_id":9408412},{"stories_id":1748009823,"tag":"UBS","tag_set":"cliff_organizations","tag_sets_id":2388,"tags_id":9414541},{"stories_id":1748009823,"tag":"FactSet","tag_set":"cliff_organizations","tag_sets_id":2388,"tags_id":9419501},{"stories_id":1748009823,"tag":"MarketWatch","tag_set":"cliff_organizations","tag_sets_id":2388,"tags_id":9432481},{"stories_id":1748009823,"tag":"FCF","tag_set":"cliff_organizations","tag_sets_id":2388,"tags_id":9454177},{"stories_id":1748009823,"tag":"MAX","tag_set":"cliff_people","tag_sets_id":2389,"tags_id":9477994},{"stories_id":1748009823,"tag":"Wolfe","tag_set":"cliff_people","tag_sets_id":2389,"tags_id":9508161},{"stories_id":1748009823,"tag":"Nigel Coe","tag_set":"cliff_people","tag_sets_id":2389,"tags_id":9563606},{"stories_id":1748009823,"tag":"Gilead Sciences Inc.","tag_set":"cliff_organizations","tag_sets_id":2388,"tags_id":9596136},{"stories_id":1748009823,"tag":"Larry Culp","tag_set":"cliff_people","tag_sets_id":2389,"tags_id":39531275},{"stories_id":1748009823,"tag":"Markus Mittermaier","tag_set":"cliff_people","tag_sets_id":2389,"tags_id":47457185},{"stories_id":1748009823,"tag":"readability-lxml-0.7","tag_set":"extractor_version","tag_sets_id":1354,"tags_id":81092444},{"stories_id":1748009823,"tag":"cliff_clavin_v2.6.0","tag_set":"geocoder_version","tag_sets_id":1937,"tags_id":189462640}],"title":"Earnings Outlook: GE stock is on a tear ahead of earnings, as analysts tout it as a COVID-19 vaccine play","url":"http://www.marketwatch.com/news/story.asp?guid=%7B21004575-02D4-D4B5-4572-DAD4EB14E24E%7D&siteid=rss&rss=1","word_count":null}]