[{"ap_syndicated":null,"collect_date":"2020-10-29 06:55:58.768864","feeds":null,"guid":"https://www.washingtonpost.com/politics/trump-federal-civil-servants/2020/10/28/86f9598e-122a-11eb-ba42-ec6a580836ed_story.html?utm_source=rss&utm_medium=referral&utm_campaign=wp_politics","language":"en","media_id":2,"media_name":null,"media_url":null,"processed_stories_id":null,"publish_date":"2020-10-29 06:00:00","stories_id":1753453648,"story_tags":[{"stories_id":1753453648,"tag":"guess_by_tag_meta","tag_set":"date_guess_method","tag_sets_id":508,"tags_id":50741386}],"title":"How Trump waged war on his own government","url":"https://www.washingtonpost.com/politics/trump-federal-civil-servants/2020/10/28/86f9598e-122a-11eb-ba42-ec6a580836ed_story.html?utm_source=rss&utm_medium=referral&utm_campaign=wp_politics","word_count":null}]