[{"ap_syndicated":null,"collect_date":"2020-10-29 18:44:43.566219","feeds":null,"guid":"https://www.washingtonpost.com/local/education/georgetown-university-to-power-campus-with-electricity-from-solar-plants/2020/10/29/30a2f6fe-19ea-11eb-82db-60b15c874105_story.html","language":"en","media_id":2,"media_name":null,"media_url":null,"processed_stories_id":null,"publish_date":"2020-10-29 18:20:10","stories_id":1754125137,"story_tags":[{"stories_id":1754125137,"tag":"geonames_6252001","tag_set":"mc-geocoder@media.mit.edu","tag_sets_id":1011,"tags_id":8878461},{"stories_id":1754125137,"tag":"geonames_4736286","tag_set":"mc-geocoder@media.mit.edu","tag_sets_id":1011,"tags_id":8878538},{"stories_id":1754125137,"tag":"geonames_4693342","tag_set":"mc-geocoder@media.mit.edu","tag_sets_id":1011,"tags_id":8888718},{"stories_id":1754125137,"tag":"nyt_labeller_v1.0.0","tag_set":"nyt_labels_version","tag_sets_id":1964,"tags_id":9360669},{"stories_id":1754125137,"tag":"education and schools","tag_set":"nyt_labels","tag_sets_id":1963,"tags_id":9360833},{"stories_id":1754125137,"tag":"finances","tag_set":"nyt_labels","tag_sets_id":1963,"tags_id":9360840},{"stories_id":1754125137,"tag":"environment","tag_set":"nyt_labels","tag_sets_id":1963,"tags_id":9360887},{"stories_id":1754125137,"tag":"energy and power","tag_set":"nyt_labels","tag_sets_id":1963,"tags_id":9360997},{"stories_id":1754125137,"tag":"electric light and power","tag_set":"nyt_labels","tag_sets_id":1963,"tags_id":9361013},{"stories_id":1754125137,"tag":"light","tag_set":"nyt_labels","tag_sets_id":1963,"tags_id":9361014},{"stories_id":1754125137,"tag":"land use policies","tag_set":"nyt_labels","tag_sets_id":1963,"tags_id":9361316},{"stories_id":1754125137,"tag":"American University","tag_set":"cliff_organizations","tag_sets_id":2388,"tags_id":9364696},{"stories_id":1754125137,"tag":"Georgetown University","tag_set":"cliff_organizations","tag_sets_id":2388,"tags_id":9366294},{"stories_id":1754125137,"tag":"Georgetown","tag_set":"cliff_organizations","tag_sets_id":2388,"tags_id":9374718},{"stories_id":1754125137,"tag":"Michael Barry","tag_set":"cliff_people","tag_sets_id":2389,"tags_id":9660914},{"stories_id":1754125137,"tag":"Hoya","tag_set":"cliff_organizations","tag_sets_id":2388,"tags_id":9697085},{"stories_id":1754125137,"tag":"RECs","tag_set":"cliff_organizations","tag_sets_id":2388,"tags_id":9747888},{"stories_id":1754125137,"tag":"Peter Marra","tag_set":"cliff_people","tag_sets_id":2389,"tags_id":11074675},{"stories_id":1754125137,"tag":"Georgetown Environment Initiative","tag_set":"cliff_organizations","tag_sets_id":2388,"tags_id":43627372},{"stories_id":1754125137,"tag":"Victoria Boatwright","tag_set":"cliff_people","tag_sets_id":2389,"tags_id":72351000},{"stories_id":1754125137,"tag":"readability-lxml-0.7","tag_set":"extractor_version","tag_sets_id":1354,"tags_id":81092444},{"stories_id":1754125137,"tag":"cliff_clavin_v2.6.0","tag_set":"geocoder_version","tag_sets_id":1937,"tags_id":189462640}],"title":"Georgetown University to power campus with electricity from solar plants","url":"https://www.washingtonpost.com/local/education/georgetown-university-to-power-campus-with-electricity-from-solar-plants/2020/10/29/30a2f6fe-19ea-11eb-82db-60b15c874105_story.html","word_count":null}]