[{"ap_syndicated":null,"collect_date":"2020-11-05 10:08:19.029280","feeds":null,"guid":"https://www.washingtonpost.com/politics/2020/11/05/energy-202-combating-climate-change-hangs-balance-along-with-presidential-election/?utm_source=rss&utm_medium=referral&utm_campaign=wp_homepage","language":"en","media_id":2,"media_name":null,"media_url":null,"processed_stories_id":null,"publish_date":"2020-11-05 10:03:40.172478","stories_id":1760748002,"story_tags":[{"stories_id":1760748002,"tag":"geonames_6252001","tag_set":"mc-geocoder@media.mit.edu","tag_sets_id":1011,"tags_id":8878461},{"stories_id":1760748002,"tag":"geonames_6254925","tag_set":"mc-geocoder@media.mit.edu","tag_sets_id":1011,"tags_id":8878835},{"stories_id":1760748002,"tag":"geonames_4303602","tag_set":"mc-geocoder@media.mit.edu","tag_sets_id":1011,"tags_id":9025593},{"stories_id":1760748002,"tag":"nyt_labeller_v1.0.0","tag_set":"nyt_labels_version","tag_sets_id":1964,"tags_id":9360669},{"stories_id":1760748002,"tag":"politics and government","tag_set":"nyt_labels","tag_sets_id":1963,"tags_id":9360836},{"stories_id":1760748002,"tag":"finances","tag_set":"nyt_labels","tag_sets_id":1963,"tags_id":9360840},{"stories_id":1760748002,"tag":"united states politics and government","tag_set":"nyt_labels","tag_sets_id":1963,"tags_id":9360846},{"stories_id":1760748002,"tag":"elections","tag_set":"nyt_labels","tag_sets_id":1963,"tags_id":9360851},{"stories_id":1760748002,"tag":"global warming","tag_set":"nyt_labels","tag_sets_id":1963,"tags_id":9360886},{"stories_id":1760748002,"tag":"environment","tag_set":"nyt_labels","tag_sets_id":1963,"tags_id":9360887},{"stories_id":1760748002,"tag":"air pollution","tag_set":"nyt_labels","tag_sets_id":1963,"tags_id":9361007},{"stories_id":1760748002,"tag":"chemistry","tag_set":"nyt_labels","tag_sets_id":1963,"tags_id":9361262},{"stories_id":1760748002,"tag":"White House","tag_set":"cliff_organizations","tag_sets_id":2388,"tags_id":9362736},{"stories_id":1760748002,"tag":"Senate","tag_set":"cliff_organizations","tag_sets_id":2388,"tags_id":9362741},{"stories_id":1760748002,"tag":"United Nations","tag_set":"cliff_organizations","tag_sets_id":2388,"tags_id":9362785},{"stories_id":1760748002,"tag":"Washington Post","tag_set":"cliff_organizations","tag_sets_id":2388,"tags_id":9362798},{"stories_id":1760748002,"tag":"Trump","tag_set":"cliff_people","tag_sets_id":2389,"tags_id":9362872},{"stories_id":1760748002,"tag":"GOP","tag_set":"cliff_organizations","tag_sets_id":2388,"tags_id":9362923},{"stories_id":1760748002,"tag":"Congress","tag_set":"cliff_organizations","tag_sets_id":2388,"tags_id":9362962},{"stories_id":1760748002,"tag":"Trump administration","tag_set":"cliff_organizations","tag_sets_id":2388,"tags_id":9362998},{"stories_id":1760748002,"tag":"Joe Biden","tag_set":"cliff_people","tag_sets_id":2389,"tags_id":9363134},{"stories_id":1760748002,"tag":"House","tag_set":"cliff_organizations","tag_sets_id":2388,"tags_id":9363164},{"stories_id":1760748002,"tag":"Democrats","tag_set":"cliff_organizations","tag_sets_id":2388,"tags_id":9363166},{"stories_id":1760748002,"tag":"Theresa May","tag_set":"cliff_people","tag_sets_id":2389,"tags_id":9363658},{"stories_id":1760748002,"tag":"Collin Peterson","tag_set":"cliff_people","tag_sets_id":2389,"tags_id":9364698},{"stories_id":1760748002,"tag":"the Associated Press","tag_set":"cliff_organizations","tag_sets_id":2388,"tags_id":9366284},{"stories_id":1760748002,"tag":"Greg Gianforte","tag_set":"cliff_people","tag_sets_id":2389,"tags_id":9366363},{"stories_id":1760748002,"tag":"Steve Sisolak","tag_set":"cliff_people","tag_sets_id":2389,"tags_id":9369708},{"stories_id":1760748002,"tag":"Texas Tribune","tag_set":"cliff_organizations","tag_sets_id":2388,"tags_id":9387922},{"stories_id":1760748002,"tag":"National Oceanic and Atmospheric Administration","tag_set":"cliff_organizations","tag_sets_id":2388,"tags_id":9394166},{"stories_id":1760748002,"tag":"NOAA","tag_set":"cliff_organizations","tag_sets_id":2388,"tags_id":9407329},{"stories_id":1760748002,"tag":"Jason Samenow","tag_set":"cliff_people","tag_sets_id":2389,"tags_id":9410048},{"stories_id":1760748002,"tag":"Andrew Freedman","tag_set":"cliff_people","tag_sets_id":2389,"tags_id":9447070},{"stories_id":1760748002,"tag":"Edward J. Markey","tag_set":"cliff_people","tag_sets_id":2389,"tags_id":9449559},{"stories_id":1760748002,"tag":"Ryan Maue","tag_set":"cliff_people","tag_sets_id":2389,"tags_id":9453997},{"stories_id":1760748002,"tag":"Tom Steyer","tag_set":"cliff_people","tag_sets_id":2389,"tags_id":9458539},{"stories_id":1760748002,"tag":"Mike Bloomberg","tag_set":"cliff_people","tag_sets_id":2389,"tags_id":9464520},{"stories_id":1760748002,"tag":"Jim Wright","tag_set":"cliff_people","tag_sets_id":2389,"tags_id":9478036},{"stories_id":1760748002,"tag":"David Legates","tag_set":"cliff_people","tag_sets_id":2389,"tags_id":9484207},{"stories_id":1760748002,"tag":"Texas Railroad Commission","tag_set":"cliff_organizations","tag_sets_id":2388,"tags_id":9503705},{"stories_id":1760748002,"tag":"Joe Cunningham","tag_set":"cliff_people","tag_sets_id":2389,"tags_id":9624892},{"stories_id":1760748002,"tag":"Office of Science and Technology","tag_set":"cliff_organizations","tag_sets_id":2388,"tags_id":9697880},{"stories_id":1760748002,"tag":"Jim O'Connor","tag_set":"cliff_people","tag_sets_id":2389,"tags_id":9781039},{"stories_id":1760748002,"tag":"Nancy Mace","tag_set":"cliff_people","tag_sets_id":2389,"tags_id":9781643},{"stories_id":1760748002,"tag":"Arizona Corporation Commission","tag_set":"cliff_organizations","tag_sets_id":2388,"tags_id":10102436},{"stories_id":1760748002,"tag":"Freedman","tag_set":"cliff_organizations","tag_sets_id":2388,"tags_id":10478456},{"stories_id":1760748002,"tag":"Castañeda","tag_set":"cliff_organizations","tag_sets_id":2388,"tags_id":10710422},{"stories_id":1760748002,"tag":"Yvette Herrell","tag_set":"cliff_people","tag_sets_id":2389,"tags_id":11167078},{"stories_id":1760748002,"tag":"O’Connor","tag_set":"cliff_people","tag_sets_id":2389,"tags_id":11574141},{"stories_id":1760748002,"tag":"Betsy Weatherhead","tag_set":"cliff_people","tag_sets_id":2389,"tags_id":11947341},{"stories_id":1760748002,"tag":"Michelle Fischbach","tag_set":"cliff_people","tag_sets_id":2389,"tags_id":12893772},{"stories_id":1760748002,"tag":"Mike Cooney","tag_set":"cliff_people","tag_sets_id":2389,"tags_id":26409510},{"stories_id":1760748002,"tag":"Xochitl Torres","tag_set":"cliff_people","tag_sets_id":2389,"tags_id":29931614},{"stories_id":1760748002,"tag":"Chrysta Castañeda","tag_set":"cliff_people","tag_sets_id":2389,"tags_id":40599651},{"stories_id":1760748002,"tag":"Lea Márquez Peterson","tag_set":"cliff_people","tag_sets_id":2389,"tags_id":49328225},{"stories_id":1760748002,"tag":"readability-lxml-0.7","tag_set":"extractor_version","tag_sets_id":1354,"tags_id":81092444},{"stories_id":1760748002,"tag":"cliff_clavin_v2.6.0","tag_set":"geocoder_version","tag_sets_id":1937,"tags_id":189462640},{"stories_id":1760748002,"tag":"Anna Tovaralong","tag_set":"cliff_people","tag_sets_id":2389,"tags_id":219631845}],"title":"Combating climate change hangs in the balance along with the presidential election","url":"https://www.washingtonpost.com/politics/2020/11/05/energy-202-combating-climate-change-hangs-balance-along-with-presidential-election/?utm_source=rss&utm_medium=referral&utm_campaign=wp_homepage","word_count":null}]