[{"ap_syndicated":null,"collect_date":"2020-11-05 10:13:05.800670","feeds":null,"guid":"SB11233228804909803455204587080463310479128","language":"en","media_id":1150,"media_name":null,"media_url":null,"processed_stories_id":null,"publish_date":"2020-11-05 09:41:00","stories_id":1760760158,"story_tags":[{"stories_id":1760760158,"tag":"geonames_6252001","tag_set":"mc-geocoder@media.mit.edu","tag_sets_id":1011,"tags_id":8878461},{"stories_id":1760760158,"tag":"nyt_labeller_v1.0.0","tag_set":"nyt_labels_version","tag_sets_id":1964,"tags_id":9360669},{"stories_id":1760760158,"tag":"finances","tag_set":"nyt_labels","tag_sets_id":1963,"tags_id":9360840},{"stories_id":1760760158,"tag":"oil (petroleum) and gasoline","tag_set":"nyt_labels","tag_sets_id":1963,"tags_id":9360884},{"stories_id":1760760158,"tag":"energy and power","tag_set":"nyt_labels","tag_sets_id":1963,"tags_id":9360997},{"stories_id":1760760158,"tag":"electric light and power","tag_set":"nyt_labels","tag_sets_id":1963,"tags_id":9361013},{"stories_id":1760760158,"tag":"light","tag_set":"nyt_labels","tag_sets_id":1963,"tags_id":9361014},{"stories_id":1760760158,"tag":"mergers, acquisitions and divestitures","tag_set":"nyt_labels","tag_sets_id":1963,"tags_id":9361071},{"stories_id":1760760158,"tag":"European Union","tag_set":"cliff_organizations","tag_sets_id":2388,"tags_id":9362999},{"stories_id":1760760158,"tag":"BP","tag_set":"cliff_organizations","tag_sets_id":2388,"tags_id":9367462},{"stories_id":1760760158,"tag":"International Energy Agency","tag_set":"cliff_organizations","tag_sets_id":2388,"tags_id":9387130},{"stories_id":1760760158,"tag":"Enel","tag_set":"cliff_organizations","tag_sets_id":2388,"tags_id":9434285},{"stories_id":1760760158,"tag":"PNM","tag_set":"cliff_organizations","tag_sets_id":2388,"tags_id":9503440},{"stories_id":1760760158,"tag":"Iberdrola","tag_set":"cliff_organizations","tag_sets_id":2388,"tags_id":9520938},{"stories_id":1760760158,"tag":"NextEra Energy Inc.","tag_set":"cliff_organizations","tag_sets_id":2388,"tags_id":9533619},{"stories_id":1760760158,"tag":"BP PLC","tag_set":"cliff_organizations","tag_sets_id":2388,"tags_id":9608892},{"stories_id":1760760158,"tag":"PNM Resources Inc.","tag_set":"cliff_organizations","tag_sets_id":2388,"tags_id":9702358},{"stories_id":1760760158,"tag":"Ignacio Galán","tag_set":"cliff_people","tag_sets_id":2389,"tags_id":40951385},{"stories_id":1760760158,"tag":"readability-lxml-0.7","tag_set":"extractor_version","tag_sets_id":1354,"tags_id":81092444},{"stories_id":1760760158,"tag":"cliff_clavin_v2.6.0","tag_set":"geocoder_version","tag_sets_id":1937,"tags_id":189462640}],"title":"Green-Power Giant Capitalizes on Energy Transition With $88 Billion Investment","url":"https://www.wsj.com/articles/green-power-giant-iberdrola-plans-88-billion-investment-to-capitalize-on-energy-transition-11604587299?mod=pls_whats_news_us_business_f","word_count":null}]