[{"ap_syndicated":null,"collect_date":"2020-11-11 10:57:46.443461","feeds":null,"guid":"https://www.washingtonpost.com/climate-environment/2020/11/11/biden-climate-change/?utm_source=rss&utm_medium=referral&utm_campaign=wp_homepage","language":"en","media_id":2,"media_name":null,"media_url":null,"processed_stories_id":null,"publish_date":"2020-11-11 10:55:51.916587","stories_id":1766642061,"story_tags":[{"stories_id":1766642061,"tag":"geonames_6252001","tag_set":"mc-geocoder@media.mit.edu","tag_sets_id":1011,"tags_id":8878461},{"stories_id":1766642061,"tag":"geonames_5332921","tag_set":"mc-geocoder@media.mit.edu","tag_sets_id":1011,"tags_id":8878533},{"stories_id":1766642061,"tag":"geonames_4667282","tag_set":"mc-geocoder@media.mit.edu","tag_sets_id":1011,"tags_id":8879476},{"stories_id":1766642061,"tag":"geonames_2648579","tag_set":"mc-geocoder@media.mit.edu","tag_sets_id":1011,"tags_id":8882429},{"stories_id":1766642061,"tag":"nyt_labeller_v1.0.0","tag_set":"nyt_labels_version","tag_sets_id":1964,"tags_id":9360669},{"stories_id":1766642061,"tag":"politics and government","tag_set":"nyt_labels","tag_sets_id":1963,"tags_id":9360836},{"stories_id":1766642061,"tag":"united states politics and government","tag_set":"nyt_labels","tag_sets_id":1963,"tags_id":9360846},{"stories_id":1766642061,"tag":"elections","tag_set":"nyt_labels","tag_sets_id":1963,"tags_id":9360851},{"stories_id":1766642061,"tag":"global warming","tag_set":"nyt_labels","tag_sets_id":1963,"tags_id":9360886},{"stories_id":1766642061,"tag":"environment","tag_set":"nyt_labels","tag_sets_id":1963,"tags_id":9360887},{"stories_id":1766642061,"tag":"air pollution","tag_set":"nyt_labels","tag_sets_id":1963,"tags_id":9361007},{"stories_id":1766642061,"tag":"National Economic Council","tag_set":"cliff_organizations","tag_sets_id":2388,"tags_id":9362731},{"stories_id":1766642061,"tag":"Treasury Department","tag_set":"cliff_organizations","tag_sets_id":2388,"tags_id":9362735},{"stories_id":1766642061,"tag":"White House","tag_set":"cliff_organizations","tag_sets_id":2388,"tags_id":9362736},{"stories_id":1766642061,"tag":"Barack Obama","tag_set":"cliff_people","tag_sets_id":2389,"tags_id":9362763},{"stories_id":1766642061,"tag":"Trump","tag_set":"cliff_people","tag_sets_id":2389,"tags_id":9362872},{"stories_id":1766642061,"tag":"Pentagon","tag_set":"cliff_organizations","tag_sets_id":2388,"tags_id":9362965},{"stories_id":1766642061,"tag":"Joe Biden","tag_set":"cliff_people","tag_sets_id":2389,"tags_id":9363134},{"stories_id":1766642061,"tag":"U.N.","tag_set":"cliff_organizations","tag_sets_id":2388,"tags_id":9363619},{"stories_id":1766642061,"tag":"General Motors","tag_set":"cliff_organizations","tag_sets_id":2388,"tags_id":9363690},{"stories_id":1766642061,"tag":"USDA","tag_set":"cliff_organizations","tag_sets_id":2388,"tags_id":9363720},{"stories_id":1766642061,"tag":"Environmental Protection Agency","tag_set":"cliff_organizations","tag_sets_id":2388,"tags_id":9363956},{"stories_id":1766642061,"tag":"treasury","tag_set":"cliff_organizations","tag_sets_id":2388,"tags_id":9364073},{"stories_id":1766642061,"tag":"EPA","tag_set":"cliff_organizations","tag_sets_id":2388,"tags_id":9364166},{"stories_id":1766642061,"tag":"Commerce","tag_set":"cliff_organizations","tag_sets_id":2388,"tags_id":9365611},{"stories_id":1766642061,"tag":"University of Chicago","tag_set":"cliff_organizations","tag_sets_id":2388,"tags_id":9365703},{"stories_id":1766642061,"tag":"Securities and Exchange Commission","tag_set":"cliff_organizations","tag_sets_id":2388,"tags_id":9366122},{"stories_id":1766642061,"tag":"Ford Motor","tag_set":"cliff_organizations","tag_sets_id":2388,"tags_id":9366297},{"stories_id":1766642061,"tag":"Fed","tag_set":"cliff_organizations","tag_sets_id":2388,"tags_id":9367877},{"stories_id":1766642061,"tag":"Federal Reserve","tag_set":"cliff_organizations","tag_sets_id":2388,"tags_id":9368261},{"stories_id":1766642061,"tag":"Toyota","tag_set":"cliff_organizations","tag_sets_id":2388,"tags_id":9369599},{"stories_id":1766642061,"tag":"Bureau of Land Management","tag_set":"cliff_organizations","tag_sets_id":2388,"tags_id":9373685},{"stories_id":1766642061,"tag":"Brady Dennis","tag_set":"cliff_people","tag_sets_id":2389,"tags_id":9374896},{"stories_id":1766642061,"tag":"Duke University","tag_set":"cliff_organizations","tag_sets_id":2388,"tags_id":9376406},{"stories_id":1766642061,"tag":"Honda","tag_set":"cliff_organizations","tag_sets_id":2388,"tags_id":9376615},{"stories_id":1766642061,"tag":"Patrick Morrisey","tag_set":"cliff_people","tag_sets_id":2389,"tags_id":9378499},{"stories_id":1766642061,"tag":"Dino Grandoni","tag_set":"cliff_people","tag_sets_id":2389,"tags_id":9381750},{"stories_id":1766642061,"tag":"Transportation Department","tag_set":"cliff_organizations","tag_sets_id":2388,"tags_id":9384559},{"stories_id":1766642061,"tag":"Council of Economic Advisers","tag_set":"cliff_organizations","tag_sets_id":2388,"tags_id":9404072},{"stories_id":1766642061,"tag":"Fiat Chrysler","tag_set":"cliff_organizations","tag_sets_id":2388,"tags_id":9419528},{"stories_id":1766642061,"tag":"Ernest Moniz","tag_set":"cliff_people","tag_sets_id":2389,"tags_id":9420842},{"stories_id":1766642061,"tag":"energy","tag_set":"cliff_organizations","tag_sets_id":2388,"tags_id":9450843},{"stories_id":1766642061,"tag":"Mike Bloomberg","tag_set":"cliff_people","tag_sets_id":2389,"tags_id":9464520},{"stories_id":1766642061,"tag":"Michael Greenstone","tag_set":"cliff_people","tag_sets_id":2389,"tags_id":9468158},{"stories_id":1766642061,"tag":"Lael Brainard","tag_set":"cliff_people","tag_sets_id":2389,"tags_id":9472223},{"stories_id":1766642061,"tag":"Jerome H. Powell","tag_set":"cliff_people","tag_sets_id":2389,"tags_id":9482873},{"stories_id":1766642061,"tag":"Kim Cobb","tag_set":"cliff_people","tag_sets_id":2389,"tags_id":9495701},{"stories_id":1766642061,"tag":"Rachel Siegel","tag_set":"cliff_people","tag_sets_id":2389,"tags_id":9533188},{"stories_id":1766642061,"tag":"Commodity Credit Corporation","tag_set":"cliff_organizations","tag_sets_id":2388,"tags_id":9544671},{"stories_id":1766642061,"tag":"Christy Goldfuss","tag_set":"cliff_people","tag_sets_id":2389,"tags_id":9550205},{"stories_id":1766642061,"tag":"White House Council","tag_set":"cliff_organizations","tag_sets_id":2388,"tags_id":9553901},{"stories_id":1766642061,"tag":"Tim Profeta","tag_set":"cliff_people","tag_sets_id":2389,"tags_id":9563383},{"stories_id":1766642061,"tag":"Nicholas Institute for Environmental Policy Solutions","tag_set":"cliff_organizations","tag_sets_id":2388,"tags_id":10143217},{"stories_id":1766642061,"tag":"BlueGreen Alliance","tag_set":"cliff_organizations","tag_sets_id":2388,"tags_id":10169517},{"stories_id":1766642061,"tag":"Stef Feldman","tag_set":"cliff_people","tag_sets_id":2389,"tags_id":34056794},{"stories_id":1766642061,"tag":"readability-lxml-0.7","tag_set":"extractor_version","tag_sets_id":1354,"tags_id":81092444},{"stories_id":1766642061,"tag":"cliff_clavin_v2.6.0","tag_set":"geocoder_version","tag_sets_id":1937,"tags_id":189462640},{"stories_id":1766642061,"tag":"Georgia Institute of Technology atmospheric science","tag_set":"cliff_organizations","tag_sets_id":2388,"tags_id":220104351}],"title":"Biden poised to embed climate-change action across government, beyond environmental agencies","url":"https://www.washingtonpost.com/climate-environment/2020/11/11/biden-climate-change/?utm_source=rss&utm_medium=referral&utm_campaign=wp_homepage","word_count":null}]