[{"ap_syndicated":null,"collect_date":"2020-12-04 11:07:31.031952","feeds":null,"guid":"https://www.washingtonpost.com/politics/2020/12/04/energy-202-biden-calls-climate-change-an-emergency-now-he-under-pressure-officially-declare-it-one/?utm_source=rss&utm_medium=referral&utm_campaign=wp_homepage","language":"en","media_id":2,"media_name":null,"media_url":null,"processed_stories_id":null,"publish_date":"2020-12-04 11:02:19.969910","stories_id":1787931609,"story_tags":[{"stories_id":1787931609,"tag":"guess_by_tag_meta","tag_set":"date_guess_method","tag_sets_id":508,"tags_id":50741386}],"title":"Biden calls climate change an ‘emergency.’ Now he’s under pressure to officially declare it one.","url":"https://www.washingtonpost.com/politics/2020/12/04/energy-202-biden-calls-climate-change-an-emergency-now-he-under-pressure-officially-declare-it-one/?utm_source=rss&utm_medium=referral&utm_campaign=wp_homepage","word_count":null}]