[{"ap_syndicated":null,"collect_date":"2020-12-04 12:34:56.406359","feeds":null,"guid":"https://nypost.com/?post_type=article&p=16739264","language":"en","media_id":7,"media_name":null,"media_url":null,"processed_stories_id":null,"publish_date":"2020-12-04 12:21:22","stories_id":1788012849,"story_tags":[{"stories_id":1788012849,"tag":"geonames_6252001","tag_set":"mc-geocoder@media.mit.edu","tag_sets_id":1011,"tags_id":8878461},{"stories_id":1788012849,"tag":"geonames_5332921","tag_set":"mc-geocoder@media.mit.edu","tag_sets_id":1011,"tags_id":8878533},{"stories_id":1788012849,"tag":"geonames_2988507","tag_set":"mc-geocoder@media.mit.edu","tag_sets_id":1011,"tags_id":8878572},{"stories_id":1788012849,"tag":"nyt_labeller_v1.0.0","tag_set":"nyt_labels_version","tag_sets_id":1964,"tags_id":9360669},{"stories_id":1788012849,"tag":"global warming","tag_set":"nyt_labels","tag_sets_id":1963,"tags_id":9360886},{"stories_id":1788012849,"tag":"environment","tag_set":"nyt_labels","tag_sets_id":1963,"tags_id":9360887},{"stories_id":1788012849,"tag":"weather","tag_set":"nyt_labels","tag_sets_id":1963,"tags_id":9360902},{"stories_id":1788012849,"tag":"hurricanes and tropical storms","tag_set":"nyt_labels","tag_sets_id":1963,"tags_id":9360925},{"stories_id":1788012849,"tag":"air pollution","tag_set":"nyt_labels","tag_sets_id":1963,"tags_id":9361007},{"stories_id":1788012849,"tag":"United Nations","tag_set":"cliff_organizations","tag_sets_id":2388,"tags_id":9362785},{"stories_id":1788012849,"tag":"UN","tag_set":"cliff_organizations","tag_sets_id":2388,"tags_id":9362786},{"stories_id":1788012849,"tag":"Joe Biden","tag_set":"cliff_people","tag_sets_id":2389,"tags_id":9363134},{"stories_id":1788012849,"tag":"Columbia University","tag_set":"cliff_organizations","tag_sets_id":2388,"tags_id":9363347},{"stories_id":1788012849,"tag":"U.N.","tag_set":"cliff_organizations","tag_sets_id":2388,"tags_id":9363619},{"stories_id":1788012849,"tag":"Antonio Guterres","tag_set":"cliff_people","tag_sets_id":2389,"tags_id":9364607},{"stories_id":1788012849,"tag":"WMO","tag_set":"cliff_organizations","tag_sets_id":2388,"tags_id":9383454},{"stories_id":1788012849,"tag":"Cornell University","tag_set":"cliff_organizations","tag_sets_id":2388,"tags_id":9383764},{"stories_id":1788012849,"tag":"Petteri Taalas","tag_set":"cliff_people","tag_sets_id":2389,"tags_id":9403450},{"stories_id":1788012849,"tag":"World Meteorological Organization","tag_set":"cliff_organizations","tag_sets_id":2388,"tags_id":9434257},{"stories_id":1788012849,"tag":"International Institute for Sustainable Development","tag_set":"cliff_organizations","tag_sets_id":2388,"tags_id":9604382},{"stories_id":1788012849,"tag":"Eta","tag_set":"cliff_organizations","tag_sets_id":2388,"tags_id":9672190},{"stories_id":1788012849,"tag":"Natalie Mahowald","tag_set":"cliff_people","tag_sets_id":2389,"tags_id":30800489},{"stories_id":1788012849,"tag":"Ivetta Gerasimchuk","tag_set":"cliff_people","tag_sets_id":2389,"tags_id":37992314},{"stories_id":1788012849,"tag":"readability-lxml-0.7","tag_set":"extractor_version","tag_sets_id":1354,"tags_id":81092444},{"stories_id":1788012849,"tag":"cliff_clavin_v2.6.0","tag_set":"geocoder_version","tag_sets_id":1937,"tags_id":189462640}],"title":"UN calls on humanity to end ‘war on nature,’ go carbon-free","url":"https://nypost.com/2020/12/04/un-calls-on-humanity-to-end-war-on-nature-go-carbon-free/","word_count":null}]