[{"ap_syndicated":null,"collect_date":"2020-12-05 22:26:56.866537","feeds":null,"guid":"https://www.washingtonpost.com/video/politics/biden-clarifies-oil-comments-after-vowing-to-transition-to-renewable-energy/2020/10/23/6a777e38-fcaf-4e33-88ab-e17b1bdf9f5f_video.html","language":"en","media_id":2,"media_name":null,"media_url":null,"processed_stories_id":null,"publish_date":"2020-10-23 00:00:00","stories_id":1789216169,"story_tags":[{"stories_id":1789216169,"tag":"nyt_labeller_v1.0.0","tag_set":"nyt_labels_version","tag_sets_id":1964,"tags_id":9360669},{"stories_id":1789216169,"tag":"politics and government","tag_set":"nyt_labels","tag_sets_id":1963,"tags_id":9360836},{"stories_id":1789216169,"tag":"united states politics and government","tag_set":"nyt_labels","tag_sets_id":1963,"tags_id":9360846},{"stories_id":1789216169,"tag":"elections","tag_set":"nyt_labels","tag_sets_id":1963,"tags_id":9360851},{"stories_id":1789216169,"tag":"oil (petroleum) and gasoline","tag_set":"nyt_labels","tag_sets_id":1963,"tags_id":9360884},{"stories_id":1789216169,"tag":"energy and power","tag_set":"nyt_labels","tag_sets_id":1963,"tags_id":9360997},{"stories_id":1789216169,"tag":"Joe Biden","tag_set":"cliff_people","tag_sets_id":2389,"tags_id":9363134},{"stories_id":1789216169,"tag":"guess_by_unknown","tag_set":"date_guess_method","tag_sets_id":508,"tags_id":50741492},{"stories_id":1789216169,"tag":"readability-lxml-0.7","tag_set":"extractor_version","tag_sets_id":1354,"tags_id":81092444},{"stories_id":1789216169,"tag":"cliff_clavin_v2.6.0","tag_set":"geocoder_version","tag_sets_id":1937,"tags_id":189462640}],"title":"Biden clarifies oil comments after vowing to transition to renewable energy","url":"https://www.washingtonpost.com/video/politics/biden-clarifies-oil-comments-after-vowing-to-transition-to-renewable-energy/2020/10/23/6a777e38-fcaf-4e33-88ab-e17b1bdf9f5f_video.html","word_count":null}]