[{"ap_syndicated":null,"collect_date":"2020-12-07 11:43:18.555394","feeds":null,"guid":"https://www.washingtonpost.com/business/energy/exxons-activist-uses-weapons-provided-by-exxon/2020/12/07/767218dc-38a7-11eb-aad9-8959227280c4_story.html?utm_source=rss&utm_medium=referral&utm_campaign=wp_business","language":"en","media_id":2,"media_name":null,"media_url":null,"processed_stories_id":null,"publish_date":"2020-12-07 11:13:20","stories_id":1790722526,"story_tags":[{"stories_id":1790722526,"tag":"guess_by_tag_meta","tag_set":"date_guess_method","tag_sets_id":508,"tags_id":50741386}],"title":"Exxon’s Activist Uses Weapons Provided by Exxon","url":"https://www.washingtonpost.com/business/energy/exxons-activist-uses-weapons-provided-by-exxon/2020/12/07/767218dc-38a7-11eb-aad9-8959227280c4_story.html?utm_source=rss&utm_medium=referral&utm_campaign=wp_business","word_count":null}]