[{"ap_syndicated":null,"collect_date":"2020-12-21 07:22:12.477928","feeds":null,"guid":"https://www.usatoday.com/story/opinion/2020/12/21/left-should-help-biden-democrats-deliver-for-america-column/3955164001/","language":"en","media_id":4,"media_name":null,"media_url":null,"processed_stories_id":null,"publish_date":"2020-12-21 03:15:01","stories_id":1803355634,"story_tags":[{"stories_id":1803355634,"tag":"geonames_6252001","tag_set":"mc-geocoder@media.mit.edu","tag_sets_id":1011,"tags_id":8878461},{"stories_id":1803355634,"tag":"nyt_labeller_v1.0.0","tag_set":"nyt_labels_version","tag_sets_id":1964,"tags_id":9360669},{"stories_id":1803355634,"tag":"politics and government","tag_set":"nyt_labels","tag_sets_id":1963,"tags_id":9360836},{"stories_id":1803355634,"tag":"united states politics and government","tag_set":"nyt_labels","tag_sets_id":1963,"tags_id":9360846},{"stories_id":1803355634,"tag":"elections","tag_set":"nyt_labels","tag_sets_id":1963,"tags_id":9360851},{"stories_id":1803355634,"tag":"editorials","tag_set":"nyt_labels","tag_sets_id":1963,"tags_id":9360894},{"stories_id":1803355634,"tag":"Donald Trump","tag_set":"cliff_people","tag_sets_id":2389,"tags_id":9362284},{"stories_id":1803355634,"tag":"Yale","tag_set":"cliff_organizations","tag_sets_id":2388,"tags_id":9362286},{"stories_id":1803355634,"tag":"Democratic Party","tag_set":"cliff_organizations","tag_sets_id":2388,"tags_id":9362724},{"stories_id":1803355634,"tag":"Senate","tag_set":"cliff_organizations","tag_sets_id":2388,"tags_id":9362741},{"stories_id":1803355634,"tag":"European Union","tag_set":"cliff_organizations","tag_sets_id":2388,"tags_id":9362999},{"stories_id":1803355634,"tag":"Joe Biden","tag_set":"cliff_people","tag_sets_id":2389,"tags_id":9363134},{"stories_id":1803355634,"tag":"Columbia University","tag_set":"cliff_organizations","tag_sets_id":2388,"tags_id":9363347},{"stories_id":1803355634,"tag":"Limbaugh","tag_set":"cliff_people","tag_sets_id":2389,"tags_id":9368390},{"stories_id":1803355634,"tag":"Bhaskar Sunkara","tag_set":"cliff_people","tag_sets_id":2389,"tags_id":9421265},{"stories_id":1803355634,"tag":"Todd Gitlin","tag_set":"cliff_people","tag_sets_id":2389,"tags_id":9456706},{"stories_id":1803355634,"tag":"FDR","tag_set":"cliff_organizations","tag_sets_id":2388,"tags_id":9457126},{"stories_id":1803355634,"tag":"Democratic Society","tag_set":"cliff_organizations","tag_sets_id":2388,"tags_id":9511975},{"stories_id":1803355634,"tag":"Samuel Moyn","tag_set":"cliff_people","tag_sets_id":2389,"tags_id":9519912},{"stories_id":1803355634,"tag":"Jacobin","tag_set":"cliff_organizations","tag_sets_id":2388,"tags_id":9569879},{"stories_id":1803355634,"tag":"Michael Harrington","tag_set":"cliff_people","tag_sets_id":2389,"tags_id":9584438},{"stories_id":1803355634,"tag":"readability-lxml-0.7","tag_set":"extractor_version","tag_sets_id":1354,"tags_id":81092444},{"stories_id":1803355634,"tag":"cliff_clavin_v2.6.0","tag_set":"geocoder_version","tag_sets_id":1937,"tags_id":189462640}],"title":"The Democratic left needs Biden to succeed. Stop trashing the winner and help him deliver.","url":"https://feeds.feedblitz.com/~/640545036/0/usatoday-newstopstories~The-Democratic-left-needs-Biden-to-succeed-Stop-trashing-the-winner-and-help-him-deliver/","word_count":null}]