[{"ap_syndicated":null,"collect_date":"2020-12-27 16:59:56.895898","feeds":null,"guid":"SB10804649372513853467004587179301023146154","language":"en","media_id":1150,"media_name":null,"media_url":null,"processed_stories_id":null,"publish_date":"2020-12-27 09:00:00","stories_id":1808689810,"story_tags":[{"stories_id":1808689810,"tag":"geonames_6252001","tag_set":"mc-geocoder@media.mit.edu","tag_sets_id":1011,"tags_id":8878461},{"stories_id":1808689810,"tag":"geonames_2152274","tag_set":"mc-geocoder@media.mit.edu","tag_sets_id":1011,"tags_id":8879590},{"stories_id":1808689810,"tag":"geonames_4717560","tag_set":"mc-geocoder@media.mit.edu","tag_sets_id":1011,"tags_id":8883238},{"stories_id":1808689810,"tag":"geonames_4744609","tag_set":"mc-geocoder@media.mit.edu","tag_sets_id":1011,"tags_id":8884048},{"stories_id":1808689810,"tag":"nyt_labeller_v1.0.0","tag_set":"nyt_labels_version","tag_sets_id":1964,"tags_id":9360669},{"stories_id":1808689810,"tag":"finances","tag_set":"nyt_labels","tag_sets_id":1963,"tags_id":9360840},{"stories_id":1808689810,"tag":"medicine and health","tag_set":"nyt_labels","tag_sets_id":1963,"tags_id":9360852},{"stories_id":1808689810,"tag":"oil (petroleum) and gasoline","tag_set":"nyt_labels","tag_sets_id":1963,"tags_id":9360884},{"stories_id":1808689810,"tag":"international trade and world market","tag_set":"nyt_labels","tag_sets_id":1963,"tags_id":9360983},{"stories_id":1808689810,"tag":"economic conditions and trends","tag_set":"nyt_labels","tag_sets_id":1963,"tags_id":9360989},{"stories_id":1808689810,"tag":"prices (fares, fees and rates)","tag_set":"nyt_labels","tag_sets_id":1963,"tags_id":9360996},{"stories_id":1808689810,"tag":"Chevron","tag_set":"cliff_organizations","tag_sets_id":2388,"tags_id":9362928},{"stories_id":1808689810,"tag":"Exxon","tag_set":"cliff_organizations","tag_sets_id":2388,"tags_id":9362930},{"stories_id":1808689810,"tag":"Shell","tag_set":"cliff_organizations","tag_sets_id":2388,"tags_id":9363630},{"stories_id":1808689810,"tag":"S&P Global Market Intelligence","tag_set":"cliff_organizations","tag_sets_id":2388,"tags_id":9366664},{"stories_id":1808689810,"tag":"BP","tag_set":"cliff_organizations","tag_sets_id":2388,"tags_id":9367462},{"stories_id":1808689810,"tag":"S&P","tag_set":"cliff_organizations","tag_sets_id":2388,"tags_id":9368263},{"stories_id":1808689810,"tag":"KPMG","tag_set":"cliff_organizations","tag_sets_id":2388,"tags_id":9369440},{"stories_id":1808689810,"tag":"Royal Dutch Shell","tag_set":"cliff_organizations","tag_sets_id":2388,"tags_id":9388915},{"stories_id":1808689810,"tag":"Occidental Petroleum Corp.","tag_set":"cliff_organizations","tag_sets_id":2388,"tags_id":9400481},{"stories_id":1808689810,"tag":"Exxon Mobil Corp.","tag_set":"cliff_organizations","tag_sets_id":2388,"tags_id":9455439},{"stories_id":1808689810,"tag":"Chevron Corp.","tag_set":"cliff_organizations","tag_sets_id":2388,"tags_id":9455446},{"stories_id":1808689810,"tag":"Central Michigan University","tag_set":"cliff_organizations","tag_sets_id":2388,"tags_id":9487750},{"stories_id":1808689810,"tag":"Journal","tag_set":"cliff_organizations","tag_sets_id":2388,"tags_id":9495774},{"stories_id":1808689810,"tag":"Regina Mayor","tag_set":"cliff_people","tag_sets_id":2389,"tags_id":9640365},{"stories_id":1808689810,"tag":"Collin Eaton","tag_set":"cliff_people","tag_sets_id":2389,"tags_id":9692058},{"stories_id":1808689810,"tag":"Sarah McFarlane","tag_set":"cliff_people","tag_sets_id":2389,"tags_id":11741154},{"stories_id":1808689810,"tag":"Concho Resources Inc.","tag_set":"cliff_organizations","tag_sets_id":2388,"tags_id":11783950},{"stories_id":1808689810,"tag":"Bernard Looney","tag_set":"cliff_people","tag_sets_id":2389,"tags_id":33112319},{"stories_id":1808689810,"tag":"Patrick Hamilton/Bloomberg","tag_set":"cliff_people","tag_sets_id":2389,"tags_id":66070114},{"stories_id":1808689810,"tag":"readability-lxml-0.7","tag_set":"extractor_version","tag_sets_id":1354,"tags_id":81092444},{"stories_id":1808689810,"tag":"cliff_clavin_v2.6.0","tag_set":"geocoder_version","tag_sets_id":1937,"tags_id":189462640},{"stories_id":1808689810,"tag":"Philip Keejae Hong","tag_set":"cliff_people","tag_sets_id":2389,"tags_id":213196180},{"stories_id":1808689810,"tag":"Evaluate Energy Ltd.","tag_set":"cliff_organizations","tag_sets_id":2388,"tags_id":225224278}],"title":"2020 Was One of the Worst-Ever Years for Oil Write-Downs","url":"https://www.wsj.com/articles/2020-was-one-of-the-worst-ever-years-for-oil-write-downs-11609077600?mod=pls_whats_news_us_business_f","word_count":null}]