[{"ap_syndicated":null,"collect_date":"2021-01-05 06:45:46.320697","feeds":null,"guid":"https://www.usatoday.com/story/money/markets/2021/01/05/stocks-best-companies-invest-2021-including-disney-paypal/4103629001/","language":"en","media_id":4,"media_name":null,"media_url":null,"processed_stories_id":null,"publish_date":"2021-01-05 05:01:28","stories_id":1815357819,"story_tags":[{"stories_id":1815357819,"tag":"geonames_6252001","tag_set":"mc-geocoder@media.mit.edu","tag_sets_id":1011,"tags_id":8878461},{"stories_id":1815357819,"tag":"geonames_5815135","tag_set":"mc-geocoder@media.mit.edu","tag_sets_id":1011,"tags_id":8878481},{"stories_id":1815357819,"tag":"geonames_4736286","tag_set":"mc-geocoder@media.mit.edu","tag_sets_id":1011,"tags_id":8878538},{"stories_id":1815357819,"tag":"geonames_4662168","tag_set":"mc-geocoder@media.mit.edu","tag_sets_id":1011,"tags_id":8878725},{"stories_id":1815357819,"tag":"geonames_4641630","tag_set":"mc-geocoder@media.mit.edu","tag_sets_id":1011,"tags_id":8878746},{"stories_id":1815357819,"tag":"geonames_4138106","tag_set":"mc-geocoder@media.mit.edu","tag_sets_id":1011,"tags_id":8878827},{"stories_id":1815357819,"tag":"geonames_126584","tag_set":"mc-geocoder@media.mit.edu","tag_sets_id":1011,"tags_id":8885317},{"stories_id":1815357819,"tag":"geonames_133204","tag_set":"mc-geocoder@media.mit.edu","tag_sets_id":1011,"tags_id":9039105},{"stories_id":1815357819,"tag":"nyt_labeller_v1.0.0","tag_set":"nyt_labels_version","tag_sets_id":1964,"tags_id":9360669},{"stories_id":1815357819,"tag":"computers and the internet","tag_set":"nyt_labels","tag_sets_id":1963,"tags_id":9360839},{"stories_id":1815357819,"tag":"finances","tag_set":"nyt_labels","tag_sets_id":1963,"tags_id":9360840},{"stories_id":1815357819,"tag":"medicine and health","tag_set":"nyt_labels","tag_sets_id":1963,"tags_id":9360852},{"stories_id":1815357819,"tag":"labor","tag_set":"nyt_labels","tag_sets_id":1963,"tags_id":9360859},{"stories_id":1815357819,"tag":"prices (fares, fees and rates)","tag_set":"nyt_labels","tag_sets_id":1963,"tags_id":9360996},{"stories_id":1815357819,"tag":"stocks and bonds","tag_set":"nyt_labels","tag_sets_id":1963,"tags_id":9361012},{"stories_id":1815357819,"tag":"Trump","tag_set":"cliff_people","tag_sets_id":2389,"tags_id":9362872},{"stories_id":1815357819,"tag":"Congress","tag_set":"cliff_organizations","tag_sets_id":2388,"tags_id":9362962},{"stories_id":1815357819,"tag":"Treasury","tag_set":"cliff_organizations","tag_sets_id":2388,"tags_id":9363650},{"stories_id":1815357819,"tag":"Disney","tag_set":"cliff_organizations","tag_sets_id":2388,"tags_id":9366536},{"stories_id":1815357819,"tag":"NHL","tag_set":"cliff_organizations","tag_sets_id":2388,"tags_id":9368145},{"stories_id":1815357819,"tag":"S&P","tag_set":"cliff_organizations","tag_sets_id":2388,"tags_id":9368263},{"stories_id":1815357819,"tag":"Lady Gaga","tag_set":"cliff_people","tag_sets_id":2389,"tags_id":9368519},{"stories_id":1815357819,"tag":"PayPal","tag_set":"cliff_organizations","tag_sets_id":2388,"tags_id":9371491},{"stories_id":1815357819,"tag":"Raytheon","tag_set":"cliff_organizations","tag_sets_id":2388,"tags_id":9392614},{"stories_id":1815357819,"tag":"Ticketmaster","tag_set":"cliff_organizations","tag_sets_id":2388,"tags_id":9406484},{"stories_id":1815357819,"tag":"William Blair","tag_set":"cliff_people","tag_sets_id":2389,"tags_id":9406737},{"stories_id":1815357819,"tag":"Milan","tag_set":"cliff_organizations","tag_sets_id":2388,"tags_id":9407396},{"stories_id":1815357819,"tag":"CrowdStrike","tag_set":"cliff_people","tag_sets_id":2389,"tags_id":9451981},{"stories_id":1815357819,"tag":"Lazard","tag_set":"cliff_organizations","tag_sets_id":2388,"tags_id":9457592},{"stories_id":1815357819,"tag":"Domini","tag_set":"cliff_people","tag_sets_id":2389,"tags_id":9488285},{"stories_id":1815357819,"tag":"PARCO","tag_set":"cliff_organizations","tag_sets_id":2388,"tags_id":9592355},{"stories_id":1815357819,"tag":"Priceline","tag_set":"cliff_organizations","tag_sets_id":2388,"tags_id":9639128},{"stories_id":1815357819,"tag":"Ameresco","tag_set":"cliff_organizations","tag_sets_id":2388,"tags_id":9649654},{"stories_id":1815357819,"tag":"Cornerstone Financial Services","tag_set":"cliff_organizations","tag_sets_id":2388,"tags_id":9649941},{"stories_id":1815357819,"tag":"Daniel Milan","tag_set":"cliff_people","tag_sets_id":2389,"tags_id":9649944},{"stories_id":1815357819,"tag":"Miles Lewis","tag_set":"cliff_people","tag_sets_id":2389,"tags_id":9660295},{"stories_id":1815357819,"tag":"SOUTHWEST AIRLINES","tag_set":"cliff_organizations","tag_sets_id":2388,"tags_id":9681557},{"stories_id":1815357819,"tag":"Ariel Investments","tag_set":"cliff_organizations","tag_sets_id":2388,"tags_id":9706075},{"stories_id":1815357819,"tag":"ClearBridge","tag_set":"cliff_organizations","tag_sets_id":2388,"tags_id":9760332},{"stories_id":1815357819,"tag":"Nielsen TV","tag_set":"cliff_organizations","tag_sets_id":2388,"tags_id":9842444},{"stories_id":1815357819,"tag":"HILTON","tag_set":"cliff_organizations","tag_sets_id":2388,"tags_id":10202728},{"stories_id":1815357819,"tag":"TEXAS INSTRUMENTS","tag_set":"cliff_organizations","tag_sets_id":2388,"tags_id":10202890},{"stories_id":1815357819,"tag":"AMERICAN EXPRESS","tag_set":"cliff_organizations","tag_sets_id":2388,"tags_id":10290514},{"stories_id":1815357819,"tag":"NIELSEN","tag_set":"cliff_people","tag_sets_id":2389,"tags_id":10448171},{"stories_id":1815357819,"tag":"LAZARD","tag_set":"cliff_people","tag_sets_id":2389,"tags_id":10685947},{"stories_id":1815357819,"tag":"NLSN","tag_set":"cliff_organizations","tag_sets_id":2388,"tags_id":10697099},{"stories_id":1815357819,"tag":"WALT DISNEY","tag_set":"cliff_people","tag_sets_id":2389,"tags_id":10820839},{"stories_id":1815357819,"tag":"AMRC","tag_set":"cliff_organizations","tag_sets_id":2388,"tags_id":11277309},{"stories_id":1815357819,"tag":"Janet Johnston","tag_set":"cliff_people","tag_sets_id":2389,"tags_id":11310602},{"stories_id":1815357819,"tag":"AUTOZONE","tag_set":"cliff_organizations","tag_sets_id":2388,"tags_id":28265312},{"stories_id":1815357819,"tag":"Jim Callinan","tag_set":"cliff_people","tag_sets_id":2389,"tags_id":28904807},{"stories_id":1815357819,"tag":"Ameresco","tag_set":"cliff_people","tag_sets_id":2389,"tags_id":29384687},{"stories_id":1815357819,"tag":"Boeing MAX","tag_set":"cliff_organizations","tag_sets_id":2388,"tags_id":29891238},{"stories_id":1815357819,"tag":"Victoria Greene","tag_set":"cliff_people","tag_sets_id":2389,"tags_id":30594135},{"stories_id":1815357819,"tag":"Stephen Squeri","tag_set":"cliff_people","tag_sets_id":2389,"tags_id":31008488},{"stories_id":1815357819,"tag":"Mitch Rubin","tag_set":"cliff_people","tag_sets_id":2389,"tags_id":33903009},{"stories_id":1815357819,"tag":"Charlie Bobrinskoy","tag_set":"cliff_people","tag_sets_id":2389,"tags_id":36292378},{"stories_id":1815357819,"tag":"QAnon","tag_set":"cliff_people","tag_sets_id":2389,"tags_id":42827178},{"stories_id":1815357819,"tag":"Carole Laible","tag_set":"cliff_people","tag_sets_id":2389,"tags_id":50965339},{"stories_id":1815357819,"tag":"readability-lxml-0.7","tag_set":"extractor_version","tag_sets_id":1354,"tags_id":81092444},{"stories_id":1815357819,"tag":"John Hancock Global","tag_set":"cliff_organizations","tag_sets_id":2388,"tags_id":86751252},{"stories_id":1815357819,"tag":"Gertjan Van Der Geer","tag_set":"cliff_people","tag_sets_id":2389,"tags_id":98533669},{"stories_id":1815357819,"tag":"Jim Golan","tag_set":"cliff_people","tag_sets_id":2389,"tags_id":100154627},{"stories_id":1815357819,"tag":"John Mantia","tag_set":"cliff_people","tag_sets_id":2389,"tags_id":166540714},{"stories_id":1815357819,"tag":"cliff_clavin_v2.6.0","tag_set":"geocoder_version","tag_sets_id":1937,"tags_id":189462640},{"stories_id":1815357819,"tag":"Royce Investment Partners","tag_set":"cliff_organizations","tag_sets_id":2388,"tags_id":192052414},{"stories_id":1815357819,"tag":"Mike Clarfeld","tag_set":"cliff_people","tag_sets_id":2389,"tags_id":217052658},{"stories_id":1815357819,"tag":"Nielsen ONE","tag_set":"cliff_organizations","tag_sets_id":2388,"tags_id":223804773},{"stories_id":1815357819,"tag":"Federal Reserve pledging","tag_set":"cliff_organizations","tag_sets_id":2388,"tags_id":225678350},{"stories_id":1815357819,"tag":"FIDELITY NATIONAL","tag_set":"cliff_organizations","tag_sets_id":2388,"tags_id":225678351},{"stories_id":1815357819,"tag":"RAYTHEON TECH","tag_set":"cliff_organizations","tag_sets_id":2388,"tags_id":225678352}],"title":"Disney, AutoZone and PayPal are among 21 stocks you should consider buying in 2021, stock experts say","url":"http://rssfeeds.usatoday.com/~/641080692/0/usatodaycommoney-topstories~Disney-AutoZone-and-PayPal-are-among-stocks-you-should-consider-buying-in-stock-experts-say/","word_count":null}]