[{"ap_syndicated":null,"collect_date":"2021-02-19 14:20:40.453377","feeds":null,"guid":"21005575-02D4-D4B5-4572-D29F8A4CC929","language":"en","media_id":1150,"media_name":null,"media_url":null,"processed_stories_id":null,"publish_date":"2021-02-19 14:11:00","stories_id":1857440842,"story_tags":[{"stories_id":1857440842,"tag":"geonames_6252001","tag_set":"mc-geocoder@media.mit.edu","tag_sets_id":1011,"tags_id":8878461},{"stories_id":1857440842,"tag":"geonames_5391959","tag_set":"mc-geocoder@media.mit.edu","tag_sets_id":1011,"tags_id":8878536},{"stories_id":1857440842,"tag":"geonames_4736286","tag_set":"mc-geocoder@media.mit.edu","tag_sets_id":1011,"tags_id":8878538},{"stories_id":1857440842,"tag":"geonames_5278106","tag_set":"mc-geocoder@media.mit.edu","tag_sets_id":1011,"tags_id":8967222},{"stories_id":1857440842,"tag":"nyt_labeller_v1.0.0","tag_set":"nyt_labels_version","tag_sets_id":1964,"tags_id":9360669},{"stories_id":1857440842,"tag":"finances","tag_set":"nyt_labels","tag_sets_id":1963,"tags_id":9360840},{"stories_id":1857440842,"tag":"medicine and health","tag_set":"nyt_labels","tag_sets_id":1963,"tags_id":9360852},{"stories_id":1857440842,"tag":"economic conditions and trends","tag_set":"nyt_labels","tag_sets_id":1963,"tags_id":9360989},{"stories_id":1857440842,"tag":"prices (fares, fees and rates)","tag_set":"nyt_labels","tag_sets_id":1963,"tags_id":9360996},{"stories_id":1857440842,"tag":"energy and power","tag_set":"nyt_labels","tag_sets_id":1963,"tags_id":9360997},{"stories_id":1857440842,"tag":"electric light and power","tag_set":"nyt_labels","tag_sets_id":1963,"tags_id":9361013},{"stories_id":1857440842,"tag":"light","tag_set":"nyt_labels","tag_sets_id":1963,"tags_id":9361014},{"stories_id":1857440842,"tag":"Congress","tag_set":"cliff_organizations","tag_sets_id":2388,"tags_id":9362962},{"stories_id":1857440842,"tag":"Joe Biden","tag_set":"cliff_people","tag_sets_id":2389,"tags_id":9363134},{"stories_id":1857440842,"tag":"Internal Revenue Service","tag_set":"cliff_organizations","tag_sets_id":2388,"tags_id":9363451},{"stories_id":1857440842,"tag":"Federal Reserve","tag_set":"cliff_organizations","tag_sets_id":2388,"tags_id":9368261},{"stories_id":1857440842,"tag":"IRS","tag_set":"cliff_organizations","tag_sets_id":2388,"tags_id":9371486},{"stories_id":1857440842,"tag":"Vanguard","tag_set":"cliff_organizations","tag_sets_id":2388,"tags_id":9385090},{"stories_id":1857440842,"tag":"MarketWatch","tag_set":"cliff_people","tag_sets_id":2389,"tags_id":9390157},{"stories_id":1857440842,"tag":"Brett Arends","tag_set":"cliff_people","tag_sets_id":2389,"tags_id":9412055},{"stories_id":1857440842,"tag":"FactSet","tag_set":"cliff_organizations","tag_sets_id":2388,"tags_id":9419501},{"stories_id":1857440842,"tag":"MarketWatch","tag_set":"cliff_organizations","tag_sets_id":2388,"tags_id":9432481},{"stories_id":1857440842,"tag":"Mark Hulbert","tag_set":"cliff_people","tag_sets_id":2389,"tags_id":9457117},{"stories_id":1857440842,"tag":"Jack Bogle","tag_set":"cliff_people","tag_sets_id":2389,"tags_id":9545039},{"stories_id":1857440842,"tag":"Jeffry Bartash","tag_set":"cliff_people","tag_sets_id":2389,"tags_id":9639789},{"stories_id":1857440842,"tag":"Cody Willard","tag_set":"cliff_people","tag_sets_id":2389,"tags_id":9704957},{"stories_id":1857440842,"tag":"Andrew Keshner","tag_set":"cliff_people","tag_sets_id":2389,"tags_id":11779128},{"stories_id":1857440842,"tag":"William Watts","tag_set":"cliff_people","tag_sets_id":2389,"tags_id":16370098},{"stories_id":1857440842,"tag":"Levi Sumagaysay","tag_set":"cliff_people","tag_sets_id":2389,"tags_id":28998419},{"stories_id":1857440842,"tag":"Rachel Koning Beals","tag_set":"cliff_people","tag_sets_id":2389,"tags_id":29444986},{"stories_id":1857440842,"tag":"readability-lxml-0.8.1","tag_set":"extractor_version","tag_sets_id":1354,"tags_id":228516910},{"stories_id":1857440842,"tag":"cliff_clavin_v2.6.1","tag_set":"geocoder_version","tag_sets_id":1937,"tags_id":228516911},{"stories_id":1857440842,"tag":"Unity Software U","tag_set":"cliff_organizations","tag_sets_id":2388,"tags_id":229143343}],"title":"Top Ten: Weekend reads: How to counter rising inflation","url":"http://www.marketwatch.com/news/story.asp?guid=21005575-02D4-D4B5-4572-D29F8A4CC929&siteid=rss&rss=1","word_count":null}]