[{"ap_syndicated":null,"collect_date":"2021-02-22 12:29:23.070915","feeds":null,"guid":"https://www.usatoday.com/story/news/nation/2021/02/22/texas-power-grid-outages-did-ken-lays-deregulation-set-calamity/4540029001/","language":"en","media_id":4,"media_name":null,"media_url":null,"processed_stories_id":null,"publish_date":"2021-02-22 12:22:57","stories_id":1859929723,"story_tags":[{"stories_id":1859929723,"tag":"geonames_6252001","tag_set":"mc-geocoder@media.mit.edu","tag_sets_id":1011,"tags_id":8878461},{"stories_id":1859929723,"tag":"geonames_4699066","tag_set":"mc-geocoder@media.mit.edu","tag_sets_id":1011,"tags_id":8878528},{"stories_id":1859929723,"tag":"geonames_4736286","tag_set":"mc-geocoder@media.mit.edu","tag_sets_id":1011,"tags_id":8878538},{"stories_id":1859929723,"tag":"geonames_4684888","tag_set":"mc-geocoder@media.mit.edu","tag_sets_id":1011,"tags_id":8878901},{"stories_id":1859929723,"tag":"geonames_4671654","tag_set":"mc-geocoder@media.mit.edu","tag_sets_id":1011,"tags_id":8878993},{"stories_id":1859929723,"tag":"nyt_labeller_v1.0.0","tag_set":"nyt_labels_version","tag_sets_id":1964,"tags_id":9360669},{"stories_id":1859929723,"tag":"finances","tag_set":"nyt_labels","tag_sets_id":1963,"tags_id":9360840},{"stories_id":1859929723,"tag":"frauds and swindling","tag_set":"nyt_labels","tag_sets_id":1963,"tags_id":9360947},{"stories_id":1859929723,"tag":"biographical information","tag_set":"nyt_labels","tag_sets_id":1963,"tags_id":9360968},{"stories_id":1859929723,"tag":"deaths (obituaries)","tag_set":"nyt_labels","tag_sets_id":1963,"tags_id":9360976},{"stories_id":1859929723,"tag":"energy and power","tag_set":"nyt_labels","tag_sets_id":1963,"tags_id":9360997},{"stories_id":1859929723,"tag":"electric light and power","tag_set":"nyt_labels","tag_sets_id":1963,"tags_id":9361013},{"stories_id":1859929723,"tag":"light","tag_set":"nyt_labels","tag_sets_id":1963,"tags_id":9361014},{"stories_id":1859929723,"tag":"Bush","tag_set":"cliff_people","tag_sets_id":2389,"tags_id":9362968},{"stories_id":1859929723,"tag":"NBC","tag_set":"cliff_organizations","tag_sets_id":2388,"tags_id":9363117},{"stories_id":1859929723,"tag":"George W. Bush","tag_set":"cliff_people","tag_sets_id":2389,"tags_id":9363130},{"stories_id":1859929723,"tag":"House","tag_set":"cliff_organizations","tag_sets_id":2388,"tags_id":9363164},{"stories_id":1859929723,"tag":"Rick Perry","tag_set":"cliff_people","tag_sets_id":2389,"tags_id":9365900},{"stories_id":1859929723,"tag":"Texas House","tag_set":"cliff_organizations","tag_sets_id":2388,"tags_id":9366295},{"stories_id":1859929723,"tag":"New York University","tag_set":"cliff_organizations","tag_sets_id":2388,"tags_id":9367475},{"stories_id":1859929723,"tag":"Kevin McCarthy","tag_set":"cliff_people","tag_sets_id":2389,"tags_id":9368746},{"stories_id":1859929723,"tag":"Greg Abbott","tag_set":"cliff_people","tag_sets_id":2389,"tags_id":9374917},{"stories_id":1859929723,"tag":"University of Texas","tag_set":"cliff_organizations","tag_sets_id":2388,"tags_id":9375844},{"stories_id":1859929723,"tag":"Texas","tag_set":"cliff_organizations","tag_sets_id":2388,"tags_id":9376584},{"stories_id":1859929723,"tag":"David Spence","tag_set":"cliff_people","tag_sets_id":2389,"tags_id":9388758},{"stories_id":1859929723,"tag":"Enron","tag_set":"cliff_organizations","tag_sets_id":2388,"tags_id":9407182},{"stories_id":1859929723,"tag":"Federal Energy Regulatory Commission","tag_set":"cliff_organizations","tag_sets_id":2388,"tags_id":9415770},{"stories_id":1859929723,"tag":"state House","tag_set":"cliff_organizations","tag_sets_id":2388,"tags_id":9434728},{"stories_id":1859929723,"tag":"Ken Lay","tag_set":"cliff_people","tag_sets_id":2389,"tags_id":9460734},{"stories_id":1859929723,"tag":"Texas Legislature","tag_set":"cliff_organizations","tag_sets_id":2388,"tags_id":9512644},{"stories_id":1859929723,"tag":"Asher","tag_set":"cliff_people","tag_sets_id":2389,"tags_id":9513962},{"stories_id":1859929723,"tag":"Steve Adler","tag_set":"cliff_people","tag_sets_id":2389,"tags_id":9527457},{"stories_id":1859929723,"tag":"Public Utility Commission","tag_set":"cliff_organizations","tag_sets_id":2388,"tags_id":9527858},{"stories_id":1859929723,"tag":"University of Texas Press","tag_set":"cliff_organizations","tag_sets_id":2388,"tags_id":9637132},{"stories_id":1859929723,"tag":"Michael Webber","tag_set":"cliff_people","tag_sets_id":2389,"tags_id":9644173},{"stories_id":1859929723,"tag":"Kate Galbraith","tag_set":"cliff_people","tag_sets_id":2389,"tags_id":10037985},{"stories_id":1859929723,"tag":"Rebecca Anne Goetz","tag_set":"cliff_people","tag_sets_id":2389,"tags_id":10190855},{"stories_id":1859929723,"tag":"Austin Energy","tag_set":"cliff_organizations","tag_sets_id":2388,"tags_id":10299226},{"stories_id":1859929723,"tag":"CPS Energy","tag_set":"cliff_organizations","tag_sets_id":2388,"tags_id":10430659},{"stories_id":1859929723,"tag":"Steve Wolens","tag_set":"cliff_people","tag_sets_id":2389,"tags_id":10911059},{"stories_id":1859929723,"tag":"Gib Lewis","tag_set":"cliff_people","tag_sets_id":2389,"tags_id":11240913},{"stories_id":1859929723,"tag":"Texas electric","tag_set":"cliff_organizations","tag_sets_id":2388,"tags_id":23908271},{"stories_id":1859929723,"tag":"ENGIE","tag_set":"cliff_organizations","tag_sets_id":2388,"tags_id":28871800},{"stories_id":1859929723,"tag":"Alejandro Villegas","tag_set":"cliff_people","tag_sets_id":2389,"tags_id":36008662},{"stories_id":1859929723,"tag":"readability-lxml-0.8.1","tag_set":"extractor_version","tag_sets_id":1354,"tags_id":228516910},{"stories_id":1859929723,"tag":"cliff_clavin_v2.6.1","tag_set":"geocoder_version","tag_sets_id":1937,"tags_id":228516911}],"title":"Texas politicians saw electricity deregulation as a better future. Years later, millions lost power.","url":"http://rssfeeds.usatoday.com/~/644923764/0/usatodaycommoney-topstories~Texas-politicians-saw-electricity-deregulation-as-a-better-future-Years-later-millions-lost-power/","word_count":null}]