[{"ap_syndicated":null,"collect_date":"2021-03-08 09:43:04.803144","feeds":null,"guid":"SB11817083650308444782804587324073303471492","language":"en","media_id":1150,"media_name":null,"media_url":null,"processed_stories_id":null,"publish_date":"2021-03-08 07:00:00","stories_id":1873217706,"story_tags":[{"stories_id":1873217706,"tag":"geonames_6252001","tag_set":"mc-geocoder@media.mit.edu","tag_sets_id":1011,"tags_id":8878461},{"stories_id":1873217706,"tag":"geonames_4736286","tag_set":"mc-geocoder@media.mit.edu","tag_sets_id":1011,"tags_id":8878538},{"stories_id":1873217706,"tag":"nyt_labeller_v1.0.0","tag_set":"nyt_labels_version","tag_sets_id":1964,"tags_id":9360669},{"stories_id":1873217706,"tag":"finances","tag_set":"nyt_labels","tag_sets_id":1963,"tags_id":9360840},{"stories_id":1873217706,"tag":"energy and power","tag_set":"nyt_labels","tag_sets_id":1963,"tags_id":9360997},{"stories_id":1873217706,"tag":"electric light and power","tag_set":"nyt_labels","tag_sets_id":1963,"tags_id":9361013},{"stories_id":1873217706,"tag":"light","tag_set":"nyt_labels","tag_sets_id":1963,"tags_id":9361014},{"stories_id":1873217706,"tag":"blackouts and brownouts (electrical)","tag_set":"nyt_labels","tag_sets_id":1963,"tags_id":9361015},{"stories_id":1873217706,"tag":"Biden","tag_set":"cliff_people","tag_sets_id":2389,"tags_id":9365736},{"stories_id":1873217706,"tag":"S&P","tag_set":"cliff_organizations","tag_sets_id":2388,"tags_id":9368263},{"stories_id":1873217706,"tag":"Joe Raedle/Getty","tag_set":"cliff_people","tag_sets_id":2389,"tags_id":9378533},{"stories_id":1873217706,"tag":"Exelon","tag_set":"cliff_organizations","tag_sets_id":2388,"tags_id":9452009},{"stories_id":1873217706,"tag":"NRG Energy","tag_set":"cliff_organizations","tag_sets_id":2388,"tags_id":9509351},{"stories_id":1873217706,"tag":"NRG","tag_set":"cliff_organizations","tag_sets_id":2388,"tags_id":9509354},{"stories_id":1873217706,"tag":"Calpine","tag_set":"cliff_organizations","tag_sets_id":2388,"tags_id":9509357},{"stories_id":1873217706,"tag":"Macquarie Group","tag_set":"cliff_organizations","tag_sets_id":2388,"tags_id":9663225},{"stories_id":1873217706,"tag":"Public Utility Commission of Texas","tag_set":"cliff_organizations","tag_sets_id":2388,"tags_id":9691518},{"stories_id":1873217706,"tag":"Texas Public Utilities Commission","tag_set":"cliff_organizations","tag_sets_id":2388,"tags_id":11697108},{"stories_id":1873217706,"tag":"NRG Energy NRG","tag_set":"cliff_organizations","tag_sets_id":2388,"tags_id":28028057},{"stories_id":1873217706,"tag":"Brazos Electric Power Cooperative","tag_set":"cliff_organizations","tag_sets_id":2388,"tags_id":28903697},{"stories_id":1873217706,"tag":"Exelon Generation Co.","tag_set":"cliff_organizations","tag_sets_id":2388,"tags_id":30768067},{"stories_id":1873217706,"tag":"Exelon EXC","tag_set":"cliff_organizations","tag_sets_id":2388,"tags_id":33098243},{"stories_id":1873217706,"tag":"Jinjoo Lee","tag_set":"cliff_people","tag_sets_id":2389,"tags_id":46447844},{"stories_id":1873217706,"tag":"Aneesh Prabhu","tag_set":"cliff_people","tag_sets_id":2389,"tags_id":71453650},{"stories_id":1873217706,"tag":"readability-lxml-0.8.1","tag_set":"extractor_version","tag_sets_id":1354,"tags_id":228516910},{"stories_id":1873217706,"tag":"cliff_clavin_v2.6.1","tag_set":"geocoder_version","tag_sets_id":1937,"tags_id":228516911}],"title":"Big Power Companies in Texas May Clean Up From Storm","url":"https://www.wsj.com/articles/big-power-companies-in-texas-may-clean-up-from-storm-11615204812","word_count":null}]