[{"ap_syndicated":null,"collect_date":"2021-03-28 06:20:51.300314","feeds":null,"guid":"https://www.nytimes.com/2021/03/28/arts/design/designers-global-challenges.html","language":"en","media_id":1,"media_name":null,"media_url":null,"processed_stories_id":null,"publish_date":"2021-03-28 05:00:22","stories_id":1890475253,"story_tags":[{"stories_id":1890475253,"tag":"geonames_6252001","tag_set":"mc-geocoder@media.mit.edu","tag_sets_id":1011,"tags_id":8878461},{"stories_id":1890475253,"tag":"geonames_2988507","tag_set":"mc-geocoder@media.mit.edu","tag_sets_id":1011,"tags_id":8878572},{"stories_id":1890475253,"tag":"geonames_2950159","tag_set":"mc-geocoder@media.mit.edu","tag_sets_id":1011,"tags_id":8878621},{"stories_id":1890475253,"tag":"geonames_1850147","tag_set":"mc-geocoder@media.mit.edu","tag_sets_id":1011,"tags_id":8878679},{"stories_id":1890475253,"tag":"geonames_3530597","tag_set":"mc-geocoder@media.mit.edu","tag_sets_id":1011,"tags_id":8878830},{"stories_id":1890475253,"tag":"geonames_5279468","tag_set":"mc-geocoder@media.mit.edu","tag_sets_id":1011,"tags_id":8878849},{"stories_id":1890475253,"tag":"geonames_3128760","tag_set":"mc-geocoder@media.mit.edu","tag_sets_id":1011,"tags_id":8878858},{"stories_id":1890475253,"tag":"geonames_1792947","tag_set":"mc-geocoder@media.mit.edu","tag_sets_id":1011,"tags_id":8878915},{"stories_id":1890475253,"tag":"geonames_2332459","tag_set":"mc-geocoder@media.mit.edu","tag_sets_id":1011,"tags_id":8878936},{"stories_id":1890475253,"tag":"geonames_2158177","tag_set":"mc-geocoder@media.mit.edu","tag_sets_id":1011,"tags_id":8879190},{"stories_id":1890475253,"tag":"geonames_2253354","tag_set":"mc-geocoder@media.mit.edu","tag_sets_id":1011,"tags_id":8879192},{"stories_id":1890475253,"tag":"geonames_276781","tag_set":"mc-geocoder@media.mit.edu","tag_sets_id":1011,"tags_id":8879255},{"stories_id":1890475253,"tag":"geonames_1261481","tag_set":"mc-geocoder@media.mit.edu","tag_sets_id":1011,"tags_id":8879597},{"stories_id":1890475253,"tag":"geonames_4517009","tag_set":"mc-geocoder@media.mit.edu","tag_sets_id":1011,"tags_id":8885316},{"stories_id":1890475253,"tag":"geonames_3687238","tag_set":"mc-geocoder@media.mit.edu","tag_sets_id":1011,"tags_id":8885635},{"stories_id":1890475253,"tag":"geonames_5274699","tag_set":"mc-geocoder@media.mit.edu","tag_sets_id":1011,"tags_id":9026581},{"stories_id":1890475253,"tag":"nyt_labeller_v1.0.0","tag_set":"nyt_labels_version","tag_sets_id":1964,"tags_id":9360669},{"stories_id":1890475253,"tag":"carte blanche","tag_set":"cliff_people","tag_sets_id":2389,"tags_id":9363360},{"stories_id":1890475253,"tag":"Barcelona","tag_set":"cliff_organizations","tag_sets_id":2388,"tags_id":9365983},{"stories_id":1890475253,"tag":"Geoff","tag_set":"cliff_people","tag_sets_id":2389,"tags_id":9403220},{"stories_id":1890475253,"tag":"Max Gunawan","tag_set":"cliff_people","tag_sets_id":2389,"tags_id":9440306},{"stories_id":1890475253,"tag":"Diller Scofidio","tag_set":"cliff_people","tag_sets_id":2389,"tags_id":9606588},{"stories_id":1890475253,"tag":"Queen Silvia","tag_set":"cliff_people","tag_sets_id":2389,"tags_id":9606672},{"stories_id":1890475253,"tag":"chevron","tag_set":"cliff_organizations","tag_sets_id":2388,"tags_id":9618800},{"stories_id":1890475253,"tag":"Le Corbusier","tag_set":"cliff_organizations","tag_sets_id":2388,"tags_id":9702942},{"stories_id":1890475253,"tag":"Safdie","tag_set":"cliff_people","tag_sets_id":2389,"tags_id":9728326},{"stories_id":1890475253,"tag":"Nina Ricci","tag_set":"cliff_people","tag_sets_id":2389,"tags_id":9757289},{"stories_id":1890475253,"tag":"Charles Renfro","tag_set":"cliff_people","tag_sets_id":2389,"tags_id":10184592},{"stories_id":1890475253,"tag":"Teno","tag_set":"cliff_people","tag_sets_id":2389,"tags_id":10572433},{"stories_id":1890475253,"tag":"Kengo Kuma","tag_set":"cliff_people","tag_sets_id":2389,"tags_id":11187895},{"stories_id":1890475253,"tag":"Julie Lasky","tag_set":"cliff_people","tag_sets_id":2389,"tags_id":11325013},{"stories_id":1890475253,"tag":"National Gallery of Victoria","tag_set":"cliff_organizations","tag_sets_id":2388,"tags_id":11636388},{"stories_id":1890475253,"tag":"Lance Hosey","tag_set":"cliff_people","tag_sets_id":2389,"tags_id":11946974},{"stories_id":1890475253,"tag":"Tom Park","tag_set":"cliff_people","tag_sets_id":2389,"tags_id":19877349},{"stories_id":1890475253,"tag":"Voxel","tag_set":"cliff_organizations","tag_sets_id":2388,"tags_id":25659294},{"stories_id":1890475253,"tag":"Institute for Advanced Architecture of Catalonia","tag_set":"cliff_organizations","tag_sets_id":2388,"tags_id":28426827},{"stories_id":1890475253,"tag":"Daniel Ibáñez","tag_set":"cliff_people","tag_sets_id":2389,"tags_id":28597317},{"stories_id":1890475253,"tag":"Hella Jongerius","tag_set":"cliff_people","tag_sets_id":2389,"tags_id":28846500},{"stories_id":1890475253,"tag":"Stephanie Rosenthal","tag_set":"cliff_people","tag_sets_id":2389,"tags_id":30357032},{"stories_id":1890475253,"tag":"Lauren Messman","tag_set":"cliff_people","tag_sets_id":2389,"tags_id":31052521},{"stories_id":1890475253,"tag":"Victor Hunt","tag_set":"cliff_people","tag_sets_id":2389,"tags_id":32892659},{"stories_id":1890475253,"tag":"Brian DeMuro","tag_set":"cliff_people","tag_sets_id":2389,"tags_id":33492951},{"stories_id":1890475253,"tag":"Laurids Gallée","tag_set":"cliff_people","tag_sets_id":2389,"tags_id":33640644},{"stories_id":1890475253,"tag":"Pierre Yovanovitch","tag_set":"cliff_people","tag_sets_id":2389,"tags_id":43357877},{"stories_id":1890475253,"tag":"sea urchin shell","tag_set":"cliff_organizations","tag_sets_id":2388,"tags_id":46012893},{"stories_id":1890475253,"tag":"Vicente Guallart","tag_set":"cliff_people","tag_sets_id":2389,"tags_id":49745777},{"stories_id":1890475253,"tag":"HMC Architects","tag_set":"cliff_organizations","tag_sets_id":2388,"tags_id":49805950},{"stories_id":1890475253,"tag":"Yinka Ilori","tag_set":"cliff_people","tag_sets_id":2389,"tags_id":54308017},{"stories_id":1890475253,"tag":"Yasumichi Morita","tag_set":"cliff_people","tag_sets_id":2389,"tags_id":57560982},{"stories_id":1890475253,"tag":"Gropius Bau","tag_set":"cliff_people","tag_sets_id":2389,"tags_id":80146879},{"stories_id":1890475253,"tag":"Liv Vaisberg","tag_set":"cliff_people","tag_sets_id":2389,"tags_id":81307852},{"stories_id":1890475253,"tag":"Etienne Bastormagi","tag_set":"cliff_people","tag_sets_id":2389,"tags_id":81483516},{"stories_id":1890475253,"tag":"Mauricio Paniagua","tag_set":"cliff_people","tag_sets_id":2389,"tags_id":86446626},{"stories_id":1890475253,"tag":"Tony Moxham","tag_set":"cliff_people","tag_sets_id":2389,"tags_id":86446627},{"stories_id":1890475253,"tag":"Anna Aagaard Jensen","tag_set":"cliff_people","tag_sets_id":2389,"tags_id":89175726},{"stories_id":1890475253,"tag":"Aïssa Dione","tag_set":"cliff_people","tag_sets_id":2389,"tags_id":91599289},{"stories_id":1890475253,"tag":"Jongeriuslab","tag_set":"cliff_people","tag_sets_id":2389,"tags_id":99243176},{"stories_id":1890475253,"tag":"Pirjo Haikola","tag_set":"cliff_people","tag_sets_id":2389,"tags_id":118079396},{"stories_id":1890475253,"tag":"Lila Allen","tag_set":"cliff_people","tag_sets_id":2389,"tags_id":151766437},{"stories_id":1890475253,"tag":"Nobel Prize Museum","tag_set":"cliff_organizations","tag_sets_id":2388,"tags_id":182872468},{"stories_id":1890475253,"tag":"geonames_4833850","tag_set":"mc-geocoder@media.mit.edu","tag_sets_id":1011,"tags_id":187516774},{"stories_id":1890475253,"tag":"DeMuro Das","tag_set":"cliff_people","tag_sets_id":2389,"tags_id":214266488},{"stories_id":1890475253,"tag":"readability-lxml-0.8.1","tag_set":"extractor_version","tag_sets_id":1354,"tags_id":228516910},{"stories_id":1890475253,"tag":"cliff_clavin_v2.6.1","tag_set":"geocoder_version","tag_sets_id":1937,"tags_id":228516911},{"stories_id":1890475253,"tag":"Juilliard School’s branch institution","tag_set":"cliff_organizations","tag_sets_id":2388,"tags_id":231765770},{"stories_id":1890475253,"tag":"École Secondaire des Filles de la Charité school","tag_set":"cliff_organizations","tag_sets_id":2388,"tags_id":231765771},{"stories_id":1890475253,"tag":"Dadaï","tag_set":"cliff_people","tag_sets_id":2389,"tags_id":231765772},{"stories_id":1890475253,"tag":"Rochegaussen","tag_set":"cliff_people","tag_sets_id":2389,"tags_id":231765773},{"stories_id":1890475253,"tag":"Sandra Richani","tag_set":"cliff_people","tag_sets_id":2389,"tags_id":231765774},{"stories_id":1890475253,"tag":"Nada Borgi","tag_set":"cliff_people","tag_sets_id":2389,"tags_id":231765775},{"stories_id":1890475253,"tag":"Centro Hospitalario Serena del Mar","tag_set":"cliff_people","tag_sets_id":2389,"tags_id":231765776},{"stories_id":1890475253,"tag":"Sean Scensor","tag_set":"cliff_people","tag_sets_id":2389,"tags_id":231765777},{"stories_id":1890475253,"tag":"Puru Das","tag_set":"cliff_people","tag_sets_id":2389,"tags_id":231765778},{"stories_id":1890475253,"tag":"Clara Ahlvik","tag_set":"cliff_people","tag_sets_id":2389,"tags_id":231765779}],"title":"16 Global Design Concepts for an Unpredictable Future","url":"https://www.nytimes.com/2021/03/28/arts/design/designers-global-challenges.html","word_count":null}]