[{"ap_syndicated":null,"collect_date":"2021-04-19 19:55:42.134088","feeds":null,"guid":"https://www.nytimes.com/live/2021/04/19/us/joe-biden-news/brian-sicknick-capitol-death","language":"en","media_id":1,"media_name":null,"media_url":null,"processed_stories_id":null,"publish_date":"2021-04-19 19:40:18","stories_id":1906608416,"story_tags":[{"stories_id":1906608416,"tag":"geonames_6252001","tag_set":"mc-geocoder@media.mit.edu","tag_sets_id":1011,"tags_id":8878461},{"stories_id":1906608416,"tag":"geonames_4544379","tag_set":"mc-geocoder@media.mit.edu","tag_sets_id":1011,"tags_id":8878726},{"stories_id":1906608416,"tag":"geonames_4553433","tag_set":"mc-geocoder@media.mit.edu","tag_sets_id":1011,"tags_id":8880178},{"stories_id":1906608416,"tag":"nyt_labeller_v1.0.0","tag_set":"nyt_labels_version","tag_sets_id":1964,"tags_id":9360669},{"stories_id":1906608416,"tag":"politics and government","tag_set":"nyt_labels","tag_sets_id":1963,"tags_id":9360836},{"stories_id":1906608416,"tag":"finances","tag_set":"nyt_labels","tag_sets_id":1963,"tags_id":9360840},{"stories_id":1906608416,"tag":"united states politics and government","tag_set":"nyt_labels","tag_sets_id":1963,"tags_id":9360846},{"stories_id":1906608416,"tag":"elections","tag_set":"nyt_labels","tag_sets_id":1963,"tags_id":9360851},{"stories_id":1906608416,"tag":"Garland","tag_set":"cliff_people","tag_sets_id":2389,"tags_id":9362722},{"stories_id":1906608416,"tag":"White House","tag_set":"cliff_organizations","tag_sets_id":2388,"tags_id":9362736},{"stories_id":1906608416,"tag":"Senate","tag_set":"cliff_organizations","tag_sets_id":2388,"tags_id":9362741},{"stories_id":1906608416,"tag":"Congress","tag_set":"cliff_organizations","tag_sets_id":2388,"tags_id":9362962},{"stories_id":1906608416,"tag":"Justice Department","tag_set":"cliff_organizations","tag_sets_id":2388,"tags_id":9363280},{"stories_id":1906608416,"tag":"ABC News","tag_set":"cliff_organizations","tag_sets_id":2388,"tags_id":9363445},{"stories_id":1906608416,"tag":"Biden","tag_set":"cliff_people","tag_sets_id":2389,"tags_id":9365736},{"stories_id":1906608416,"tag":"Romney","tag_set":"cliff_people","tag_sets_id":2389,"tags_id":9366837},{"stories_id":1906608416,"tag":"Charlie Crist","tag_set":"cliff_people","tag_sets_id":2389,"tags_id":9375974},{"stories_id":1906608416,"tag":"Diaz","tag_set":"cliff_people","tag_sets_id":2389,"tags_id":9421283},{"stories_id":1906608416,"tag":"Norma J. Torres","tag_set":"cliff_people","tag_sets_id":2389,"tags_id":9447852},{"stories_id":1906608416,"tag":"Kay Granger","tag_set":"cliff_people","tag_sets_id":2389,"tags_id":9499148},{"stories_id":1906608416,"tag":"Emanuel Cleaver","tag_set":"cliff_people","tag_sets_id":2389,"tags_id":9510004},{"stories_id":1906608416,"tag":"Carlos Giménez","tag_set":"cliff_people","tag_sets_id":2389,"tags_id":9593202},{"stories_id":1906608416,"tag":"George Floyd","tag_set":"cliff_people","tag_sets_id":2389,"tags_id":37048539},{"stories_id":1906608416,"tag":"Derek Chauvin","tag_set":"cliff_people","tag_sets_id":2389,"tags_id":64271042},{"stories_id":1906608416,"tag":"Jon Ryan Schaffer","tag_set":"cliff_people","tag_sets_id":2389,"tags_id":225926730},{"stories_id":1906608416,"tag":"readability-lxml-0.8.1","tag_set":"extractor_version","tag_sets_id":1354,"tags_id":228516910},{"stories_id":1906608416,"tag":"cliff_clavin_v2.6.1","tag_set":"geocoder_version","tag_sets_id":1937,"tags_id":228516911}],"title":"Officer Brian Sicknick died of multiple strokes after the Capitol riot, a medical examiner rules.","url":"https://www.nytimes.com/live/2021/04/19/us/joe-biden-news/brian-sicknick-capitol-death","word_count":null}]