[{"ap_syndicated":null,"collect_date":"2021-04-25 01:33:40.415669","feeds":null,"guid":"SB11493872044294244256704587421412810727478","language":"en","media_id":1150,"media_name":null,"media_url":null,"processed_stories_id":null,"publish_date":"2021-04-24 10:00:00","stories_id":1911873379,"story_tags":[{"stories_id":1911873379,"tag":"geonames_3469034","tag_set":"mc-geocoder@media.mit.edu","tag_sets_id":1011,"tags_id":8878586},{"stories_id":1911873379,"tag":"geonames_1835848","tag_set":"mc-geocoder@media.mit.edu","tag_sets_id":1011,"tags_id":8878666},{"stories_id":1911873379,"tag":"geonames_3393129","tag_set":"mc-geocoder@media.mit.edu","tag_sets_id":1011,"tags_id":8888266},{"stories_id":1911873379,"tag":"nyt_labeller_v1.0.0","tag_set":"nyt_labels_version","tag_sets_id":1964,"tags_id":9360669},{"stories_id":1911873379,"tag":"computers and the internet","tag_set":"nyt_labels","tag_sets_id":1963,"tags_id":9360839},{"stories_id":1911873379,"tag":"company reports","tag_set":"nyt_labels","tag_sets_id":1963,"tags_id":9361050},{"stories_id":1911873379,"tag":"corporations","tag_set":"nyt_labels","tag_sets_id":1963,"tags_id":9361051},{"stories_id":1911873379,"tag":"Facebook","tag_set":"cliff_organizations","tag_sets_id":2388,"tags_id":9362725},{"stories_id":1911873379,"tag":"Mark Zuckerberg","tag_set":"cliff_people","tag_sets_id":2389,"tags_id":9365810},{"stories_id":1911873379,"tag":"Amazon","tag_set":"cliff_organizations","tag_sets_id":2388,"tags_id":9366535},{"stories_id":1911873379,"tag":"Apple","tag_set":"cliff_organizations","tag_sets_id":2388,"tags_id":9367295},{"stories_id":1911873379,"tag":"S&P","tag_set":"cliff_organizations","tag_sets_id":2388,"tags_id":9368263},{"stories_id":1911873379,"tag":"Comcast Corp.","tag_set":"cliff_organizations","tag_sets_id":2388,"tags_id":9368879},{"stories_id":1911873379,"tag":"Tesla","tag_set":"cliff_people","tag_sets_id":2389,"tags_id":9369660},{"stories_id":1911873379,"tag":"Caterpillar Inc.","tag_set":"cliff_organizations","tag_sets_id":2388,"tags_id":9371482},{"stories_id":1911873379,"tag":"Facebook Inc.","tag_set":"cliff_organizations","tag_sets_id":2388,"tags_id":9372319},{"stories_id":1911873379,"tag":"Boeing Co.","tag_set":"cliff_organizations","tag_sets_id":2388,"tags_id":9372658},{"stories_id":1911873379,"tag":"Microsoft","tag_set":"cliff_organizations","tag_sets_id":2388,"tags_id":9374723},{"stories_id":1911873379,"tag":"Apple Inc.","tag_set":"cliff_organizations","tag_sets_id":2388,"tags_id":9381405},{"stories_id":1911873379,"tag":"Tech giants","tag_set":"cliff_organizations","tag_sets_id":2388,"tags_id":9397080},{"stories_id":1911873379,"tag":"Tesla Inc.","tag_set":"cliff_organizations","tag_sets_id":2388,"tags_id":9404460},{"stories_id":1911873379,"tag":"Ford Motor Co.","tag_set":"cliff_organizations","tag_sets_id":2388,"tags_id":9407391},{"stories_id":1911873379,"tag":"FactSet","tag_set":"cliff_organizations","tag_sets_id":2388,"tags_id":9419501},{"stories_id":1911873379,"tag":"Visa Inc.","tag_set":"cliff_organizations","tag_sets_id":2388,"tags_id":9429447},{"stories_id":1911873379,"tag":"Microsoft Corp.","tag_set":"cliff_organizations","tag_sets_id":2388,"tags_id":9446829},{"stories_id":1911873379,"tag":"Exxon Mobil Corp.","tag_set":"cliff_organizations","tag_sets_id":2388,"tags_id":9455439},{"stories_id":1911873379,"tag":"Chevron Corp.","tag_set":"cliff_organizations","tag_sets_id":2388,"tags_id":9455446},{"stories_id":1911873379,"tag":"Qualcomm Inc.","tag_set":"cliff_organizations","tag_sets_id":2388,"tags_id":9470666},{"stories_id":1911873379,"tag":"Starbucks Corp.","tag_set":"cliff_organizations","tag_sets_id":2388,"tags_id":9548269},{"stories_id":1911873379,"tag":"energy giants","tag_set":"cliff_organizations","tag_sets_id":2388,"tags_id":9551574},{"stories_id":1911873379,"tag":"United Parcel Service Inc.","tag_set":"cliff_organizations","tag_sets_id":2388,"tags_id":9575079},{"stories_id":1911873379,"tag":"Albertsons Cos.","tag_set":"cliff_organizations","tag_sets_id":2388,"tags_id":9606062},{"stories_id":1911873379,"tag":"Google parent Alphabet Inc.","tag_set":"cliff_organizations","tag_sets_id":2388,"tags_id":9654623},{"stories_id":1911873379,"tag":"Mastercard Inc.","tag_set":"cliff_organizations","tag_sets_id":2388,"tags_id":9787549},{"stories_id":1911873379,"tag":"com Inc","tag_set":"cliff_organizations","tag_sets_id":2388,"tags_id":11333602},{"stories_id":1911873379,"tag":"Jean Chung/Bloomberg","tag_set":"cliff_people","tag_sets_id":2389,"tags_id":29035116},{"stories_id":1911873379,"tag":"Spotify Technology SA","tag_set":"cliff_organizations","tag_sets_id":2388,"tags_id":35333198},{"stories_id":1911873379,"tag":"Silicon Valley car company","tag_set":"cliff_organizations","tag_sets_id":2388,"tags_id":36282475},{"stories_id":1911873379,"tag":"readability-lxml-0.8.1","tag_set":"extractor_version","tag_sets_id":1354,"tags_id":228516910},{"stories_id":1911873379,"tag":"cliff_clavin_v2.6.1","tag_set":"geocoder_version","tag_sets_id":1937,"tags_id":228516911}],"title":"Tesla, Apple, Amazon Headline a Heavy Earnings Week","url":"https://www.wsj.com/articles/tesla-apple-and-amazon-headline-a-heavy-earnings-week-11619272838?mod=pls_whats_news_us_business_f","word_count":null}]