[{"ap_syndicated":null,"collect_date":"2021-05-16 11:04:37.784415","feeds":null,"guid":"SB12241091415361214226004587443132491841136","language":"en","media_id":1150,"media_name":null,"media_url":null,"processed_stories_id":null,"publish_date":"2021-05-15 13:00:00","stories_id":1932908256,"story_tags":[{"stories_id":1932908256,"tag":"geonames_5128638","tag_set":"mc-geocoder@media.mit.edu","tag_sets_id":1011,"tags_id":8878463},{"stories_id":1932908256,"tag":"geonames_3117735","tag_set":"mc-geocoder@media.mit.edu","tag_sets_id":1011,"tags_id":8878562},{"stories_id":1932908256,"tag":"geonames_2510769","tag_set":"mc-geocoder@media.mit.edu","tag_sets_id":1011,"tags_id":8878587},{"stories_id":1932908256,"tag":"geonames_3128760","tag_set":"mc-geocoder@media.mit.edu","tag_sets_id":1011,"tags_id":8878858},{"stories_id":1932908256,"tag":"geonames_3128026","tag_set":"mc-geocoder@media.mit.edu","tag_sets_id":1011,"tags_id":8883196},{"stories_id":1932908256,"tag":"geonames_5119833","tag_set":"mc-geocoder@media.mit.edu","tag_sets_id":1011,"tags_id":8891464},{"stories_id":1932908256,"tag":"geonames_5107152","tag_set":"mc-geocoder@media.mit.edu","tag_sets_id":1011,"tags_id":8900003},{"stories_id":1932908256,"tag":"nyt_labeller_v1.0.0","tag_set":"nyt_labels_version","tag_sets_id":1964,"tags_id":9360669},{"stories_id":1932908256,"tag":"oil (petroleum) and gasoline","tag_set":"nyt_labels","tag_sets_id":1963,"tags_id":9360884},{"stories_id":1932908256,"tag":"environment","tag_set":"nyt_labels","tag_sets_id":1963,"tags_id":9360887},{"stories_id":1932908256,"tag":"automobiles","tag_set":"nyt_labels","tag_sets_id":1963,"tags_id":9360914},{"stories_id":1932908256,"tag":"energy and power","tag_set":"nyt_labels","tag_sets_id":1963,"tags_id":9360997},{"stories_id":1932908256,"tag":"Airbus","tag_set":"cliff_organizations","tag_sets_id":2388,"tags_id":9364154},{"stories_id":1932908256,"tag":"Holger","tag_set":"cliff_people","tag_sets_id":2389,"tags_id":9405144},{"stories_id":1932908256,"tag":"EVs","tag_set":"cliff_organizations","tag_sets_id":2388,"tags_id":9432985},{"stories_id":1932908256,"tag":"Exxon Mobil Corp.","tag_set":"cliff_organizations","tag_sets_id":2388,"tags_id":9455439},{"stories_id":1932908256,"tag":"Journal","tag_set":"cliff_organizations","tag_sets_id":2388,"tags_id":9495774},{"stories_id":1932908256,"tag":"Repsol SA","tag_set":"cliff_organizations","tag_sets_id":2388,"tags_id":9501249},{"stories_id":1932908256,"tag":"Porsche","tag_set":"cliff_organizations","tag_sets_id":2388,"tags_id":9518710},{"stories_id":1932908256,"tag":"Royal Dutch Shell PLC","tag_set":"cliff_organizations","tag_sets_id":2388,"tags_id":9519109},{"stories_id":1932908256,"tag":"Heide","tag_set":"cliff_people","tag_sets_id":2389,"tags_id":9544309},{"stories_id":1932908256,"tag":"Maersk","tag_set":"cliff_organizations","tag_sets_id":2388,"tags_id":9650297},{"stories_id":1932908256,"tag":"International Council on Clean Transportation","tag_set":"cliff_organizations","tag_sets_id":2388,"tags_id":9708156},{"stories_id":1932908256,"tag":"KLM Royal Dutch Airlines","tag_set":"cliff_organizations","tag_sets_id":2388,"tags_id":9835471},{"stories_id":1932908256,"tag":"Deutsche Lufthansa AG","tag_set":"cliff_organizations","tag_sets_id":2388,"tags_id":10078868},{"stories_id":1932908256,"tag":"Andrew Madden","tag_set":"cliff_people","tag_sets_id":2389,"tags_id":10726893},{"stories_id":1932908256,"tag":"Michael Steiner","tag_set":"cliff_people","tag_sets_id":2389,"tags_id":10761001},{"stories_id":1932908256,"tag":"geonames_2622447","tag_set":"mc-geocoder@media.mit.edu","tag_sets_id":1011,"tags_id":10848275},{"stories_id":1932908256,"tag":"Petroni","tag_set":"cliff_people","tag_sets_id":2389,"tags_id":11694095},{"stories_id":1932908256,"tag":"Transport & Environment","tag_set":"cliff_organizations","tag_sets_id":2388,"tags_id":28869897},{"stories_id":1932908256,"tag":"Franz Fischer","tag_set":"cliff_people","tag_sets_id":2389,"tags_id":31986454},{"stories_id":1932908256,"tag":"Geert Decock","tag_set":"cliff_people","tag_sets_id":2389,"tags_id":32412290},{"stories_id":1932908256,"tag":"Mazda Motor Europe","tag_set":"cliff_organizations","tag_sets_id":2388,"tags_id":41211038},{"stories_id":1932908256,"tag":"Copenhagen Infrastructure Partners","tag_set":"cliff_organizations","tag_sets_id":2388,"tags_id":41529851},{"stories_id":1932908256,"tag":"Exxon Mobil Fuels & Lubricants","tag_set":"cliff_organizations","tag_sets_id":2388,"tags_id":41723672},{"stories_id":1932908256,"tag":"A.P. Moller Maersk A/S","tag_set":"cliff_organizations","tag_sets_id":2388,"tags_id":49329002},{"stories_id":1932908256,"tag":"executive board for research and development","tag_set":"cliff_organizations","tag_sets_id":2388,"tags_id":52684563},{"stories_id":1932908256,"tag":"Hans Tropsch","tag_set":"cliff_people","tag_sets_id":2389,"tags_id":55269453},{"stories_id":1932908256,"tag":"Christian Schultze","tag_set":"cliff_people","tag_sets_id":2389,"tags_id":60205992},{"stories_id":1932908256,"tag":"Stephanie Searle","tag_set":"cliff_people","tag_sets_id":2389,"tags_id":82895816},{"stories_id":1932908256,"tag":"Heide Refinery","tag_set":"cliff_organizations","tag_sets_id":2388,"tags_id":159498539},{"stories_id":1932908256,"tag":"Jürgen Wollschläger","tag_set":"cliff_people","tag_sets_id":2389,"tags_id":214719171},{"stories_id":1932908256,"tag":"Morten Bo Christiansen","tag_set":"cliff_people","tag_sets_id":2389,"tags_id":215558957},{"stories_id":1932908256,"tag":"readability-lxml-0.8.1","tag_set":"extractor_version","tag_sets_id":1354,"tags_id":228516910},{"stories_id":1932908256,"tag":"cliff_clavin_v2.6.1","tag_set":"geocoder_version","tag_sets_id":1937,"tags_id":228516911},{"stories_id":1932908256,"tag":"eFuel Alliance trade group","tag_set":"cliff_organizations","tag_sets_id":2388,"tags_id":235033085}],"title":"Can E-Fuels Save the Combustion Engine?","url":"https://www.wsj.com/articles/can-e-fuels-save-the-combustion-engine-11621037390?mod=rss_Technology","word_count":null}]