[{"ap_syndicated":null,"collect_date":"2021-05-26 12:56:07.895908","feeds":null,"guid":"https://nypost.com/?post_type=article&p=18347739","language":"en","media_id":7,"media_name":null,"media_url":null,"processed_stories_id":null,"publish_date":"2021-05-26 12:48:03","stories_id":1942894537,"story_tags":[{"stories_id":1942894537,"tag":"geonames_6252001","tag_set":"mc-geocoder@media.mit.edu","tag_sets_id":1011,"tags_id":8878461},{"stories_id":1942894537,"tag":"geonames_5332921","tag_set":"mc-geocoder@media.mit.edu","tag_sets_id":1011,"tags_id":8878533},{"stories_id":1942894537,"tag":"geonames_4847385","tag_set":"mc-geocoder@media.mit.edu","tag_sets_id":1011,"tags_id":8878806},{"stories_id":1942894537,"tag":"geonames_4402300","tag_set":"mc-geocoder@media.mit.edu","tag_sets_id":1011,"tags_id":8879051},{"stories_id":1942894537,"tag":"nyt_labeller_v1.0.0","tag_set":"nyt_labels_version","tag_sets_id":1964,"tags_id":9360669},{"stories_id":1942894537,"tag":"global warming","tag_set":"nyt_labels","tag_sets_id":1963,"tags_id":9360886},{"stories_id":1942894537,"tag":"environment","tag_set":"nyt_labels","tag_sets_id":1963,"tags_id":9360887},{"stories_id":1942894537,"tag":"energy and power","tag_set":"nyt_labels","tag_sets_id":1963,"tags_id":9360997},{"stories_id":1942894537,"tag":"air pollution","tag_set":"nyt_labels","tag_sets_id":1963,"tags_id":9361007},{"stories_id":1942894537,"tag":"electric light and power","tag_set":"nyt_labels","tag_sets_id":1963,"tags_id":9361013},{"stories_id":1942894537,"tag":"light","tag_set":"nyt_labels","tag_sets_id":1963,"tags_id":9361014},{"stories_id":1942894537,"tag":"White House","tag_set":"cliff_organizations","tag_sets_id":2388,"tags_id":9362736},{"stories_id":1942894537,"tag":"Interior","tag_set":"cliff_organizations","tag_sets_id":2388,"tags_id":9363817},{"stories_id":1942894537,"tag":"Biden","tag_set":"cliff_people","tag_sets_id":2389,"tags_id":9365736},{"stories_id":1942894537,"tag":"Justin","tag_set":"cliff_people","tag_sets_id":2389,"tags_id":9366361},{"stories_id":1942894537,"tag":"Gavin Newsom","tag_set":"cliff_people","tag_sets_id":2389,"tags_id":9372682},{"stories_id":1942894537,"tag":"General Electric","tag_set":"cliff_organizations","tag_sets_id":2388,"tags_id":9376781},{"stories_id":1942894537,"tag":"Stefani","tag_set":"cliff_people","tag_sets_id":2389,"tags_id":9552173},{"stories_id":1942894537,"tag":"Deb Haaland","tag_set":"cliff_people","tag_sets_id":2389,"tags_id":10756652},{"stories_id":1942894537,"tag":"readability-lxml-0.8.1","tag_set":"extractor_version","tag_sets_id":1354,"tags_id":228516910},{"stories_id":1942894537,"tag":"cliff_clavin_v2.6.1","tag_set":"geocoder_version","tag_sets_id":1937,"tags_id":228516911}],"title":"White House announces plan for wind farms off California’s coast","url":"https://nypost.com/2021/05/26/white-house-announces-plan-for-wind-farms-off-california-coast/","word_count":null}]