[{"ap_syndicated":null,"collect_date":"2021-05-26 09:36:28.000611","feeds":null,"guid":"https://www.nytimes.com/2021/05/26/us/california-jefferson-secession.html","language":"en","media_id":1,"media_name":null,"media_url":null,"processed_stories_id":null,"publish_date":"2021-05-26 09:00:49","stories_id":1942705351,"story_tags":[{"stories_id":1942705351,"tag":"geonames_6252001","tag_set":"mc-geocoder@media.mit.edu","tag_sets_id":1011,"tags_id":8878461},{"stories_id":1942705351,"tag":"geonames_5332921","tag_set":"mc-geocoder@media.mit.edu","tag_sets_id":1011,"tags_id":8878533},{"stories_id":1942705351,"tag":"geonames_5368361","tag_set":"mc-geocoder@media.mit.edu","tag_sets_id":1011,"tags_id":8878543},{"stories_id":1942705351,"tag":"geonames_5389489","tag_set":"mc-geocoder@media.mit.edu","tag_sets_id":1011,"tags_id":8879532},{"stories_id":1942705351,"tag":"geonames_4587494","tag_set":"mc-geocoder@media.mit.edu","tag_sets_id":1011,"tags_id":8913831},{"stories_id":1942705351,"tag":"nyt_labeller_v1.0.0","tag_set":"nyt_labels_version","tag_sets_id":1964,"tags_id":9360669},{"stories_id":1942705351,"tag":"politics and government","tag_set":"nyt_labels","tag_sets_id":1963,"tags_id":9360836},{"stories_id":1942705351,"tag":"law and legislation","tag_set":"nyt_labels","tag_sets_id":1963,"tags_id":9360837},{"stories_id":1942705351,"tag":"elections","tag_set":"nyt_labels","tag_sets_id":1963,"tags_id":9360851},{"stories_id":1942705351,"tag":"medicine and health","tag_set":"nyt_labels","tag_sets_id":1963,"tags_id":9360852},{"stories_id":1942705351,"tag":"Reuters","tag_set":"cliff_organizations","tag_sets_id":2388,"tags_id":9362267},{"stories_id":1942705351,"tag":"Donald Trump","tag_set":"cliff_people","tag_sets_id":2389,"tags_id":9362284},{"stories_id":1942705351,"tag":"Associated Press","tag_set":"cliff_organizations","tag_sets_id":2388,"tags_id":9362784},{"stories_id":1942705351,"tag":"Congress","tag_set":"cliff_organizations","tag_sets_id":2388,"tags_id":9362962},{"stories_id":1942705351,"tag":"University of California","tag_set":"cliff_organizations","tag_sets_id":2388,"tags_id":9363455},{"stories_id":1942705351,"tag":"State","tag_set":"cliff_organizations","tag_sets_id":2388,"tags_id":9363944},{"stories_id":1942705351,"tag":"Times","tag_set":"cliff_organizations","tag_sets_id":2388,"tags_id":9365707},{"stories_id":1942705351,"tag":"Biden","tag_set":"cliff_people","tag_sets_id":2389,"tags_id":9365736},{"stories_id":1942705351,"tag":"Los Angeles Times","tag_set":"cliff_organizations","tag_sets_id":2388,"tags_id":9366745},{"stories_id":1942705351,"tag":"San Francisco Chronicle","tag_set":"cliff_organizations","tag_sets_id":2388,"tags_id":9369577},{"stories_id":1942705351,"tag":"Kevin Roose","tag_set":"cliff_people","tag_sets_id":2389,"tags_id":9372284},{"stories_id":1942705351,"tag":"Gavin Newsom","tag_set":"cliff_people","tag_sets_id":2389,"tags_id":9372682},{"stories_id":1942705351,"tag":"Gizmodo","tag_set":"cliff_people","tag_sets_id":2389,"tags_id":9381797},{"stories_id":1942705351,"tag":"Jefferson","tag_set":"cliff_people","tag_sets_id":2389,"tags_id":9383780},{"stories_id":1942705351,"tag":"Caltrans","tag_set":"cliff_organizations","tag_sets_id":2388,"tags_id":9417289},{"stories_id":1942705351,"tag":"Sarah Silverman","tag_set":"cliff_people","tag_sets_id":2389,"tags_id":9482575},{"stories_id":1942705351,"tag":"Sheera Frenkel","tag_set":"cliff_people","tag_sets_id":2389,"tags_id":9508907},{"stories_id":1942705351,"tag":"California High-Speed Rail Authority","tag_set":"cliff_organizations","tag_sets_id":2388,"tags_id":9582462},{"stories_id":1942705351,"tag":"Davey Alba","tag_set":"cliff_people","tag_sets_id":2389,"tags_id":9627231},{"stories_id":1942705351,"tag":"University of California, Santa Barbara","tag_set":"cliff_organizations","tag_sets_id":2388,"tags_id":9699606},{"stories_id":1942705351,"tag":"Lassen","tag_set":"cliff_people","tag_sets_id":2389,"tags_id":9707152},{"stories_id":1942705351,"tag":"p.m. Pacific","tag_set":"cliff_organizations","tag_sets_id":2388,"tags_id":9710419},{"stories_id":1942705351,"tag":"Kirk Johnson","tag_set":"cliff_people","tag_sets_id":2389,"tags_id":10371630},{"stories_id":1942705351,"tag":"Joe Hedges","tag_set":"cliff_people","tag_sets_id":2389,"tags_id":23911674},{"stories_id":1942705351,"tag":"Yale Climate Connections","tag_set":"cliff_organizations","tag_sets_id":2388,"tags_id":30742790},{"stories_id":1942705351,"tag":"Mike McCarter","tag_set":"cliff_people","tag_sets_id":2389,"tags_id":30760733},{"stories_id":1942705351,"tag":"readability-lxml-0.8.1","tag_set":"extractor_version","tag_sets_id":1354,"tags_id":228516910},{"stories_id":1942705351,"tag":"cliff_clavin_v2.6.1","tag_set":"geocoder_version","tag_sets_id":1937,"tags_id":228516911}],"title":"The State of California’s ‘State of Jefferson’","url":"https://www.nytimes.com/2021/05/26/us/california-jefferson-secession.html","word_count":null}]