[{"ap_syndicated":null,"collect_date":"2021-07-06 10:30:51.609179","feeds":null,"guid":"SB12603141381593803866504587568862989251998","language":"en","media_id":1150,"media_name":null,"media_url":null,"processed_stories_id":null,"publish_date":"2021-07-06 05:25:00","stories_id":1982301480,"story_tags":[{"stories_id":1982301480,"tag":"geonames_6252001","tag_set":"mc-geocoder@media.mit.edu","tag_sets_id":1011,"tags_id":8878461},{"stories_id":1982301480,"tag":"geonames_4847385","tag_set":"mc-geocoder@media.mit.edu","tag_sets_id":1011,"tags_id":8878806},{"stories_id":1982301480,"tag":"geonames_4862182","tag_set":"mc-geocoder@media.mit.edu","tag_sets_id":1011,"tags_id":8878998},{"stories_id":1982301480,"tag":"nyt_labeller_v1.0.0","tag_set":"nyt_labels_version","tag_sets_id":1964,"tags_id":9360669},{"stories_id":1982301480,"tag":"finances","tag_set":"nyt_labels","tag_sets_id":1963,"tags_id":9360840},{"stories_id":1982301480,"tag":"energy and power","tag_set":"nyt_labels","tag_sets_id":1963,"tags_id":9360997},{"stories_id":1982301480,"tag":"electric light and power","tag_set":"nyt_labels","tag_sets_id":1963,"tags_id":9361013},{"stories_id":1982301480,"tag":"light","tag_set":"nyt_labels","tag_sets_id":1963,"tags_id":9361014},{"stories_id":1982301480,"tag":"regulation and deregulation of industry","tag_set":"nyt_labels","tag_sets_id":1963,"tags_id":9361160},{"stories_id":1982301480,"tag":"John Kerry","tag_set":"cliff_people","tag_sets_id":2389,"tags_id":9364532},{"stories_id":1982301480,"tag":"Biden","tag_set":"cliff_people","tag_sets_id":2389,"tags_id":9365736},{"stories_id":1982301480,"tag":"Federal Energy Regulatory Commission","tag_set":"cliff_organizations","tag_sets_id":2388,"tags_id":9415770},{"stories_id":1982301480,"tag":"Enel","tag_set":"cliff_organizations","tag_sets_id":2388,"tags_id":9434285},{"stories_id":1982301480,"tag":"FERC","tag_set":"cliff_organizations","tag_sets_id":2388,"tags_id":9476819},{"stories_id":1982301480,"tag":"Green Energy","tag_set":"cliff_organizations","tag_sets_id":2388,"tags_id":9503739},{"stories_id":1982301480,"tag":"Iberdrola","tag_set":"cliff_organizations","tag_sets_id":2388,"tags_id":9520938},{"stories_id":1982301480,"tag":"NextEra Energy","tag_set":"cliff_organizations","tag_sets_id":2388,"tags_id":9594386},{"stories_id":1982301480,"tag":"Willkie Farr & Gallagher","tag_set":"cliff_organizations","tag_sets_id":2388,"tags_id":9637951},{"stories_id":1982301480,"tag":"Norman Bay","tag_set":"cliff_people","tag_sets_id":2389,"tags_id":9658753},{"stories_id":1982301480,"tag":"Rochelle Toplensky","tag_set":"cliff_people","tag_sets_id":2389,"tags_id":36358223},{"stories_id":1982301480,"tag":"readability-lxml-0.8.1","tag_set":"extractor_version","tag_sets_id":1354,"tags_id":228516910},{"stories_id":1982301480,"tag":"cliff_clavin_v2.6.1","tag_set":"geocoder_version","tag_sets_id":1937,"tags_id":228516911},{"stories_id":1982301480,"tag":"siting authority","tag_set":"cliff_organizations","tag_sets_id":2388,"tags_id":238623765},{"stories_id":1982301480,"tag":"Armando Martínez Martínez","tag_set":"cliff_people","tag_sets_id":2389,"tags_id":238623766}],"title":"Cash Is Good for Green Energy but a Grid Authority Is Better","url":"https://www.wsj.com/articles/cash-is-good-for-green-energy-but-a-grid-authority-is-better-11625563539?mod=rss_markets_main","word_count":null}]