[{"ap_syndicated":null,"collect_date":"2021-07-28 08:52:57.512737","feeds":null,"guid":"{C5E17904-B84E-40F5-8793-C148F82F7675}","language":"en","media_id":1150,"media_name":null,"media_url":null,"processed_stories_id":null,"publish_date":"2021-07-28 07:51:07","stories_id":2003379712,"story_tags":[{"stories_id":2003379712,"tag":"geonames_6252001","tag_set":"mc-geocoder@media.mit.edu","tag_sets_id":1011,"tags_id":8878461},{"stories_id":2003379712,"tag":"nyt_labeller_v1.0.0","tag_set":"nyt_labels_version","tag_sets_id":1964,"tags_id":9360669},{"stories_id":2003379712,"tag":"labor","tag_set":"nyt_labels","tag_sets_id":1963,"tags_id":9360859},{"stories_id":2003379712,"tag":"wages and salaries","tag_set":"nyt_labels","tag_sets_id":1963,"tags_id":9360984},{"stories_id":2003379712,"tag":"Kate Spade","tag_set":"cliff_people","tag_sets_id":2389,"tags_id":9364635},{"stories_id":2003379712,"tag":"S&P","tag_set":"cliff_organizations","tag_sets_id":2388,"tags_id":9368263},{"stories_id":2003379712,"tag":"Stuart Weitzman","tag_set":"cliff_people","tag_sets_id":2389,"tags_id":9682543},{"stories_id":2003379712,"tag":"Coach Foundation","tag_set":"cliff_organizations","tag_sets_id":2388,"tags_id":11111537},{"stories_id":2003379712,"tag":"Tapestry Inc.","tag_set":"cliff_organizations","tag_sets_id":2388,"tags_id":29203100},{"stories_id":2003379712,"tag":"readability-lxml-0.8.1","tag_set":"extractor_version","tag_sets_id":1354,"tags_id":228516910},{"stories_id":2003379712,"tag":"cliff_clavin_v2.6.1","tag_set":"geocoder_version","tag_sets_id":1937,"tags_id":228516911}],"title":"Coach parent to raise U.S. minimum wage to $15, offer bonuses up to $1,000","url":"http://feeds.marketwatch.com/~r/marketwatch/marketpulse/~3/PSH8bsTeDgI/story.aspx","word_count":null}]