[{"ap_syndicated":null,"collect_date":"2021-08-10 12:00:08.008404","feeds":null,"guid":"https://www.nytimes.com/2021/08/10/us/politics/whats-in-the-infrastructure-bill.html","language":"en","media_id":1,"media_name":null,"media_url":null,"processed_stories_id":null,"publish_date":"2021-08-10 11:52:54","stories_id":2015388625,"story_tags":[{"stories_id":2015388625,"tag":"geonames_6252001","tag_set":"mc-geocoder@media.mit.edu","tag_sets_id":1011,"tags_id":8878461},{"stories_id":2015388625,"tag":"geonames_6254926","tag_set":"mc-geocoder@media.mit.edu","tag_sets_id":1011,"tags_id":8878682},{"stories_id":2015388625,"tag":"geonames_4930956","tag_set":"mc-geocoder@media.mit.edu","tag_sets_id":1011,"tags_id":8878689},{"stories_id":2015388625,"tag":"geonames_5879092","tag_set":"mc-geocoder@media.mit.edu","tag_sets_id":1011,"tags_id":8878759},{"stories_id":2015388625,"tag":"geonames_4138106","tag_set":"mc-geocoder@media.mit.edu","tag_sets_id":1011,"tags_id":8878827},{"stories_id":2015388625,"tag":"geonames_4140963","tag_set":"mc-geocoder@media.mit.edu","tag_sets_id":1011,"tags_id":8880349},{"stories_id":2015388625,"tag":"nyt_labeller_v1.0.0","tag_set":"nyt_labels_version","tag_sets_id":1964,"tags_id":9360669},{"stories_id":2015388625,"tag":"law and legislation","tag_set":"nyt_labels","tag_sets_id":1963,"tags_id":9360837},{"stories_id":2015388625,"tag":"finances","tag_set":"nyt_labels","tag_sets_id":1963,"tags_id":9360840},{"stories_id":2015388625,"tag":"budgets and budgeting","tag_set":"nyt_labels","tag_sets_id":1963,"tags_id":9360850},{"stories_id":2015388625,"tag":"environment","tag_set":"nyt_labels","tag_sets_id":1963,"tags_id":9360887},{"stories_id":2015388625,"tag":"roads and traffic","tag_set":"nyt_labels","tag_sets_id":1963,"tags_id":9360913},{"stories_id":2015388625,"tag":"Senate","tag_set":"cliff_organizations","tag_sets_id":2388,"tags_id":9362741},{"stories_id":2015388625,"tag":"Amtrak","tag_set":"cliff_organizations","tag_sets_id":2388,"tags_id":9364669},{"stories_id":2015388625,"tag":"Biden","tag_set":"cliff_people","tag_sets_id":2389,"tags_id":9365736},{"stories_id":2015388625,"tag":"Bureau of Indian Affairs","tag_set":"cliff_organizations","tag_sets_id":2388,"tags_id":9379572},{"stories_id":2015388625,"tag":"National Oceanic and Atmospheric Administration","tag_set":"cliff_organizations","tag_sets_id":2388,"tags_id":9394166},{"stories_id":2015388625,"tag":"Lisa Friedman","tag_set":"cliff_people","tag_sets_id":2389,"tags_id":9421208},{"stories_id":2015388625,"tag":"Nicholas Fandos","tag_set":"cliff_people","tag_sets_id":2389,"tags_id":9421440},{"stories_id":2015388625,"tag":"U.S. Army Corps of Engineers","tag_set":"cliff_organizations","tag_sets_id":2388,"tags_id":9458051},{"stories_id":2015388625,"tag":"Forest Service","tag_set":"cliff_organizations","tag_sets_id":2388,"tags_id":9535778},{"stories_id":2015388625,"tag":"Stacy Cowley","tag_set":"cliff_people","tag_sets_id":2389,"tags_id":9609800},{"stories_id":2015388625,"tag":"Northeast Corridor","tag_set":"cliff_organizations","tag_sets_id":2388,"tags_id":9651565},{"stories_id":2015388625,"tag":"Luke Broadwater","tag_set":"cliff_people","tag_sets_id":2389,"tags_id":10634678},{"stories_id":2015388625,"tag":"Madeleine Ngo","tag_set":"cliff_people","tag_sets_id":2389,"tags_id":68758725},{"stories_id":2015388625,"tag":"readability-lxml-0.8.1","tag_set":"extractor_version","tag_sets_id":1354,"tags_id":228516910},{"stories_id":2015388625,"tag":"cliff_clavin_v2.6.1","tag_set":"geocoder_version","tag_sets_id":1937,"tags_id":228516911}],"title":"Here's What's in the $1 Trillion Infrastructure Package","url":"https://www.nytimes.com/2021/08/10/us/politics/whats-in-the-infrastructure-bill.html","word_count":null}]