[{"ap_syndicated":null,"collect_date":"2021-08-27 17:28:56.633428","feeds":null,"guid":"https://www.nytimes.com/2021/08/27/opinion/plastics-fossil-fuels.html","language":"en","media_id":1,"media_name":null,"media_url":null,"processed_stories_id":null,"publish_date":"2021-08-27 15:06:39","stories_id":2027050315,"story_tags":[{"stories_id":2027050315,"tag":"geonames_6252001","tag_set":"mc-geocoder@media.mit.edu","tag_sets_id":1011,"tags_id":8878461},{"stories_id":2027050315,"tag":"nyt_labeller_v1.0.0","tag_set":"nyt_labels_version","tag_sets_id":1964,"tags_id":9360669},{"stories_id":2027050315,"tag":"oil (petroleum) and gasoline","tag_set":"nyt_labels","tag_sets_id":1963,"tags_id":9360884},{"stories_id":2027050315,"tag":"environment","tag_set":"nyt_labels","tag_sets_id":1963,"tags_id":9360887},{"stories_id":2027050315,"tag":"chemicals","tag_set":"nyt_labels","tag_sets_id":1963,"tags_id":9361117},{"stories_id":2027050315,"tag":"waste materials and disposal","tag_set":"nyt_labels","tag_sets_id":1963,"tags_id":9361189},{"stories_id":2027050315,"tag":"recycling of waste materials","tag_set":"nyt_labels","tag_sets_id":1963,"tags_id":9361256},{"stories_id":2027050315,"tag":"National Academy of Sciences","tag_set":"cliff_organizations","tag_sets_id":2388,"tags_id":9362168},{"stories_id":2027050315,"tag":"Congress","tag_set":"cliff_organizations","tag_sets_id":2388,"tags_id":9362962},{"stories_id":2027050315,"tag":"European Union","tag_set":"cliff_organizations","tag_sets_id":2388,"tags_id":9362999},{"stories_id":2027050315,"tag":"Environmental Protection Agency","tag_set":"cliff_organizations","tag_sets_id":2388,"tags_id":9363956},{"stories_id":2027050315,"tag":"E.U.","tag_set":"cliff_organizations","tag_sets_id":2388,"tags_id":9365392},{"stories_id":2027050315,"tag":"Biden","tag_set":"cliff_people","tag_sets_id":2389,"tags_id":9365736},{"stories_id":2027050315,"tag":"European Commission","tag_set":"cliff_organizations","tag_sets_id":2388,"tags_id":9374069},{"stories_id":2027050315,"tag":"McKinsey","tag_set":"cliff_organizations","tag_sets_id":2388,"tags_id":9398881},{"stories_id":2027050315,"tag":"readability-lxml-0.8.1","tag_set":"extractor_version","tag_sets_id":1354,"tags_id":228516910},{"stories_id":2027050315,"tag":"cliff_clavin_v2.6.1","tag_set":"geocoder_version","tag_sets_id":1937,"tags_id":228516911}],"title":"If We Stop Burning Fossil Fuels, Will We End Up With More Plastic and Toxic Chemicals?","url":"https://www.nytimes.com/2021/08/27/opinion/plastics-fossil-fuels.html","word_count":null}]