[{"ap_syndicated":null,"collect_date":"2021-09-02 09:35:46.375277","feeds":null,"guid":"WP-WSJ-0000046627","language":"en","media_id":1150,"media_name":null,"media_url":null,"processed_stories_id":null,"publish_date":"2021-09-02 09:10:00","stories_id":2030881220,"story_tags":[{"stories_id":2030881220,"tag":"geonames_6252001","tag_set":"mc-geocoder@media.mit.edu","tag_sets_id":1011,"tags_id":8878461},{"stories_id":2030881220,"tag":"geonames_5481136","tag_set":"mc-geocoder@media.mit.edu","tag_sets_id":1011,"tags_id":8879044},{"stories_id":2030881220,"tag":"nyt_labeller_v1.0.0","tag_set":"nyt_labels_version","tag_sets_id":1964,"tags_id":9360669},{"stories_id":2030881220,"tag":"computers and the internet","tag_set":"nyt_labels","tag_sets_id":1963,"tags_id":9360839},{"stories_id":2030881220,"tag":"finances","tag_set":"nyt_labels","tag_sets_id":1963,"tags_id":9360840},{"stories_id":2030881220,"tag":"Richard Branson","tag_set":"cliff_people","tag_sets_id":2389,"tags_id":9366764},{"stories_id":2030881220,"tag":"Bitcoin","tag_set":"cliff_people","tag_sets_id":2389,"tags_id":9379742},{"stories_id":2030881220,"tag":"Tilly","tag_set":"cliff_people","tag_sets_id":2389,"tags_id":9391549},{"stories_id":2030881220,"tag":"Broadcom","tag_set":"cliff_organizations","tag_sets_id":2388,"tags_id":9401198},{"stories_id":2030881220,"tag":"Hewlett Packard Enterprise","tag_set":"cliff_organizations","tag_sets_id":2388,"tags_id":9406775},{"stories_id":2030881220,"tag":"American Eagle","tag_set":"cliff_organizations","tag_sets_id":2388,"tags_id":9443722},{"stories_id":2030881220,"tag":"Quanta","tag_set":"cliff_organizations","tag_sets_id":2388,"tags_id":9501563},{"stories_id":2030881220,"tag":"VMS","tag_set":"cliff_organizations","tag_sets_id":2388,"tags_id":9544459},{"stories_id":2030881220,"tag":"Kirkland","tag_set":"cliff_organizations","tag_sets_id":2388,"tags_id":10505019},{"stories_id":2030881220,"tag":"Blattner","tag_set":"cliff_people","tag_sets_id":2389,"tags_id":10579100},{"stories_id":2030881220,"tag":"Baxter International BAX","tag_set":"cliff_organizations","tag_sets_id":2388,"tags_id":10587628},{"stories_id":2030881220,"tag":"Quanta Services PWR","tag_set":"cliff_organizations","tag_sets_id":2388,"tags_id":11255071},{"stories_id":2030881220,"tag":"Smith & Wesson Brands","tag_set":"cliff_organizations","tag_sets_id":2388,"tags_id":189928818},{"stories_id":2030881220,"tag":"readability-lxml-0.8.1","tag_set":"extractor_version","tag_sets_id":1354,"tags_id":228516910},{"stories_id":2030881220,"tag":"cliff_clavin_v2.6.1","tag_set":"geocoder_version","tag_sets_id":1937,"tags_id":228516911},{"stories_id":2030881220,"tag":"Hill-rom","tag_set":"cliff_organizations","tag_sets_id":2388,"tags_id":240843053}],"title":"Bitcoin, Virgin Galactic, Chewy, Quanta: What to Watch When the Stock Market Opens Today","url":"https://www.wsj.com/articles/bitcoin-virgin-galactic-okta-chewy-what-to-watch-when-the-stock-market-opens-today-11630580010?mod=rss_markets_main","word_count":null}]