[{"ap_syndicated":null,"collect_date":"2021-09-14 16:45:42.260923","feeds":null,"guid":"https://www.nytimes.com/live/2021/09/14/us/california-recall-election-newsom/californias-ambitious-climate-policies-face-a-reckoning-with-the-recall","language":"en","media_id":1,"media_name":null,"media_url":null,"processed_stories_id":null,"publish_date":"2021-09-14 16:20:49","stories_id":2042828655,"story_tags":[{"stories_id":2042828655,"tag":"geonames_6252001","tag_set":"mc-geocoder@media.mit.edu","tag_sets_id":1011,"tags_id":8878461},{"stories_id":2042828655,"tag":"geonames_5332921","tag_set":"mc-geocoder@media.mit.edu","tag_sets_id":1011,"tags_id":8878533},{"stories_id":2042828655,"tag":"geonames_5323810","tag_set":"mc-geocoder@media.mit.edu","tag_sets_id":1011,"tags_id":8879091},{"stories_id":2042828655,"tag":"geonames_5358705","tag_set":"mc-geocoder@media.mit.edu","tag_sets_id":1011,"tags_id":8886398},{"stories_id":2042828655,"tag":"geonames_5374406","tag_set":"mc-geocoder@media.mit.edu","tag_sets_id":1011,"tags_id":8892220},{"stories_id":2042828655,"tag":"geonames_4722065","tag_set":"mc-geocoder@media.mit.edu","tag_sets_id":1011,"tags_id":8923290},{"stories_id":2042828655,"tag":"nyt_labeller_v1.0.0","tag_set":"nyt_labels_version","tag_sets_id":1964,"tags_id":9360669},{"stories_id":2042828655,"tag":"politics and government","tag_set":"nyt_labels","tag_sets_id":1963,"tags_id":9360836},{"stories_id":2042828655,"tag":"elections","tag_set":"nyt_labels","tag_sets_id":1963,"tags_id":9360851},{"stories_id":2042828655,"tag":"New York Times","tag_set":"cliff_organizations","tag_sets_id":2388,"tags_id":9362756},{"stories_id":2042828655,"tag":"University of California","tag_set":"cliff_organizations","tag_sets_id":2388,"tags_id":9363455},{"stories_id":2042828655,"tag":"legislature","tag_set":"cliff_organizations","tag_sets_id":2388,"tags_id":9364659},{"stories_id":2042828655,"tag":"Biden","tag_set":"cliff_people","tag_sets_id":2389,"tags_id":9365736},{"stories_id":2042828655,"tag":"Davis","tag_set":"cliff_people","tag_sets_id":2389,"tags_id":9369165},{"stories_id":2042828655,"tag":"Gavin Newsom","tag_set":"cliff_people","tag_sets_id":2389,"tags_id":9372682},{"stories_id":2042828655,"tag":"Larry Elder","tag_set":"cliff_people","tag_sets_id":2389,"tags_id":9490142},{"stories_id":2042828655,"tag":"Richard Thompson","tag_set":"cliff_people","tag_sets_id":2389,"tags_id":9548864},{"stories_id":2042828655,"tag":"Richard Frank","tag_set":"cliff_people","tag_sets_id":2389,"tags_id":9565577},{"stories_id":2042828655,"tag":"Max Whittaker","tag_set":"cliff_people","tag_sets_id":2389,"tags_id":10359592},{"stories_id":2042828655,"tag":"geonames_5564067","tag_set":"mc-geocoder@media.mit.edu","tag_sets_id":1011,"tags_id":10448383},{"stories_id":2042828655,"tag":"geonames_5365660","tag_set":"mc-geocoder@media.mit.edu","tag_sets_id":1011,"tags_id":11295275},{"stories_id":2042828655,"tag":"readability-lxml-0.8.1","tag_set":"extractor_version","tag_sets_id":1354,"tags_id":228516910},{"stories_id":2042828655,"tag":"cliff_clavin_v2.6.1","tag_set":"geocoder_version","tag_sets_id":1937,"tags_id":228516911}],"title":"California’s ambitious climate policies face a reckoning with the recall.","url":"https://www.nytimes.com/live/2021/09/14/us/california-recall-election-newsom/californias-ambitious-climate-policies-face-a-reckoning-with-the-recall","word_count":null}]