[{"ap_syndicated":null,"collect_date":"2021-12-05 19:05:58.919157","feeds":null,"guid":"SB12464888970831153411704588219631680495830","language":"en","media_id":1150,"media_name":null,"media_url":null,"processed_stories_id":null,"publish_date":"2021-12-05 16:45:00","stories_id":2125891638,"story_tags":[{"stories_id":2125891638,"tag":"geonames_5128638","tag_set":"mc-geocoder@media.mit.edu","tag_sets_id":1011,"tags_id":8878463},{"stories_id":2125891638,"tag":"geonames_6269131","tag_set":"mc-geocoder@media.mit.edu","tag_sets_id":1011,"tags_id":8878467},{"stories_id":2125891638,"tag":"geonames_5332921","tag_set":"mc-geocoder@media.mit.edu","tag_sets_id":1011,"tags_id":8878533},{"stories_id":2125891638,"tag":"geonames_993800","tag_set":"mc-geocoder@media.mit.edu","tag_sets_id":1011,"tags_id":8878573},{"stories_id":2125891638,"tag":"geonames_953987","tag_set":"mc-geocoder@media.mit.edu","tag_sets_id":1011,"tags_id":8878908},{"stories_id":2125891638,"tag":"geonames_3143244","tag_set":"mc-geocoder@media.mit.edu","tag_sets_id":1011,"tags_id":8879527},{"stories_id":2125891638,"tag":"geonames_3143242","tag_set":"mc-geocoder@media.mit.edu","tag_sets_id":1011,"tags_id":8879626},{"stories_id":2125891638,"tag":"geonames_3369157","tag_set":"mc-geocoder@media.mit.edu","tag_sets_id":1011,"tags_id":8880381},{"stories_id":2125891638,"tag":"geonames_1085599","tag_set":"mc-geocoder@media.mit.edu","tag_sets_id":1011,"tags_id":8880971},{"stories_id":2125891638,"tag":"geonames_1085594","tag_set":"mc-geocoder@media.mit.edu","tag_sets_id":1011,"tags_id":8881516},{"stories_id":2125891638,"tag":"geonames_5107152","tag_set":"mc-geocoder@media.mit.edu","tag_sets_id":1011,"tags_id":8900003},{"stories_id":2125891638,"tag":"nyt_labeller_v1.0.0","tag_set":"nyt_labels_version","tag_sets_id":1964,"tags_id":9360669},{"stories_id":2125891638,"tag":"medicine and health","tag_set":"nyt_labels","tag_sets_id":1963,"tags_id":9360852},{"stories_id":2125891638,"tag":"diseases and conditions","tag_set":"nyt_labels","tag_sets_id":1963,"tags_id":9360942},{"stories_id":2125891638,"tag":"vaccination and immunization","tag_set":"nyt_labels","tag_sets_id":1963,"tags_id":9361041},{"stories_id":2125891638,"tag":"ABC","tag_set":"cliff_organizations","tag_sets_id":2388,"tags_id":9362473},{"stories_id":2125891638,"tag":"United Nations","tag_set":"cliff_organizations","tag_sets_id":2388,"tags_id":9362785},{"stories_id":2125891638,"tag":"CNN","tag_set":"cliff_organizations","tag_sets_id":2388,"tags_id":9362932},{"stories_id":2125891638,"tag":"World Health Organization","tag_set":"cliff_organizations","tag_sets_id":2388,"tags_id":9363392},{"stories_id":2125891638,"tag":"CBS","tag_set":"cliff_organizations","tag_sets_id":2388,"tags_id":9363631},{"stories_id":2125891638,"tag":"FDA","tag_set":"cliff_organizations","tag_sets_id":2388,"tags_id":9364674},{"stories_id":2125891638,"tag":"CDC","tag_set":"cliff_organizations","tag_sets_id":2388,"tags_id":9364831},{"stories_id":2125891638,"tag":"Biden","tag_set":"cliff_people","tag_sets_id":2389,"tags_id":9365736},{"stories_id":2125891638,"tag":"Centers for Disease Control and Prevention","tag_set":"cliff_organizations","tag_sets_id":2388,"tags_id":9368621},{"stories_id":2125891638,"tag":"Pfizer Inc.","tag_set":"cliff_organizations","tag_sets_id":2388,"tags_id":9373930},{"stories_id":2125891638,"tag":"Stephanie","tag_set":"cliff_people","tag_sets_id":2389,"tags_id":9375308},{"stories_id":2125891638,"tag":"Johns Hopkins University","tag_set":"cliff_organizations","tag_sets_id":2388,"tags_id":9379616},{"stories_id":2125891638,"tag":"WSJ","tag_set":"cliff_organizations","tag_sets_id":2388,"tags_id":9396028},{"stories_id":2125891638,"tag":"Food and Drug Administration","tag_set":"cliff_organizations","tag_sets_id":2388,"tags_id":9408412},{"stories_id":2125891638,"tag":"Vivek Murthy","tag_set":"cliff_people","tag_sets_id":2389,"tags_id":9449590},{"stories_id":2125891638,"tag":"George Stephanopoulos","tag_set":"cliff_people","tag_sets_id":2389,"tags_id":9454963},{"stories_id":2125891638,"tag":"National Institute of Allergy","tag_set":"cliff_organizations","tag_sets_id":2388,"tags_id":9458359},{"stories_id":2125891638,"tag":"Daniela Hernandez","tag_set":"cliff_people","tag_sets_id":2389,"tags_id":9557585},{"stories_id":2125891638,"tag":"Anthony Fauci","tag_set":"cliff_people","tag_sets_id":2389,"tags_id":9559324},{"stories_id":2125891638,"tag":"Medical Research Council","tag_set":"cliff_organizations","tag_sets_id":2388,"tags_id":9578669},{"stories_id":2125891638,"tag":"Africa Health Research Institute","tag_set":"cliff_organizations","tag_sets_id":2388,"tags_id":10069110},{"stories_id":2125891638,"tag":"Jason Douglas","tag_set":"cliff_people","tag_sets_id":2389,"tags_id":10212604},{"stories_id":2125891638,"tag":"British Broadcasting Corp","tag_set":"cliff_organizations","tag_sets_id":2388,"tags_id":10503273},{"stories_id":2125891638,"tag":"David Fang","tag_set":"cliff_people","tag_sets_id":2389,"tags_id":13418937},{"stories_id":2125891638,"tag":"Fareed Abdullah","tag_set":"cliff_people","tag_sets_id":2389,"tags_id":28327686},{"stories_id":2125891638,"tag":"Jacob Reynolds","tag_set":"cliff_people","tag_sets_id":2389,"tags_id":28405345},{"stories_id":2125891638,"tag":"Willem Hanekom","tag_set":"cliff_people","tag_sets_id":2389,"tags_id":66346299},{"stories_id":2125891638,"tag":"—Drew Hinshaw","tag_set":"cliff_people","tag_sets_id":2389,"tags_id":67269669},{"stories_id":2125891638,"tag":"U.K. Department of Health and Social Care","tag_set":"cliff_organizations","tag_sets_id":2388,"tags_id":74363875},{"stories_id":2125891638,"tag":"kim ludbrook/Shutterstock","tag_set":"cliff_people","tag_sets_id":2389,"tags_id":216904360},{"stories_id":2125891638,"tag":"readability-lxml-0.8.1","tag_set":"extractor_version","tag_sets_id":1354,"tags_id":228516910},{"stories_id":2125891638,"tag":"cliff_clavin_v2.6.1","tag_set":"geocoder_version","tag_sets_id":1937,"tags_id":228516911},{"stories_id":2125891638,"tag":"Tine Ravlo","tag_set":"cliff_people","tag_sets_id":2389,"tags_id":250003446}],"title":"U.S. Plans to Fast-Track Revamped Covid-19 Vaccines","url":"https://www.wsj.com/articles/omicron-may-cause-less-severe-covid-19-small-south-african-study-finds-11638714444?mod=pls_whats_news_us_business_f","word_count":null}]