[{"ap_syndicated":null,"collect_date":"2021-12-22 11:44:42.600725","feeds":null,"guid":"https://www.washingtonpost.com/business/energy/how-europes-energy-crisis-may-impede-its-green-goals/2021/12/22/7b41fb5c-6344-11ec-9b51-7131fa190c5e_story.html?utm_source=rss&utm_medium=referral&utm_campaign=wp_business","language":"en","media_id":2,"media_name":null,"media_url":null,"processed_stories_id":null,"publish_date":"2021-12-22 11:28:21","stories_id":2144823923,"story_tags":[{"stories_id":2144823923,"tag":"nyt_labeller_v1.0.0","tag_set":"nyt_labels_version","tag_sets_id":1964,"tags_id":9360669},{"stories_id":2144823923,"tag":"prices (fares, fees and rates)","tag_set":"nyt_labels","tag_sets_id":1963,"tags_id":9360996},{"stories_id":2144823923,"tag":"energy and power","tag_set":"nyt_labels","tag_sets_id":1963,"tags_id":9360997},{"stories_id":2144823923,"tag":"electric light and power","tag_set":"nyt_labels","tag_sets_id":1963,"tags_id":9361013},{"stories_id":2144823923,"tag":"light","tag_set":"nyt_labels","tag_sets_id":1963,"tags_id":9361014},{"stories_id":2144823923,"tag":"gas (fuel)","tag_set":"nyt_labels","tag_sets_id":1963,"tags_id":9361098},{"stories_id":2144823923,"tag":"shortages","tag_set":"nyt_labels","tag_sets_id":1963,"tags_id":9361164},{"stories_id":2144823923,"tag":"readability-lxml-0.8.1","tag_set":"extractor_version","tag_sets_id":1354,"tags_id":228516910},{"stories_id":2144823923,"tag":"cliff_clavin_v2.6.1","tag_set":"geocoder_version","tag_sets_id":1937,"tags_id":228516911}],"title":"How Europe’s Energy Crisis May Impede Its Green Goals","url":"https://www.washingtonpost.com/business/energy/how-europes-energy-crisis-may-impede-its-green-goals/2021/12/22/7b41fb5c-6344-11ec-9b51-7131fa190c5e_story.html?utm_source=rss&utm_medium=referral&utm_campaign=wp_business","word_count":null}]