[{"ap_syndicated":null,"collect_date":"2022-05-07 20:24:59.909287","feeds":null,"guid":"https://www.nytimes.com/2022/04/26/business/energy-environment/oil-us-europe-russia.html","language":"en","media_id":1,"media_name":null,"media_url":null,"processed_stories_id":null,"publish_date":"2022-04-27 17:35:33","stories_id":2302121416,"story_tags":[{"stories_id":2302121416,"tag":"geonames_6252001","tag_set":"mc-geocoder@media.mit.edu","tag_sets_id":1011,"tags_id":8878461},{"stories_id":2302121416,"tag":"geonames_4699066","tag_set":"mc-geocoder@media.mit.edu","tag_sets_id":1011,"tags_id":8878528},{"stories_id":2302121416,"tag":"geonames_4736286","tag_set":"mc-geocoder@media.mit.edu","tag_sets_id":1011,"tags_id":8878538},{"stories_id":2302121416,"tag":"nyt_labeller_v1.0.0","tag_set":"nyt_labels_version","tag_sets_id":1964,"tags_id":9360669},{"stories_id":2302121416,"tag":"finances","tag_set":"nyt_labels","tag_sets_id":1963,"tags_id":9360840},{"stories_id":2302121416,"tag":"labor","tag_set":"nyt_labels","tag_sets_id":1963,"tags_id":9360859},{"stories_id":2302121416,"tag":"oil (petroleum) and gasoline","tag_set":"nyt_labels","tag_sets_id":1963,"tags_id":9360884},{"stories_id":2302121416,"tag":"economic conditions and trends","tag_set":"nyt_labels","tag_sets_id":1963,"tags_id":9360989},{"stories_id":2302121416,"tag":"prices (fares, fees and rates)","tag_set":"nyt_labels","tag_sets_id":1963,"tags_id":9360996},{"stories_id":2302121416,"tag":"production","tag_set":"nyt_labels","tag_sets_id":1963,"tags_id":9361181},{"stories_id":2302121416,"tag":"Biden","tag_set":"cliff_people","tag_sets_id":2389,"tags_id":9365736},{"stories_id":2302121416,"tag":"Tufts University","tag_set":"cliff_organizations","tag_sets_id":2388,"tags_id":9368510},{"stories_id":2302121416,"tag":"Dallas Fed","tag_set":"cliff_organizations","tag_sets_id":2388,"tags_id":9368942},{"stories_id":2302121416,"tag":"Halliburton","tag_set":"cliff_organizations","tag_sets_id":2388,"tags_id":9387614},{"stories_id":2302121416,"tag":"Jeff Miller","tag_set":"cliff_people","tag_sets_id":2389,"tags_id":9453787},{"stories_id":2302121416,"tag":"Fletcher School","tag_set":"cliff_organizations","tag_sets_id":2388,"tags_id":9644985},{"stories_id":2302121416,"tag":"Amy Myers Jaffe","tag_set":"cliff_people","tag_sets_id":2389,"tags_id":9648561},{"stories_id":2302121416,"tag":"RBN Energy","tag_set":"cliff_organizations","tag_sets_id":2388,"tags_id":10258930},{"stories_id":2302121416,"tag":"readability-lxml-0.8.1","tag_set":"extractor_version","tag_sets_id":1354,"tags_id":228516910},{"stories_id":2302121416,"tag":"cliff_clavin_v2.6.1","tag_set":"geocoder_version","tag_sets_id":1937,"tags_id":228516911}],"title":"Why U.S. Oil Companies Aren’t Riding to Europe’s Rescue","url":"https://www.nytimes.com/2022/04/26/business/energy-environment/oil-us-europe-russia.html","word_count":null}]