[{"ap_syndicated":null,"collect_date":"2022-05-10 06:02:22.973635","feeds":null,"guid":"https://nypost.com/2022/05/10/uk-parliament-opens-with-pomp-problems-for-boris-johnson/","language":"en","media_id":7,"media_name":null,"media_url":null,"processed_stories_id":null,"publish_date":"2022-05-10 05:33:17","stories_id":2304545792,"story_tags":[{"stories_id":2304545792,"tag":"geonames_2635167","tag_set":"mc-geocoder@media.mit.edu","tag_sets_id":1011,"tags_id":8878466},{"stories_id":2304545792,"tag":"geonames_6269131","tag_set":"mc-geocoder@media.mit.edu","tag_sets_id":1011,"tags_id":8878467},{"stories_id":2304545792,"tag":"geonames_2643743","tag_set":"mc-geocoder@media.mit.edu","tag_sets_id":1011,"tags_id":8878473},{"stories_id":2304545792,"tag":"nyt_labeller_v1.0.0","tag_set":"nyt_labels_version","tag_sets_id":1964,"tags_id":9360669},{"stories_id":2304545792,"tag":"politics and government","tag_set":"nyt_labels","tag_sets_id":1963,"tags_id":9360836},{"stories_id":2304545792,"tag":"law and legislation","tag_set":"nyt_labels","tag_sets_id":1963,"tags_id":9360837},{"stories_id":2304545792,"tag":"Edward","tag_set":"cliff_people","tag_sets_id":2389,"tags_id":9362291},{"stories_id":2304545792,"tag":"AP","tag_set":"cliff_organizations","tag_sets_id":2388,"tags_id":9362920},{"stories_id":2304545792,"tag":"European Union","tag_set":"cliff_organizations","tag_sets_id":2388,"tags_id":9362999},{"stories_id":2304545792,"tag":"EU","tag_set":"cliff_organizations","tag_sets_id":2388,"tags_id":9363241},{"stories_id":2304545792,"tag":"Treasury","tag_set":"cliff_organizations","tag_sets_id":2388,"tags_id":9363650},{"stories_id":2304545792,"tag":"Boris Johnson","tag_set":"cliff_people","tag_sets_id":2389,"tags_id":9363715},{"stories_id":2304545792,"tag":"House of Commons","tag_set":"cliff_organizations","tag_sets_id":2388,"tags_id":9364289},{"stories_id":2304545792,"tag":"Keir Starmer","tag_set":"cliff_people","tag_sets_id":2389,"tags_id":9365096},{"stories_id":2304545792,"tag":"Prince Charles","tag_set":"cliff_people","tag_sets_id":2389,"tags_id":9366933},{"stories_id":2304545792,"tag":"Labour Party","tag_set":"cliff_organizations","tag_sets_id":2388,"tags_id":9367396},{"stories_id":2304545792,"tag":"House of Lords","tag_set":"cliff_organizations","tag_sets_id":2388,"tags_id":9377028},{"stories_id":2304545792,"tag":"Andrew","tag_set":"cliff_people","tag_sets_id":2389,"tags_id":9378234},{"stories_id":2304545792,"tag":"Queen Elizabeth II","tag_set":"cliff_people","tag_sets_id":2389,"tags_id":9397194},{"stories_id":2304545792,"tag":"Prince William","tag_set":"cliff_people","tag_sets_id":2389,"tags_id":9619437},{"stories_id":2304545792,"tag":"Rishi Sunak","tag_set":"cliff_people","tag_sets_id":2389,"tags_id":11058084},{"stories_id":2304545792,"tag":"AP Johnson","tag_set":"cliff_people","tag_sets_id":2389,"tags_id":30641227},{"stories_id":2304545792,"tag":"geonames_2634341","tag_set":"mc-geocoder@media.mit.edu","tag_sets_id":1011,"tags_id":187520748},{"stories_id":2304545792,"tag":"AP Starmer","tag_set":"cliff_people","tag_sets_id":2389,"tags_id":197171611},{"stories_id":2304545792,"tag":"readability-lxml-0.8.1","tag_set":"extractor_version","tag_sets_id":1354,"tags_id":228516910},{"stories_id":2304545792,"tag":"cliff_clavin_v2.6.1","tag_set":"geocoder_version","tag_sets_id":1937,"tags_id":228516911}],"title":"UK Parliament opens with pomp, problems for Boris Johnson","url":"https://nypost.com/2022/05/10/uk-parliament-opens-with-pomp-problems-for-boris-johnson/","word_count":null}]