[{"ap_syndicated":null,"collect_date":"2022-05-23 21:34:03.190805","feeds":null,"guid":"https://www.washingtonpost.com/politics/2022/05/23/perdue-makes-racist-remark-about-abrams-shes-demeaning-her-own-race/?utm_source=rss&utm_medium=referral&utm_campaign=wp_politics","language":"en","media_id":2,"media_name":null,"media_url":null,"processed_stories_id":null,"publish_date":"2022-05-23 21:13:55","stories_id":2317666263,"story_tags":[{"stories_id":2317666263,"tag":"geonames_6252001","tag_set":"mc-geocoder@media.mit.edu","tag_sets_id":1011,"tags_id":8878461},{"stories_id":2317666263,"tag":"geonames_4197000","tag_set":"mc-geocoder@media.mit.edu","tag_sets_id":1011,"tags_id":8878530},{"stories_id":2317666263,"tag":"geonames_4180439","tag_set":"mc-geocoder@media.mit.edu","tag_sets_id":1011,"tags_id":8878540},{"stories_id":2317666263,"tag":"geonames_4192375","tag_set":"mc-geocoder@media.mit.edu","tag_sets_id":1011,"tags_id":8893914},{"stories_id":2317666263,"tag":"nyt_labeller_v1.0.0","tag_set":"nyt_labels_version","tag_sets_id":1964,"tags_id":9360669},{"stories_id":2317666263,"tag":"politics and government","tag_set":"nyt_labels","tag_sets_id":1963,"tags_id":9360836},{"stories_id":2317666263,"tag":"elections","tag_set":"nyt_labels","tag_sets_id":1963,"tags_id":9360851},{"stories_id":2317666263,"tag":"medicine and health","tag_set":"nyt_labels","tag_sets_id":1963,"tags_id":9360852},{"stories_id":2317666263,"tag":"blacks","tag_set":"nyt_labels","tag_sets_id":1963,"tags_id":9360863},{"stories_id":2317666263,"tag":"primaries","tag_set":"nyt_labels","tag_sets_id":1963,"tags_id":9360865},{"stories_id":2317666263,"tag":"Donald Trump","tag_set":"cliff_people","tag_sets_id":2389,"tags_id":9362284},{"stories_id":2317666263,"tag":"GOP","tag_set":"cliff_organizations","tag_sets_id":2388,"tags_id":9362923},{"stories_id":2317666263,"tag":"David Perdue","tag_set":"cliff_people","tag_sets_id":2389,"tags_id":9372370},{"stories_id":2317666263,"tag":"Stacey Abrams","tag_set":"cliff_people","tag_sets_id":2389,"tags_id":9373719},{"stories_id":2317666263,"tag":"Brian Kemp","tag_set":"cliff_people","tag_sets_id":2389,"tags_id":9483637},{"stories_id":2317666263,"tag":"Georgia House of Representatives","tag_set":"cliff_organizations","tag_sets_id":2388,"tags_id":9545904},{"stories_id":2317666263,"tag":"readability-lxml-0.8.1","tag_set":"extractor_version","tag_sets_id":1354,"tags_id":228516910},{"stories_id":2317666263,"tag":"cliff_clavin_v2.6.1","tag_set":"geocoder_version","tag_sets_id":1937,"tags_id":228516911}],"title":"Perdue makes racist remark about Abrams: She’s ‘demeaning her own race’","url":"https://www.washingtonpost.com/politics/2022/05/23/perdue-makes-racist-remark-about-abrams-shes-demeaning-her-own-race/?utm_source=rss&utm_medium=referral&utm_campaign=wp_politics","word_count":null}]