[{"ap_syndicated":null,"collect_date":"2022-05-27 11:36:27.490446","feeds":null,"guid":"https://www.washingtonpost.com/climate-environment/2022/05/27/oil-gas-resignation-protest-shell/?utm_source=rss&utm_medium=referral&utm_campaign=wp_climate-environment","language":"en","media_id":2,"media_name":null,"media_url":null,"processed_stories_id":null,"publish_date":"2022-05-27 09:09:41","stories_id":2321343599,"story_tags":[{"stories_id":2321343599,"tag":"geonames_6252001","tag_set":"mc-geocoder@media.mit.edu","tag_sets_id":1011,"tags_id":8878461},{"stories_id":2321343599,"tag":"geonames_4736286","tag_set":"mc-geocoder@media.mit.edu","tag_sets_id":1011,"tags_id":8878538},{"stories_id":2321343599,"tag":"geonames_4517009","tag_set":"mc-geocoder@media.mit.edu","tag_sets_id":1011,"tags_id":8885316},{"stories_id":2321343599,"tag":"nyt_labeller_v1.0.0","tag_set":"nyt_labels_version","tag_sets_id":1964,"tags_id":9360669},{"stories_id":2321343599,"tag":"finances","tag_set":"nyt_labels","tag_sets_id":1963,"tags_id":9360840},{"stories_id":2321343599,"tag":"oil (petroleum) and gasoline","tag_set":"nyt_labels","tag_sets_id":1963,"tags_id":9360884},{"stories_id":2321343599,"tag":"United Nations","tag_set":"cliff_organizations","tag_sets_id":2388,"tags_id":9362785},{"stories_id":2321343599,"tag":"Washington Post","tag_set":"cliff_organizations","tag_sets_id":2388,"tags_id":9362798},{"stories_id":2321343599,"tag":"ExxonMobil","tag_set":"cliff_organizations","tag_sets_id":2388,"tags_id":9362922},{"stories_id":2321343599,"tag":"Exxon","tag_set":"cliff_organizations","tag_sets_id":2388,"tags_id":9362930},{"stories_id":2321343599,"tag":"Shell","tag_set":"cliff_organizations","tag_sets_id":2388,"tags_id":9363630},{"stories_id":2321343599,"tag":"EDF","tag_set":"cliff_organizations","tag_sets_id":2388,"tags_id":9366473},{"stories_id":2321343599,"tag":"BP","tag_set":"cliff_organizations","tag_sets_id":2388,"tags_id":9367462},{"stories_id":2321343599,"tag":"António Guterres","tag_set":"cliff_people","tag_sets_id":2389,"tags_id":9377557},{"stories_id":2321343599,"tag":"HSBC","tag_set":"cliff_organizations","tag_sets_id":2388,"tags_id":9386767},{"stories_id":2321343599,"tag":"Environmental Defense Fund","tag_set":"cliff_organizations","tag_sets_id":2388,"tags_id":9394163},{"stories_id":2321343599,"tag":"Ben van Beurden","tag_set":"cliff_people","tag_sets_id":2389,"tags_id":9410490},{"stories_id":2321343599,"tag":"BlackRock","tag_set":"cliff_organizations","tag_sets_id":2388,"tags_id":9433756},{"stories_id":2321343599,"tag":"Seton Hall University","tag_set":"cliff_organizations","tag_sets_id":2388,"tags_id":9491282},{"stories_id":2321343599,"tag":"environmental group","tag_set":"cliff_organizations","tag_sets_id":2388,"tags_id":9527097},{"stories_id":2321343599,"tag":"Chubb","tag_set":"cliff_organizations","tag_sets_id":2388,"tags_id":9639503},{"stories_id":2321343599,"tag":"ESG","tag_set":"cliff_organizations","tag_sets_id":2388,"tags_id":9674632},{"stories_id":2321343599,"tag":"Christopher James","tag_set":"cliff_people","tag_sets_id":2389,"tags_id":10043656},{"stories_id":2321343599,"tag":"Mark Brownstein","tag_set":"cliff_people","tag_sets_id":2389,"tags_id":10205219},{"stories_id":2321343599,"tag":"Stuart Kirk","tag_set":"cliff_people","tag_sets_id":2389,"tags_id":10722675},{"stories_id":2321343599,"tag":"Andrew Baxter","tag_set":"cliff_people","tag_sets_id":2389,"tags_id":16342841},{"stories_id":2321343599,"tag":"Daniel Klier","tag_set":"cliff_people","tag_sets_id":2389,"tags_id":35114813},{"stories_id":2321343599,"tag":"Mark van Baal","tag_set":"cliff_people","tag_sets_id":2389,"tags_id":36109319},{"stories_id":2321343599,"tag":"Shareen Yawanarajah","tag_set":"cliff_people","tag_sets_id":2389,"tags_id":191912584},{"stories_id":2321343599,"tag":"readability-lxml-0.8.1","tag_set":"extractor_version","tag_sets_id":1354,"tags_id":228516910},{"stories_id":2321343599,"tag":"cliff_clavin_v2.6.1","tag_set":"geocoder_version","tag_sets_id":1937,"tags_id":228516911},{"stories_id":2321343599,"tag":"ESG Book","tag_set":"cliff_organizations","tag_sets_id":2388,"tags_id":249760780},{"stories_id":2321343599,"tag":"Caroline Dennett","tag_set":"cliff_people","tag_sets_id":2389,"tags_id":254859227}],"title":"Climate pressure from employees, shareholders rattles Big Oil","url":"https://www.washingtonpost.com/climate-environment/2022/05/27/oil-gas-resignation-protest-shell/?utm_source=rss&utm_medium=referral&utm_campaign=wp_climate-environment","word_count":null}]