[{"ap_syndicated":null,"collect_date":"2022-06-02 13:03:48.487172","feeds":null,"guid":"https://www.washingtonpost.com/politics/2022/06/02/five-questions-about-us-help-ukraine/","language":"en","media_id":2,"media_name":null,"media_url":null,"processed_stories_id":null,"publish_date":"2022-06-02 12:04:18","stories_id":2327041697,"story_tags":[{"stories_id":2327041697,"tag":"geonames_6252001","tag_set":"mc-geocoder@media.mit.edu","tag_sets_id":1011,"tags_id":8878461},{"stories_id":2327041697,"tag":"geonames_4736286","tag_set":"mc-geocoder@media.mit.edu","tag_sets_id":1011,"tags_id":8878538},{"stories_id":2327041697,"tag":"geonames_5110629","tag_set":"mc-geocoder@media.mit.edu","tag_sets_id":1011,"tags_id":8878718},{"stories_id":2327041697,"tag":"geonames_4738721","tag_set":"mc-geocoder@media.mit.edu","tag_sets_id":1011,"tags_id":8904375},{"stories_id":2327041697,"tag":"nyt_labeller_v1.0.0","tag_set":"nyt_labels_version","tag_sets_id":1964,"tags_id":9360669},{"stories_id":2327041697,"tag":"theater","tag_set":"nyt_labels","tag_sets_id":1963,"tags_id":9361016},{"stories_id":2327041697,"tag":"Reuters","tag_set":"cliff_organizations","tag_sets_id":2388,"tags_id":9362267},{"stories_id":2327041697,"tag":"Vladimir Putin","tag_set":"cliff_people","tag_sets_id":2389,"tags_id":9362290},{"stories_id":2327041697,"tag":"White House","tag_set":"cliff_organizations","tag_sets_id":2388,"tags_id":9362736},{"stories_id":2327041697,"tag":"Associated Press","tag_set":"cliff_organizations","tag_sets_id":2388,"tags_id":9362784},{"stories_id":2327041697,"tag":"United Nations","tag_set":"cliff_organizations","tag_sets_id":2388,"tags_id":9362785},{"stories_id":2327041697,"tag":"Washington Post","tag_set":"cliff_organizations","tag_sets_id":2388,"tags_id":9362798},{"stories_id":2327041697,"tag":"AP","tag_set":"cliff_organizations","tag_sets_id":2388,"tags_id":9362920},{"stories_id":2327041697,"tag":"Kremlin","tag_set":"cliff_organizations","tag_sets_id":2388,"tags_id":9362931},{"stories_id":2327041697,"tag":"Dmitry Peskov","tag_set":"cliff_people","tag_sets_id":2389,"tags_id":9362954},{"stories_id":2327041697,"tag":"Joe Biden","tag_set":"cliff_people","tag_sets_id":2389,"tags_id":9363134},{"stories_id":2327041697,"tag":"House","tag_set":"cliff_organizations","tag_sets_id":2388,"tags_id":9363164},{"stories_id":2327041697,"tag":"National Security Council","tag_set":"cliff_organizations","tag_sets_id":2388,"tags_id":9363439},{"stories_id":2327041697,"tag":"House Judiciary Committee","tag_set":"cliff_organizations","tag_sets_id":2388,"tags_id":9363808},{"stories_id":2327041697,"tag":"Catholic","tag_set":"cliff_organizations","tag_sets_id":2388,"tags_id":9363848},{"stories_id":2327041697,"tag":"National Security Agency","tag_set":"cliff_organizations","tag_sets_id":2388,"tags_id":9364270},{"stories_id":2327041697,"tag":"Roe","tag_set":"cliff_people","tag_sets_id":2389,"tags_id":9364471},{"stories_id":2327041697,"tag":"Wade","tag_set":"cliff_people","tag_sets_id":2389,"tags_id":9364472},{"stories_id":2327041697,"tag":"John Wagner","tag_set":"cliff_people","tag_sets_id":2389,"tags_id":9364745},{"stories_id":2327041697,"tag":"Wall Street Journal","tag_set":"cliff_organizations","tag_sets_id":2388,"tags_id":9366539},{"stories_id":2327041697,"tag":"Ellen Francis","tag_set":"cliff_people","tag_sets_id":2389,"tags_id":9366983},{"stories_id":2327041697,"tag":"Jim Crow","tag_set":"cliff_people","tag_sets_id":2389,"tags_id":9367925},{"stories_id":2327041697,"tag":"Mike Stone","tag_set":"cliff_people","tag_sets_id":2389,"tags_id":9371705},{"stories_id":2327041697,"tag":"Catherine Lucey","tag_set":"cliff_people","tag_sets_id":2389,"tags_id":9372587},{"stories_id":2327041697,"tag":"Mevlut Cavusoglu","tag_set":"cliff_people","tag_sets_id":2389,"tags_id":9376684},{"stories_id":2327041697,"tag":"Newsmax","tag_set":"cliff_organizations","tag_sets_id":2388,"tags_id":9385486},{"stories_id":2327041697,"tag":"the New York Times","tag_set":"cliff_organizations","tag_sets_id":2388,"tags_id":9395467},{"stories_id":2327041697,"tag":"WSJ","tag_set":"cliff_organizations","tag_sets_id":2388,"tags_id":9396028},{"stories_id":2327041697,"tag":"Danielle Douglas-Gabriel","tag_set":"cliff_people","tag_sets_id":2389,"tags_id":9398108},{"stories_id":2327041697,"tag":"Ana Swanson","tag_set":"cliff_people","tag_sets_id":2389,"tags_id":9399743},{"stories_id":2327041697,"tag":"U.S. Cyber Command","tag_set":"cliff_organizations","tag_sets_id":2388,"tags_id":9406399},{"stories_id":2327041697,"tag":"Lisa Friedman","tag_set":"cliff_people","tag_sets_id":2389,"tags_id":9421208},{"stories_id":2327041697,"tag":"Jeff Stein","tag_set":"cliff_people","tag_sets_id":2389,"tags_id":9478073},{"stories_id":2327041697,"tag":"Mary Ilyushina","tag_set":"cliff_people","tag_sets_id":2389,"tags_id":9500613},{"stories_id":2327041697,"tag":"Niels Lesniewski","tag_set":"cliff_people","tag_sets_id":2389,"tags_id":9552796},{"stories_id":2327041697,"tag":"Eugene Scott","tag_set":"cliff_people","tag_sets_id":2389,"tags_id":9565122},{"stories_id":2327041697,"tag":"Karine Jean-Pierre","tag_set":"cliff_people","tag_sets_id":2389,"tags_id":9695472},{"stories_id":2327041697,"tag":"Social Security","tag_set":"cliff_organizations","tag_sets_id":2388,"tags_id":9697301},{"stories_id":2327041697,"tag":"Sky News","tag_set":"cliff_organizations","tag_sets_id":2388,"tags_id":9704220},{"stories_id":2327041697,"tag":"Ellen Knickmeyer","tag_set":"cliff_people","tag_sets_id":2389,"tags_id":9744462},{"stories_id":2327041697,"tag":"Timothy Bella","tag_set":"cliff_people","tag_sets_id":2389,"tags_id":9838899},{"stories_id":2327041697,"tag":"British Defense Ministry","tag_set":"cliff_organizations","tag_sets_id":2388,"tags_id":9952234},{"stories_id":2327041697,"tag":"Aamer Madhani","tag_set":"cliff_people","tag_sets_id":2389,"tags_id":9959904},{"stories_id":2327041697,"tag":"Gray Eagle","tag_set":"cliff_organizations","tag_sets_id":2388,"tags_id":10103001},{"stories_id":2327041697,"tag":"Tyler Pager","tag_set":"cliff_people","tag_sets_id":2389,"tags_id":10224211},{"stories_id":2327041697,"tag":"DMN","tag_set":"cliff_organizations","tag_sets_id":2388,"tags_id":10330624},{"stories_id":2327041697,"tag":"George S. Kaufman","tag_set":"cliff_people","tag_sets_id":2389,"tags_id":10410834},{"stories_id":2327041697,"tag":"Alexander Martin","tag_set":"cliff_people","tag_sets_id":2389,"tags_id":10461477},{"stories_id":2327041697,"tag":"Türkiye","tag_set":"cliff_people","tag_sets_id":2389,"tags_id":10716418},{"stories_id":2327041697,"tag":"Lauren McGaughy","tag_set":"cliff_people","tag_sets_id":2389,"tags_id":10728535},{"stories_id":2327041697,"tag":"Emmanuel Felton","tag_set":"cliff_people","tag_sets_id":2389,"tags_id":11125765},{"stories_id":2327041697,"tag":"Black university","tag_set":"cliff_organizations","tag_sets_id":2388,"tags_id":11127592},{"stories_id":2327041697,"tag":"Jacob Bogage","tag_set":"cliff_people","tag_sets_id":2389,"tags_id":11344089},{"stories_id":2327041697,"tag":"Maxine Joselow","tag_set":"cliff_people","tag_sets_id":2389,"tags_id":22659669},{"stories_id":2327041697,"tag":"Eduardo Morales","tag_set":"cliff_people","tag_sets_id":2389,"tags_id":25275247},{"stories_id":2327041697,"tag":"Teo Armus","tag_set":"cliff_people","tag_sets_id":2389,"tags_id":26206505},{"stories_id":2327041697,"tag":"Amy Cheng","tag_set":"cliff_people","tag_sets_id":2389,"tags_id":28332221},{"stories_id":2327041697,"tag":"Victoria Bisset","tag_set":"cliff_people","tag_sets_id":2389,"tags_id":31968648},{"stories_id":2327041697,"tag":"Rachel Pannett","tag_set":"cliff_people","tag_sets_id":2389,"tags_id":33167709},{"stories_id":2327041697,"tag":"Gail Ennis","tag_set":"cliff_people","tag_sets_id":2389,"tags_id":35239097},{"stories_id":2327041697,"tag":"Paul M. Nakasone","tag_set":"cliff_people","tag_sets_id":2389,"tags_id":40407600},{"stories_id":2327041697,"tag":"Volodymyr Zelensky","tag_set":"cliff_people","tag_sets_id":2389,"tags_id":40535994},{"stories_id":2327041697,"tag":"Robb Elementary School","tag_set":"cliff_organizations","tag_sets_id":2388,"tags_id":46833832},{"stories_id":2327041697,"tag":"Bryan Pietsch","tag_set":"cliff_people","tag_sets_id":2389,"tags_id":63506125},{"stories_id":2327041697,"tag":"readability-lxml-0.8.1","tag_set":"extractor_version","tag_sets_id":1354,"tags_id":228516910},{"stories_id":2327041697,"tag":"cliff_clavin_v2.6.1","tag_set":"geocoder_version","tag_sets_id":1937,"tags_id":228516911}],"title":"Five questions about U.S. help for Ukraine","url":"https://www.washingtonpost.com/politics/2022/06/02/five-questions-about-us-help-ukraine/","word_count":null}]