[{"ap_syndicated":null,"collect_date":"2022-06-07 17:02:05.480270","feeds":null,"guid":"https://www.washingtonpost.com/opinions/2022/06/07/blackouts-energy-shortages-biden-coal/?utm_source=rss&utm_medium=referral&utm_campaign=wp_opinions","language":"en","media_id":2,"media_name":null,"media_url":null,"processed_stories_id":null,"publish_date":"2022-06-07 04:19:16","stories_id":2331607195,"story_tags":[{"stories_id":2331607195,"tag":"geonames_6252001","tag_set":"mc-geocoder@media.mit.edu","tag_sets_id":1011,"tags_id":8878461},{"stories_id":2331607195,"tag":"geonames_1871859","tag_set":"mc-geocoder@media.mit.edu","tag_sets_id":1011,"tags_id":8878668},{"stories_id":2331607195,"tag":"geonames_2638360","tag_set":"mc-geocoder@media.mit.edu","tag_sets_id":1011,"tags_id":8879119},{"stories_id":2331607195,"tag":"geonames_5832330","tag_set":"mc-geocoder@media.mit.edu","tag_sets_id":1011,"tags_id":8880182},{"stories_id":2331607195,"tag":"geonames_2648579","tag_set":"mc-geocoder@media.mit.edu","tag_sets_id":1011,"tags_id":8882429},{"stories_id":2331607195,"tag":"nyt_labeller_v1.0.0","tag_set":"nyt_labels_version","tag_sets_id":1964,"tags_id":9360669},{"stories_id":2331607195,"tag":"politics and government","tag_set":"nyt_labels","tag_sets_id":1963,"tags_id":9360836},{"stories_id":2331607195,"tag":"united states politics and government","tag_set":"nyt_labels","tag_sets_id":1963,"tags_id":9360846},{"stories_id":2331607195,"tag":"prices (fares, fees and rates)","tag_set":"nyt_labels","tag_sets_id":1963,"tags_id":9360996},{"stories_id":2331607195,"tag":"energy and power","tag_set":"nyt_labels","tag_sets_id":1963,"tags_id":9360997},{"stories_id":2331607195,"tag":"electric light and power","tag_set":"nyt_labels","tag_sets_id":1963,"tags_id":9361013},{"stories_id":2331607195,"tag":"light","tag_set":"nyt_labels","tag_sets_id":1963,"tags_id":9361014},{"stories_id":2331607195,"tag":"blackouts and brownouts (electrical)","tag_set":"nyt_labels","tag_sets_id":1963,"tags_id":9361015},{"stories_id":2331607195,"tag":"shortages","tag_set":"nyt_labels","tag_sets_id":1963,"tags_id":9361164},{"stories_id":2331607195,"tag":"Washington Post","tag_set":"cliff_organizations","tag_sets_id":2388,"tags_id":9362798},{"stories_id":2331607195,"tag":"Post","tag_set":"cliff_organizations","tag_sets_id":2388,"tags_id":9363250},{"stories_id":2331607195,"tag":"Biden","tag_set":"cliff_people","tag_sets_id":2389,"tags_id":9365736},{"stories_id":2331607195,"tag":"John F. Kerry","tag_set":"cliff_people","tag_sets_id":2389,"tags_id":9366716},{"stories_id":2331607195,"tag":"Federal Energy Regulatory Commission","tag_set":"cliff_organizations","tag_sets_id":2388,"tags_id":9415770},{"stories_id":2331607195,"tag":"NERC","tag_set":"cliff_organizations","tag_sets_id":2388,"tags_id":9432509},{"stories_id":2331607195,"tag":"U.S. Energy Information Administration","tag_set":"cliff_organizations","tag_sets_id":2388,"tags_id":9443978},{"stories_id":2331607195,"tag":"North American Electric Reliability Corporation","tag_set":"cliff_organizations","tag_sets_id":2388,"tags_id":9487123},{"stories_id":2331607195,"tag":"Steven E. Koonin","tag_set":"cliff_people","tag_sets_id":2389,"tags_id":11853872},{"stories_id":2331607195,"tag":"Jim Robb","tag_set":"cliff_people","tag_sets_id":2389,"tags_id":21157585},{"stories_id":2331607195,"tag":"readability-lxml-0.8.1","tag_set":"extractor_version","tag_sets_id":1354,"tags_id":228516910},{"stories_id":2331607195,"tag":"cliff_clavin_v2.6.1","tag_set":"geocoder_version","tag_sets_id":1937,"tags_id":228516911},{"stories_id":2331607195,"tag":"Energy Department undersecretary for science and American Enterprise Institute","tag_set":"cliff_organizations","tag_sets_id":2388,"tags_id":255751347}],"title":"Think things are bad under Biden? Get ready for the blackouts.","url":"https://www.washingtonpost.com/opinions/2022/06/07/blackouts-energy-shortages-biden-coal/?utm_source=rss&utm_medium=referral&utm_campaign=wp_opinions","word_count":null}]