[{"ap_syndicated":null,"collect_date":"2022-06-10 05:59:02.639385","feeds":null,"guid":"https://www.usatoday.com/story/news/2022/06/10/republicans-solar-energy-deals-elusive/7501341001/","language":"en","media_id":4,"media_name":null,"media_url":null,"processed_stories_id":null,"publish_date":"2022-06-10 05:01:58","stories_id":2334133678,"story_tags":[{"stories_id":2334133678,"tag":"nyt_labeller_v1.0.0","tag_set":"nyt_labels_version","tag_sets_id":1964,"tags_id":9360669},{"stories_id":2334133678,"tag":"politics and government","tag_set":"nyt_labels","tag_sets_id":1963,"tags_id":9360836},{"stories_id":2334133678,"tag":"united states politics and government","tag_set":"nyt_labels","tag_sets_id":1963,"tags_id":9360846},{"stories_id":2334133678,"tag":"elections","tag_set":"nyt_labels","tag_sets_id":1963,"tags_id":9360851},{"stories_id":2334133678,"tag":"energy and power","tag_set":"nyt_labels","tag_sets_id":1963,"tags_id":9360997},{"stories_id":2334133678,"tag":"electric light and power","tag_set":"nyt_labels","tag_sets_id":1963,"tags_id":9361013},{"stories_id":2334133678,"tag":"light","tag_set":"nyt_labels","tag_sets_id":1963,"tags_id":9361014},{"stories_id":2334133678,"tag":"readability-lxml-0.8.1","tag_set":"extractor_version","tag_sets_id":1354,"tags_id":228516910},{"stories_id":2334133678,"tag":"cliff_clavin_v2.6.1","tag_set":"geocoder_version","tag_sets_id":1937,"tags_id":228516911}],"title":"Red voters for green energy? Conservatives say they support solar and wind power too","url":"http://rssfeeds.usatoday.com/~/698882132/0/usatodaycomnation-topstories~Red-voters-for-green-energy-Conservatives-say-they-support-solar-and-wind-power-too/","word_count":null}]