[{"ap_syndicated":null,"collect_date":"2022-06-23 07:03:19.891878","feeds":null,"guid":"https://www.washingtonpost.com/technology/2022/06/23/carbon-capture-climate-change/?utm_source=rss&utm_medium=referral&utm_campaign=wp_business","language":"en","media_id":2,"media_name":null,"media_url":null,"processed_stories_id":null,"publish_date":"2022-06-23 07:00:30","stories_id":2346311620,"story_tags":[{"stories_id":2346311620,"tag":"geonames_6252001","tag_set":"mc-geocoder@media.mit.edu","tag_sets_id":1011,"tags_id":8878461},{"stories_id":2346311620,"tag":"nyt_labeller_v1.0.0","tag_set":"nyt_labels_version","tag_sets_id":1964,"tags_id":9360669},{"stories_id":2346311620,"tag":"global warming","tag_set":"nyt_labels","tag_sets_id":1963,"tags_id":9360886},{"stories_id":2346311620,"tag":"environment","tag_set":"nyt_labels","tag_sets_id":1963,"tags_id":9360887},{"stories_id":2346311620,"tag":"weather","tag_set":"nyt_labels","tag_sets_id":1963,"tags_id":9360902},{"stories_id":2346311620,"tag":"air pollution","tag_set":"nyt_labels","tag_sets_id":1963,"tags_id":9361007},{"stories_id":2346311620,"tag":"research","tag_set":"nyt_labels","tag_sets_id":1963,"tags_id":9361083},{"stories_id":2346311620,"tag":"White House","tag_set":"cliff_organizations","tag_sets_id":2388,"tags_id":9362736},{"stories_id":2346311620,"tag":"United Nations","tag_set":"cliff_organizations","tag_sets_id":2388,"tags_id":9362785},{"stories_id":2346311620,"tag":"UN","tag_set":"cliff_organizations","tag_sets_id":2388,"tags_id":9362786},{"stories_id":2346311620,"tag":"Elon Musk","tag_set":"cliff_organizations","tag_sets_id":2388,"tags_id":9365056},{"stories_id":2346311620,"tag":"Biden","tag_set":"cliff_people","tag_sets_id":2389,"tags_id":9365736},{"stories_id":2346311620,"tag":"International Energy Agency","tag_set":"cliff_organizations","tag_sets_id":2388,"tags_id":9387130},{"stories_id":2346311620,"tag":"Energy","tag_set":"cliff_organizations","tag_sets_id":2388,"tags_id":9397380},{"stories_id":2346311620,"tag":"Musk","tag_set":"cliff_organizations","tag_sets_id":2388,"tags_id":9418389},{"stories_id":2346311620,"tag":"CCS Institute","tag_set":"cliff_organizations","tag_sets_id":2388,"tags_id":9603391},{"stories_id":2346311620,"tag":"Meta","tag_set":"cliff_organizations","tag_sets_id":2388,"tags_id":9758263},{"stories_id":2346311620,"tag":"Jennifer M. Granholm","tag_set":"cliff_people","tag_sets_id":2389,"tags_id":10089106},{"stories_id":2346311620,"tag":"Dominic Eagleton","tag_set":"cliff_people","tag_sets_id":2389,"tags_id":10847711},{"stories_id":2346311620,"tag":"Nikki Reisch","tag_set":"cliff_people","tag_sets_id":2389,"tags_id":35110683},{"stories_id":2346311620,"tag":"Cam Hosie","tag_set":"cliff_people","tag_sets_id":2389,"tags_id":97321449},{"stories_id":2346311620,"tag":"Carl Greenfield","tag_set":"cliff_people","tag_sets_id":2389,"tags_id":133497750},{"stories_id":2346311620,"tag":"readability-lxml-0.8.1","tag_set":"extractor_version","tag_sets_id":1354,"tags_id":228516910},{"stories_id":2346311620,"tag":"cliff_clavin_v2.6.1","tag_set":"geocoder_version","tag_sets_id":1937,"tags_id":228516911}],"title":"There’s a carbon-capture gold rush. Some warn better solutions exist.","url":"https://www.washingtonpost.com/technology/2022/06/23/carbon-capture-climate-change/?utm_source=rss&utm_medium=referral&utm_campaign=wp_business","word_count":null}]