[{"ap_syndicated":null,"collect_date":"2022-06-27 19:58:39.670914","feeds":null,"guid":"SB11052608693644544320604588630462534562342","language":"en","media_id":1150,"media_name":null,"media_url":null,"processed_stories_id":null,"publish_date":"2022-06-27 17:20:00","stories_id":2350345938,"story_tags":[{"stories_id":2350345938,"tag":"geonames_6252001","tag_set":"mc-geocoder@media.mit.edu","tag_sets_id":1011,"tags_id":8878461},{"stories_id":2350345938,"tag":"geonames_2921044","tag_set":"mc-geocoder@media.mit.edu","tag_sets_id":1011,"tags_id":8878575},{"stories_id":2350345938,"tag":"geonames_2951839","tag_set":"mc-geocoder@media.mit.edu","tag_sets_id":1011,"tags_id":8879152},{"stories_id":2350345938,"tag":"geonames_2883236","tag_set":"mc-geocoder@media.mit.edu","tag_sets_id":1011,"tags_id":8999099},{"stories_id":2350345938,"tag":"nyt_labeller_v1.0.0","tag_set":"nyt_labels_version","tag_sets_id":1964,"tags_id":9360669},{"stories_id":2350345938,"tag":"politics and government","tag_set":"nyt_labels","tag_sets_id":1963,"tags_id":9360836},{"stories_id":2350345938,"tag":"united states politics and government","tag_set":"nyt_labels","tag_sets_id":1963,"tags_id":9360846},{"stories_id":2350345938,"tag":"energy and power","tag_set":"nyt_labels","tag_sets_id":1963,"tags_id":9360997},{"stories_id":2350345938,"tag":"gas (fuel)","tag_set":"nyt_labels","tag_sets_id":1963,"tags_id":9361098},{"stories_id":2350345938,"tag":"Supreme Court","tag_set":"cliff_organizations","tag_sets_id":2388,"tags_id":9362719},{"stories_id":2350345938,"tag":"White House","tag_set":"cliff_organizations","tag_sets_id":2388,"tags_id":9362736},{"stories_id":2350345938,"tag":"Washington Post","tag_set":"cliff_organizations","tag_sets_id":2388,"tags_id":9362798},{"stories_id":2350345938,"tag":"Trump","tag_set":"cliff_people","tag_sets_id":2389,"tags_id":9362872},{"stories_id":2350345938,"tag":"Joe Biden","tag_set":"cliff_people","tag_sets_id":2389,"tags_id":9363134},{"stories_id":2350345938,"tag":"Roe","tag_set":"cliff_people","tag_sets_id":2389,"tags_id":9364471},{"stories_id":2350345938,"tag":"Joshua Partlow","tag_set":"cliff_people","tag_sets_id":2389,"tags_id":9364730},{"stories_id":2350345938,"tag":"Yemi Osinbajo","tag_set":"cliff_people","tag_sets_id":2389,"tags_id":9366154},{"stories_id":2350345938,"tag":"Bureau of Land Management","tag_set":"cliff_organizations","tag_sets_id":2388,"tags_id":9373685},{"stories_id":2350345938,"tag":"ConocoPhillips","tag_set":"cliff_organizations","tag_sets_id":2388,"tags_id":9383602},{"stories_id":2350345938,"tag":"James Freeman","tag_set":"cliff_people","tag_sets_id":2389,"tags_id":9412113},{"stories_id":2350345938,"tag":"Willow","tag_set":"cliff_people","tag_sets_id":2389,"tags_id":9441465},{"stories_id":2350345938,"tag":"Dow Jones & Company, Inc","tag_set":"cliff_organizations","tag_sets_id":2388,"tags_id":9448258},{"stories_id":2350345938,"tag":"Bjorn Lomborg","tag_set":"cliff_people","tag_sets_id":2389,"tags_id":9474421},{"stories_id":2350345938,"tag":"Journal","tag_set":"cliff_organizations","tag_sets_id":2388,"tags_id":9495774},{"stories_id":2350345938,"tag":"Credit Suisse Group AG","tag_set":"cliff_organizations","tag_sets_id":2388,"tags_id":9571180},{"stories_id":2350345938,"tag":"Margot Patrick","tag_set":"cliff_people","tag_sets_id":2389,"tags_id":11166777},{"stories_id":2350345938,"tag":"Jennifer Calfas","tag_set":"cliff_people","tag_sets_id":2389,"tags_id":11224036},{"stories_id":2350345938,"tag":"Lisa Rossi","tag_set":"cliff_people","tag_sets_id":2389,"tags_id":28002703},{"stories_id":2350345938,"tag":"lukas","tag_set":"cliff_people","tag_sets_id":2389,"tags_id":33105387},{"stories_id":2350345938,"tag":"Deanna Paul","tag_set":"cliff_people","tag_sets_id":2389,"tags_id":52082853},{"stories_id":2350345938,"tag":"Alix Zabala","tag_set":"cliff_people","tag_sets_id":2389,"tags_id":174833481},{"stories_id":2350345938,"tag":"readability-lxml-0.8.1","tag_set":"extractor_version","tag_sets_id":1354,"tags_id":228516910},{"stories_id":2350345938,"tag":"cliff_clavin_v2.6.1","tag_set":"geocoder_version","tag_sets_id":1937,"tags_id":228516911}],"title":"A Speech Biden Should No Longer Give","url":"https://www.wsj.com/articles/a-speech-biden-should-no-longer-give-11656364806","word_count":null}]