[{"ap_syndicated":null,"collect_date":"2022-06-30 15:41:23.408725","feeds":null,"guid":"https://www.nytimes.com/live/2022/06/30/us/supreme-court-epa/who-has-the-most-historical-responsibility-for-climate-change","language":"en","media_id":1,"media_name":null,"media_url":null,"processed_stories_id":null,"publish_date":"2022-06-30 15:30:05","stories_id":2353426012,"story_tags":[{"stories_id":2353426012,"tag":"geonames_6252001","tag_set":"mc-geocoder@media.mit.edu","tag_sets_id":1011,"tags_id":8878461},{"stories_id":2353426012,"tag":"geonames_5096281","tag_set":"mc-geocoder@media.mit.edu","tag_sets_id":1011,"tags_id":8878509},{"stories_id":2353426012,"tag":"geonames_5332921","tag_set":"mc-geocoder@media.mit.edu","tag_sets_id":1011,"tags_id":8878533},{"stories_id":2353426012,"tag":"nyt_labeller_v1.0.0","tag_set":"nyt_labels_version","tag_sets_id":1964,"tags_id":9360669},{"stories_id":2353426012,"tag":"politics and government","tag_set":"nyt_labels","tag_sets_id":1963,"tags_id":9360836},{"stories_id":2353426012,"tag":"united states politics and government","tag_set":"nyt_labels","tag_sets_id":1963,"tags_id":9360846},{"stories_id":2353426012,"tag":"global warming","tag_set":"nyt_labels","tag_sets_id":1963,"tags_id":9360886},{"stories_id":2353426012,"tag":"environment","tag_set":"nyt_labels","tag_sets_id":1963,"tags_id":9360887},{"stories_id":2353426012,"tag":"weather","tag_set":"nyt_labels","tag_sets_id":1963,"tags_id":9360902},{"stories_id":2353426012,"tag":"air pollution","tag_set":"nyt_labels","tag_sets_id":1963,"tags_id":9361007},{"stories_id":2353426012,"tag":"Harvard","tag_set":"cliff_organizations","tag_sets_id":2388,"tags_id":9362285},{"stories_id":2353426012,"tag":"Supreme Court","tag_set":"cliff_organizations","tag_sets_id":2388,"tags_id":9362719},{"stories_id":2353426012,"tag":"Senate","tag_set":"cliff_organizations","tag_sets_id":2388,"tags_id":9362741},{"stories_id":2353426012,"tag":"Republican","tag_set":"cliff_organizations","tag_sets_id":2388,"tags_id":9362742},{"stories_id":2353426012,"tag":"New York Times","tag_set":"cliff_organizations","tag_sets_id":2388,"tags_id":9362756},{"stories_id":2353426012,"tag":"Congress","tag_set":"cliff_organizations","tag_sets_id":2388,"tags_id":9362962},{"stories_id":2353426012,"tag":"Joe Biden","tag_set":"cliff_people","tag_sets_id":2389,"tags_id":9363134},{"stories_id":2353426012,"tag":"House","tag_set":"cliff_organizations","tag_sets_id":2388,"tags_id":9363164},{"stories_id":2353426012,"tag":"University of California","tag_set":"cliff_organizations","tag_sets_id":2388,"tags_id":9363455},{"stories_id":2353426012,"tag":"General Motors","tag_set":"cliff_organizations","tag_sets_id":2388,"tags_id":9363690},{"stories_id":2353426012,"tag":"EPA","tag_set":"cliff_organizations","tag_sets_id":2388,"tags_id":9364166},{"stories_id":2353426012,"tag":"Chuck Schumer","tag_set":"cliff_people","tag_sets_id":2389,"tags_id":9364810},{"stories_id":2353426012,"tag":"Ford Motor","tag_set":"cliff_organizations","tag_sets_id":2388,"tags_id":9366297},{"stories_id":2353426012,"tag":"Gavin Newsom","tag_set":"cliff_people","tag_sets_id":2389,"tags_id":9372682},{"stories_id":2353426012,"tag":"Joe Manchin","tag_set":"cliff_people","tag_sets_id":2389,"tags_id":9374828},{"stories_id":2353426012,"tag":"Patrick Morrisey","tag_set":"cliff_people","tag_sets_id":2389,"tags_id":9378499},{"stories_id":2353426012,"tag":"U.S. Court of Appeals for the District of Columbia Circuit","tag_set":"cliff_organizations","tag_sets_id":2388,"tags_id":9446322},{"stories_id":2353426012,"tag":"David G. Victor","tag_set":"cliff_people","tag_sets_id":2389,"tags_id":9503613},{"stories_id":2353426012,"tag":"E.P.A.","tag_set":"cliff_organizations","tag_sets_id":2388,"tags_id":9539205},{"stories_id":2353426012,"tag":"T.J. Kirkpatrick","tag_set":"cliff_people","tag_sets_id":2389,"tags_id":9556938},{"stories_id":2353426012,"tag":"Richard Lazarus","tag_set":"cliff_people","tag_sets_id":2389,"tags_id":9638134},{"stories_id":2353426012,"tag":"Washington research organization","tag_set":"cliff_organizations","tag_sets_id":2388,"tags_id":11379402},{"stories_id":2353426012,"tag":"University of Santa Barbara","tag_set":"cliff_organizations","tag_sets_id":2388,"tags_id":11731436},{"stories_id":2353426012,"tag":"Leah Stokes","tag_set":"cliff_people","tag_sets_id":2389,"tags_id":33918733},{"stories_id":2353426012,"tag":"Sasha Mackler","tag_set":"cliff_people","tag_sets_id":2389,"tags_id":35771630},{"stories_id":2353426012,"tag":"Michael S. Regan","tag_set":"cliff_people","tag_sets_id":2389,"tags_id":36658720},{"stories_id":2353426012,"tag":"readability-lxml-0.8.1","tag_set":"extractor_version","tag_sets_id":1354,"tags_id":228516910},{"stories_id":2353426012,"tag":"cliff_clavin_v2.6.1","tag_set":"geocoder_version","tag_sets_id":1937,"tags_id":228516911},{"stories_id":2353426012,"tag":"first onshore drilling lease","tag_set":"cliff_organizations","tag_sets_id":2388,"tags_id":257054575},{"stories_id":2353426012,"tag":"Anna Rose Layden Layden","tag_set":"cliff_people","tag_sets_id":2389,"tags_id":257054576}],"title":"Who has the most historical responsibility for climate change?","url":"https://www.nytimes.com/live/2022/06/30/us/supreme-court-epa/who-has-the-most-historical-responsibility-for-climate-change","word_count":null}]