[{"ap_syndicated":null,"collect_date":"2022-06-30 15:11:04.712871","feeds":null,"guid":"https://www.nytimes.com/live/2022/06/30/us/supreme-court-epa/biden-directs-his-legal-team-to-find-other-ways-to-combat-pollution","language":"en","media_id":1,"media_name":null,"media_url":null,"processed_stories_id":null,"publish_date":"2022-06-30 14:56:06","stories_id":2353402701,"story_tags":[{"stories_id":2353402701,"tag":"geonames_6252001","tag_set":"mc-geocoder@media.mit.edu","tag_sets_id":1011,"tags_id":8878461},{"stories_id":2353402701,"tag":"geonames_4826850","tag_set":"mc-geocoder@media.mit.edu","tag_sets_id":1011,"tags_id":8878580},{"stories_id":2353402701,"tag":"geonames_4140963","tag_set":"mc-geocoder@media.mit.edu","tag_sets_id":1011,"tags_id":8880349},{"stories_id":2353402701,"tag":"nyt_labeller_v1.0.0","tag_set":"nyt_labels_version","tag_sets_id":1964,"tags_id":9360669},{"stories_id":2353402701,"tag":"politics and government","tag_set":"nyt_labels","tag_sets_id":1963,"tags_id":9360836},{"stories_id":2353402701,"tag":"global warming","tag_set":"nyt_labels","tag_sets_id":1963,"tags_id":9360886},{"stories_id":2353402701,"tag":"environment","tag_set":"nyt_labels","tag_sets_id":1963,"tags_id":9360887},{"stories_id":2353402701,"tag":"weather","tag_set":"nyt_labels","tag_sets_id":1963,"tags_id":9360902},{"stories_id":2353402701,"tag":"energy and power","tag_set":"nyt_labels","tag_sets_id":1963,"tags_id":9360997},{"stories_id":2353402701,"tag":"air pollution","tag_set":"nyt_labels","tag_sets_id":1963,"tags_id":9361007},{"stories_id":2353402701,"tag":"electric light and power","tag_set":"nyt_labels","tag_sets_id":1963,"tags_id":9361013},{"stories_id":2353402701,"tag":"light","tag_set":"nyt_labels","tag_sets_id":1963,"tags_id":9361014},{"stories_id":2353402701,"tag":"Harvard","tag_set":"cliff_organizations","tag_sets_id":2388,"tags_id":9362285},{"stories_id":2353402701,"tag":"Supreme Court","tag_set":"cliff_organizations","tag_sets_id":2388,"tags_id":9362719},{"stories_id":2353402701,"tag":"Obama","tag_set":"cliff_people","tag_sets_id":2389,"tags_id":9362721},{"stories_id":2353402701,"tag":"Donald J. Trump","tag_set":"cliff_people","tag_sets_id":2389,"tags_id":9362749},{"stories_id":2353402701,"tag":"New York Times","tag_set":"cliff_organizations","tag_sets_id":2388,"tags_id":9362756},{"stories_id":2353402701,"tag":"Congress","tag_set":"cliff_organizations","tag_sets_id":2388,"tags_id":9362962},{"stories_id":2353402701,"tag":"Trump administration","tag_set":"cliff_organizations","tag_sets_id":2388,"tags_id":9362998},{"stories_id":2353402701,"tag":"Environmental Protection Agency","tag_set":"cliff_organizations","tag_sets_id":2388,"tags_id":9363956},{"stories_id":2353402701,"tag":"EPA","tag_set":"cliff_organizations","tag_sets_id":2388,"tags_id":9364166},{"stories_id":2353402701,"tag":"Harvard Law School","tag_set":"cliff_organizations","tag_sets_id":2388,"tags_id":9364683},{"stories_id":2353402701,"tag":"Neil M. Gorsuch","tag_set":"cliff_people","tag_sets_id":2389,"tags_id":9364790},{"stories_id":2353402701,"tag":"Biden","tag_set":"cliff_people","tag_sets_id":2389,"tags_id":9365736},{"stories_id":2353402701,"tag":"Centers for Disease Control and Prevention","tag_set":"cliff_organizations","tag_sets_id":2388,"tags_id":9368621},{"stories_id":2353402701,"tag":"Elena Kagan","tag_set":"cliff_people","tag_sets_id":2389,"tags_id":9372758},{"stories_id":2353402701,"tag":"Patrick Morrisey","tag_set":"cliff_people","tag_sets_id":2389,"tags_id":9378499},{"stories_id":2353402701,"tag":"Samuel A. Alito Jr.","tag_set":"cliff_people","tag_sets_id":2389,"tags_id":9415699},{"stories_id":2353402701,"tag":"John G. Roberts Jr","tag_set":"cliff_people","tag_sets_id":2389,"tags_id":9419959},{"stories_id":2353402701,"tag":"Occupational Safety and Health Administration","tag_set":"cliff_organizations","tag_sets_id":2388,"tags_id":9421662},{"stories_id":2353402701,"tag":"U.S. Court of Appeals for the District of Columbia Circuit","tag_set":"cliff_organizations","tag_sets_id":2388,"tags_id":9446322},{"stories_id":2353402701,"tag":"Gabriella Demczuk","tag_set":"cliff_people","tag_sets_id":2389,"tags_id":9468560},{"stories_id":2353402701,"tag":"E.P.A.","tag_set":"cliff_organizations","tag_sets_id":2388,"tags_id":9539205},{"stories_id":2353402701,"tag":"Richard Lazarus","tag_set":"cliff_people","tag_sets_id":2389,"tags_id":9638134},{"stories_id":2353402701,"tag":"West Virginia v. Environmental Protection Agency","tag_set":"cliff_organizations","tag_sets_id":2388,"tags_id":11905719},{"stories_id":2353402701,"tag":"readability-lxml-0.8.1","tag_set":"extractor_version","tag_sets_id":1354,"tags_id":228516910},{"stories_id":2353402701,"tag":"cliff_clavin_v2.6.1","tag_set":"geocoder_version","tag_sets_id":1937,"tags_id":228516911},{"stories_id":2353402701,"tag":"E.P.A.’s authority","tag_set":"cliff_organizations","tag_sets_id":2388,"tags_id":257061359}],"title":"Biden directs his legal team to find other ways to combat pollution.","url":"https://www.nytimes.com/live/2022/06/30/us/supreme-court-epa/biden-directs-his-legal-team-to-find-other-ways-to-combat-pollution","word_count":null}]