[{"ap_syndicated":null,"collect_date":"2022-07-01 09:18:58.828300","feeds":null,"guid":"https://www.usatoday.com/story/opinion/2022/07/01/gas-food-prices-fossil-fuel-addiction/7758286001/","language":"en","media_id":4,"media_name":null,"media_url":null,"processed_stories_id":null,"publish_date":"2022-07-01 08:30:03","stories_id":2354135154,"story_tags":[{"stories_id":2354135154,"tag":"geonames_6252001","tag_set":"mc-geocoder@media.mit.edu","tag_sets_id":1011,"tags_id":8878461},{"stories_id":2354135154,"tag":"geonames_4197000","tag_set":"mc-geocoder@media.mit.edu","tag_sets_id":1011,"tags_id":8878530},{"stories_id":2354135154,"tag":"geonames_4662168","tag_set":"mc-geocoder@media.mit.edu","tag_sets_id":1011,"tags_id":8878725},{"stories_id":2354135154,"tag":"geonames_4219762","tag_set":"mc-geocoder@media.mit.edu","tag_sets_id":1011,"tags_id":8879427},{"stories_id":2354135154,"tag":"geonames_4667282","tag_set":"mc-geocoder@media.mit.edu","tag_sets_id":1011,"tags_id":8879476},{"stories_id":2354135154,"tag":"nyt_labeller_v1.0.0","tag_set":"nyt_labels_version","tag_sets_id":1964,"tags_id":9360669},{"stories_id":2354135154,"tag":"oil (petroleum) and gasoline","tag_set":"nyt_labels","tag_sets_id":1963,"tags_id":9360884},{"stories_id":2354135154,"tag":"weather","tag_set":"nyt_labels","tag_sets_id":1963,"tags_id":9360902},{"stories_id":2354135154,"tag":"energy and power","tag_set":"nyt_labels","tag_sets_id":1963,"tags_id":9360997},{"stories_id":2354135154,"tag":"Supreme Court","tag_set":"cliff_organizations","tag_sets_id":2388,"tags_id":9362719},{"stories_id":2354135154,"tag":"White House","tag_set":"cliff_organizations","tag_sets_id":2388,"tags_id":9362736},{"stories_id":2354135154,"tag":"United Nations","tag_set":"cliff_organizations","tag_sets_id":2388,"tags_id":9362785},{"stories_id":2354135154,"tag":"European Union","tag_set":"cliff_organizations","tag_sets_id":2388,"tags_id":9362999},{"stories_id":2354135154,"tag":"U.N.","tag_set":"cliff_organizations","tag_sets_id":2388,"tags_id":9363619},{"stories_id":2354135154,"tag":"EPA","tag_set":"cliff_organizations","tag_sets_id":2388,"tags_id":9364166},{"stories_id":2354135154,"tag":"Biden","tag_set":"cliff_people","tag_sets_id":2389,"tags_id":9365736},{"stories_id":2354135154,"tag":"António Guterres","tag_set":"cliff_people","tag_sets_id":2389,"tags_id":9377557},{"stories_id":2354135154,"tag":"Organization for Economic Cooperation and Development countries","tag_set":"cliff_organizations","tag_sets_id":2388,"tags_id":23394659},{"stories_id":2354135154,"tag":"readability-lxml-0.8.1","tag_set":"extractor_version","tag_sets_id":1354,"tags_id":228516910},{"stories_id":2354135154,"tag":"cliff_clavin_v2.6.1","tag_set":"geocoder_version","tag_sets_id":1937,"tags_id":228516911}],"title":"These five steps will help us kick our fossil fuel addiction and save the planet","url":"http://rssfeeds.usatoday.com/~/701258808/0/news-opinion~These-five-steps-will-help-us-kick-our-fossil-fuel-addiction-and-save-the-planet/","word_count":null}]