[{"ap_syndicated":null,"collect_date":"2022-07-15 05:07:07.710185","feeds":null,"guid":"https://www.nytimes.com/2022/07/15/climate/coal-plants-renewable-energy.html","language":"en","media_id":1,"media_name":null,"media_url":null,"processed_stories_id":null,"publish_date":"2022-07-15 05:00:34","stories_id":2366792080,"story_tags":[{"stories_id":2366792080,"tag":"geonames_6252001","tag_set":"mc-geocoder@media.mit.edu","tag_sets_id":1011,"tags_id":8878461},{"stories_id":2366792080,"tag":"geonames_4896861","tag_set":"mc-geocoder@media.mit.edu","tag_sets_id":1011,"tags_id":8878482},{"stories_id":2366792080,"tag":"geonames_4347778","tag_set":"mc-geocoder@media.mit.edu","tag_sets_id":1011,"tags_id":8878525},{"stories_id":2366792080,"tag":"geonames_5690694","tag_set":"mc-geocoder@media.mit.edu","tag_sets_id":1011,"tags_id":8878690},{"stories_id":2366792080,"tag":"geonames_4915734","tag_set":"mc-geocoder@media.mit.edu","tag_sets_id":1011,"tags_id":8881533},{"stories_id":2366792080,"tag":"geonames_5829425","tag_set":"mc-geocoder@media.mit.edu","tag_sets_id":1011,"tags_id":8886984},{"stories_id":2366792080,"tag":"geonames_4895336","tag_set":"mc-geocoder@media.mit.edu","tag_sets_id":1011,"tags_id":8893495},{"stories_id":2366792080,"tag":"geonames_5107760","tag_set":"mc-geocoder@media.mit.edu","tag_sets_id":1011,"tags_id":8893625},{"stories_id":2366792080,"tag":"geonames_4931234","tag_set":"mc-geocoder@media.mit.edu","tag_sets_id":1011,"tags_id":8913987},{"stories_id":2366792080,"tag":"geonames_4884562","tag_set":"mc-geocoder@media.mit.edu","tag_sets_id":1011,"tags_id":9026255},{"stories_id":2366792080,"tag":"nyt_labeller_v1.0.0","tag_set":"nyt_labels_version","tag_sets_id":1964,"tags_id":9360669},{"stories_id":2366792080,"tag":"environment","tag_set":"nyt_labels","tag_sets_id":1963,"tags_id":9360887},{"stories_id":2366792080,"tag":"energy and power","tag_set":"nyt_labels","tag_sets_id":1963,"tags_id":9360997},{"stories_id":2366792080,"tag":"electric light and power","tag_set":"nyt_labels","tag_sets_id":1963,"tags_id":9361013},{"stories_id":2366792080,"tag":"light","tag_set":"nyt_labels","tag_sets_id":1963,"tags_id":9361014},{"stories_id":2366792080,"tag":"atomic energy","tag_set":"nyt_labels","tag_sets_id":1963,"tags_id":9361077},{"stories_id":2366792080,"tag":"European Parliament","tag_set":"cliff_organizations","tag_sets_id":2388,"tags_id":9363193},{"stories_id":2366792080,"tag":"University of California","tag_set":"cliff_organizations","tag_sets_id":2388,"tags_id":9363455},{"stories_id":2366792080,"tag":"Sierra Club","tag_set":"cliff_organizations","tag_sets_id":2388,"tags_id":9364168},{"stories_id":2366792080,"tag":"E.U.","tag_set":"cliff_organizations","tag_sets_id":2388,"tags_id":9365392},{"stories_id":2366792080,"tag":"Michael Brown","tag_set":"cliff_people","tag_sets_id":2389,"tags_id":9366771},{"stories_id":2366792080,"tag":"Bill Gates","tag_set":"cliff_people","tag_sets_id":2389,"tags_id":9390654},{"stories_id":2366792080,"tag":"Sylvia Garcia","tag_set":"cliff_people","tag_sets_id":2389,"tags_id":9394031},{"stories_id":2366792080,"tag":"U.S. Department of Energy","tag_set":"cliff_organizations","tag_sets_id":2388,"tags_id":9414255},{"stories_id":2366792080,"tag":"Baldwin","tag_set":"cliff_people","tag_sets_id":2389,"tags_id":9424636},{"stories_id":2366792080,"tag":"U.S. Energy Information Administration","tag_set":"cliff_organizations","tag_sets_id":2388,"tags_id":9443978},{"stories_id":2366792080,"tag":"Lawrence Berkeley National Laboratory","tag_set":"cliff_organizations","tag_sets_id":2388,"tags_id":9450339},{"stories_id":2366792080,"tag":"NRG Energy","tag_set":"cliff_organizations","tag_sets_id":2388,"tags_id":9509351},{"stories_id":2366792080,"tag":"Jeff Bishop","tag_set":"cliff_people","tag_sets_id":2389,"tags_id":9640317},{"stories_id":2366792080,"tag":"J.B. Pritzker","tag_set":"cliff_people","tag_sets_id":2389,"tags_id":9642304},{"stories_id":2366792080,"tag":"Brayton","tag_set":"cliff_people","tag_sets_id":2389,"tags_id":10045594},{"stories_id":2366792080,"tag":"Jack Darin","tag_set":"cliff_people","tag_sets_id":2389,"tags_id":10263863},{"stories_id":2366792080,"tag":"geonames_4951248","tag_set":"mc-geocoder@media.mit.edu","tag_sets_id":1011,"tags_id":10434387},{"stories_id":2366792080,"tag":"geonames_4242002","tag_set":"mc-geocoder@media.mit.edu","tag_sets_id":1011,"tags_id":10442721},{"stories_id":2366792080,"tag":"Curtis Morgan","tag_set":"cliff_people","tag_sets_id":2389,"tags_id":10694093},{"stories_id":2366792080,"tag":"Vistra","tag_set":"cliff_people","tag_sets_id":2389,"tags_id":10922496},{"stories_id":2366792080,"tag":"Prysmian Group","tag_set":"cliff_organizations","tag_sets_id":2388,"tags_id":11511012},{"stories_id":2366792080,"tag":"Illinois Department of Commerce and Economic Opportunity","tag_set":"cliff_organizations","tag_sets_id":2388,"tags_id":11890852},{"stories_id":2366792080,"tag":"geonames_5578099","tag_set":"mc-geocoder@media.mit.edu","tag_sets_id":1011,"tags_id":21343496},{"stories_id":2366792080,"tag":"Holyoke Gas & Electric","tag_set":"cliff_organizations","tag_sets_id":2388,"tags_id":29336285},{"stories_id":2366792080,"tag":"Vistra","tag_set":"cliff_organizations","tag_sets_id":2388,"tags_id":30596423},{"stories_id":2366792080,"tag":"Joseph Rand","tag_set":"cliff_people","tag_sets_id":2389,"tags_id":33920195},{"stories_id":2366792080,"tag":"Meranda Cohn","tag_set":"cliff_people","tag_sets_id":2389,"tags_id":34271828},{"stories_id":2366792080,"tag":"Chris Levesque","tag_set":"cliff_people","tag_sets_id":2389,"tags_id":41577273},{"stories_id":2366792080,"tag":"Julie Vitek","tag_set":"cliff_people","tag_sets_id":2389,"tags_id":46629774},{"stories_id":2366792080,"tag":"ENGIE North America","tag_set":"cliff_organizations","tag_sets_id":2388,"tags_id":65561405},{"stories_id":2366792080,"tag":"Vistra Corp.","tag_set":"cliff_organizations","tag_sets_id":2388,"tags_id":135842034},{"stories_id":2366792080,"tag":"geonames_4500110","tag_set":"mc-geocoder@media.mit.edu","tag_sets_id":1011,"tags_id":187525548},{"stories_id":2366792080,"tag":"geonames_11746994","tag_set":"mc-geocoder@media.mit.edu","tag_sets_id":1011,"tags_id":190404601},{"stories_id":2366792080,"tag":"readability-lxml-0.8.1","tag_set":"extractor_version","tag_sets_id":1354,"tags_id":228516910},{"stories_id":2366792080,"tag":"cliff_clavin_v2.6.1","tag_set":"geocoder_version","tag_sets_id":1937,"tags_id":228516911}],"title":"In a Twist, Old Coal Plants Help Deliver Renewable Power. Here’s How.","url":"https://www.nytimes.com/2022/07/15/climate/coal-plants-renewable-energy.html","word_count":null}]