[{"ap_syndicated":null,"collect_date":"2022-07-15 12:01:43.166743","feeds":null,"guid":"https://www.washingtonpost.com/politics/2022/07/15/manchin-deals-stunning-blow-democrats-efforts-fight-climate-change/","language":"en","media_id":2,"media_name":null,"media_url":null,"processed_stories_id":null,"publish_date":"2022-07-15 08:27:49","stories_id":2367169275,"story_tags":[{"stories_id":2367169275,"tag":"geonames_6252001","tag_set":"mc-geocoder@media.mit.edu","tag_sets_id":1011,"tags_id":8878461},{"stories_id":2367169275,"tag":"geonames_5879092","tag_set":"mc-geocoder@media.mit.edu","tag_sets_id":1011,"tags_id":8878759},{"stories_id":2367169275,"tag":"geonames_2638360","tag_set":"mc-geocoder@media.mit.edu","tag_sets_id":1011,"tags_id":8879119},{"stories_id":2367169275,"tag":"geonames_3451190","tag_set":"mc-geocoder@media.mit.edu","tag_sets_id":1011,"tags_id":8879654},{"stories_id":2367169275,"tag":"geonames_4469407","tag_set":"mc-geocoder@media.mit.edu","tag_sets_id":1011,"tags_id":8880101},{"stories_id":2367169275,"tag":"geonames_2648579","tag_set":"mc-geocoder@media.mit.edu","tag_sets_id":1011,"tags_id":8882429},{"stories_id":2367169275,"tag":"geonames_3096472","tag_set":"mc-geocoder@media.mit.edu","tag_sets_id":1011,"tags_id":8901938},{"stories_id":2367169275,"tag":"nyt_labeller_v1.0.0","tag_set":"nyt_labels_version","tag_sets_id":1964,"tags_id":9360669},{"stories_id":2367169275,"tag":"politics and government","tag_set":"nyt_labels","tag_sets_id":1963,"tags_id":9360836},{"stories_id":2367169275,"tag":"united states politics and government","tag_set":"nyt_labels","tag_sets_id":1963,"tags_id":9360846},{"stories_id":2367169275,"tag":"taxation","tag_set":"nyt_labels","tag_sets_id":1963,"tags_id":9360882},{"stories_id":2367169275,"tag":"global warming","tag_set":"nyt_labels","tag_sets_id":1963,"tags_id":9360886},{"stories_id":2367169275,"tag":"editorials","tag_set":"nyt_labels","tag_sets_id":1963,"tags_id":9360894},{"stories_id":2367169275,"tag":"Supreme Court","tag_set":"cliff_organizations","tag_sets_id":2388,"tags_id":9362719},{"stories_id":2367169275,"tag":"Democratic Party","tag_set":"cliff_organizations","tag_sets_id":2388,"tags_id":9362724},{"stories_id":2367169275,"tag":"White House","tag_set":"cliff_organizations","tag_sets_id":2388,"tags_id":9362736},{"stories_id":2367169275,"tag":"Senate","tag_set":"cliff_organizations","tag_sets_id":2388,"tags_id":9362741},{"stories_id":2367169275,"tag":"Washington Post","tag_set":"cliff_organizations","tag_sets_id":2388,"tags_id":9362798},{"stories_id":2367169275,"tag":"Trump","tag_set":"cliff_people","tag_sets_id":2389,"tags_id":9362872},{"stories_id":2367169275,"tag":"Charles E. Schumer","tag_set":"cliff_people","tag_sets_id":2389,"tags_id":9362946},{"stories_id":2367169275,"tag":"Pentagon","tag_set":"cliff_organizations","tag_sets_id":2388,"tags_id":9362965},{"stories_id":2367169275,"tag":"House","tag_set":"cliff_organizations","tag_sets_id":2388,"tags_id":9363164},{"stories_id":2367169275,"tag":"Maria Cantwell","tag_set":"cliff_people","tag_sets_id":2389,"tags_id":9363177},{"stories_id":2367169275,"tag":"Democratic","tag_set":"cliff_organizations","tag_sets_id":2388,"tags_id":9363325},{"stories_id":2367169275,"tag":"Center for Strategic and International Studies","tag_set":"cliff_organizations","tag_sets_id":2388,"tags_id":9363334},{"stories_id":2367169275,"tag":"Ron Wyden","tag_set":"cliff_people","tag_sets_id":2389,"tags_id":9363375},{"stories_id":2367169275,"tag":"U.N.","tag_set":"cliff_organizations","tag_sets_id":2388,"tags_id":9363619},{"stories_id":2367169275,"tag":"Environmental Protection Agency","tag_set":"cliff_organizations","tag_sets_id":2388,"tags_id":9363956},{"stories_id":2367169275,"tag":"NASA","tag_set":"cliff_organizations","tag_sets_id":2388,"tags_id":9364494},{"stories_id":2367169275,"tag":"Biden","tag_set":"cliff_people","tag_sets_id":2389,"tags_id":9365736},{"stories_id":2367169275,"tag":"Greenpeace","tag_set":"cliff_organizations","tag_sets_id":2388,"tags_id":9366431},{"stories_id":2367169275,"tag":"Chris Mooney","tag_set":"cliff_people","tag_sets_id":2389,"tags_id":9374895},{"stories_id":2367169275,"tag":"Pew Research Center","tag_set":"cliff_organizations","tag_sets_id":2388,"tags_id":9376828},{"stories_id":2367169275,"tag":"IPCC","tag_set":"cliff_organizations","tag_sets_id":2388,"tags_id":9377140},{"stories_id":2367169275,"tag":"ConocoPhillips","tag_set":"cliff_organizations","tag_sets_id":2388,"tags_id":9383602},{"stories_id":2367169275,"tag":"Joe Manchin III","tag_set":"cliff_people","tag_sets_id":2389,"tags_id":9385885},{"stories_id":2367169275,"tag":"Nina Lakhani","tag_set":"cliff_people","tag_sets_id":2389,"tags_id":9387303},{"stories_id":2367169275,"tag":"National Oceanic and Atmospheric Administration","tag_set":"cliff_organizations","tag_sets_id":2388,"tags_id":9394166},{"stories_id":2367169275,"tag":"Harris","tag_set":"cliff_people","tag_sets_id":2389,"tags_id":9395691},{"stories_id":2367169275,"tag":"Roger Wicker","tag_set":"cliff_people","tag_sets_id":2389,"tags_id":9405944},{"stories_id":2367169275,"tag":"NOAA","tag_set":"cliff_organizations","tag_sets_id":2388,"tags_id":9407329},{"stories_id":2367169275,"tag":"Oliver Milman","tag_set":"cliff_people","tag_sets_id":2389,"tags_id":9415713},{"stories_id":2367169275,"tag":"Goddard Institute for Space Studies","tag_set":"cliff_organizations","tag_sets_id":2388,"tags_id":9437046},{"stories_id":2367169275,"tag":"Edward J. Markey","tag_set":"cliff_people","tag_sets_id":2389,"tags_id":9449559},{"stories_id":2367169275,"tag":"Jared Huffman","tag_set":"cliff_people","tag_sets_id":2389,"tags_id":9450492},{"stories_id":2367169275,"tag":"Alden Meyer","tag_set":"cliff_people","tag_sets_id":2389,"tags_id":9462974},{"stories_id":2367169275,"tag":"Senate Commerce Committee","tag_set":"cliff_organizations","tag_sets_id":2388,"tags_id":9472801},{"stories_id":2367169275,"tag":"Jeff Stein","tag_set":"cliff_people","tag_sets_id":2389,"tags_id":9478073},{"stories_id":2367169275,"tag":"Jamal Khashoggi","tag_set":"cliff_people","tag_sets_id":2389,"tags_id":9500308},{"stories_id":2367169275,"tag":"Tony Romm","tag_set":"cliff_people","tag_sets_id":2389,"tags_id":9511525},{"stories_id":2367169275,"tag":"Ministry of Energy","tag_set":"cliff_organizations","tag_sets_id":2388,"tags_id":9591142},{"stories_id":2367169275,"tag":"Jamal Raad","tag_set":"cliff_people","tag_sets_id":2389,"tags_id":9619885},{"stories_id":2367169275,"tag":"Saudi Arabian Energy","tag_set":"cliff_organizations","tag_sets_id":2388,"tags_id":9679783},{"stories_id":2367169275,"tag":"Ben King","tag_set":"cliff_people","tag_sets_id":2389,"tags_id":9706491},{"stories_id":2367169275,"tag":"Ben Cahill","tag_set":"cliff_people","tag_sets_id":2389,"tags_id":10541951},{"stories_id":2367169275,"tag":"[Manchin","tag_set":"cliff_people","tag_sets_id":2389,"tags_id":10629064},{"stories_id":2367169275,"tag":"Elizabeth Crisp","tag_set":"cliff_organizations","tag_sets_id":2388,"tags_id":11435618},{"stories_id":2367169275,"tag":"Jake Auchincloss","tag_set":"cliff_people","tag_sets_id":2389,"tags_id":28911973},{"stories_id":2367169275,"tag":"Sam Runyon","tag_set":"cliff_people","tag_sets_id":2389,"tags_id":39156610},{"stories_id":2367169275,"tag":"Prince Abdulaziz bin Salman Al-Saud","tag_set":"cliff_people","tag_sets_id":2389,"tags_id":99096899},{"stories_id":2367169275,"tag":"Gavin Schmid","tag_set":"cliff_people","tag_sets_id":2389,"tags_id":181052970},{"stories_id":2367169275,"tag":"Evergreen Action","tag_set":"cliff_organizations","tag_sets_id":2388,"tags_id":201032145},{"stories_id":2367169275,"tag":"Kelsey Carolan","tag_set":"cliff_people","tag_sets_id":2389,"tags_id":203503606},{"stories_id":2367169275,"tag":"readability-lxml-0.8.1","tag_set":"extractor_version","tag_sets_id":1354,"tags_id":228516910},{"stories_id":2367169275,"tag":"cliff_clavin_v2.6.1","tag_set":"geocoder_version","tag_sets_id":1937,"tags_id":228516911}],"title":"Manchin deals a stunning blow to Democrats' efforts to fight climate change","url":"https://www.washingtonpost.com/politics/2022/07/15/manchin-deals-stunning-blow-democrats-efforts-fight-climate-change/","word_count":null}]