[{"ap_syndicated":null,"collect_date":"2022-07-19 17:09:36.284005","feeds":null,"guid":"https://www.nytimes.com/2022/07/19/briefing/putin-iran-china-banking-scandal.html","language":"en","media_id":1,"media_name":null,"media_url":null,"processed_stories_id":null,"publish_date":"2022-07-19 16:48:16","stories_id":2370773270,"story_tags":[{"stories_id":2370773270,"tag":"geonames_130758","tag_set":"mc-geocoder@media.mit.edu","tag_sets_id":1011,"tags_id":8878503},{"stories_id":2370773270,"tag":"geonames_6697808","tag_set":"mc-geocoder@media.mit.edu","tag_sets_id":1011,"tags_id":8884199},{"stories_id":2370773270,"tag":"nyt_labeller_v1.0.0","tag_set":"nyt_labels_version","tag_sets_id":1964,"tags_id":9360669},{"stories_id":2370773270,"tag":"politics and government","tag_set":"nyt_labels","tag_sets_id":1963,"tags_id":9360836},{"stories_id":2370773270,"tag":"united states politics and government","tag_set":"nyt_labels","tag_sets_id":1963,"tags_id":9360846},{"stories_id":2370773270,"tag":"united states international relations","tag_set":"nyt_labels","tag_sets_id":1963,"tags_id":9360933},{"stories_id":2370773270,"tag":"international relations","tag_set":"nyt_labels","tag_sets_id":1963,"tags_id":9360934},{"stories_id":2370773270,"tag":"banks and banking","tag_set":"nyt_labels","tag_sets_id":1963,"tags_id":9360943},{"stories_id":2370773270,"tag":"international trade and world market","tag_set":"nyt_labels","tag_sets_id":1963,"tags_id":9360983},{"stories_id":2370773270,"tag":"embargoes and economic sanctions","tag_set":"nyt_labels","tag_sets_id":1963,"tags_id":9361036},{"stories_id":2370773270,"tag":"Vladimir Putin","tag_set":"cliff_people","tag_sets_id":2389,"tags_id":9362290},{"stories_id":2370773270,"tag":"Kremlin","tag_set":"cliff_organizations","tag_sets_id":2388,"tags_id":9362931},{"stories_id":2370773270,"tag":"Xi Jinping","tag_set":"cliff_people","tag_sets_id":2389,"tags_id":9363823},{"stories_id":2370773270,"tag":"Yoweri Museveni","tag_set":"cliff_people","tag_sets_id":2389,"tags_id":9364486},{"stories_id":2370773270,"tag":"brown","tag_set":"cliff_people","tag_sets_id":2389,"tags_id":9364727},{"stories_id":2370773270,"tag":"Communist Party","tag_set":"cliff_organizations","tag_sets_id":2388,"tags_id":9365010},{"stories_id":2370773270,"tag":"Times","tag_set":"cliff_organizations","tag_sets_id":2388,"tags_id":9365707},{"stories_id":2370773270,"tag":"Ayatollah Ali Khamenei","tag_set":"cliff_people","tag_sets_id":2389,"tags_id":9365974},{"stories_id":2370773270,"tag":"Oxford University","tag_set":"cliff_organizations","tag_sets_id":2388,"tags_id":9366082},{"stories_id":2370773270,"tag":"José Eduardo dos Santos","tag_set":"cliff_people","tag_sets_id":2389,"tags_id":9368043},{"stories_id":2370773270,"tag":"Robert Mugabe","tag_set":"cliff_people","tag_sets_id":2389,"tags_id":9368697},{"stories_id":2370773270,"tag":"Ebrahim Raisi","tag_set":"cliff_people","tag_sets_id":2389,"tags_id":9382222},{"stories_id":2370773270,"tag":"Paul Biya","tag_set":"cliff_people","tag_sets_id":2389,"tags_id":9389236},{"stories_id":2370773270,"tag":"Salvador Dalí","tag_set":"cliff_people","tag_sets_id":2389,"tags_id":9675009},{"stories_id":2370773270,"tag":"Denis Sassou-Nguesso","tag_set":"cliff_people","tag_sets_id":2389,"tags_id":9703970},{"stories_id":2370773270,"tag":"Teodoro Obiang Nguema Mbasogo","tag_set":"cliff_people","tag_sets_id":2389,"tags_id":9774300},{"stories_id":2370773270,"tag":"Ricardo Soares de Oliveira","tag_set":"cliff_people","tag_sets_id":2389,"tags_id":10792768},{"stories_id":2370773270,"tag":"David Treuer","tag_set":"cliff_people","tag_sets_id":2389,"tags_id":11229216},{"stories_id":2370773270,"tag":"Joao Lourenço","tag_set":"cliff_people","tag_sets_id":2389,"tags_id":28043148},{"stories_id":2370773270,"tag":"Sun Song","tag_set":"cliff_people","tag_sets_id":2389,"tags_id":58893052},{"stories_id":2370773270,"tag":"— Lynsey Chutel","tag_set":"cliff_people","tag_sets_id":2389,"tags_id":68371469},{"stories_id":2370773270,"tag":"readability-lxml-0.8.1","tag_set":"extractor_version","tag_sets_id":1354,"tags_id":228516910},{"stories_id":2370773270,"tag":"cliff_clavin_v2.6.1","tag_set":"geocoder_version","tag_sets_id":1937,"tags_id":228516911}],"title":"Your Wednesday Briefing: Putin Visits Iran","url":"https://www.nytimes.com/2022/07/19/briefing/putin-iran-china-banking-scandal.html","word_count":null}]