[{"ap_syndicated":null,"collect_date":"2022-07-28 19:11:41.523945","feeds":null,"guid":"https://nypost.com/?post_type=article&p=23237147","language":"en","media_id":7,"media_name":null,"media_url":null,"processed_stories_id":null,"publish_date":"2022-07-28 19:11:02","stories_id":2379331777,"story_tags":[{"stories_id":2379331777,"tag":"geonames_6252001","tag_set":"mc-geocoder@media.mit.edu","tag_sets_id":1011,"tags_id":8878461},{"stories_id":2379331777,"tag":"geonames_6254928","tag_set":"mc-geocoder@media.mit.edu","tag_sets_id":1011,"tags_id":8878547},{"stories_id":2379331777,"tag":"geonames_4826850","tag_set":"mc-geocoder@media.mit.edu","tag_sets_id":1011,"tags_id":8878580},{"stories_id":2379331777,"tag":"geonames_4662168","tag_set":"mc-geocoder@media.mit.edu","tag_sets_id":1011,"tags_id":8878725},{"stories_id":2379331777,"tag":"geonames_4138106","tag_set":"mc-geocoder@media.mit.edu","tag_sets_id":1011,"tags_id":8878827},{"stories_id":2379331777,"tag":"geonames_4667282","tag_set":"mc-geocoder@media.mit.edu","tag_sets_id":1011,"tags_id":8879476},{"stories_id":2379331777,"tag":"geonames_4140963","tag_set":"mc-geocoder@media.mit.edu","tag_sets_id":1011,"tags_id":8880349},{"stories_id":2379331777,"tag":"nyt_labeller_v1.0.0","tag_set":"nyt_labels_version","tag_sets_id":1964,"tags_id":9360669},{"stories_id":2379331777,"tag":"politics and government","tag_set":"nyt_labels","tag_sets_id":1963,"tags_id":9360836},{"stories_id":2379331777,"tag":"law and legislation","tag_set":"nyt_labels","tag_sets_id":1963,"tags_id":9360837},{"stories_id":2379331777,"tag":"finances","tag_set":"nyt_labels","tag_sets_id":1963,"tags_id":9360840},{"stories_id":2379331777,"tag":"budgets and budgeting","tag_set":"nyt_labels","tag_sets_id":1963,"tags_id":9360850},{"stories_id":2379331777,"tag":"lobbying and lobbyists","tag_set":"nyt_labels","tag_sets_id":1963,"tags_id":9360866},{"stories_id":2379331777,"tag":"Senate","tag_set":"cliff_organizations","tag_sets_id":2388,"tags_id":9362741},{"stories_id":2379331777,"tag":"AP","tag_set":"cliff_organizations","tag_sets_id":2388,"tags_id":9362920},{"stories_id":2379331777,"tag":"Congress","tag_set":"cliff_organizations","tag_sets_id":2388,"tags_id":9362962},{"stories_id":2379331777,"tag":"House","tag_set":"cliff_organizations","tag_sets_id":2388,"tags_id":9363164},{"stories_id":2379331777,"tag":"General Motors","tag_set":"cliff_organizations","tag_sets_id":2388,"tags_id":9363690},{"stories_id":2379331777,"tag":"Environmental Protection Agency","tag_set":"cliff_organizations","tag_sets_id":2388,"tags_id":9363956},{"stories_id":2379331777,"tag":"Nancy Pelosi","tag_set":"cliff_people","tag_sets_id":2389,"tags_id":9364036},{"stories_id":2379331777,"tag":"Chuck Schumer","tag_set":"cliff_people","tag_sets_id":2389,"tags_id":9364810},{"stories_id":2379331777,"tag":"Biden","tag_set":"cliff_people","tag_sets_id":2389,"tags_id":9365736},{"stories_id":2379331777,"tag":"Interior Department","tag_set":"cliff_organizations","tag_sets_id":2388,"tags_id":9367363},{"stories_id":2379331777,"tag":"Kevin McCarthy","tag_set":"cliff_people","tag_sets_id":2389,"tags_id":9368746},{"stories_id":2379331777,"tag":"IRS","tag_set":"cliff_organizations","tag_sets_id":2388,"tags_id":9371486},{"stories_id":2379331777,"tag":"Joe Manchin","tag_set":"cliff_people","tag_sets_id":2389,"tags_id":9374828},{"stories_id":2379331777,"tag":"Transportation","tag_set":"cliff_organizations","tag_sets_id":2388,"tags_id":9375351},{"stories_id":2379331777,"tag":"Kyrsten Sinema","tag_set":"cliff_people","tag_sets_id":2389,"tags_id":9381771},{"stories_id":2379331777,"tag":"Pete Buttigieg","tag_set":"cliff_people","tag_sets_id":2389,"tags_id":9504322},{"stories_id":2379331777,"tag":"Steve Ricchetti","tag_set":"cliff_people","tag_sets_id":2389,"tags_id":10317511},{"stories_id":2379331777,"tag":"Jeff Ricchetti","tag_set":"cliff_people","tag_sets_id":2389,"tags_id":10734168},{"stories_id":2379331777,"tag":"BRENDAN SMIALOWSKI/AFP","tag_set":"cliff_people","tag_sets_id":2389,"tags_id":11311445},{"stories_id":2379331777,"tag":"Scott Applewhite House","tag_set":"cliff_organizations","tag_sets_id":2388,"tags_id":29864848},{"stories_id":2379331777,"tag":"readability-lxml-0.8.1","tag_set":"extractor_version","tag_sets_id":1354,"tags_id":228516910},{"stories_id":2379331777,"tag":"cliff_clavin_v2.6.1","tag_set":"geocoder_version","tag_sets_id":1937,"tags_id":228516911}],"title":"Manchin-Schumer deal smaller than Build Back Better, but still spends billions","url":"https://nypost.com/2022/07/28/manchin-schumer-deal-smaller-than-build-back-better-but-still-spends-billions/","word_count":null}]