[{"ap_syndicated":null,"collect_date":"2022-08-03 14:48:23.465910","feeds":null,"guid":"https://www.washingtonpost.com/world/un-chief-criticizes-grotesque-greed-of-oil-companies/2022/08/03/68a61d38-1358-11ed-8482-06c1c84ce8f2_story.html?utm_source=rss&utm_medium=referral&utm_campaign=wp_world","language":"en","media_id":2,"media_name":null,"media_url":null,"processed_stories_id":null,"publish_date":"2022-08-03 14:16:36","stories_id":2384446850,"story_tags":[{"stories_id":2384446850,"tag":"geonames_690791","tag_set":"mc-geocoder@media.mit.edu","tag_sets_id":1011,"tags_id":8878855},{"stories_id":2384446850,"tag":"geonames_698738","tag_set":"mc-geocoder@media.mit.edu","tag_sets_id":1011,"tags_id":8890599},{"stories_id":2384446850,"tag":"nyt_labeller_v1.0.0","tag_set":"nyt_labels_version","tag_sets_id":1964,"tags_id":9360669},{"stories_id":2384446850,"tag":"politics and government","tag_set":"nyt_labels","tag_sets_id":1963,"tags_id":9360836},{"stories_id":2384446850,"tag":"finances","tag_set":"nyt_labels","tag_sets_id":1963,"tags_id":9360840},{"stories_id":2384446850,"tag":"oil (petroleum) and gasoline","tag_set":"nyt_labels","tag_sets_id":1963,"tags_id":9360884},{"stories_id":2384446850,"tag":"economic conditions and trends","tag_set":"nyt_labels","tag_sets_id":1963,"tags_id":9360989},{"stories_id":2384446850,"tag":"energy and power","tag_set":"nyt_labels","tag_sets_id":1963,"tags_id":9360997},{"stories_id":2384446850,"tag":"UN","tag_set":"cliff_organizations","tag_sets_id":2388,"tags_id":9362786},{"stories_id":2384446850,"tag":"Antonio Guterres","tag_set":"cliff_people","tag_sets_id":2389,"tags_id":9364607},{"stories_id":2384446850,"tag":"UNITED NATIONS","tag_set":"cliff_organizations","tag_sets_id":2388,"tags_id":9366116},{"stories_id":2384446850,"tag":"International Energy Agency","tag_set":"cliff_organizations","tag_sets_id":2388,"tags_id":9387130},{"stories_id":2384446850,"tag":"readability-lxml-0.8.1","tag_set":"extractor_version","tag_sets_id":1354,"tags_id":228516910},{"stories_id":2384446850,"tag":"cliff_clavin_v2.6.1","tag_set":"geocoder_version","tag_sets_id":1937,"tags_id":228516911},{"stories_id":2384446850,"tag":"Global Crisis Response Group","tag_set":"cliff_organizations","tag_sets_id":2388,"tags_id":253473001}],"title":"UN chief criticizes `grotesque greed' of oil companies","url":"https://www.washingtonpost.com/world/un-chief-criticizes-grotesque-greed-of-oil-companies/2022/08/03/68a61d38-1358-11ed-8482-06c1c84ce8f2_story.html?utm_source=rss&utm_medium=referral&utm_campaign=wp_world","word_count":null}]