[{"ap_syndicated":null,"collect_date":"2022-08-05 06:57:25.101085","feeds":null,"guid":"https://www.usatoday.com/story/news/2022/08/05/senate-inflation-reduction-act-climate-change/7284703001/","language":"en","media_id":4,"media_name":null,"media_url":null,"processed_stories_id":null,"publish_date":"2022-08-05 06:01:55","stories_id":2386053353,"story_tags":[{"stories_id":2386053353,"tag":"geonames_6252001","tag_set":"mc-geocoder@media.mit.edu","tag_sets_id":1011,"tags_id":8878461},{"stories_id":2386053353,"tag":"geonames_5128638","tag_set":"mc-geocoder@media.mit.edu","tag_sets_id":1011,"tags_id":8878463},{"stories_id":2386053353,"tag":"geonames_5879092","tag_set":"mc-geocoder@media.mit.edu","tag_sets_id":1011,"tags_id":8878759},{"stories_id":2386053353,"tag":"nyt_labeller_v1.0.0","tag_set":"nyt_labels_version","tag_sets_id":1964,"tags_id":9360669},{"stories_id":2386053353,"tag":"global warming","tag_set":"nyt_labels","tag_sets_id":1963,"tags_id":9360886},{"stories_id":2386053353,"tag":"environment","tag_set":"nyt_labels","tag_sets_id":1963,"tags_id":9360887},{"stories_id":2386053353,"tag":"weather","tag_set":"nyt_labels","tag_sets_id":1963,"tags_id":9360902},{"stories_id":2386053353,"tag":"energy and power","tag_set":"nyt_labels","tag_sets_id":1963,"tags_id":9360997},{"stories_id":2386053353,"tag":"air pollution","tag_set":"nyt_labels","tag_sets_id":1963,"tags_id":9361007},{"stories_id":2386053353,"tag":"Senate","tag_set":"cliff_organizations","tag_sets_id":2388,"tags_id":9362741},{"stories_id":2386053353,"tag":"United Nations","tag_set":"cliff_organizations","tag_sets_id":2388,"tags_id":9362785},{"stories_id":2386053353,"tag":"UN","tag_set":"cliff_organizations","tag_sets_id":2388,"tags_id":9362786},{"stories_id":2386053353,"tag":"European Union","tag_set":"cliff_organizations","tag_sets_id":2388,"tags_id":9362999},{"stories_id":2386053353,"tag":"Joe Biden","tag_set":"cliff_people","tag_sets_id":2389,"tags_id":9363134},{"stories_id":2386053353,"tag":"Department of Energy","tag_set":"cliff_organizations","tag_sets_id":2388,"tags_id":9364164},{"stories_id":2386053353,"tag":"IRA","tag_set":"cliff_organizations","tag_sets_id":2388,"tags_id":9374360},{"stories_id":2386053353,"tag":"António Guterres","tag_set":"cliff_people","tag_sets_id":2389,"tags_id":9377557},{"stories_id":2386053353,"tag":"Natural Resources Defense Council","tag_set":"cliff_organizations","tag_sets_id":2388,"tags_id":9378230},{"stories_id":2386053353,"tag":"DOE","tag_set":"cliff_people","tag_sets_id":2389,"tags_id":9381778},{"stories_id":2386053353,"tag":"Princeton University","tag_set":"cliff_organizations","tag_sets_id":2388,"tags_id":9384802},{"stories_id":2386053353,"tag":"Manish Bapna","tag_set":"cliff_people","tag_sets_id":2389,"tags_id":9457706},{"stories_id":2386053353,"tag":"Anand Gopal","tag_set":"cliff_people","tag_sets_id":2389,"tags_id":9599281},{"stories_id":2386053353,"tag":"readability-lxml-0.8.1","tag_set":"extractor_version","tag_sets_id":1354,"tags_id":228516910},{"stories_id":2386053353,"tag":"cliff_clavin_v2.6.1","tag_set":"geocoder_version","tag_sets_id":1937,"tags_id":228516911}],"title":"'Shouting distance': That's how close the Inflation Reduction Act would get US to its climate goals","url":"http://rssfeeds.usatoday.com/~/705285576/0/usatodaycomnation-topstories~Shouting-distance-Thats-how-close-the-Inflation-Reduction-Act-would-get-US-to-its-climate-goals/","word_count":null}]