[{"ap_syndicated":null,"collect_date":"2022-08-07 16:02:16.407660","feeds":null,"guid":"https://www.nytimes.com/2022/08/07/climate/manchin-schumer-pipeline-political-funding.html","language":"en","media_id":1,"media_name":null,"media_url":null,"processed_stories_id":null,"publish_date":"2022-08-07 15:55:56","stories_id":2387815466,"story_tags":[{"stories_id":2387815466,"tag":"geonames_6252001","tag_set":"mc-geocoder@media.mit.edu","tag_sets_id":1011,"tags_id":8878461},{"stories_id":2387815466,"tag":"geonames_6254928","tag_set":"mc-geocoder@media.mit.edu","tag_sets_id":1011,"tags_id":8878547},{"stories_id":2387815466,"tag":"geonames_4747845","tag_set":"mc-geocoder@media.mit.edu","tag_sets_id":1011,"tags_id":8880542},{"stories_id":2387815466,"tag":"geonames_4744575","tag_set":"mc-geocoder@media.mit.edu","tag_sets_id":1011,"tags_id":8882356},{"stories_id":2387815466,"tag":"nyt_labeller_v1.0.0","tag_set":"nyt_labels_version","tag_sets_id":1964,"tags_id":9360669},{"stories_id":2387815466,"tag":"politics and government","tag_set":"nyt_labels","tag_sets_id":1963,"tags_id":9360836},{"stories_id":2387815466,"tag":"law and legislation","tag_set":"nyt_labels","tag_sets_id":1963,"tags_id":9360837},{"stories_id":2387815466,"tag":"finances","tag_set":"nyt_labels","tag_sets_id":1963,"tags_id":9360840},{"stories_id":2387815466,"tag":"oil (petroleum) and gasoline","tag_set":"nyt_labels","tag_sets_id":1963,"tags_id":9360884},{"stories_id":2387815466,"tag":"environment","tag_set":"nyt_labels","tag_sets_id":1963,"tags_id":9360887},{"stories_id":2387815466,"tag":"energy and power","tag_set":"nyt_labels","tag_sets_id":1963,"tags_id":9360997},{"stories_id":2387815466,"tag":"gas (fuel)","tag_set":"nyt_labels","tag_sets_id":1963,"tags_id":9361098},{"stories_id":2387815466,"tag":"Senate","tag_set":"cliff_organizations","tag_sets_id":2388,"tags_id":9362741},{"stories_id":2387815466,"tag":"Congress","tag_set":"cliff_organizations","tag_sets_id":2388,"tags_id":9362962},{"stories_id":2387815466,"tag":"Ron Wyden","tag_set":"cliff_people","tag_sets_id":2389,"tags_id":9363375},{"stories_id":2387815466,"tag":"Chuck Schumer","tag_set":"cliff_people","tag_sets_id":2389,"tags_id":9364810},{"stories_id":2387815466,"tag":"Biden","tag_set":"cliff_people","tag_sets_id":2389,"tags_id":9365736},{"stories_id":2387815466,"tag":"Senate Finance Committee","tag_set":"cliff_organizations","tag_sets_id":2388,"tags_id":9370119},{"stories_id":2387815466,"tag":"Federal Election Commission","tag_set":"cliff_organizations","tag_sets_id":2388,"tags_id":9371728},{"stories_id":2387815466,"tag":"Bureau of Land Management","tag_set":"cliff_organizations","tag_sets_id":2388,"tags_id":9373685},{"stories_id":2387815466,"tag":"Williams","tag_set":"cliff_people","tag_sets_id":2389,"tags_id":9374143},{"stories_id":2387815466,"tag":"Joe Manchin III","tag_set":"cliff_people","tag_sets_id":2389,"tags_id":9385885},{"stories_id":2387815466,"tag":"Jim Justice","tag_set":"cliff_people","tag_sets_id":2389,"tags_id":9408876},{"stories_id":2387815466,"tag":"Wildlife Service","tag_set":"cliff_organizations","tag_sets_id":2388,"tags_id":9415605},{"stories_id":2387815466,"tag":"U.S. Court of Appeals for the District of Columbia Circuit","tag_set":"cliff_organizations","tag_sets_id":2388,"tags_id":9446322},{"stories_id":2387815466,"tag":"Forest Service","tag_set":"cliff_organizations","tag_sets_id":2388,"tags_id":9535778},{"stories_id":2387815466,"tag":"NextEra Energy","tag_set":"cliff_organizations","tag_sets_id":2388,"tags_id":9594386},{"stories_id":2387815466,"tag":"NextEra","tag_set":"cliff_organizations","tag_sets_id":2388,"tags_id":9594394},{"stories_id":2387815466,"tag":"David Owens","tag_set":"cliff_people","tag_sets_id":2389,"tags_id":9716497},{"stories_id":2387815466,"tag":"Senate energy committee","tag_set":"cliff_organizations","tag_sets_id":2388,"tags_id":9721687},{"stories_id":2387815466,"tag":"Russell Chisholm","tag_set":"cliff_people","tag_sets_id":2389,"tags_id":11443847},{"stories_id":2387815466,"tag":"Glenn Youngkin","tag_set":"cliff_people","tag_sets_id":2389,"tags_id":11881633},{"stories_id":2387815466,"tag":"Natalie Cox","tag_set":"cliff_people","tag_sets_id":2389,"tags_id":29429978},{"stories_id":2387815466,"tag":"Appalachian Mountain","tag_set":"cliff_organizations","tag_sets_id":2388,"tags_id":31158398},{"stories_id":2387815466,"tag":"Joseph M. Lovett","tag_set":"cliff_people","tag_sets_id":2389,"tags_id":33554090},{"stories_id":2387815466,"tag":"David Seriff","tag_set":"cliff_people","tag_sets_id":2389,"tags_id":66211520},{"stories_id":2387815466,"tag":"Equitrans","tag_set":"cliff_organizations","tag_sets_id":2388,"tags_id":71840709},{"stories_id":2387815466,"tag":"Equitrans Midstream","tag_set":"cliff_organizations","tag_sets_id":2388,"tags_id":71877543},{"stories_id":2387815466,"tag":"Jammie Hale","tag_set":"cliff_people","tag_sets_id":2389,"tags_id":73894831},{"stories_id":2387815466,"tag":"Energy Transfer LP","tag_set":"cliff_organizations","tag_sets_id":2388,"tags_id":83627169},{"stories_id":2387815466,"tag":"Crystal Mello","tag_set":"cliff_people","tag_sets_id":2389,"tags_id":136532718},{"stories_id":2387815466,"tag":"geonames_4785807","tag_set":"mc-geocoder@media.mit.edu","tag_sets_id":1011,"tags_id":226220970},{"stories_id":2387815466,"tag":"readability-lxml-0.8.1","tag_set":"extractor_version","tag_sets_id":1354,"tags_id":228516910},{"stories_id":2387815466,"tag":"cliff_clavin_v2.6.1","tag_set":"geocoder_version","tag_sets_id":1937,"tags_id":228516911}],"title":"Manchin’s Donors Include Pipeline Giants That Win in His Climate Deal","url":"https://www.nytimes.com/2022/08/07/climate/manchin-schumer-pipeline-political-funding.html","word_count":null}]