[{"ap_syndicated":null,"collect_date":"2022-08-09 12:29:16.728521","feeds":null,"guid":"{20C06575-04D4-B545-710A-527A3B523FD5}","language":"en","media_id":1150,"media_name":null,"media_url":null,"processed_stories_id":null,"publish_date":"2022-08-09 11:57:00","stories_id":2389431146,"story_tags":[{"stories_id":2389431146,"tag":"geonames_6252001","tag_set":"mc-geocoder@media.mit.edu","tag_sets_id":1011,"tags_id":8878461},{"stories_id":2389431146,"tag":"geonames_4736286","tag_set":"mc-geocoder@media.mit.edu","tag_sets_id":1011,"tags_id":8878538},{"stories_id":2389431146,"tag":"nyt_labeller_v1.0.0","tag_set":"nyt_labels_version","tag_sets_id":1964,"tags_id":9360669},{"stories_id":2389431146,"tag":"labor","tag_set":"nyt_labels","tag_sets_id":1963,"tags_id":9360859},{"stories_id":2389431146,"tag":"oil (petroleum) and gasoline","tag_set":"nyt_labels","tag_sets_id":1963,"tags_id":9360884},{"stories_id":2389431146,"tag":"energy and power","tag_set":"nyt_labels","tag_sets_id":1963,"tags_id":9360997},{"stories_id":2389431146,"tag":"Senate","tag_set":"cliff_organizations","tag_sets_id":2388,"tags_id":9362741},{"stories_id":2389431146,"tag":"Ted Cruz","tag_set":"cliff_people","tag_sets_id":2389,"tags_id":9362748},{"stories_id":2389431146,"tag":"Congress","tag_set":"cliff_organizations","tag_sets_id":2388,"tags_id":9362962},{"stories_id":2389431146,"tag":"House","tag_set":"cliff_organizations","tag_sets_id":2388,"tags_id":9363164},{"stories_id":2389431146,"tag":"Brookings Institution","tag_set":"cliff_organizations","tag_sets_id":2388,"tags_id":9365025},{"stories_id":2389431146,"tag":"Joe Manchin","tag_set":"cliff_people","tag_sets_id":2389,"tags_id":9374828},{"stories_id":2389431146,"tag":"RBC","tag_set":"cliff_organizations","tag_sets_id":2388,"tags_id":9381457},{"stories_id":2389431146,"tag":"Wake Forest University","tag_set":"cliff_organizations","tag_sets_id":2388,"tags_id":9396386},{"stories_id":2389431146,"tag":"Texas legislature","tag_set":"cliff_organizations","tag_sets_id":2388,"tags_id":9401791},{"stories_id":2389431146,"tag":"Helima Croft","tag_set":"cliff_people","tag_sets_id":2389,"tags_id":9414544},{"stories_id":2389431146,"tag":"EVs","tag_set":"cliff_organizations","tag_sets_id":2388,"tags_id":9432985},{"stories_id":2389431146,"tag":"National Bureau of Economic Research","tag_set":"cliff_organizations","tag_sets_id":2388,"tags_id":9453743},{"stories_id":2389431146,"tag":"Bureau of Labor","tag_set":"cliff_organizations","tag_sets_id":2388,"tags_id":9461267},{"stories_id":2389431146,"tag":"NBER","tag_set":"cliff_organizations","tag_sets_id":2388,"tags_id":9468900},{"stories_id":2389431146,"tag":"national Republican Party","tag_set":"cliff_organizations","tag_sets_id":2388,"tags_id":9506638},{"stories_id":2389431146,"tag":"Ioana Marinescu","tag_set":"cliff_people","tag_sets_id":2389,"tags_id":10155533},{"stories_id":2389431146,"tag":"University of Pennsylvania’s School of Social Policy & Practice","tag_set":"cliff_organizations","tag_sets_id":2388,"tags_id":35929038},{"stories_id":2389431146,"tag":"— Bob Keefe","tag_set":"cliff_people","tag_sets_id":2389,"tags_id":36965852},{"stories_id":2389431146,"tag":"readability-lxml-0.8.1","tag_set":"extractor_version","tag_sets_id":1354,"tags_id":228516910},{"stories_id":2389431146,"tag":"cliff_clavin_v2.6.1","tag_set":"geocoder_version","tag_sets_id":1937,"tags_id":228516911},{"stories_id":2389431146,"tag":"green Industrial Revolution","tag_set":"cliff_organizations","tag_sets_id":2388,"tags_id":259106651},{"stories_id":2389431146,"tag":"— E. Mark Curtis","tag_set":"cliff_people","tag_sets_id":2389,"tags_id":259106652}],"title":"Help My Career: Where are the high-paying ‘green’ jobs? Often in the states fighting against them.","url":"http://www.marketwatch.com/news/story.asp?guid=%7B20C06575-04D4-B545-710A-527A3B523FD5%7D&siteid=rss&rss=1","word_count":null}]