[{"ap_syndicated":null,"collect_date":"2022-08-11 09:11:11.482211","feeds":null,"guid":"https://www.nytimes.com/2022/08/11/t-magazine/beach-candles-cotswolds-pub-hotel.html","language":"en","media_id":1,"media_name":null,"media_url":null,"processed_stories_id":null,"publish_date":"2022-08-11 09:00:07","stories_id":2391146972,"story_tags":[{"stories_id":2391146972,"tag":"geonames_6252001","tag_set":"mc-geocoder@media.mit.edu","tag_sets_id":1011,"tags_id":8878461},{"stories_id":2391146972,"tag":"geonames_5110302","tag_set":"mc-geocoder@media.mit.edu","tag_sets_id":1011,"tags_id":8878462},{"stories_id":2391146972,"tag":"geonames_5128638","tag_set":"mc-geocoder@media.mit.edu","tag_sets_id":1011,"tags_id":8878463},{"stories_id":2391146972,"tag":"geonames_6269131","tag_set":"mc-geocoder@media.mit.edu","tag_sets_id":1011,"tags_id":8878467},{"stories_id":2391146972,"tag":"geonames_5357527","tag_set":"mc-geocoder@media.mit.edu","tag_sets_id":1011,"tags_id":8878850},{"stories_id":2391146972,"tag":"geonames_4717560","tag_set":"mc-geocoder@media.mit.edu","tag_sets_id":1011,"tags_id":8883238},{"stories_id":2391146972,"tag":"geonames_2645503","tag_set":"mc-geocoder@media.mit.edu","tag_sets_id":1011,"tags_id":8917650},{"stories_id":2391146972,"tag":"nyt_labeller_v1.0.0","tag_set":"nyt_labels_version","tag_sets_id":1964,"tags_id":9360669},{"stories_id":2391146972,"tag":"Fox","tag_set":"cliff_people","tag_sets_id":2389,"tags_id":9364804},{"stories_id":2391146972,"tag":"Fox","tag_set":"cliff_organizations","tag_sets_id":2388,"tags_id":9364833},{"stories_id":2391146972,"tag":"Tilly","tag_set":"cliff_people","tag_sets_id":2389,"tags_id":9391549},{"stories_id":2391146972,"tag":"David Watkins","tag_set":"cliff_people","tag_sets_id":2389,"tags_id":9696420},{"stories_id":2391146972,"tag":"Rebecca Robertson","tag_set":"cliff_people","tag_sets_id":2389,"tags_id":9981163},{"stories_id":2391146972,"tag":"Bic","tag_set":"cliff_organizations","tag_sets_id":2388,"tags_id":9986442},{"stories_id":2391146972,"tag":"Carole Bamford","tag_set":"cliff_people","tag_sets_id":2389,"tags_id":10037579},{"stories_id":2391146972,"tag":"amaro","tag_set":"cliff_people","tag_sets_id":2389,"tags_id":10096327},{"stories_id":2391146972,"tag":"Mark Byrne","tag_set":"cliff_people","tag_sets_id":2389,"tags_id":10158867},{"stories_id":2391146972,"tag":"jasmine","tag_set":"cliff_people","tag_sets_id":2389,"tags_id":10570847},{"stories_id":2391146972,"tag":"Janie Korn","tag_set":"cliff_people","tag_sets_id":2389,"tags_id":11926300},{"stories_id":2391146972,"tag":"koshihikari rice","tag_set":"cliff_people","tag_sets_id":2389,"tags_id":34326350},{"stories_id":2391146972,"tag":"Alan Gleeson","tag_set":"cliff_people","tag_sets_id":2389,"tags_id":36635227},{"stories_id":2391146972,"tag":"Tristan Willey","tag_set":"cliff_people","tag_sets_id":2389,"tags_id":46568890},{"stories_id":2391146972,"tag":"Pete He","tag_set":"cliff_people","tag_sets_id":2389,"tags_id":61915109},{"stories_id":2391146972,"tag":"Richard Altuna","tag_set":"cliff_people","tag_sets_id":2389,"tags_id":70031550},{"stories_id":2391146972,"tag":"Guillaume Guedj","tag_set":"cliff_people","tag_sets_id":2389,"tags_id":84925118},{"stories_id":2391146972,"tag":"Tsuyoshi Miyazaki","tag_set":"cliff_people","tag_sets_id":2389,"tags_id":88100709},{"stories_id":2391146972,"tag":"Jong Min Baek","tag_set":"cliff_people","tag_sets_id":2389,"tags_id":157300586},{"stories_id":2391146972,"tag":"Bamford Wellness Spa","tag_set":"cliff_organizations","tag_sets_id":2388,"tags_id":197601620},{"stories_id":2391146972,"tag":"readability-lxml-0.8.1","tag_set":"extractor_version","tag_sets_id":1354,"tags_id":228516910},{"stories_id":2391146972,"tag":"cliff_clavin_v2.6.1","tag_set":"geocoder_version","tag_sets_id":1937,"tags_id":228516911},{"stories_id":2391146972,"tag":"Comté mac","tag_set":"cliff_organizations","tag_sets_id":2388,"tags_id":259224328}],"title":"Candles that Capture a Day at the Beach, Down to the Hot Dogs","url":"https://www.nytimes.com/2022/08/11/t-magazine/beach-candles-cotswolds-pub-hotel.html","word_count":null}]