[{"ap_syndicated":null,"collect_date":"2022-09-19 17:49:30.427612","feeds":null,"guid":"https://www.washingtonpost.com/nation/2022/09/19/puerto-rico-blackout-hurricane-fiona/?utm_source=rss&utm_medium=referral&utm_campaign=wp_national","language":"en","media_id":2,"media_name":null,"media_url":null,"processed_stories_id":null,"publish_date":"2022-09-19 16:46:31","stories_id":2425401566,"story_tags":[{"stories_id":2425401566,"tag":"geonames_4736286","tag_set":"mc-geocoder@media.mit.edu","tag_sets_id":1011,"tags_id":8878538},{"stories_id":2425401566,"tag":"geonames_4566966","tag_set":"mc-geocoder@media.mit.edu","tag_sets_id":1011,"tags_id":8878740},{"stories_id":2425401566,"tag":"geonames_4726440","tag_set":"mc-geocoder@media.mit.edu","tag_sets_id":1011,"tags_id":8933812},{"stories_id":2425401566,"tag":"nyt_labeller_v1.0.0","tag_set":"nyt_labels_version","tag_sets_id":1964,"tags_id":9360669},{"stories_id":2425401566,"tag":"finances","tag_set":"nyt_labels","tag_sets_id":1963,"tags_id":9360840},{"stories_id":2425401566,"tag":"hurricanes and tropical storms","tag_set":"nyt_labels","tag_sets_id":1963,"tags_id":9360925},{"stories_id":2425401566,"tag":"energy and power","tag_set":"nyt_labels","tag_sets_id":1963,"tags_id":9360997},{"stories_id":2425401566,"tag":"electric light and power","tag_set":"nyt_labels","tag_sets_id":1963,"tags_id":9361013},{"stories_id":2425401566,"tag":"light","tag_set":"nyt_labels","tag_sets_id":1963,"tags_id":9361014},{"stories_id":2425401566,"tag":"blackouts and brownouts (electrical)","tag_set":"nyt_labels","tag_sets_id":1963,"tags_id":9361015},{"stories_id":2425401566,"tag":"Congress","tag_set":"cliff_organizations","tag_sets_id":2388,"tags_id":9362962},{"stories_id":2425401566,"tag":"senate","tag_set":"cliff_organizations","tag_sets_id":2388,"tags_id":9363230},{"stories_id":2425401566,"tag":"FEMA","tag_set":"cliff_organizations","tag_sets_id":2388,"tags_id":9368313},{"stories_id":2425401566,"tag":"Hurricane Maria","tag_set":"cliff_people","tag_sets_id":2389,"tags_id":9390912},{"stories_id":2425401566,"tag":"Fiona","tag_set":"cliff_people","tag_sets_id":2389,"tags_id":9426081},{"stories_id":2425401566,"tag":"Atco","tag_set":"cliff_organizations","tag_sets_id":2388,"tags_id":9533196},{"stories_id":2425401566,"tag":"Pedro Pierluisi","tag_set":"cliff_people","tag_sets_id":2389,"tags_id":9562165},{"stories_id":2425401566,"tag":"Electric Power Authority","tag_set":"cliff_organizations","tag_sets_id":2388,"tags_id":9624546},{"stories_id":2425401566,"tag":"Luma","tag_set":"cliff_people","tag_sets_id":2389,"tags_id":9628937},{"stories_id":2425401566,"tag":"Quanta Services","tag_set":"cliff_organizations","tag_sets_id":2388,"tags_id":9697482},{"stories_id":2425401566,"tag":"Eduardo Bhatia","tag_set":"cliff_people","tag_sets_id":2389,"tags_id":9707268},{"stories_id":2425401566,"tag":"U.S. Federal Emergency Management Agency","tag_set":"cliff_organizations","tag_sets_id":2388,"tags_id":9820147},{"stories_id":2425401566,"tag":"fiscal oversight board","tag_set":"cliff_organizations","tag_sets_id":2388,"tags_id":10093730},{"stories_id":2425401566,"tag":"Luma","tag_set":"cliff_organizations","tag_sets_id":2388,"tags_id":11077495},{"stories_id":2425401566,"tag":"Sergio Marxuach","tag_set":"cliff_people","tag_sets_id":2389,"tags_id":11296408},{"stories_id":2425401566,"tag":"Mario Hurtado","tag_set":"cliff_people","tag_sets_id":2389,"tags_id":11688488},{"stories_id":2425401566,"tag":"Angel Figueroa Jaramillo","tag_set":"cliff_people","tag_sets_id":2389,"tags_id":34317576},{"stories_id":2425401566,"tag":"Puerto Rico Energy Bureau","tag_set":"cliff_organizations","tag_sets_id":2388,"tags_id":73355117},{"stories_id":2425401566,"tag":"Luma Energy","tag_set":"cliff_organizations","tag_sets_id":2388,"tags_id":206210568},{"stories_id":2425401566,"tag":"readability-lxml-0.8.1","tag_set":"extractor_version","tag_sets_id":1354,"tags_id":228516910},{"stories_id":2425401566,"tag":"cliff_clavin_v2.6.1","tag_set":"geocoder_version","tag_sets_id":1937,"tags_id":228516911},{"stories_id":2425401566,"tag":"Hugo Sorrentini","tag_set":"cliff_people","tag_sets_id":2389,"tags_id":257792341},{"stories_id":2425401566,"tag":"Kathy Roure","tag_set":"cliff_people","tag_sets_id":2389,"tags_id":261233853}],"title":"Even before Fiona, Puerto Rico’s power grid was poised for failure","url":"https://www.washingtonpost.com/nation/2022/09/19/puerto-rico-blackout-hurricane-fiona/?utm_source=rss&utm_medium=referral&utm_campaign=wp_national","word_count":null}]