[{"ap_syndicated":null,"collect_date":"2022-09-19 15:09:56.791142","feeds":null,"guid":"{20C06575-04D4-B545-711F-A6CBFD1CE17F}","language":"en","media_id":1150,"media_name":null,"media_url":null,"processed_stories_id":null,"publish_date":"2022-09-19 14:04:00","stories_id":2425291850,"story_tags":[{"stories_id":2425291850,"tag":"geonames_2635167","tag_set":"mc-geocoder@media.mit.edu","tag_sets_id":1011,"tags_id":8878466},{"stories_id":2425291850,"tag":"geonames_2638360","tag_set":"mc-geocoder@media.mit.edu","tag_sets_id":1011,"tags_id":8879119},{"stories_id":2425291850,"tag":"geonames_2648579","tag_set":"mc-geocoder@media.mit.edu","tag_sets_id":1011,"tags_id":8882429},{"stories_id":2425291850,"tag":"nyt_labeller_v1.0.0","tag_set":"nyt_labels_version","tag_sets_id":1964,"tags_id":9360669},{"stories_id":2425291850,"tag":"global warming","tag_set":"nyt_labels","tag_sets_id":1963,"tags_id":9360886},{"stories_id":2425291850,"tag":"United Nations","tag_set":"cliff_organizations","tag_sets_id":2388,"tags_id":9362785},{"stories_id":2425291850,"tag":"Liz Truss","tag_set":"cliff_people","tag_sets_id":2389,"tags_id":9362896},{"stories_id":2425291850,"tag":"BBC","tag_set":"cliff_organizations","tag_sets_id":2388,"tags_id":9363065},{"stories_id":2425291850,"tag":"Putin","tag_set":"cliff_people","tag_sets_id":2389,"tags_id":9363338},{"stories_id":2425291850,"tag":"U.N.","tag_set":"cliff_organizations","tag_sets_id":2388,"tags_id":9363619},{"stories_id":2425291850,"tag":"Boris Johnson","tag_set":"cliff_people","tag_sets_id":2389,"tags_id":9363715},{"stories_id":2425291850,"tag":"William","tag_set":"cliff_people","tag_sets_id":2389,"tags_id":9367021},{"stories_id":2425291850,"tag":"Conservative Party","tag_set":"cliff_organizations","tag_sets_id":2388,"tags_id":9372238},{"stories_id":2425291850,"tag":"Jacob Rees-Mogg","tag_set":"cliff_people","tag_sets_id":2389,"tags_id":9374856},{"stories_id":2425291850,"tag":"Harry","tag_set":"cliff_people","tag_sets_id":2389,"tags_id":9376502},{"stories_id":2425291850,"tag":"Elizabeth II","tag_set":"cliff_people","tag_sets_id":2389,"tags_id":9388266},{"stories_id":2425291850,"tag":"Meghan","tag_set":"cliff_people","tag_sets_id":2389,"tags_id":9388383},{"stories_id":2425291850,"tag":"Queen Elizabeth II","tag_set":"cliff_people","tag_sets_id":2389,"tags_id":9397194},{"stories_id":2425291850,"tag":"Aston Martin","tag_set":"cliff_people","tag_sets_id":2389,"tags_id":9450548},{"stories_id":2425291850,"tag":"Bezos","tag_set":"cliff_people","tag_sets_id":2389,"tags_id":9495511},{"stories_id":2425291850,"tag":"Emily Atkin","tag_set":"cliff_people","tag_sets_id":2389,"tags_id":9552802},{"stories_id":2425291850,"tag":"environmental justice","tag_set":"cliff_organizations","tag_sets_id":2388,"tags_id":9569724},{"stories_id":2425291850,"tag":"AGF","tag_set":"cliff_organizations","tag_sets_id":2388,"tags_id":9660618},{"stories_id":2425291850,"tag":"Environmental Grantmakers Association","tag_set":"cliff_organizations","tag_sets_id":2388,"tags_id":9883273},{"stories_id":2425291850,"tag":"David Callaway","tag_set":"cliff_people","tag_sets_id":2389,"tags_id":10624455},{"stories_id":2425291850,"tag":"— Greg Valliere","tag_set":"cliff_people","tag_sets_id":2389,"tags_id":36166433},{"stories_id":2425291850,"tag":"] Gavin Newsom","tag_set":"cliff_people","tag_sets_id":2389,"tags_id":91436750},{"stories_id":2425291850,"tag":"Tony Jupiter","tag_set":"cliff_people","tag_sets_id":2389,"tags_id":111149877},{"stories_id":2425291850,"tag":"readability-lxml-0.8.1","tag_set":"extractor_version","tag_sets_id":1354,"tags_id":228516910},{"stories_id":2425291850,"tag":"cliff_clavin_v2.6.1","tag_set":"geocoder_version","tag_sets_id":1937,"tags_id":228516911},{"stories_id":2425291850,"tag":"ESG fintech","tag_set":"cliff_organizations","tag_sets_id":2388,"tags_id":234100564},{"stories_id":2425291850,"tag":"— King Charles III","tag_set":"cliff_people","tag_sets_id":2389,"tags_id":260684971},{"stories_id":2425291850,"tag":"— Tamara Toles O’Laughlin","tag_set":"cliff_people","tag_sets_id":2389,"tags_id":261229054}],"title":"Living With Climate Change: Charles III spoke of global warming way back in 1970. Is he our climate-change king?","url":"http://www.marketwatch.com/news/story.asp?guid=%7B20C06575-04D4-B545-711F-A6CBFD1CE17F%7D&siteid=rss&rss=1","word_count":null}]