[{"ap_syndicated":null,"collect_date":"2022-09-21 17:39:28.378822","feeds":null,"guid":"{20C06575-04D4-B545-7127-49C5A66C20FB}","language":"en","media_id":1150,"media_name":null,"media_url":null,"processed_stories_id":null,"publish_date":"2022-09-21 16:22:00","stories_id":2427380538,"story_tags":[{"stories_id":2427380538,"tag":"geonames_2017370","tag_set":"mc-geocoder@media.mit.edu","tag_sets_id":1011,"tags_id":8878645},{"stories_id":2427380538,"tag":"nyt_labeller_v1.0.0","tag_set":"nyt_labels_version","tag_sets_id":1964,"tags_id":9360669},{"stories_id":2427380538,"tag":"finances","tag_set":"nyt_labels","tag_sets_id":1963,"tags_id":9360840},{"stories_id":2427380538,"tag":"labor","tag_set":"nyt_labels","tag_sets_id":1963,"tags_id":9360859},{"stories_id":2427380538,"tag":"international trade and world market","tag_set":"nyt_labels","tag_sets_id":1963,"tags_id":9360983},{"stories_id":2427380538,"tag":"economic conditions and trends","tag_set":"nyt_labels","tag_sets_id":1963,"tags_id":9360989},{"stories_id":2427380538,"tag":"united states economy","tag_set":"nyt_labels","tag_sets_id":1963,"tags_id":9360990},{"stories_id":2427380538,"tag":"prices (fares, fees and rates)","tag_set":"nyt_labels","tag_sets_id":1963,"tags_id":9360996},{"stories_id":2427380538,"tag":"credit","tag_set":"nyt_labels","tag_sets_id":1963,"tags_id":9361030},{"stories_id":2427380538,"tag":"EU","tag_set":"cliff_organizations","tag_sets_id":2388,"tags_id":9363241},{"stories_id":2427380538,"tag":"Center for American Progress","tag_set":"cliff_organizations","tag_sets_id":2388,"tags_id":9366290},{"stories_id":2427380538,"tag":"Fed","tag_set":"cliff_organizations","tag_sets_id":2388,"tags_id":9367877},{"stories_id":2427380538,"tag":"Federal Reserve","tag_set":"cliff_organizations","tag_sets_id":2388,"tags_id":9368261},{"stories_id":2427380538,"tag":"OPEC","tag_set":"cliff_organizations","tag_sets_id":2388,"tags_id":9375035},{"stories_id":2427380538,"tag":"Marc Jarsulic","tag_set":"cliff_people","tag_sets_id":2389,"tags_id":9716179},{"stories_id":2427380538,"tag":"readability-lxml-0.8.1","tag_set":"extractor_version","tag_sets_id":1354,"tags_id":228516910},{"stories_id":2427380538,"tag":"cliff_clavin_v2.6.1","tag_set":"geocoder_version","tag_sets_id":1937,"tags_id":228516911}],"title":"Outside the Box: Expecting the Fed to solve inflation on its own ignores important root causes that the Fed can’t touch","url":"http://www.marketwatch.com/news/story.asp?guid=%7B20C06575-04D4-B545-7127-49C5A66C20FB%7D&siteid=rss&rss=1","word_count":null}]