[{"ap_syndicated":null,"collect_date":"2022-09-26 19:06:25.166652","feeds":null,"guid":"https://www.nytimes.com/2022/09/26/us/politics/jeremy-jones-tommy-caldwell-climate-ira.html","language":"en","media_id":1,"media_name":null,"media_url":null,"processed_stories_id":null,"publish_date":"2022-09-26 19:00:04","stories_id":2431686153,"story_tags":[{"stories_id":2431686153,"tag":"geonames_6252001","tag_set":"mc-geocoder@media.mit.edu","tag_sets_id":1011,"tags_id":8878461},{"stories_id":2431686153,"tag":"geonames_5096281","tag_set":"mc-geocoder@media.mit.edu","tag_sets_id":1011,"tags_id":8878509},{"stories_id":2431686153,"tag":"geonames_4826850","tag_set":"mc-geocoder@media.mit.edu","tag_sets_id":1011,"tags_id":8878580},{"stories_id":2431686153,"tag":"geonames_5549030","tag_set":"mc-geocoder@media.mit.edu","tag_sets_id":1011,"tags_id":8878632},{"stories_id":2431686153,"tag":"geonames_5549222","tag_set":"mc-geocoder@media.mit.edu","tag_sets_id":1011,"tags_id":8953311},{"stories_id":2431686153,"tag":"nyt_labeller_v1.0.0","tag_set":"nyt_labels_version","tag_sets_id":1964,"tags_id":9360669},{"stories_id":2431686153,"tag":"Donald Trump","tag_set":"cliff_people","tag_sets_id":2389,"tags_id":9362284},{"stories_id":2431686153,"tag":"Supreme Court","tag_set":"cliff_organizations","tag_sets_id":2388,"tags_id":9362719},{"stories_id":2431686153,"tag":"Obama","tag_set":"cliff_people","tag_sets_id":2389,"tags_id":9362721},{"stories_id":2431686153,"tag":"White House","tag_set":"cliff_organizations","tag_sets_id":2388,"tags_id":9362736},{"stories_id":2431686153,"tag":"New York Times","tag_set":"cliff_organizations","tag_sets_id":2388,"tags_id":9362756},{"stories_id":2431686153,"tag":"United Nations","tag_set":"cliff_organizations","tag_sets_id":2388,"tags_id":9362785},{"stories_id":2431686153,"tag":"Sarah Palin","tag_set":"cliff_people","tag_sets_id":2389,"tags_id":9364048},{"stories_id":2431686153,"tag":"HBO","tag_set":"cliff_organizations","tag_sets_id":2388,"tags_id":9365366},{"stories_id":2431686153,"tag":"Biden","tag_set":"cliff_people","tag_sets_id":2389,"tags_id":9365736},{"stories_id":2431686153,"tag":"Cory Gardner","tag_set":"cliff_people","tag_sets_id":2389,"tags_id":9367449},{"stories_id":2431686153,"tag":"I.R.S.","tag_set":"cliff_organizations","tag_sets_id":2388,"tags_id":9370174},{"stories_id":2431686153,"tag":"National Park Service","tag_set":"cliff_organizations","tag_sets_id":2388,"tags_id":9373690},{"stories_id":2431686153,"tag":"Tommy Caldwell","tag_set":"cliff_people","tag_sets_id":2389,"tags_id":9375624},{"stories_id":2431686153,"tag":"Adam Liptak","tag_set":"cliff_people","tag_sets_id":2389,"tags_id":9380853},{"stories_id":2431686153,"tag":"Joe Manchin III","tag_set":"cliff_people","tag_sets_id":2389,"tags_id":9385885},{"stories_id":2431686153,"tag":"Capitol Hill","tag_set":"cliff_organizations","tag_sets_id":2388,"tags_id":9398750},{"stories_id":2431686153,"tag":"John Hickenlooper","tag_set":"cliff_people","tag_sets_id":2389,"tags_id":9421617},{"stories_id":2431686153,"tag":"Jonathan Weisman","tag_set":"cliff_people","tag_sets_id":2389,"tags_id":9447413},{"stories_id":2431686153,"tag":"Lisa Lerer","tag_set":"cliff_people","tag_sets_id":2389,"tags_id":9659732},{"stories_id":2431686153,"tag":"Katie Rogers","tag_set":"cliff_people","tag_sets_id":2389,"tags_id":9677205},{"stories_id":2431686153,"tag":"Reid Epstein","tag_set":"cliff_people","tag_sets_id":2389,"tags_id":9680969},{"stories_id":2431686153,"tag":"John Curtis","tag_set":"cliff_people","tag_sets_id":2389,"tags_id":9751341},{"stories_id":2431686153,"tag":"Alex Honnold","tag_set":"cliff_people","tag_sets_id":2389,"tags_id":9932070},{"stories_id":2431686153,"tag":"Jeremy Jones","tag_set":"cliff_people","tag_sets_id":2389,"tags_id":10095336},{"stories_id":2431686153,"tag":"El Capitan","tag_set":"cliff_organizations","tag_sets_id":2388,"tags_id":10120662},{"stories_id":2431686153,"tag":"Fitz Roy","tag_set":"cliff_people","tag_sets_id":2389,"tags_id":11420610},{"stories_id":2431686153,"tag":"Patti Duncan","tag_set":"cliff_people","tag_sets_id":2389,"tags_id":15703808},{"stories_id":2431686153,"tag":"— Blake","tag_set":"cliff_people","tag_sets_id":2389,"tags_id":29341146},{"stories_id":2431686153,"tag":"Doug Mastriano","tag_set":"cliff_people","tag_sets_id":2389,"tags_id":49382677},{"stories_id":2431686153,"tag":"Mary Peltola","tag_set":"cliff_people","tag_sets_id":2389,"tags_id":50668477},{"stories_id":2431686153,"tag":"Dani Reyes-Acosta","tag_set":"cliff_people","tag_sets_id":2389,"tags_id":200602341},{"stories_id":2431686153,"tag":"readability-lxml-0.8.1","tag_set":"extractor_version","tag_sets_id":1354,"tags_id":228516910},{"stories_id":2431686153,"tag":"cliff_clavin_v2.6.1","tag_set":"geocoder_version","tag_sets_id":1937,"tags_id":228516911}],"title":"How Rock Climbers and Snowboarders Became a Political Force","url":"https://www.nytimes.com/2022/09/26/us/politics/jeremy-jones-tommy-caldwell-climate-ira.html","word_count":null}]