[{"ap_syndicated":null,"collect_date":"2022-10-11 03:08:13.800898","feeds":null,"guid":"https://www.nytimes.com/2022/10/11/business/green-natural-gas.html","language":"en","media_id":1,"media_name":null,"media_url":null,"processed_stories_id":null,"publish_date":"2022-10-11 03:00:15","stories_id":2444445928,"story_tags":[{"stories_id":2444445928,"tag":"geonames_2921044","tag_set":"mc-geocoder@media.mit.edu","tag_sets_id":1011,"tags_id":8878575},{"stories_id":2444445928,"tag":"geonames_2950159","tag_set":"mc-geocoder@media.mit.edu","tag_sets_id":1011,"tags_id":8878621},{"stories_id":2444445928,"tag":"geonames_2862926","tag_set":"mc-geocoder@media.mit.edu","tag_sets_id":1011,"tags_id":8879473},{"stories_id":2444445928,"tag":"nyt_labeller_v1.0.0","tag_set":"nyt_labels_version","tag_sets_id":1964,"tags_id":9360669},{"stories_id":2444445928,"tag":"oil (petroleum) and gasoline","tag_set":"nyt_labels","tag_sets_id":1963,"tags_id":9360884},{"stories_id":2444445928,"tag":"environment","tag_set":"nyt_labels","tag_sets_id":1963,"tags_id":9360887},{"stories_id":2444445928,"tag":"international trade and world market","tag_set":"nyt_labels","tag_sets_id":1963,"tags_id":9360983},{"stories_id":2444445928,"tag":"prices (fares, fees and rates)","tag_set":"nyt_labels","tag_sets_id":1963,"tags_id":9360996},{"stories_id":2444445928,"tag":"energy and power","tag_set":"nyt_labels","tag_sets_id":1963,"tags_id":9360997},{"stories_id":2444445928,"tag":"electric light and power","tag_set":"nyt_labels","tag_sets_id":1963,"tags_id":9361013},{"stories_id":2444445928,"tag":"light","tag_set":"nyt_labels","tag_sets_id":1963,"tags_id":9361014},{"stories_id":2444445928,"tag":"gas (fuel)","tag_set":"nyt_labels","tag_sets_id":1963,"tags_id":9361098},{"stories_id":2444445928,"tag":"Andrew Forrest","tag_set":"cliff_people","tag_sets_id":2389,"tags_id":9368422},{"stories_id":2444445928,"tag":"Kiwi","tag_set":"cliff_organizations","tag_sets_id":2388,"tags_id":9371360},{"stories_id":2444445928,"tag":"ArcelorMittal","tag_set":"cliff_organizations","tag_sets_id":2388,"tags_id":9439714},{"stories_id":2444445928,"tag":"Mark Hutchinson","tag_set":"cliff_people","tag_sets_id":2389,"tags_id":9469423},{"stories_id":2444445928,"tag":"Snam","tag_set":"cliff_organizations","tag_sets_id":2388,"tags_id":9493980},{"stories_id":2444445928,"tag":"Melissa Eddy","tag_set":"cliff_people","tag_sets_id":2389,"tags_id":9506723},{"stories_id":2444445928,"tag":"geonames_2808720","tag_set":"mc-geocoder@media.mit.edu","tag_sets_id":1011,"tags_id":11547428},{"stories_id":2444445928,"tag":"Marco Alverà","tag_set":"cliff_people","tag_sets_id":2389,"tags_id":11573305},{"stories_id":2444445928,"tag":"SKW","tag_set":"cliff_organizations","tag_sets_id":2388,"tags_id":13074993},{"stories_id":2444445928,"tag":"Robert Habeck","tag_set":"cliff_people","tag_sets_id":2389,"tags_id":27885505},{"stories_id":2444445928,"tag":"Wilhelmshaven","tag_set":"cliff_organizations","tag_sets_id":2388,"tags_id":30777472},{"stories_id":2444445928,"tag":"L.N.G.","tag_set":"cliff_organizations","tag_sets_id":2388,"tags_id":33432344},{"stories_id":2444445928,"tag":"Hermann Pengg","tag_set":"cliff_people","tag_sets_id":2389,"tags_id":54459359},{"stories_id":2444445928,"tag":"Patrick Lammers","tag_set":"cliff_people","tag_sets_id":2389,"tags_id":141622974},{"stories_id":2444445928,"tag":"readability-lxml-0.8.1","tag_set":"extractor_version","tag_sets_id":1354,"tags_id":228516910},{"stories_id":2444445928,"tag":"cliff_clavin_v2.6.1","tag_set":"geocoder_version","tag_sets_id":1937,"tags_id":228516911},{"stories_id":2444445928,"tag":"Stefanie Eilers","tag_set":"cliff_people","tag_sets_id":2389,"tags_id":258405475},{"stories_id":2444445928,"tag":"Madjid Kübler","tag_set":"cliff_people","tag_sets_id":2389,"tags_id":262440647},{"stories_id":2444445928,"tag":"Matthias Missling","tag_set":"cliff_people","tag_sets_id":2389,"tags_id":262440648}],"title":"Can This Man Solve Europe’s Energy Conundrum?","url":"https://www.nytimes.com/2022/10/11/business/green-natural-gas.html","word_count":null}]