[{"ap_syndicated":null,"collect_date":"2022-10-16 07:29:05.536645","feeds":null,"guid":"https://www.washingtonpost.com/business/2022/10/16/ohio-senate-manufacturing-jobs/?utm_source=rss&utm_medium=referral&utm_campaign=wp_business","language":"en","media_id":2,"media_name":null,"media_url":null,"processed_stories_id":null,"publish_date":"2022-10-16 07:00:53","stories_id":2449247017,"story_tags":[{"stories_id":2449247017,"tag":"geonames_6252001","tag_set":"mc-geocoder@media.mit.edu","tag_sets_id":1011,"tags_id":8878461},{"stories_id":2449247017,"tag":"geonames_5165418","tag_set":"mc-geocoder@media.mit.edu","tag_sets_id":1011,"tags_id":8878703},{"stories_id":2449247017,"tag":"geonames_4509177","tag_set":"mc-geocoder@media.mit.edu","tag_sets_id":1011,"tags_id":8878904},{"stories_id":2449247017,"tag":"geonames_5174035","tag_set":"mc-geocoder@media.mit.edu","tag_sets_id":1011,"tags_id":8879375},{"stories_id":2449247017,"tag":"geonames_5166516","tag_set":"mc-geocoder@media.mit.edu","tag_sets_id":1011,"tags_id":8900461},{"stories_id":2449247017,"tag":"nyt_labeller_v1.0.0","tag_set":"nyt_labels_version","tag_sets_id":1964,"tags_id":9360669},{"stories_id":2449247017,"tag":"politics and government","tag_set":"nyt_labels","tag_sets_id":1963,"tags_id":9360836},{"stories_id":2449247017,"tag":"Donald Trump","tag_set":"cliff_people","tag_sets_id":2389,"tags_id":9362284},{"stories_id":2449247017,"tag":"Democratic Party","tag_set":"cliff_organizations","tag_sets_id":2388,"tags_id":9362724},{"stories_id":2449247017,"tag":"White House","tag_set":"cliff_organizations","tag_sets_id":2388,"tags_id":9362736},{"stories_id":2449247017,"tag":"Senate","tag_set":"cliff_organizations","tag_sets_id":2388,"tags_id":9362741},{"stories_id":2449247017,"tag":"Washington Post","tag_set":"cliff_organizations","tag_sets_id":2388,"tags_id":9362798},{"stories_id":2449247017,"tag":"CNN","tag_set":"cliff_organizations","tag_sets_id":2388,"tags_id":9362932},{"stories_id":2449247017,"tag":"Biden","tag_set":"cliff_people","tag_sets_id":2389,"tags_id":9365736},{"stories_id":2449247017,"tag":"Intel","tag_set":"cliff_organizations","tag_sets_id":2388,"tags_id":9367220},{"stories_id":2449247017,"tag":"Federal Reserve","tag_set":"cliff_organizations","tag_sets_id":2388,"tags_id":9368261},{"stories_id":2449247017,"tag":"Ohio State University","tag_set":"cliff_organizations","tag_sets_id":2388,"tags_id":9374495},{"stories_id":2449247017,"tag":"JPMorgan Chase","tag_set":"cliff_organizations","tag_sets_id":2388,"tags_id":9379740},{"stories_id":2449247017,"tag":"Tim Ryan","tag_set":"cliff_people","tag_sets_id":2389,"tags_id":9381761},{"stories_id":2449247017,"tag":"University of Akron","tag_set":"cliff_organizations","tag_sets_id":2388,"tags_id":9397706},{"stories_id":2449247017,"tag":"Micron","tag_set":"cliff_organizations","tag_sets_id":2388,"tags_id":9401199},{"stories_id":2449247017,"tag":"J.D. Vance","tag_set":"cliff_people","tag_sets_id":2389,"tags_id":9410034},{"stories_id":2449247017,"tag":"Bureau of Labor","tag_set":"cliff_organizations","tag_sets_id":2388,"tags_id":9461267},{"stories_id":2449247017,"tag":"Sarah Rice","tag_set":"cliff_people","tag_sets_id":2389,"tags_id":9548491},{"stories_id":2449247017,"tag":"Michael Feroli","tag_set":"cliff_people","tag_sets_id":2389,"tags_id":9629864},{"stories_id":2449247017,"tag":"IMCO","tag_set":"cliff_organizations","tag_sets_id":2388,"tags_id":9769726},{"stories_id":2449247017,"tag":"Jeff Thurman","tag_set":"cliff_people","tag_sets_id":2389,"tags_id":10688585},{"stories_id":2449247017,"tag":"Ned Hill","tag_set":"cliff_people","tag_sets_id":2389,"tags_id":11222689},{"stories_id":2449247017,"tag":"Aaron Bates","tag_set":"cliff_people","tag_sets_id":2389,"tags_id":11570791},{"stories_id":2449247017,"tag":"Amanda Weinstein","tag_set":"cliff_people","tag_sets_id":2389,"tags_id":29029255},{"stories_id":2449247017,"tag":"Institute for Supply Management’s manufacturing gauge","tag_set":"cliff_organizations","tag_sets_id":2388,"tags_id":35542018},{"stories_id":2449247017,"tag":"IMCO Carbide Tool","tag_set":"cliff_organizations","tag_sets_id":2388,"tags_id":140719040},{"stories_id":2449247017,"tag":"Perry Osburn","tag_set":"cliff_people","tag_sets_id":2389,"tags_id":153708450},{"stories_id":2449247017,"tag":"Toledo Solar","tag_set":"cliff_organizations","tag_sets_id":2388,"tags_id":212182679},{"stories_id":2449247017,"tag":"readability-lxml-0.8.1","tag_set":"extractor_version","tag_sets_id":1354,"tags_id":228516910},{"stories_id":2449247017,"tag":"cliff_clavin_v2.6.1","tag_set":"geocoder_version","tag_sets_id":1937,"tags_id":228516911},{"stories_id":2449247017,"tag":"Andrew VanRynen","tag_set":"cliff_people","tag_sets_id":2389,"tags_id":262729902}],"title":"Senate race in Ohio is ground zero for hopes of more manufacturing jobs","url":"https://www.washingtonpost.com/business/2022/10/16/ohio-senate-manufacturing-jobs/?utm_source=rss&utm_medium=referral&utm_campaign=wp_business","word_count":null}]