[{"ap_syndicated":null,"collect_date":"2022-10-26 14:34:36.227402","feeds":null,"guid":"https://www.washingtonpost.com/video-games/2022/10/26/unity-video-games-climate-change-graphics-cards/?utm_source=rss&utm_medium=referral&utm_campaign=wp_business","language":"en","media_id":2,"media_name":null,"media_url":null,"processed_stories_id":null,"publish_date":"2022-10-26 01:52:36","stories_id":2459326511,"story_tags":[{"stories_id":2459326511,"tag":"geonames_6252001","tag_set":"mc-geocoder@media.mit.edu","tag_sets_id":1011,"tags_id":8878461},{"stories_id":2459326511,"tag":"geonames_5332921","tag_set":"mc-geocoder@media.mit.edu","tag_sets_id":1011,"tags_id":8878533},{"stories_id":2459326511,"tag":"geonames_5391959","tag_set":"mc-geocoder@media.mit.edu","tag_sets_id":1011,"tags_id":8878536},{"stories_id":2459326511,"tag":"geonames_5357527","tag_set":"mc-geocoder@media.mit.edu","tag_sets_id":1011,"tags_id":8878850},{"stories_id":2459326511,"tag":"geonames_4839521","tag_set":"mc-geocoder@media.mit.edu","tag_sets_id":1011,"tags_id":8897960},{"stories_id":2459326511,"tag":"nyt_labeller_v1.0.0","tag_set":"nyt_labels_version","tag_sets_id":1964,"tags_id":9360669},{"stories_id":2459326511,"tag":"computers and the internet","tag_set":"nyt_labels","tag_sets_id":1963,"tags_id":9360839},{"stories_id":2459326511,"tag":"labor","tag_set":"nyt_labels","tag_sets_id":1963,"tags_id":9360859},{"stories_id":2459326511,"tag":"computer software","tag_set":"nyt_labels","tag_sets_id":1963,"tags_id":9360880},{"stories_id":2459326511,"tag":"computer and video games","tag_set":"nyt_labels","tag_sets_id":1963,"tags_id":9360971},{"stories_id":2459326511,"tag":"games","tag_set":"nyt_labels","tag_sets_id":1963,"tags_id":9361024},{"stories_id":2459326511,"tag":"Yale","tag_set":"cliff_organizations","tag_sets_id":2388,"tags_id":9362286},{"stories_id":2459326511,"tag":"Google","tag_set":"cliff_organizations","tag_sets_id":2388,"tags_id":9363209},{"stories_id":2459326511,"tag":"AAA","tag_set":"cliff_organizations","tag_sets_id":2388,"tags_id":9376517},{"stories_id":2459326511,"tag":"Aesop","tag_set":"cliff_people","tag_sets_id":2389,"tags_id":9385045},{"stories_id":2459326511,"tag":"Nvidia","tag_set":"cliff_organizations","tag_sets_id":2388,"tags_id":9390153},{"stories_id":2459326511,"tag":"National Oceanic and Atmospheric Administration","tag_set":"cliff_organizations","tag_sets_id":2388,"tags_id":9394166},{"stories_id":2459326511,"tag":"Ubisoft","tag_set":"cliff_organizations","tag_sets_id":2388,"tags_id":9406371},{"stories_id":2459326511,"tag":"Lewis Gordon","tag_set":"cliff_people","tag_sets_id":2389,"tags_id":9958860},{"stories_id":2459326511,"tag":"Marina Psaros","tag_set":"cliff_people","tag_sets_id":2389,"tags_id":39648989},{"stories_id":2459326511,"tag":"Psaros","tag_set":"cliff_organizations","tag_sets_id":2388,"tags_id":41738114},{"stories_id":2459326511,"tag":"readability-lxml-0.8.1","tag_set":"extractor_version","tag_sets_id":1354,"tags_id":228516910},{"stories_id":2459326511,"tag":"cliff_clavin_v2.6.1","tag_set":"geocoder_version","tag_sets_id":1937,"tags_id":228516911}],"title":"Video games face a tough choice: Realistic graphics or sustainability","url":"https://www.washingtonpost.com/video-games/2022/10/26/unity-video-games-climate-change-graphics-cards/?utm_source=rss&utm_medium=referral&utm_campaign=wp_business","word_count":null}]