[{"ap_syndicated":null,"collect_date":"2022-11-06 02:55:05.776641","feeds":null,"guid":"https://www.washingtonpost.com/world/ahead-of-cop27-young-african-climate-activists-speak-out/2022/11/06/c2e294e8-5d9a-11ed-bc40-b5a130f95ee7_story.html?utm_source=rss&utm_medium=referral&utm_campaign=wp_world","language":"en","media_id":2,"media_name":null,"media_url":null,"processed_stories_id":null,"publish_date":"2022-11-06 01:18:00","stories_id":2469398764,"story_tags":[{"stories_id":2469398764,"tag":"geonames_3355338","tag_set":"mc-geocoder@media.mit.edu","tag_sets_id":1011,"tags_id":8881331},{"stories_id":2469398764,"tag":"geonames_355182","tag_set":"mc-geocoder@media.mit.edu","tag_sets_id":1011,"tags_id":8882968},{"stories_id":2469398764,"tag":"geonames_3352136","tag_set":"mc-geocoder@media.mit.edu","tag_sets_id":1011,"tags_id":8889764},{"stories_id":2469398764,"tag":"geonames_3352137","tag_set":"mc-geocoder@media.mit.edu","tag_sets_id":1011,"tags_id":8889916},{"stories_id":2469398764,"tag":"geonames_349340","tag_set":"mc-geocoder@media.mit.edu","tag_sets_id":1011,"tags_id":8892348},{"stories_id":2469398764,"tag":"nyt_labeller_v1.0.0","tag_set":"nyt_labels_version","tag_sets_id":1964,"tags_id":9360669},{"stories_id":2469398764,"tag":"politics and government","tag_set":"nyt_labels","tag_sets_id":1963,"tags_id":9360836},{"stories_id":2469398764,"tag":"Associated Press","tag_set":"cliff_organizations","tag_sets_id":2388,"tags_id":9362784},{"stories_id":2469398764,"tag":"AP","tag_set":"cliff_organizations","tag_sets_id":2388,"tags_id":9362920},{"stories_id":2469398764,"tag":"U.N.","tag_set":"cliff_organizations","tag_sets_id":2388,"tags_id":9363619},{"stories_id":2469398764,"tag":"Elizabeth Wathuti","tag_set":"cliff_people","tag_sets_id":2389,"tags_id":49176604},{"stories_id":2469398764,"tag":"Vanessa Nakate","tag_set":"cliff_people","tag_sets_id":2389,"tags_id":136333365},{"stories_id":2469398764,"tag":"readability-lxml-0.8.1","tag_set":"extractor_version","tag_sets_id":1354,"tags_id":228516910},{"stories_id":2469398764,"tag":"cliff_clavin_v2.6.1","tag_set":"geocoder_version","tag_sets_id":1937,"tags_id":228516911},{"stories_id":2469398764,"tag":"Hounaidat Abdouroihamane","tag_set":"cliff_people","tag_sets_id":2389,"tags_id":264233020}],"title":"Ahead of COP27, young African climate activists speak out","url":"https://www.washingtonpost.com/world/ahead-of-cop27-young-african-climate-activists-speak-out/2022/11/06/c2e294e8-5d9a-11ed-bc40-b5a130f95ee7_story.html?utm_source=rss&utm_medium=referral&utm_campaign=wp_world","word_count":null}]