[{"ap_syndicated":null,"collect_date":"2018-05-03 16:51:51.911488","feeds":null,"guid":"https://www.usatoday.com/story/opinion/2018/05/03/dont-let-trump-block-fuel-standards-help-consumers-climate-column/574871002/","language":"en","media_id":4,"media_name":null,"media_url":null,"processed_stories_id":null,"publish_date":"2018-05-03 14:47:00","stories_id":865522722,"story_tags":[{"stories_id":865522722,"tag":"geonames_6252001","tag_set":"mc-geocoder@media.mit.edu","tag_sets_id":1011,"tags_id":8878461},{"stories_id":865522722,"tag":"geonames_5332921","tag_set":"mc-geocoder@media.mit.edu","tag_sets_id":1011,"tags_id":8878533},{"stories_id":865522722,"tag":"readability-lxml-0.6.2","tag_set":"extractor_version","tag_sets_id":1354,"tags_id":9325058},{"stories_id":865522722,"tag":"nyt_labeller_v1.0.0","tag_set":"nyt_labels_version","tag_sets_id":1964,"tags_id":9360669},{"stories_id":865522722,"tag":"law and legislation","tag_set":"nyt_labels","tag_sets_id":1963,"tags_id":9360837},{"stories_id":865522722,"tag":"environment","tag_set":"nyt_labels","tag_sets_id":1963,"tags_id":9360887},{"stories_id":865522722,"tag":"roads and traffic","tag_set":"nyt_labels","tag_sets_id":1963,"tags_id":9360913},{"stories_id":865522722,"tag":"automobiles","tag_set":"nyt_labels","tag_sets_id":1963,"tags_id":9360914},{"stories_id":865522722,"tag":"air pollution","tag_set":"nyt_labels","tag_sets_id":1963,"tags_id":9361007},{"stories_id":865522722,"tag":"Donald Trump","tag_set":"cliff_people","tag_sets_id":2389,"tags_id":9362284},{"stories_id":865522722,"tag":"Obama","tag_set":"cliff_people","tag_sets_id":2389,"tags_id":9362721},{"stories_id":865522722,"tag":"Senate","tag_set":"cliff_organizations","tag_sets_id":2388,"tags_id":9362741},{"stories_id":865522722,"tag":"Congress","tag_set":"cliff_organizations","tag_sets_id":2388,"tags_id":9362962},{"stories_id":865522722,"tag":"Trump administration","tag_set":"cliff_organizations","tag_sets_id":2388,"tags_id":9362998},{"stories_id":865522722,"tag":"George W. Bush","tag_set":"cliff_people","tag_sets_id":2389,"tags_id":9363130},{"stories_id":865522722,"tag":"House","tag_set":"cliff_organizations","tag_sets_id":2388,"tags_id":9363164},{"stories_id":865522722,"tag":"Democratic","tag_set":"cliff_organizations","tag_sets_id":2388,"tags_id":9363325},{"stories_id":865522722,"tag":"Environmental Protection Agency","tag_set":"cliff_organizations","tag_sets_id":2388,"tags_id":9363956},{"stories_id":865522722,"tag":"Dianne Feinstein","tag_set":"cliff_people","tag_sets_id":2389,"tags_id":9364118},{"stories_id":865522722,"tag":"EPA","tag_set":"cliff_organizations","tag_sets_id":2388,"tags_id":9364166},{"stories_id":865522722,"tag":"Rick Perry","tag_set":"cliff_people","tag_sets_id":2389,"tags_id":9365900},{"stories_id":865522722,"tag":"OPEC","tag_set":"cliff_organizations","tag_sets_id":2388,"tags_id":9375035},{"stories_id":865522722,"tag":"Transportation Department","tag_set":"cliff_organizations","tag_sets_id":2388,"tags_id":9384559},{"stories_id":865522722,"tag":"Bennet","tag_set":"cliff_people","tag_sets_id":2389,"tags_id":9412843},{"stories_id":865522722,"tag":"Edward J. Markey","tag_set":"cliff_people","tag_sets_id":2389,"tags_id":9449559},{"stories_id":865522722,"tag":"cliff_clavin_v2.4.1","tag_set":"geocoder_version","tag_sets_id":1937,"tags_id":9696677}],"title":"Don&apos;t let Trump block fuel standards that help consumers, curb pollution: Feinstein & Markey","url":"http://rssfeeds.usatoday.com/~/543345958/0/news-opinion~Donapost-let-Trump-block-fuel-standards-that-help-consumers-curb-pollution-Feinstein-amp-Markey/","word_count":null}]