[{"ap_syndicated":null,"collect_date":"2018-06-06 22:00:40.910426","feeds":null,"guid":"https://www.usatoday.com/story/news/politics/2018/06/06/coal-industry-documents-show-extent-effort-influence-trump/679728002/","language":"en","media_id":4,"media_name":null,"media_url":null,"processed_stories_id":null,"publish_date":"2018-06-06 21:57:45","stories_id":895150202,"story_tags":[{"stories_id":895150202,"tag":"geonames_6252001","tag_set":"mc-geocoder@media.mit.edu","tag_sets_id":1011,"tags_id":8878461},{"stories_id":895150202,"tag":"geonames_4736286","tag_set":"mc-geocoder@media.mit.edu","tag_sets_id":1011,"tags_id":8878538},{"stories_id":895150202,"tag":"geonames_5549030","tag_set":"mc-geocoder@media.mit.edu","tag_sets_id":1011,"tags_id":8878632},{"stories_id":895150202,"tag":"geonames_4717560","tag_set":"mc-geocoder@media.mit.edu","tag_sets_id":1011,"tags_id":8883238},{"stories_id":895150202,"tag":"readability-lxml-0.6.2","tag_set":"extractor_version","tag_sets_id":1354,"tags_id":9325058},{"stories_id":895150202,"tag":"nyt_labeller_v1.0.0","tag_set":"nyt_labels_version","tag_sets_id":1964,"tags_id":9360669},{"stories_id":895150202,"tag":"politics and government","tag_set":"nyt_labels","tag_sets_id":1963,"tags_id":9360836},{"stories_id":895150202,"tag":"environment","tag_set":"nyt_labels","tag_sets_id":1963,"tags_id":9360887},{"stories_id":895150202,"tag":"energy and power","tag_set":"nyt_labels","tag_sets_id":1963,"tags_id":9360997},{"stories_id":895150202,"tag":"mines and mining","tag_set":"nyt_labels","tag_sets_id":1963,"tags_id":9361146},{"stories_id":895150202,"tag":"Obama","tag_set":"cliff_people","tag_sets_id":2389,"tags_id":9362721},{"stories_id":895150202,"tag":"White House","tag_set":"cliff_organizations","tag_sets_id":2388,"tags_id":9362736},{"stories_id":895150202,"tag":"Associated Press","tag_set":"cliff_organizations","tag_sets_id":2388,"tags_id":9362784},{"stories_id":895150202,"tag":"Trump","tag_set":"cliff_organizations","tag_sets_id":2388,"tags_id":9362787},{"stories_id":895150202,"tag":"AP","tag_set":"cliff_organizations","tag_sets_id":2388,"tags_id":9362920},{"stories_id":895150202,"tag":"GOP","tag_set":"cliff_organizations","tag_sets_id":2388,"tags_id":9362923},{"stories_id":895150202,"tag":"Mike Pence","tag_set":"cliff_people","tag_sets_id":2389,"tags_id":9362945},{"stories_id":895150202,"tag":"Congress","tag_set":"cliff_organizations","tag_sets_id":2388,"tags_id":9362962},{"stories_id":895150202,"tag":"Trump administration","tag_set":"cliff_organizations","tag_sets_id":2388,"tags_id":9362998},{"stories_id":895150202,"tag":"Rick Perry","tag_set":"cliff_people","tag_sets_id":2389,"tags_id":9365900},{"stories_id":895150202,"tag":"Scott Pruitt","tag_set":"cliff_people","tag_sets_id":2389,"tags_id":9371011},{"stories_id":895150202,"tag":"Murray Energy","tag_set":"cliff_organizations","tag_sets_id":2388,"tags_id":9378478},{"stories_id":895150202,"tag":"Energy","tag_set":"cliff_organizations","tag_sets_id":2388,"tags_id":9397380},{"stories_id":895150202,"tag":"FirstEnergy","tag_set":"cliff_organizations","tag_sets_id":2388,"tags_id":9487132},{"stories_id":895150202,"tag":"E&E News","tag_set":"cliff_organizations","tag_sets_id":2388,"tags_id":9499621},{"stories_id":895150202,"tag":"Bob Murray","tag_set":"cliff_people","tag_sets_id":2389,"tags_id":9544751},{"stories_id":895150202,"tag":"Murray Energy Corp.","tag_set":"cliff_organizations","tag_sets_id":2388,"tags_id":9549365},{"stories_id":895150202,"tag":"Jae C. Hong","tag_set":"cliff_people","tag_sets_id":2389,"tags_id":9648614},{"stories_id":895150202,"tag":"Health Administration","tag_set":"cliff_organizations","tag_sets_id":2388,"tags_id":9665623},{"stories_id":895150202,"tag":"Andrew Wheeler","tag_set":"cliff_people","tag_sets_id":2389,"tags_id":9686302},{"stories_id":895150202,"tag":"cliff_clavin_v2.4.1","tag_set":"geocoder_version","tag_sets_id":1937,"tags_id":9696677},{"stories_id":895150202,"tag":"E&E","tag_set":"cliff_organizations","tag_sets_id":2388,"tags_id":9704232},{"stories_id":895150202,"tag":"federal Bureau of Labor","tag_set":"cliff_organizations","tag_sets_id":2388,"tags_id":9724823},{"stories_id":895150202,"tag":"Trump Robert \"Bob\" Murray","tag_set":"cliff_people","tag_sets_id":2389,"tags_id":64781578}],"title":"Coal industry documents show extent of effort to influence Trump on Paris accord, regulations","url":"http://rssfeeds.usatoday.com/~/550581626/0/usatodaycomwashington-topstories~Coal-industry-documents-show-extent-of-effort-to-influence-Trump-on-Paris-accord-regulations/","word_count":null}]