[{"ap_syndicated":null,"collect_date":"2018-09-26 09:44:54.951404","feeds":null,"guid":"https://www.washingtonpost.com/world/europe/uk-labour-leader-aims-to-shift-focus-from-brexit-to-economy/2018/09/26/b9306632-c172-11e8-9f4f-a1b7af255aa5_story.html","language":"en","media_id":2,"media_name":null,"media_url":null,"processed_stories_id":null,"publish_date":"2018-09-26 09:31:22","stories_id":1003637853,"story_tags":[{"stories_id":1003637853,"tag":"geonames_2635167","tag_set":"mc-geocoder@media.mit.edu","tag_sets_id":1011,"tags_id":8878466},{"stories_id":1003637853,"tag":"geonames_6269131","tag_set":"mc-geocoder@media.mit.edu","tag_sets_id":1011,"tags_id":8878467},{"stories_id":1003637853,"tag":"geonames_2644210","tag_set":"mc-geocoder@media.mit.edu","tag_sets_id":1011,"tags_id":8879649},{"stories_id":1003637853,"tag":"nyt_labeller_v1.0.0","tag_set":"nyt_labels_version","tag_sets_id":1964,"tags_id":9360669},{"stories_id":1003637853,"tag":"politics and government","tag_set":"nyt_labels","tag_sets_id":1963,"tags_id":9360836},{"stories_id":1003637853,"tag":"Associated Press","tag_set":"cliff_organizations","tag_sets_id":2388,"tags_id":9362784},{"stories_id":1003637853,"tag":"AP","tag_set":"cliff_organizations","tag_sets_id":2388,"tags_id":9362920},{"stories_id":1003637853,"tag":"European Union","tag_set":"cliff_organizations","tag_sets_id":2388,"tags_id":9362999},{"stories_id":1003637853,"tag":"EU","tag_set":"cliff_organizations","tag_sets_id":2388,"tags_id":9363241},{"stories_id":1003637853,"tag":"Labour","tag_set":"cliff_organizations","tag_sets_id":2388,"tags_id":9363654},{"stories_id":1003637853,"tag":"Jeremy Corbyn","tag_set":"cliff_people","tag_sets_id":2389,"tags_id":9363655},{"stories_id":1003637853,"tag":"Theresa May","tag_set":"cliff_people","tag_sets_id":2389,"tags_id":9363658},{"stories_id":1003637853,"tag":"Tony Blair","tag_set":"cliff_people","tag_sets_id":2389,"tags_id":9365601},{"stories_id":1003637853,"tag":"Parliament","tag_set":"cliff_organizations","tag_sets_id":2388,"tags_id":9366584},{"stories_id":1003637853,"tag":"Labour Party","tag_set":"cliff_organizations","tag_sets_id":2388,"tags_id":9367396},{"stories_id":1003637853,"tag":"cliff_clavin_v2.4.1","tag_set":"geocoder_version","tag_sets_id":1937,"tags_id":9696677},{"stories_id":1003637853,"tag":"Peter Byrne/PA","tag_set":"cliff_people","tag_sets_id":2389,"tags_id":9753635},{"stories_id":1003637853,"tag":"readability-lxml-0.7","tag_set":"extractor_version","tag_sets_id":1354,"tags_id":81092444}],"title":"UK Labour leader aims to shift focus from Brexit to economy","url":"https://www.washingtonpost.com/world/europe/uk-labour-leader-aims-to-shift-focus-from-brexit-to-economy/2018/09/26/b9306632-c172-11e8-9f4f-a1b7af255aa5_story.html","word_count":null}]