[{"ap_syndicated":null,"collect_date":"2018-10-12 08:08:35.380489","feeds":null,"guid":"https://www.usatoday.com/story/opinion/2018/10/12/states-key-fighting-climate-change-column/1593176002/","language":"en","media_id":4,"media_name":null,"media_url":null,"processed_stories_id":null,"publish_date":"2018-10-12 08:00:04","stories_id":1021855531,"story_tags":[{"stories_id":1021855531,"tag":"geonames_6252001","tag_set":"mc-geocoder@media.mit.edu","tag_sets_id":1011,"tags_id":8878461},{"stories_id":1021855531,"tag":"geonames_5332921","tag_set":"mc-geocoder@media.mit.edu","tag_sets_id":1011,"tags_id":8878533},{"stories_id":1021855531,"tag":"geonames_4062577","tag_set":"mc-geocoder@media.mit.edu","tag_sets_id":1011,"tags_id":8879665},{"stories_id":1021855531,"tag":"geonames_4717560","tag_set":"mc-geocoder@media.mit.edu","tag_sets_id":1011,"tags_id":8883238},{"stories_id":1021855531,"tag":"geonames_7798575","tag_set":"mc-geocoder@media.mit.edu","tag_sets_id":1011,"tags_id":8884799},{"stories_id":1021855531,"tag":"nyt_labeller_v1.0.0","tag_set":"nyt_labels_version","tag_sets_id":1964,"tags_id":9360669},{"stories_id":1021855531,"tag":"global warming","tag_set":"nyt_labels","tag_sets_id":1963,"tags_id":9360886},{"stories_id":1021855531,"tag":"environment","tag_set":"nyt_labels","tag_sets_id":1963,"tags_id":9360887},{"stories_id":1021855531,"tag":"weather","tag_set":"nyt_labels","tag_sets_id":1963,"tags_id":9360902},{"stories_id":1021855531,"tag":"hurricanes and tropical storms","tag_set":"nyt_labels","tag_sets_id":1963,"tags_id":9360925},{"stories_id":1021855531,"tag":"water","tag_set":"nyt_labels","tag_sets_id":1963,"tags_id":9361151},{"stories_id":1021855531,"tag":"drought","tag_set":"nyt_labels","tag_sets_id":1963,"tags_id":9361230},{"stories_id":1021855531,"tag":"Senate","tag_set":"cliff_organizations","tag_sets_id":2388,"tags_id":9362741},{"stories_id":1021855531,"tag":"Trump","tag_set":"cliff_people","tag_sets_id":2389,"tags_id":9362872},{"stories_id":1021855531,"tag":"AP","tag_set":"cliff_organizations","tag_sets_id":2388,"tags_id":9362920},{"stories_id":1021855531,"tag":"Michael","tag_set":"cliff_people","tag_sets_id":2389,"tags_id":9369548},{"stories_id":1021855531,"tag":"Douglas","tag_set":"cliff_people","tag_sets_id":2389,"tags_id":9371782},{"stories_id":1021855531,"tag":"Tampa Bay Times","tag_set":"cliff_organizations","tag_sets_id":2388,"tags_id":9386674},{"stories_id":1021855531,"tag":"cliff_clavin_v2.4.1","tag_set":"geocoder_version","tag_sets_id":1937,"tags_id":9696677},{"stories_id":1021855531,"tag":"Abigail Dillen","tag_set":"cliff_people","tag_sets_id":2389,"tags_id":10758153},{"stories_id":1021855531,"tag":"readability-lxml-0.7","tag_set":"extractor_version","tag_sets_id":1354,"tags_id":81092444}],"title":"States can lead the way on climate change policy as Trump rolls back protections","url":"http://rssfeeds.usatoday.com/~/574402914/0/usatoday-newstopstories~States-can-lead-the-way-on-climate-change-policy-as-Trump-rolls-back-protections/","word_count":null}]