[{"ap_syndicated":null,"collect_date":"2018-11-14 08:55:03.098177","feeds":null,"guid":"https://www.washingtonpost.com/news/powerpost/paloma/the-energy-202/2018/11/14/the-energy-202-green-protests-at-pelosi-s-office-signal-rift-over-democratic-climate-strategy/5beb28131b326b39290547cc/","language":"en","media_id":2,"media_name":null,"media_url":null,"processed_stories_id":null,"publish_date":"2018-11-14 08:31:25","stories_id":1073023039,"story_tags":[{"stories_id":1073023039,"tag":"guess_by_unknown","tag_set":"date_guess_method","tag_sets_id":508,"tags_id":50741492}],"title":"The Energy 202: Green protests at Pelosi's office signal rift over Democratic climate strategy","url":"https://www.washingtonpost.com/news/powerpost/paloma/the-energy-202/2018/11/14/the-energy-202-green-protests-at-pelosi-s-office-signal-rift-over-democratic-climate-strategy/5beb28131b326b39290547cc/","word_count":null}]