[{"ap_syndicated":null,"collect_date":"2018-11-23 19:36:24.953310","feeds":null,"guid":"https://www.washingtonpost.com/business/energy-environment/major-trump-administration-climate-report-says-damages-are-intensifying-across-the-country/2018/11/23/03be6472-c7ee-4f16-9728-633e1e91a26c_story.html","language":"en","media_id":2,"media_name":null,"media_url":null,"processed_stories_id":null,"publish_date":"2018-11-23 16:49:07","stories_id":1089087831,"story_tags":[{"stories_id":1089087831,"tag":"geonames_6252001","tag_set":"mc-geocoder@media.mit.edu","tag_sets_id":1011,"tags_id":8878461},{"stories_id":1089087831,"tag":"geonames_5332921","tag_set":"mc-geocoder@media.mit.edu","tag_sets_id":1011,"tags_id":8878533},{"stories_id":1089087831,"tag":"geonames_4717560","tag_set":"mc-geocoder@media.mit.edu","tag_sets_id":1011,"tags_id":8883238},{"stories_id":1089087831,"tag":"nyt_labeller_v1.0.0","tag_set":"nyt_labels_version","tag_sets_id":1964,"tags_id":9360669},{"stories_id":1089087831,"tag":"politics and government","tag_set":"nyt_labels","tag_sets_id":1963,"tags_id":9360836},{"stories_id":1089087831,"tag":"global warming","tag_set":"nyt_labels","tag_sets_id":1963,"tags_id":9360886},{"stories_id":1089087831,"tag":"environment","tag_set":"nyt_labels","tag_sets_id":1963,"tags_id":9360887},{"stories_id":1089087831,"tag":"weather","tag_set":"nyt_labels","tag_sets_id":1963,"tags_id":9360902},{"stories_id":1089087831,"tag":"hurricanes and tropical storms","tag_set":"nyt_labels","tag_sets_id":1963,"tags_id":9360925},{"stories_id":1089087831,"tag":"National Academy of Sciences","tag_set":"cliff_organizations","tag_sets_id":2388,"tags_id":9362168},{"stories_id":1089087831,"tag":"Donald Trump","tag_set":"cliff_people","tag_sets_id":2389,"tags_id":9362284},{"stories_id":1089087831,"tag":"Obama","tag_set":"cliff_people","tag_sets_id":2389,"tags_id":9362721},{"stories_id":1089087831,"tag":"White House","tag_set":"cliff_organizations","tag_sets_id":2388,"tags_id":9362736},{"stories_id":1089087831,"tag":"United Nations","tag_set":"cliff_organizations","tag_sets_id":2388,"tags_id":9362785},{"stories_id":1089087831,"tag":"AP","tag_set":"cliff_organizations","tag_sets_id":2388,"tags_id":9362920},{"stories_id":1089087831,"tag":"Trump administration","tag_set":"cliff_organizations","tag_sets_id":2388,"tags_id":9362998},{"stories_id":1089087831,"tag":"CBS","tag_set":"cliff_organizations","tag_sets_id":2388,"tags_id":9363631},{"stories_id":1089087831,"tag":"Chris Mooney","tag_set":"cliff_people","tag_sets_id":2389,"tags_id":9374895},{"stories_id":1089087831,"tag":"Brady Dennis","tag_set":"cliff_people","tag_sets_id":2389,"tags_id":9374896},{"stories_id":1089087831,"tag":"National Oceanic and Atmospheric Administration","tag_set":"cliff_organizations","tag_sets_id":2388,"tags_id":9394166},{"stories_id":1089087831,"tag":"Sheldon Whitehouse","tag_set":"cliff_people","tag_sets_id":2389,"tags_id":9404082},{"stories_id":1089087831,"tag":"NOAA","tag_set":"cliff_organizations","tag_sets_id":2388,"tags_id":9407329},{"stories_id":1089087831,"tag":"Kathryn Sullivan","tag_set":"cliff_people","tag_sets_id":2389,"tags_id":9432839},{"stories_id":1089087831,"tag":"Northern Arizona University","tag_set":"cliff_organizations","tag_sets_id":2388,"tags_id":9447893},{"stories_id":1089087831,"tag":"John Holdren","tag_set":"cliff_people","tag_sets_id":2389,"tags_id":9468387},{"stories_id":1089087831,"tag":"Carnegie Institution for Science","tag_set":"cliff_organizations","tag_sets_id":2388,"tags_id":9505226},{"stories_id":1089087831,"tag":"Ken Caldeira","tag_set":"cliff_people","tag_sets_id":2389,"tags_id":9505230},{"stories_id":1089087831,"tag":"U.S. Global Change Research","tag_set":"cliff_organizations","tag_sets_id":2388,"tags_id":9509501},{"stories_id":1089087831,"tag":"Wesleyan University","tag_set":"cliff_organizations","tag_sets_id":2388,"tags_id":9541077},{"stories_id":1089087831,"tag":"Gary Yohe","tag_set":"cliff_people","tag_sets_id":2389,"tags_id":9668579},{"stories_id":1089087831,"tag":"cliff_clavin_v2.4.1","tag_set":"geocoder_version","tag_sets_id":1937,"tags_id":9696677},{"stories_id":1089087831,"tag":"Susanne Torriente","tag_set":"cliff_people","tag_sets_id":2389,"tags_id":9723686},{"stories_id":1089087831,"tag":"Photo/Noah Berger","tag_set":"cliff_people","tag_sets_id":2389,"tags_id":10076998},{"stories_id":1089087831,"tag":"Monica Allen","tag_set":"cliff_people","tag_sets_id":2389,"tags_id":10897493},{"stories_id":1089087831,"tag":"Ted Schuur","tag_set":"cliff_people","tag_sets_id":2389,"tags_id":11322637},{"stories_id":1089087831,"tag":"Jose Corona","tag_set":"cliff_people","tag_sets_id":2389,"tags_id":21073974},{"stories_id":1089087831,"tag":"readability-lxml-0.7","tag_set":"extractor_version","tag_sets_id":1354,"tags_id":81092444}],"title":"Major Trump administration climate report says damages are ‘intensifying across the country’","url":"https://www.washingtonpost.com/business/energy-environment/major-trump-administration-climate-report-says-damages-are-intensifying-across-the-country/2018/11/23/03be6472-c7ee-4f16-9728-633e1e91a26c_story.html","word_count":null}]