[{"ap_syndicated":null,"collect_date":"2018-12-03 12:52:27.935788","feeds":null,"guid":"http://nypost.com/?post_type=article&p=13246360","language":"en","media_id":7,"media_name":null,"media_url":null,"processed_stories_id":null,"publish_date":"2018-12-03 12:46:58","stories_id":1105893427,"story_tags":[{"stories_id":1105893427,"tag":"geonames_6252001","tag_set":"mc-geocoder@media.mit.edu","tag_sets_id":1011,"tags_id":8878461},{"stories_id":1105893427,"tag":"geonames_4736286","tag_set":"mc-geocoder@media.mit.edu","tag_sets_id":1011,"tags_id":8878538},{"stories_id":1105893427,"tag":"geonames_4717560","tag_set":"mc-geocoder@media.mit.edu","tag_sets_id":1011,"tags_id":8883238},{"stories_id":1105893427,"tag":"geonames_3096472","tag_set":"mc-geocoder@media.mit.edu","tag_sets_id":1011,"tags_id":8901938},{"stories_id":1105893427,"tag":"nyt_labeller_v1.0.0","tag_set":"nyt_labels_version","tag_sets_id":1964,"tags_id":9360669},{"stories_id":1105893427,"tag":"oil (petroleum) and gasoline","tag_set":"nyt_labels","tag_sets_id":1963,"tags_id":9360884},{"stories_id":1105893427,"tag":"global warming","tag_set":"nyt_labels","tag_sets_id":1963,"tags_id":9360886},{"stories_id":1105893427,"tag":"environment","tag_set":"nyt_labels","tag_sets_id":1963,"tags_id":9360887},{"stories_id":1105893427,"tag":"weather","tag_set":"nyt_labels","tag_sets_id":1963,"tags_id":9360902},{"stories_id":1105893427,"tag":"energy and power","tag_set":"nyt_labels","tag_sets_id":1963,"tags_id":9360997},{"stories_id":1105893427,"tag":"air pollution","tag_set":"nyt_labels","tag_sets_id":1963,"tags_id":9361007},{"stories_id":1105893427,"tag":"chemistry","tag_set":"nyt_labels","tag_sets_id":1963,"tags_id":9361262},{"stories_id":1105893427,"tag":"Donald Trump","tag_set":"cliff_people","tag_sets_id":2389,"tags_id":9362284},{"stories_id":1105893427,"tag":"United Nations","tag_set":"cliff_organizations","tag_sets_id":2388,"tags_id":9362785},{"stories_id":1105893427,"tag":"UN","tag_set":"cliff_organizations","tag_sets_id":2388,"tags_id":9362786},{"stories_id":1105893427,"tag":"State Department","tag_set":"cliff_organizations","tag_sets_id":2388,"tags_id":9362865},{"stories_id":1105893427,"tag":"World Bank Group","tag_set":"cliff_organizations","tag_sets_id":2388,"tags_id":9379433},{"stories_id":1105893427,"tag":"Christiana Figueres","tag_set":"cliff_people","tag_sets_id":2389,"tags_id":9395551},{"stories_id":1105893427,"tag":"World Resources Institute","tag_set":"cliff_organizations","tag_sets_id":2388,"tags_id":9421796},{"stories_id":1105893427,"tag":"David Waskow","tag_set":"cliff_people","tag_sets_id":2389,"tags_id":9421798},{"stories_id":1105893427,"tag":"Armin Laschet","tag_set":"cliff_people","tag_sets_id":2389,"tags_id":9558186},{"stories_id":1105893427,"tag":"cliff_clavin_v2.4.1","tag_set":"geocoder_version","tag_sets_id":1937,"tags_id":9696677},{"stories_id":1105893427,"tag":"Funke media group","tag_set":"cliff_organizations","tag_sets_id":2388,"tags_id":10060813},{"stories_id":1105893427,"tag":"Michal Kurtyka","tag_set":"cliff_people","tag_sets_id":2389,"tags_id":41194112},{"stories_id":1105893427,"tag":"readability-lxml-0.7","tag_set":"extractor_version","tag_sets_id":1354,"tags_id":81092444}],"title":"Future of coal takes center stage at climate talks in Poland","url":"https://nypost.com/2018/12/03/future-of-coal-takes-center-stage-at-climate-talks-in-poland/","word_count":null}]