[{"ap_syndicated":null,"collect_date":"2018-12-15 11:23:47.699601","feeds":null,"guid":"SB12415857448088814142004584633122413489330","language":"en","media_id":1150,"media_name":null,"media_url":null,"processed_stories_id":null,"publish_date":"2018-12-14 19:06:33","stories_id":1120081908,"story_tags":[{"stories_id":1120081908,"tag":"geonames_6252001","tag_set":"mc-geocoder@media.mit.edu","tag_sets_id":1011,"tags_id":8878461},{"stories_id":1120081908,"tag":"geonames_5128638","tag_set":"mc-geocoder@media.mit.edu","tag_sets_id":1011,"tags_id":8878463},{"stories_id":1120081908,"tag":"geonames_2988507","tag_set":"mc-geocoder@media.mit.edu","tag_sets_id":1011,"tags_id":8878572},{"stories_id":1120081908,"tag":"geonames_4930956","tag_set":"mc-geocoder@media.mit.edu","tag_sets_id":1011,"tags_id":8878689},{"stories_id":1120081908,"tag":"geonames_4172131","tag_set":"mc-geocoder@media.mit.edu","tag_sets_id":1011,"tags_id":8878692},{"stories_id":1120081908,"tag":"geonames_5114225","tag_set":"mc-geocoder@media.mit.edu","tag_sets_id":1011,"tags_id":9020454},{"stories_id":1120081908,"tag":"geonames_5165101","tag_set":"mc-geocoder@media.mit.edu","tag_sets_id":1011,"tags_id":9027466},{"stories_id":1120081908,"tag":"nyt_labeller_v1.0.0","tag_set":"nyt_labels_version","tag_sets_id":1964,"tags_id":9360669},{"stories_id":1120081908,"tag":"Trump","tag_set":"cliff_people","tag_sets_id":2389,"tags_id":9362872},{"stories_id":1120081908,"tag":"Bill Clinton","tag_set":"cliff_people","tag_sets_id":2389,"tags_id":9363221},{"stories_id":1120081908,"tag":"Christopher","tag_set":"cliff_people","tag_sets_id":2389,"tags_id":9363337},{"stories_id":1120081908,"tag":"Boeing","tag_set":"cliff_organizations","tag_sets_id":2388,"tags_id":9364153},{"stories_id":1120081908,"tag":"Barclays","tag_set":"cliff_organizations","tag_sets_id":2388,"tags_id":9364677},{"stories_id":1120081908,"tag":"Alstom","tag_set":"cliff_organizations","tag_sets_id":2388,"tags_id":9366471},{"stories_id":1120081908,"tag":"Siemens","tag_set":"cliff_organizations","tag_sets_id":2388,"tags_id":9367846},{"stories_id":1120081908,"tag":"Fed","tag_set":"cliff_organizations","tag_sets_id":2388,"tags_id":9367877},{"stories_id":1120081908,"tag":"Federal Reserve","tag_set":"cliff_organizations","tag_sets_id":2388,"tags_id":9368261},{"stories_id":1120081908,"tag":"S&P","tag_set":"cliff_organizations","tag_sets_id":2388,"tags_id":9368263},{"stories_id":1120081908,"tag":"Michael","tag_set":"cliff_people","tag_sets_id":2389,"tags_id":9369548},{"stories_id":1120081908,"tag":"GE","tag_set":"cliff_organizations","tag_sets_id":2388,"tags_id":9369925},{"stories_id":1120081908,"tag":"Mitsubishi","tag_set":"cliff_organizations","tag_sets_id":2388,"tags_id":9373295},{"stories_id":1120081908,"tag":"Harvard Business School","tag_set":"cliff_organizations","tag_sets_id":2388,"tags_id":9376404},{"stories_id":1120081908,"tag":"AAA","tag_set":"cliff_organizations","tag_sets_id":2388,"tags_id":9376517},{"stories_id":1120081908,"tag":"irons","tag_set":"cliff_people","tag_sets_id":2389,"tags_id":9376693},{"stories_id":1120081908,"tag":"General Electric","tag_set":"cliff_organizations","tag_sets_id":2388,"tags_id":9376781},{"stories_id":1120081908,"tag":"U.S. Justice Department","tag_set":"cliff_organizations","tag_sets_id":2388,"tags_id":9376973},{"stories_id":1120081908,"tag":"PepsiCo","tag_set":"cliff_organizations","tag_sets_id":2388,"tags_id":9384276},{"stories_id":1120081908,"tag":"Home Depot","tag_set":"cliff_organizations","tag_sets_id":2388,"tags_id":9386681},{"stories_id":1120081908,"tag":"Baker Hughes","tag_set":"cliff_organizations","tag_sets_id":2388,"tags_id":9387691},{"stories_id":1120081908,"tag":"Jeff Immelt","tag_set":"cliff_people","tag_sets_id":2389,"tags_id":9387692},{"stories_id":1120081908,"tag":"John Flannery","tag_set":"cliff_people","tag_sets_id":2389,"tags_id":9387694},{"stories_id":1120081908,"tag":"Nelson Peltz","tag_set":"cliff_people","tag_sets_id":2389,"tags_id":9387695},{"stories_id":1120081908,"tag":"Lorenzo Simonelli","tag_set":"cliff_people","tag_sets_id":2389,"tags_id":9387696},{"stories_id":1120081908,"tag":"GE Capital","tag_set":"cliff_organizations","tag_sets_id":2388,"tags_id":9390622},{"stories_id":1120081908,"tag":"WSJ","tag_set":"cliff_organizations","tag_sets_id":2388,"tags_id":9396028},{"stories_id":1120081908,"tag":"Chrysler","tag_set":"cliff_organizations","tag_sets_id":2388,"tags_id":9402760},{"stories_id":1120081908,"tag":"DuPont","tag_set":"cliff_organizations","tag_sets_id":2388,"tags_id":9404548},{"stories_id":1120081908,"tag":"Jack Welch","tag_set":"cliff_people","tag_sets_id":2389,"tags_id":9405347},{"stories_id":1120081908,"tag":"Patrick Kron","tag_set":"cliff_people","tag_sets_id":2389,"tags_id":9407075},{"stories_id":1120081908,"tag":"Lehman Brothers","tag_set":"cliff_organizations","tag_sets_id":2388,"tags_id":9409447},{"stories_id":1120081908,"tag":"Honeywell","tag_set":"cliff_organizations","tag_sets_id":2388,"tags_id":9412862},{"stories_id":1120081908,"tag":"Rockwell Collins","tag_set":"cliff_organizations","tag_sets_id":2388,"tags_id":9440026},{"stories_id":1120081908,"tag":"David Paul Morris/Bloomberg","tag_set":"cliff_people","tag_sets_id":2389,"tags_id":9460045},{"stories_id":1120081908,"tag":"Siemens AG","tag_set":"cliff_organizations","tag_sets_id":2388,"tags_id":9461314},{"stories_id":1120081908,"tag":"Brooks","tag_set":"cliff_organizations","tag_sets_id":2388,"tags_id":9485481},{"stories_id":1120081908,"tag":"Scott Davis","tag_set":"cliff_people","tag_sets_id":2389,"tags_id":9497132},{"stories_id":1120081908,"tag":"General Electric Co","tag_set":"cliff_organizations","tag_sets_id":2388,"tags_id":9497450},{"stories_id":1120081908,"tag":"John Pierpont Morgan","tag_set":"cliff_people","tag_sets_id":2389,"tags_id":9504093},{"stories_id":1120081908,"tag":"Ingersoll-Rand","tag_set":"cliff_organizations","tag_sets_id":2388,"tags_id":9507582},{"stories_id":1120081908,"tag":"Genworth","tag_set":"cliff_organizations","tag_sets_id":2388,"tags_id":9541462},{"stories_id":1120081908,"tag":"Mondelez International","tag_set":"cliff_organizations","tag_sets_id":2388,"tags_id":9575126},{"stories_id":1120081908,"tag":"Trian Fund Management","tag_set":"cliff_organizations","tag_sets_id":2388,"tags_id":9604008},{"stories_id":1120081908,"tag":"Susan Peters","tag_set":"cliff_people","tag_sets_id":2389,"tags_id":9606688},{"stories_id":1120081908,"tag":"Jeff Bornstein","tag_set":"cliff_people","tag_sets_id":2389,"tags_id":9615751},{"stories_id":1120081908,"tag":"Trian","tag_set":"cliff_organizations","tag_sets_id":2388,"tags_id":9639719},{"stories_id":1120081908,"tag":"Alstom SA","tag_set":"cliff_organizations","tag_sets_id":2388,"tags_id":9644494},{"stories_id":1120081908,"tag":"JP Morgan Chase & Co.","tag_set":"cliff_organizations","tag_sets_id":2388,"tags_id":9663057},{"stories_id":1120081908,"tag":"Jason Alden/Bloomberg","tag_set":"cliff_people","tag_sets_id":2389,"tags_id":9681307},{"stories_id":1120081908,"tag":"cliff_clavin_v2.4.1","tag_set":"geocoder_version","tag_sets_id":1937,"tags_id":9696677},{"stories_id":1120081908,"tag":"GE Power","tag_set":"cliff_organizations","tag_sets_id":2388,"tags_id":9698780},{"stories_id":1120081908,"tag":"Kraft","tag_set":"cliff_organizations","tag_sets_id":2388,"tags_id":9699483},{"stories_id":1120081908,"tag":"Beth Comstock","tag_set":"cliff_people","tag_sets_id":2389,"tags_id":9721290},{"stories_id":1120081908,"tag":"Genworth Financial","tag_set":"cliff_organizations","tag_sets_id":2388,"tags_id":9721872},{"stories_id":1120081908,"tag":"Keith Sherin","tag_set":"cliff_people","tag_sets_id":2389,"tags_id":9777451},{"stories_id":1120081908,"tag":"Thomas Alva Edison","tag_set":"cliff_people","tag_sets_id":2389,"tags_id":9816526},{"stories_id":1120081908,"tag":"John Rice","tag_set":"cliff_people","tag_sets_id":2389,"tags_id":10050262},{"stories_id":1120081908,"tag":"Ansaldo","tag_set":"cliff_organizations","tag_sets_id":2388,"tags_id":10284077},{"stories_id":1120081908,"tag":"Swiss Reinsurance Co.","tag_set":"cliff_organizations","tag_sets_id":2388,"tags_id":10299148},{"stories_id":1120081908,"tag":"Jamie Miller","tag_set":"cliff_people","tag_sets_id":2389,"tags_id":10345293},{"stories_id":1120081908,"tag":"Adam Glanzman","tag_set":"cliff_people","tag_sets_id":2389,"tags_id":11689125},{"stories_id":1120081908,"tag":"Gary Wendt","tag_set":"cliff_people","tag_sets_id":2389,"tags_id":11902889},{"stories_id":1120081908,"tag":"Steve Bolze","tag_set":"cliff_people","tag_sets_id":2389,"tags_id":19861678},{"stories_id":1120081908,"tag":"Steve Tusa","tag_set":"cliff_people","tag_sets_id":2389,"tags_id":27132797},{"stories_id":1120081908,"tag":"Ed Garden","tag_set":"cliff_people","tag_sets_id":2389,"tags_id":28264886},{"stories_id":1120081908,"tag":"Paul McElhinney","tag_set":"cliff_people","tag_sets_id":2389,"tags_id":28653626},{"stories_id":1120081908,"tag":"General Electric board","tag_set":"cliff_organizations","tag_sets_id":2388,"tags_id":36400018},{"stories_id":1120081908,"tag":"GE communications","tag_set":"cliff_organizations","tag_sets_id":2388,"tags_id":64954545},{"stories_id":1120081908,"tag":"readability-lxml-0.7","tag_set":"extractor_version","tag_sets_id":1354,"tags_id":81092444},{"stories_id":1120081908,"tag":"GE Power knew Alstom","tag_set":"cliff_organizations","tag_sets_id":2388,"tags_id":106508547},{"stories_id":1120081908,"tag":"Caroline Frawley","tag_set":"cliff_people","tag_sets_id":2389,"tags_id":106508551}],"title":"GE Powered the American Century---Then It Burned Out","url":"https://www.wsj.com/articles/ge-powered-the-american-centurythen-it-burned-out-11544796010?mod=rss_Technology","word_count":null}]