[{"ap_syndicated":null,"collect_date":"2019-01-07 17:26:17.683559","feeds":null,"guid":"{8FAFCB4A-12B2-11E9-BE34-10D2622E8CC3}","language":"en","media_id":1150,"media_name":null,"media_url":null,"processed_stories_id":null,"publish_date":"2019-01-07 16:09:51","stories_id":1138485696,"story_tags":[{"stories_id":1138485696,"tag":"geonames_6252001","tag_set":"mc-geocoder@media.mit.edu","tag_sets_id":1011,"tags_id":8878461},{"stories_id":1138485696,"tag":"geonames_5128638","tag_set":"mc-geocoder@media.mit.edu","tag_sets_id":1011,"tags_id":8878463},{"stories_id":1138485696,"tag":"geonames_4896861","tag_set":"mc-geocoder@media.mit.edu","tag_sets_id":1011,"tags_id":8878482},{"stories_id":1138485696,"tag":"geonames_4234671","tag_set":"mc-geocoder@media.mit.edu","tag_sets_id":1011,"tags_id":8878622},{"stories_id":1138485696,"tag":"nyt_labeller_v1.0.0","tag_set":"nyt_labels_version","tag_sets_id":1964,"tags_id":9360669},{"stories_id":1138485696,"tag":"politics and government","tag_set":"nyt_labels","tag_sets_id":1963,"tags_id":9360836},{"stories_id":1138485696,"tag":"privatization","tag_set":"nyt_labels","tag_sets_id":1963,"tags_id":9360843},{"stories_id":1138485696,"tag":"labor","tag_set":"nyt_labels","tag_sets_id":1963,"tags_id":9360859},{"stories_id":1138485696,"tag":"editorials","tag_set":"nyt_labels","tag_sets_id":1963,"tags_id":9360894},{"stories_id":1138485696,"tag":"economic conditions and trends","tag_set":"nyt_labels","tag_sets_id":1963,"tags_id":9360989},{"stories_id":1138485696,"tag":"World Bank","tag_set":"cliff_organizations","tag_sets_id":2388,"tags_id":9363853},{"stories_id":1138485696,"tag":"Franklin D. Roosevelt","tag_set":"cliff_people","tag_sets_id":2389,"tags_id":9363984},{"stories_id":1138485696,"tag":"Emmanuel Macron","tag_set":"cliff_people","tag_sets_id":2389,"tags_id":9365980},{"stories_id":1138485696,"tag":"FDR","tag_set":"cliff_people","tag_sets_id":2389,"tags_id":9384982},{"stories_id":1138485696,"tag":"Peter Morici","tag_set":"cliff_people","tag_sets_id":2389,"tags_id":9658070},{"stories_id":1138485696,"tag":"cliff_clavin_v2.4.1","tag_set":"geocoder_version","tag_sets_id":1937,"tags_id":9696677},{"stories_id":1138485696,"tag":"readability-lxml-0.7","tag_set":"extractor_version","tag_sets_id":1354,"tags_id":81092444}],"title":"Project Syndicate: The Green New Deal is the proper response to the Yellow Vests protests","url":"http://www.marketwatch.com/news/story.asp?guid=%7B8FAFCB4A-12B2-11E9-BE34-10D2622E8CC3%7D&siteid=rss&rss=1","word_count":null}]