[{"ap_syndicated":null,"collect_date":"2019-01-20 16:44:42.803821","feeds":null,"guid":"https://www.usatoday.com/story/news/2019/01/20/trump-country-republicans-cheer-federal-shutdown/2549255002/","language":"en","media_id":4,"media_name":null,"media_url":null,"processed_stories_id":null,"publish_date":"2019-01-20 15:00:09","stories_id":1170997857,"story_tags":[{"stories_id":1170997857,"tag":"geonames_6252001","tag_set":"mc-geocoder@media.mit.edu","tag_sets_id":1011,"tags_id":8878461},{"stories_id":1170997857,"tag":"geonames_5417618","tag_set":"mc-geocoder@media.mit.edu","tag_sets_id":1011,"tags_id":8878696},{"stories_id":1170997857,"tag":"geonames_5015618","tag_set":"mc-geocoder@media.mit.edu","tag_sets_id":1011,"tags_id":8879118},{"stories_id":1170997857,"tag":"nyt_labeller_v1.0.0","tag_set":"nyt_labels_version","tag_sets_id":1964,"tags_id":9360669},{"stories_id":1170997857,"tag":"politics and government","tag_set":"nyt_labels","tag_sets_id":1963,"tags_id":9360836},{"stories_id":1170997857,"tag":"united states politics and government","tag_set":"nyt_labels","tag_sets_id":1963,"tags_id":9360846},{"stories_id":1170997857,"tag":"labor","tag_set":"nyt_labels","tag_sets_id":1963,"tags_id":9360859},{"stories_id":1170997857,"tag":"environment","tag_set":"nyt_labels","tag_sets_id":1963,"tags_id":9360887},{"stories_id":1170997857,"tag":"Donald Trump","tag_set":"cliff_people","tag_sets_id":2389,"tags_id":9362284},{"stories_id":1170997857,"tag":"Supreme Court","tag_set":"cliff_organizations","tag_sets_id":2388,"tags_id":9362719},{"stories_id":1170997857,"tag":"Democratic Party","tag_set":"cliff_organizations","tag_sets_id":2388,"tags_id":9362724},{"stories_id":1170997857,"tag":"White House","tag_set":"cliff_organizations","tag_sets_id":2388,"tags_id":9362736},{"stories_id":1170997857,"tag":"Barack Obama","tag_set":"cliff_people","tag_sets_id":2389,"tags_id":9362763},{"stories_id":1170997857,"tag":"GOP","tag_set":"cliff_organizations","tag_sets_id":2388,"tags_id":9362923},{"stories_id":1170997857,"tag":"defense","tag_set":"cliff_organizations","tag_sets_id":2388,"tags_id":9362925},{"stories_id":1170997857,"tag":"CNN","tag_set":"cliff_organizations","tag_sets_id":2388,"tags_id":9362932},{"stories_id":1170997857,"tag":"Congress","tag_set":"cliff_organizations","tag_sets_id":2388,"tags_id":9362962},{"stories_id":1170997857,"tag":"Hillary","tag_set":"cliff_people","tag_sets_id":2389,"tags_id":9362967},{"stories_id":1170997857,"tag":"U.N.","tag_set":"cliff_organizations","tag_sets_id":2388,"tags_id":9363619},{"stories_id":1170997857,"tag":"USDA","tag_set":"cliff_organizations","tag_sets_id":2388,"tags_id":9363720},{"stories_id":1170997857,"tag":"Robert Mueller","tag_set":"cliff_people","tag_sets_id":2389,"tags_id":9364937},{"stories_id":1170997857,"tag":"Bureau of Land Management","tag_set":"cliff_organizations","tag_sets_id":2388,"tags_id":9373685},{"stories_id":1170997857,"tag":"Christ","tag_set":"cliff_people","tag_sets_id":2389,"tags_id":9374218},{"stories_id":1170997857,"tag":"McDonald","tag_set":"cliff_organizations","tag_sets_id":2388,"tags_id":9376221},{"stories_id":1170997857,"tag":"Andrea","tag_set":"cliff_people","tag_sets_id":2389,"tags_id":9379799},{"stories_id":1170997857,"tag":"USA TODAY","tag_set":"cliff_organizations","tag_sets_id":2388,"tags_id":9382850},{"stories_id":1170997857,"tag":"TSA","tag_set":"cliff_organizations","tag_sets_id":2388,"tags_id":9395916},{"stories_id":1170997857,"tag":"Terri","tag_set":"cliff_people","tag_sets_id":2389,"tags_id":9402294},{"stories_id":1170997857,"tag":"CRAIG","tag_set":"cliff_people","tag_sets_id":2389,"tags_id":9530731},{"stories_id":1170997857,"tag":"Chris Nichols","tag_set":"cliff_people","tag_sets_id":2389,"tags_id":9532544},{"stories_id":1170997857,"tag":"cliff_clavin_v2.4.1","tag_set":"geocoder_version","tag_sets_id":1937,"tags_id":9696677},{"stories_id":1170997857,"tag":"Paul James","tag_set":"cliff_people","tag_sets_id":2389,"tags_id":10135846},{"stories_id":1170997857,"tag":"geonames_5576064","tag_set":"mc-geocoder@media.mit.edu","tag_sets_id":1011,"tags_id":10618825},{"stories_id":1170997857,"tag":"Danny Griffith","tag_set":"cliff_people","tag_sets_id":2389,"tags_id":11375528},{"stories_id":1170997857,"tag":"Martin Jackson","tag_set":"cliff_people","tag_sets_id":2389,"tags_id":17081908},{"stories_id":1170997857,"tag":"Trevor Hughes-USA","tag_set":"cliff_people","tag_sets_id":2389,"tags_id":28177979},{"stories_id":1170997857,"tag":"land management bureau","tag_set":"cliff_organizations","tag_sets_id":2388,"tags_id":32288959},{"stories_id":1170997857,"tag":"Craig City Council","tag_set":"cliff_organizations","tag_sets_id":2388,"tags_id":32692560},{"stories_id":1170997857,"tag":"John Ponikvar","tag_set":"cliff_people","tag_sets_id":2389,"tags_id":38084495},{"stories_id":1170997857,"tag":"Tammy Burch","tag_set":"cliff_people","tag_sets_id":2389,"tags_id":39711950},{"stories_id":1170997857,"tag":"JoAnn Baxter","tag_set":"cliff_people","tag_sets_id":2389,"tags_id":40627138},{"stories_id":1170997857,"tag":"readability-lxml-0.7","tag_set":"extractor_version","tag_sets_id":1354,"tags_id":81092444},{"stories_id":1170997857,"tag":"J.W. Snack's Bar & Grill","tag_set":"cliff_organizations","tag_sets_id":2388,"tags_id":121837095}],"title":"In Trump country, Republicans cheer on shutdown: The &apos;government is our biggest enemy&apos;","url":"http://rssfeeds.usatoday.com/~/593192232/0/usatoday-newstopstories~In-Trump-country-Republicans-cheer-on-shutdown-The-aposgovernment-is-our-biggest-enemyapos/","word_count":null}]