[{"ap_syndicated":null,"collect_date":"2019-03-04 08:52:03.162256","feeds":null,"guid":"https://www.washingtonpost.com/news/powerpost/paloma/the-energy-202/2019/03/04/the-energy-202-climate-change-is-jay-inslee-s-top-priority-in-washington-could-it-win-him-the-white-house/5c7c209f1b326b2d177d5fb2/","language":"en","media_id":2,"media_name":null,"media_url":null,"processed_stories_id":null,"publish_date":"2019-03-04 08:23:25","stories_id":1213798476,"story_tags":[{"stories_id":1213798476,"tag":"geonames_6252001","tag_set":"mc-geocoder@media.mit.edu","tag_sets_id":1011,"tags_id":8878461},{"stories_id":1213798476,"tag":"geonames_5815135","tag_set":"mc-geocoder@media.mit.edu","tag_sets_id":1011,"tags_id":8878481},{"stories_id":1213798476,"tag":"geonames_5148855","tag_set":"mc-geocoder@media.mit.edu","tag_sets_id":1011,"tags_id":8965965},{"stories_id":1213798476,"tag":"nyt_labeller_v1.0.0","tag_set":"nyt_labels_version","tag_sets_id":1964,"tags_id":9360669},{"stories_id":1213798476,"tag":"politics and government","tag_set":"nyt_labels","tag_sets_id":1963,"tags_id":9360836},{"stories_id":1213798476,"tag":"united states politics and government","tag_set":"nyt_labels","tag_sets_id":1963,"tags_id":9360846},{"stories_id":1213798476,"tag":"elections","tag_set":"nyt_labels","tag_sets_id":1963,"tags_id":9360851},{"stories_id":1213798476,"tag":"Yale","tag_set":"cliff_organizations","tag_sets_id":2388,"tags_id":9362286},{"stories_id":1213798476,"tag":"Obama","tag_set":"cliff_people","tag_sets_id":2389,"tags_id":9362721},{"stories_id":1213798476,"tag":"Democratic Party","tag_set":"cliff_organizations","tag_sets_id":2388,"tags_id":9362724},{"stories_id":1213798476,"tag":"Senate","tag_set":"cliff_organizations","tag_sets_id":2388,"tags_id":9362741},{"stories_id":1213798476,"tag":"Washington Post","tag_set":"cliff_organizations","tag_sets_id":2388,"tags_id":9362798},{"stories_id":1213798476,"tag":"Trump","tag_set":"cliff_people","tag_sets_id":2389,"tags_id":9362872},{"stories_id":1213798476,"tag":"AP","tag_set":"cliff_organizations","tag_sets_id":2388,"tags_id":9362920},{"stories_id":1213798476,"tag":"Bloomberg","tag_set":"cliff_organizations","tag_sets_id":2388,"tags_id":9363116},{"stories_id":1213798476,"tag":"House","tag_set":"cliff_organizations","tag_sets_id":2388,"tags_id":9363164},{"stories_id":1213798476,"tag":"Post","tag_set":"cliff_organizations","tag_sets_id":2388,"tags_id":9363250},{"stories_id":1213798476,"tag":"ABC News","tag_set":"cliff_organizations","tag_sets_id":2388,"tags_id":9363445},{"stories_id":1213798476,"tag":"Coast Guard","tag_set":"cliff_organizations","tag_sets_id":2388,"tags_id":9363462},{"stories_id":1213798476,"tag":"interior","tag_set":"cliff_organizations","tag_sets_id":2388,"tags_id":9364161},{"stories_id":1213798476,"tag":"EPA","tag_set":"cliff_organizations","tag_sets_id":2388,"tags_id":9364166},{"stories_id":1213798476,"tag":"Elizabeth Warren","tag_set":"cliff_people","tag_sets_id":2389,"tags_id":9364527},{"stories_id":1213798476,"tag":"Politico","tag_set":"cliff_people","tag_sets_id":2389,"tags_id":9364732},{"stories_id":1213798476,"tag":"Interior Department","tag_set":"cliff_organizations","tag_sets_id":2388,"tags_id":9367363},{"stories_id":1213798476,"tag":"Tesla","tag_set":"cliff_people","tag_sets_id":2389,"tags_id":9369660},{"stories_id":1213798476,"tag":"Tesla","tag_set":"cliff_organizations","tag_sets_id":2388,"tags_id":9370176},{"stories_id":1213798476,"tag":"Darryl","tag_set":"cliff_people","tag_sets_id":2389,"tags_id":9372154},{"stories_id":1213798476,"tag":"National Park Service","tag_set":"cliff_organizations","tag_sets_id":2388,"tags_id":9373690},{"stories_id":1213798476,"tag":"Steven Mufson","tag_set":"cliff_people","tag_sets_id":2389,"tags_id":9374763},{"stories_id":1213798476,"tag":"Tom Udall","tag_set":"cliff_people","tag_sets_id":2389,"tags_id":9374807},{"stories_id":1213798476,"tag":"Brady Dennis","tag_set":"cliff_people","tag_sets_id":2389,"tags_id":9374896},{"stories_id":1213798476,"tag":"U.S. Coast Guard","tag_set":"cliff_organizations","tag_sets_id":2388,"tags_id":9375954},{"stories_id":1213798476,"tag":"Washington Democrats","tag_set":"cliff_organizations","tag_sets_id":2388,"tags_id":9380422},{"stories_id":1213798476,"tag":"Elon Musk","tag_set":"cliff_people","tag_sets_id":2389,"tags_id":9384651},{"stories_id":1213798476,"tag":"Joel Achenbach","tag_set":"cliff_people","tag_sets_id":2389,"tags_id":9395930},{"stories_id":1213798476,"tag":"Scott Wilson","tag_set":"cliff_people","tag_sets_id":2389,"tags_id":9405138},{"stories_id":1213798476,"tag":"Lindsey Bever","tag_set":"cliff_people","tag_sets_id":2389,"tags_id":9408874},{"stories_id":1213798476,"tag":"Sarah Kaplan","tag_set":"cliff_people","tag_sets_id":2389,"tags_id":9408875},{"stories_id":1213798476,"tag":"Andrew Harrer/Bloomberg","tag_set":"cliff_people","tag_sets_id":2389,"tags_id":9408999},{"stories_id":1213798476,"tag":"Senate Energy and Natural Resources Committee","tag_set":"cliff_organizations","tag_sets_id":2388,"tags_id":9416098},{"stories_id":1213798476,"tag":"Jay Inslee","tag_set":"cliff_people","tag_sets_id":2389,"tags_id":9434808},{"stories_id":1213798476,"tag":"David Bernhardt","tag_set":"cliff_people","tag_sets_id":2389,"tags_id":9462566},{"stories_id":1213798476,"tag":"Public Works Committee","tag_set":"cliff_organizations","tag_sets_id":2388,"tags_id":9462970},{"stories_id":1213798476,"tag":"Jenna Schoenefeld","tag_set":"cliff_people","tag_sets_id":2389,"tags_id":9543605},{"stories_id":1213798476,"tag":"Anthony Leiserowitz","tag_set":"cliff_people","tag_sets_id":2389,"tags_id":9556928},{"stories_id":1213798476,"tag":"Bureau of Ocean Energy Management","tag_set":"cliff_organizations","tag_sets_id":2388,"tags_id":9566938},{"stories_id":1213798476,"tag":"S. Warren","tag_set":"cliff_people","tag_sets_id":2389,"tags_id":9568558},{"stories_id":1213798476,"tag":"Eamon Queeney","tag_set":"cliff_people","tag_sets_id":2389,"tags_id":9601327},{"stories_id":1213798476,"tag":"Reuven Carlyle","tag_set":"cliff_people","tag_sets_id":2389,"tags_id":9650753},{"stories_id":1213798476,"tag":"Andrew Wheeler","tag_set":"cliff_people","tag_sets_id":2389,"tags_id":9686302},{"stories_id":1213798476,"tag":"cliff_clavin_v2.4.1","tag_set":"geocoder_version","tag_sets_id":1937,"tags_id":9696677},{"stories_id":1213798476,"tag":"Office of Research and Development","tag_set":"cliff_organizations","tag_sets_id":2388,"tags_id":9701435},{"stories_id":1213798476,"tag":"Photo/Noah Berger","tag_set":"cliff_people","tag_sets_id":2389,"tags_id":10076998},{"stories_id":1213798476,"tag":"Bonnie Jo Mount/The","tag_set":"cliff_people","tag_sets_id":2389,"tags_id":10082963},{"stories_id":1213798476,"tag":"Bill Wehrum","tag_set":"cliff_people","tag_sets_id":2389,"tags_id":10439438},{"stories_id":1213798476,"tag":"Mojave Trails National Monument","tag_set":"cliff_organizations","tag_sets_id":2388,"tags_id":10851824},{"stories_id":1213798476,"tag":"Taylor Shellfish","tag_set":"cliff_people","tag_sets_id":2389,"tags_id":10871078},{"stories_id":1213798476,"tag":"Photo/Kiichiro Sato","tag_set":"cliff_people","tag_sets_id":2389,"tags_id":10874637},{"stories_id":1213798476,"tag":"geonames_5381002","tag_set":"mc-geocoder@media.mit.edu","tag_sets_id":1011,"tags_id":11194706},{"stories_id":1213798476,"tag":"Taylor Energy","tag_set":"cliff_organizations","tag_sets_id":2388,"tags_id":11561007},{"stories_id":1213798476,"tag":"David Dunlap","tag_set":"cliff_people","tag_sets_id":2389,"tags_id":11632002},{"stories_id":1213798476,"tag":"Bill Dewey","tag_set":"cliff_people","tag_sets_id":2389,"tags_id":22792631},{"stories_id":1213798476,"tag":"— Warren","tag_set":"cliff_people","tag_sets_id":2389,"tags_id":28414223},{"stories_id":1213798476,"tag":"Environmental Justice Project","tag_set":"cliff_organizations","tag_sets_id":2388,"tags_id":31144582},{"stories_id":1213798476,"tag":"readability-lxml-0.7","tag_set":"extractor_version","tag_sets_id":1354,"tags_id":81092444},{"stories_id":1213798476,"tag":"Shane Grammer","tag_set":"cliff_people","tag_sets_id":2389,"tags_id":107820890},{"stories_id":1213798476,"tag":"Taylor Energy of New Orleans","tag_set":"cliff_organizations","tag_sets_id":2388,"tags_id":135294615},{"stories_id":1213798476,"tag":"Harvey brough","tag_set":"cliff_people","tag_sets_id":2389,"tags_id":135294616}],"title":"The Energy 202: Climate change is Jay Inslee's top priority in Washington. How will it play in 2020?","url":"https://www.washingtonpost.com/news/powerpost/paloma/the-energy-202/2019/03/04/the-energy-202-climate-change-is-jay-inslee-s-top-priority-in-washington-could-it-win-him-the-white-house/5c7c209f1b326b2d177d5fb2/","word_count":null}]