[{"ap_syndicated":null,"collect_date":"2019-03-11 06:04:18.401490","feeds":null,"guid":"https://www.usatoday.com/story/money/business/2019/03/11/richest-person-usa-2019-wealthiest-man-woman-each-state/39124485/","language":"en","media_id":4,"media_name":null,"media_url":null,"processed_stories_id":null,"publish_date":"2019-03-11 06:00:09","stories_id":1220418091,"story_tags":[{"stories_id":1220418091,"tag":"geonames_6252001","tag_set":"mc-geocoder@media.mit.edu","tag_sets_id":1011,"tags_id":8878461},{"stories_id":1220418091,"tag":"geonames_4887398","tag_set":"mc-geocoder@media.mit.edu","tag_sets_id":1011,"tags_id":8878485},{"stories_id":1220418091,"tag":"geonames_4297983","tag_set":"mc-geocoder@media.mit.edu","tag_sets_id":1011,"tags_id":8878675},{"stories_id":1220418091,"tag":"geonames_5809844","tag_set":"mc-geocoder@media.mit.edu","tag_sets_id":1011,"tags_id":8878694},{"stories_id":1220418091,"tag":"geonames_4099753","tag_set":"mc-geocoder@media.mit.edu","tag_sets_id":1011,"tags_id":8878762},{"stories_id":1220418091,"tag":"geonames_4335045","tag_set":"mc-geocoder@media.mit.edu","tag_sets_id":1011,"tags_id":8879047},{"stories_id":1220418091,"tag":"geonames_5419384","tag_set":"mc-geocoder@media.mit.edu","tag_sets_id":1011,"tags_id":8879407},{"stories_id":1220418091,"tag":"geonames_4101260","tag_set":"mc-geocoder@media.mit.edu","tag_sets_id":1011,"tags_id":8879893},{"stories_id":1220418091,"tag":"geonames_5856195","tag_set":"mc-geocoder@media.mit.edu","tag_sets_id":1011,"tags_id":8880446},{"stories_id":1220418091,"tag":"geonames_5199944","tag_set":"mc-geocoder@media.mit.edu","tag_sets_id":1011,"tags_id":8886046},{"stories_id":1220418091,"tag":"geonames_5324862","tag_set":"mc-geocoder@media.mit.edu","tag_sets_id":1011,"tags_id":8901079},{"stories_id":1220418091,"tag":"geonames_4883772","tag_set":"mc-geocoder@media.mit.edu","tag_sets_id":1011,"tags_id":9025497},{"stories_id":1220418091,"tag":"geonames_5329408","tag_set":"mc-geocoder@media.mit.edu","tag_sets_id":1011,"tags_id":9026821},{"stories_id":1220418091,"tag":"geonames_4124911","tag_set":"mc-geocoder@media.mit.edu","tag_sets_id":1011,"tags_id":9032201},{"stories_id":1220418091,"tag":"geonames_4829449","tag_set":"mc-geocoder@media.mit.edu","tag_sets_id":1011,"tags_id":9129000},{"stories_id":1220418091,"tag":"nyt_labeller_v1.0.0","tag_set":"nyt_labels_version","tag_sets_id":1964,"tags_id":9360669},{"stories_id":1220418091,"tag":"politics and government","tag_set":"nyt_labels","tag_sets_id":1963,"tags_id":9360836},{"stories_id":1220418091,"tag":"finances","tag_set":"nyt_labels","tag_sets_id":1963,"tags_id":9360840},{"stories_id":1220418091,"tag":"economic conditions and trends","tag_set":"nyt_labels","tag_sets_id":1963,"tags_id":9360989},{"stories_id":1220418091,"tag":"united states economy","tag_set":"nyt_labels","tag_sets_id":1963,"tags_id":9360990},{"stories_id":1220418091,"tag":"third world and developing countries","tag_set":"nyt_labels","tag_sets_id":1963,"tags_id":9361154},{"stories_id":1220418091,"tag":"Bloomberg","tag_set":"cliff_organizations","tag_sets_id":2388,"tags_id":9363116},{"stories_id":1220418091,"tag":"Michael Bloomberg","tag_set":"cliff_people","tag_sets_id":2389,"tags_id":9363124},{"stories_id":1220418091,"tag":"Columbia","tag_set":"cliff_organizations","tag_sets_id":2388,"tags_id":9363549},{"stories_id":1220418091,"tag":"Walmart","tag_set":"cliff_organizations","tag_sets_id":2388,"tags_id":9363718},{"stories_id":1220418091,"tag":"Victoria","tag_set":"cliff_people","tag_sets_id":2389,"tags_id":9364629},{"stories_id":1220418091,"tag":"University of Oregon","tag_set":"cliff_organizations","tag_sets_id":2388,"tags_id":9365706},{"stories_id":1220418091,"tag":"Amazon","tag_set":"cliff_organizations","tag_sets_id":2388,"tags_id":9366535},{"stories_id":1220418091,"tag":"William","tag_set":"cliff_people","tag_sets_id":2389,"tags_id":9367021},{"stories_id":1220418091,"tag":"MLB","tag_set":"cliff_organizations","tag_sets_id":2388,"tags_id":9367518},{"stories_id":1220418091,"tag":"Jeff Bezos","tag_set":"cliff_people","tag_sets_id":2389,"tags_id":9368367},{"stories_id":1220418091,"tag":"Harold Hamm","tag_set":"cliff_people","tag_sets_id":2389,"tags_id":9368402},{"stories_id":1220418091,"tag":"University of Colorado","tag_set":"cliff_organizations","tag_sets_id":2388,"tags_id":9368512},{"stories_id":1220418091,"tag":"Nike","tag_set":"cliff_organizations","tag_sets_id":2388,"tags_id":9368594},{"stories_id":1220418091,"tag":"NBA","tag_set":"cliff_organizations","tag_sets_id":2388,"tags_id":9369153},{"stories_id":1220418091,"tag":"Steve Cohen","tag_set":"cliff_people","tag_sets_id":2389,"tags_id":9371462},{"stories_id":1220418091,"tag":"Jackson","tag_set":"cliff_people","tag_sets_id":2389,"tags_id":9371882},{"stories_id":1220418091,"tag":"Glen Taylor","tag_set":"cliff_people","tag_sets_id":2389,"tags_id":9372128},{"stories_id":1220418091,"tag":"Ohio State University","tag_set":"cliff_organizations","tag_sets_id":2388,"tags_id":9374495},{"stories_id":1220418091,"tag":"Warren Buffett","tag_set":"cliff_people","tag_sets_id":2389,"tags_id":9375621},{"stories_id":1220418091,"tag":"Arsenal Football Club","tag_set":"cliff_organizations","tag_sets_id":2388,"tags_id":9375687},{"stories_id":1220418091,"tag":"IBM","tag_set":"cliff_organizations","tag_sets_id":2388,"tags_id":9376408},{"stories_id":1220418091,"tag":"Oracle","tag_set":"cliff_organizations","tag_sets_id":2388,"tags_id":9376409},{"stories_id":1220418091,"tag":"Sheldon Adelson","tag_set":"cliff_people","tag_sets_id":2389,"tags_id":9376842},{"stories_id":1220418091,"tag":"SAS","tag_set":"cliff_organizations","tag_sets_id":2388,"tags_id":9376998},{"stories_id":1220418091,"tag":"Berkshire Hathaway","tag_set":"cliff_organizations","tag_sets_id":2388,"tags_id":9377229},{"stories_id":1220418091,"tag":"Koch Industries","tag_set":"cliff_organizations","tag_sets_id":2388,"tags_id":9378474},{"stories_id":1220418091,"tag":"Charles Koch","tag_set":"cliff_people","tag_sets_id":2389,"tags_id":9378484},{"stories_id":1220418091,"tag":"Univision","tag_set":"cliff_organizations","tag_sets_id":2388,"tags_id":9384606},{"stories_id":1220418091,"tag":"Kraft Heinz","tag_set":"cliff_people","tag_sets_id":2389,"tags_id":9384910},{"stories_id":1220418091,"tag":"Inc.","tag_set":"cliff_organizations","tag_sets_id":2388,"tags_id":9387757},{"stories_id":1220418091,"tag":"Eau Claire","tag_set":"cliff_organizations","tag_sets_id":2388,"tags_id":9388691},{"stories_id":1220418091,"tag":"Milton","tag_set":"cliff_people","tag_sets_id":2389,"tags_id":9389807},{"stories_id":1220418091,"tag":"Saints","tag_set":"cliff_organizations","tag_sets_id":2388,"tags_id":9390581},{"stories_id":1220418091,"tag":"Bill Gates","tag_set":"cliff_people","tag_sets_id":2389,"tags_id":9390654},{"stories_id":1220418091,"tag":"Forbes","tag_set":"cliff_people","tag_sets_id":2389,"tags_id":9394080},{"stories_id":1220418091,"tag":"Sam Walton","tag_set":"cliff_people","tag_sets_id":2389,"tags_id":9395830},{"stories_id":1220418091,"tag":"Ray Dalio","tag_set":"cliff_people","tag_sets_id":2389,"tags_id":9399990},{"stories_id":1220418091,"tag":"eBay","tag_set":"cliff_organizations","tag_sets_id":2388,"tags_id":9401030},{"stories_id":1220418091,"tag":"Geico","tag_set":"cliff_organizations","tag_sets_id":2388,"tags_id":9405510},{"stories_id":1220418091,"tag":"Minnesota United","tag_set":"cliff_organizations","tag_sets_id":2388,"tags_id":9407104},{"stories_id":1220418091,"tag":"Stan Kroenke","tag_set":"cliff_people","tag_sets_id":2389,"tags_id":9409225},{"stories_id":1220418091,"tag":"Bridgewater Associates","tag_set":"cliff_organizations","tag_sets_id":2388,"tags_id":9411166},{"stories_id":1220418091,"tag":"Cary","tag_set":"cliff_people","tag_sets_id":2389,"tags_id":9411646},{"stories_id":1220418091,"tag":"Hank","tag_set":"cliff_people","tag_sets_id":2389,"tags_id":9414646},{"stories_id":1220418091,"tag":"Jim Kennedy","tag_set":"cliff_people","tag_sets_id":2389,"tags_id":9427471},{"stories_id":1220418091,"tag":"Larry Ellison","tag_set":"cliff_people","tag_sets_id":2389,"tags_id":9437799},{"stories_id":1220418091,"tag":"HCA","tag_set":"cliff_organizations","tag_sets_id":2388,"tags_id":9448347},{"stories_id":1220418091,"tag":"Gail Miller","tag_set":"cliff_people","tag_sets_id":2389,"tags_id":9450731},{"stories_id":1220418091,"tag":"Pierre Omidyar","tag_set":"cliff_people","tag_sets_id":2389,"tags_id":9452340},{"stories_id":1220418091,"tag":"Fidelity Investments","tag_set":"cliff_organizations","tag_sets_id":2388,"tags_id":9454496},{"stories_id":1220418091,"tag":"Ken Griffin","tag_set":"cliff_people","tag_sets_id":2389,"tags_id":9467413},{"stories_id":1220418091,"tag":"Les Wexner","tag_set":"cliff_people","tag_sets_id":2389,"tags_id":9476530},{"stories_id":1220418091,"tag":"Philip Anschutz","tag_set":"cliff_people","tag_sets_id":2389,"tags_id":9476948},{"stories_id":1220418091,"tag":"Chevy Chase","tag_set":"cliff_organizations","tag_sets_id":2388,"tags_id":9478158},{"stories_id":1220418091,"tag":"Thomas Peterffy","tag_set":"cliff_people","tag_sets_id":2389,"tags_id":9478897},{"stories_id":1220418091,"tag":"Cargill","tag_set":"cliff_organizations","tag_sets_id":2388,"tags_id":9480958},{"stories_id":1220418091,"tag":"Cox Communications","tag_set":"cliff_organizations","tag_sets_id":2388,"tags_id":9481881},{"stories_id":1220418091,"tag":"Mars Inc.","tag_set":"cliff_organizations","tag_sets_id":2388,"tags_id":9517450},{"stories_id":1220418091,"tag":"Duracell","tag_set":"cliff_organizations","tag_sets_id":2388,"tags_id":9517882},{"stories_id":1220418091,"tag":"Alice Walton","tag_set":"cliff_people","tag_sets_id":2389,"tags_id":9525192},{"stories_id":1220418091,"tag":"Hughes","tag_set":"cliff_organizations","tag_sets_id":2388,"tags_id":9527031},{"stories_id":1220418091,"tag":"Cook Group","tag_set":"cliff_organizations","tag_sets_id":2388,"tags_id":9532114},{"stories_id":1220418091,"tag":"Jimmy Rane","tag_set":"cliff_people","tag_sets_id":2389,"tags_id":9537832},{"stories_id":1220418091,"tag":"Tom Benson","tag_set":"cliff_people","tag_sets_id":2389,"tags_id":9562952},{"stories_id":1220418091,"tag":"Phil Knight","tag_set":"cliff_people","tag_sets_id":2389,"tags_id":9563502},{"stories_id":1220418091,"tag":"Frank VanderSloot","tag_set":"cliff_people","tag_sets_id":2389,"tags_id":9566524},{"stories_id":1220418091,"tag":"Doug Meijer","tag_set":"cliff_people","tag_sets_id":2389,"tags_id":9566769},{"stories_id":1220418091,"tag":"Columbia Sportswear","tag_set":"cliff_organizations","tag_sets_id":2388,"tags_id":9571952},{"stories_id":1220418091,"tag":"Oxfam International","tag_set":"cliff_organizations","tag_sets_id":2388,"tags_id":9578667},{"stories_id":1220418091,"tag":"John Menard","tag_set":"cliff_people","tag_sets_id":2389,"tags_id":9583041},{"stories_id":1220418091,"tag":"Elizabeth Johnson","tag_set":"cliff_people","tag_sets_id":2389,"tags_id":9601511},{"stories_id":1220418091,"tag":"Oregon Health & Science University","tag_set":"cliff_organizations","tag_sets_id":2388,"tags_id":9606993},{"stories_id":1220418091,"tag":"Jonathan Nelson","tag_set":"cliff_people","tag_sets_id":2389,"tags_id":9628996},{"stories_id":1220418091,"tag":"NC State University","tag_set":"cliff_organizations","tag_sets_id":2388,"tags_id":9630009},{"stories_id":1220418091,"tag":"Carvana","tag_set":"cliff_people","tag_sets_id":2389,"tags_id":9641275},{"stories_id":1220418091,"tag":"Victoria","tag_set":"cliff_organizations","tag_sets_id":2388,"tags_id":9642225},{"stories_id":1220418091,"tag":"Marian Ilitch","tag_set":"cliff_people","tag_sets_id":2389,"tags_id":9644239},{"stories_id":1220418091,"tag":"Keurig","tag_set":"cliff_people","tag_sets_id":2389,"tags_id":9645563},{"stories_id":1220418091,"tag":"Ann Walton Kroenke","tag_set":"cliff_people","tag_sets_id":2389,"tags_id":9655822},{"stories_id":1220418091,"tag":"Abigail Johnson","tag_set":"cliff_people","tag_sets_id":2389,"tags_id":9656290},{"stories_id":1220418091,"tag":"Jim Walton","tag_set":"cliff_people","tag_sets_id":2389,"tags_id":9666009},{"stories_id":1220418091,"tag":"cliff_clavin_v2.4.1","tag_set":"geocoder_version","tag_sets_id":1937,"tags_id":9696677},{"stories_id":1220418091,"tag":"John Overdeck","tag_set":"cliff_people","tag_sets_id":2389,"tags_id":9746312},{"stories_id":1220418091,"tag":"Hospital Corporation of America","tag_set":"cliff_organizations","tag_sets_id":2388,"tags_id":9752644},{"stories_id":1220418091,"tag":"John Morris","tag_set":"cliff_people","tag_sets_id":2389,"tags_id":9806575},{"stories_id":1220418091,"tag":"Daniel Gilbert","tag_set":"cliff_people","tag_sets_id":2389,"tags_id":10031407},{"stories_id":1220418091,"tag":"Jerry Zucker","tag_set":"cliff_people","tag_sets_id":2389,"tags_id":10039070},{"stories_id":1220418091,"tag":"Thomas Duff","tag_set":"cliff_people","tag_sets_id":2389,"tags_id":10060791},{"stories_id":1220418091,"tag":"Robert Gore","tag_set":"cliff_people","tag_sets_id":2389,"tags_id":10077534},{"stories_id":1220418091,"tag":"Providence Equity","tag_set":"cliff_organizations","tag_sets_id":2388,"tags_id":10101445},{"stories_id":1220418091,"tag":"B. Wayne Hughes","tag_set":"cliff_people","tag_sets_id":2389,"tags_id":10283427},{"stories_id":1220418091,"tag":"Susan Alfond","tag_set":"cliff_people","tag_sets_id":2389,"tags_id":10325103},{"stories_id":1220418091,"tag":"Timothy Boyle","tag_set":"cliff_people","tag_sets_id":2389,"tags_id":10325153},{"stories_id":1220418091,"tag":"Carl Cook","tag_set":"cliff_people","tag_sets_id":2389,"tags_id":10325199},{"stories_id":1220418091,"tag":"Thomas Frist","tag_set":"cliff_people","tag_sets_id":2389,"tags_id":10325297},{"stories_id":1220418091,"tag":"Stanley Kroenke","tag_set":"cliff_people","tag_sets_id":2389,"tags_id":10325384},{"stories_id":1220418091,"tag":"Pauline MacMillan Keinath","tag_set":"cliff_people","tag_sets_id":2389,"tags_id":10325406},{"stories_id":1220418091,"tag":"Andrea Reimann-Ciardelli","tag_set":"cliff_people","tag_sets_id":2389,"tags_id":10325477},{"stories_id":1220418091,"tag":"Harry Stine","tag_set":"cliff_people","tag_sets_id":2389,"tags_id":10325545},{"stories_id":1220418091,"tag":"Anschutz Entertainment Group","tag_set":"cliff_organizations","tag_sets_id":2388,"tags_id":10536144},{"stories_id":1220418091,"tag":"Crystal Bridges Museum of American Art","tag_set":"cliff_organizations","tag_sets_id":2388,"tags_id":10605863},{"stories_id":1220418091,"tag":"Rob and Jim","tag_set":"cliff_people","tag_sets_id":2389,"tags_id":10605867},{"stories_id":1220418091,"tag":"Jacqueline Mars","tag_set":"cliff_people","tag_sets_id":2389,"tags_id":10605869},{"stories_id":1220418091,"tag":"Elizabeth Snyder","tag_set":"cliff_people","tag_sets_id":2389,"tags_id":10611067},{"stories_id":1220418091,"tag":"Dennis Washington","tag_set":"cliff_people","tag_sets_id":2389,"tags_id":10679871},{"stories_id":1220418091,"tag":"Wexner Foundation","tag_set":"cliff_organizations","tag_sets_id":2388,"tags_id":10741558},{"stories_id":1220418091,"tag":"Gary Tharaldson","tag_set":"cliff_people","tag_sets_id":2389,"tags_id":10995294},{"stories_id":1220418091,"tag":"Meijer brothers","tag_set":"cliff_organizations","tag_sets_id":2388,"tags_id":11307836},{"stories_id":1220418091,"tag":"Ludwig Reimann","tag_set":"cliff_people","tag_sets_id":2389,"tags_id":11313433},{"stories_id":1220418091,"tag":"Ted Lerner","tag_set":"cliff_people","tag_sets_id":2389,"tags_id":11476109},{"stories_id":1220418091,"tag":"T. Denny Sanford","tag_set":"cliff_people","tag_sets_id":2389,"tags_id":14117488},{"stories_id":1220418091,"tag":"Chase Foundation","tag_set":"cliff_organizations","tag_sets_id":2388,"tags_id":20113334},{"stories_id":1220418091,"tag":"Gayle Cook","tag_set":"cliff_people","tag_sets_id":2389,"tags_id":24215006},{"stories_id":1220418091,"tag":"John Abele","tag_set":"cliff_people","tag_sets_id":2389,"tags_id":27175056},{"stories_id":1220418091,"tag":"Anita Zucker","tag_set":"cliff_people","tag_sets_id":2389,"tags_id":27881376},{"stories_id":1220418091,"tag":"James Goodnight","tag_set":"cliff_people","tag_sets_id":2389,"tags_id":28182529},{"stories_id":1220418091,"tag":"Hendrik Meijer","tag_set":"cliff_people","tag_sets_id":2389,"tags_id":28416695},{"stories_id":1220418091,"tag":"Dexter Shoe Company","tag_set":"cliff_organizations","tag_sets_id":2388,"tags_id":29426582},{"stories_id":1220418091,"tag":"Forrest Jr.","tag_set":"cliff_people","tag_sets_id":2389,"tags_id":29940161},{"stories_id":1220418091,"tag":"John Mars","tag_set":"cliff_people","tag_sets_id":2389,"tags_id":30623151},{"stories_id":1220418091,"tag":"Taylor Corp.","tag_set":"cliff_organizations","tag_sets_id":2388,"tags_id":30877271},{"stories_id":1220418091,"tag":"InterTech Group","tag_set":"cliff_organizations","tag_sets_id":2388,"tags_id":31012073},{"stories_id":1220418091,"tag":"Edward Johnson IV","tag_set":"cliff_people","tag_sets_id":2389,"tags_id":31045264},{"stories_id":1220418091,"tag":"Larry H. Miller Group","tag_set":"cliff_organizations","tag_sets_id":2388,"tags_id":31655664},{"stories_id":1220418091,"tag":"Gayle Benson","tag_set":"cliff_people","tag_sets_id":2389,"tags_id":33595482},{"stories_id":1220418091,"tag":"Southern Tire Mart","tag_set":"cliff_organizations","tag_sets_id":2388,"tags_id":38832367},{"stories_id":1220418091,"tag":"Ernest Garcia","tag_set":"cliff_people","tag_sets_id":2389,"tags_id":39776311},{"stories_id":1220418091,"tag":"Mack Energy Corporation","tag_set":"cliff_organizations","tag_sets_id":2388,"tags_id":41511472},{"stories_id":1220418091,"tag":"Leonard Hyde","tag_set":"cliff_people","tag_sets_id":2389,"tags_id":42834893},{"stories_id":1220418091,"tag":"Jonathan Rubini","tag_set":"cliff_people","tag_sets_id":2389,"tags_id":45646632},{"stories_id":1220418091,"tag":"Mack C. Chase","tag_set":"cliff_people","tag_sets_id":2389,"tags_id":45646635},{"stories_id":1220418091,"tag":"Johann Adam Benckiser","tag_set":"cliff_people","tag_sets_id":2389,"tags_id":52708212},{"stories_id":1220418091,"tag":"Jim Justice II","tag_set":"cliff_people","tag_sets_id":2389,"tags_id":53006033},{"stories_id":1220418091,"tag":"Duff Capital Investors","tag_set":"cliff_organizations","tag_sets_id":2388,"tags_id":57586342},{"stories_id":1220418091,"tag":"Les Wexner & family","tag_set":"cliff_organizations","tag_sets_id":2388,"tags_id":63133436},{"stories_id":1220418091,"tag":"Mercer Morrison","tag_set":"cliff_people","tag_sets_id":2389,"tags_id":63977711},{"stories_id":1220418091,"tag":"Kansas City foundation","tag_set":"cliff_organizations","tag_sets_id":2388,"tags_id":79681788},{"stories_id":1220418091,"tag":"readability-lxml-0.7","tag_set":"extractor_version","tag_sets_id":1354,"tags_id":81092444},{"stories_id":1220418091,"tag":"Frank Mars","tag_set":"cliff_organizations","tag_sets_id":2388,"tags_id":110098957},{"stories_id":1220418091,"tag":"Newark & Wilmington","tag_set":"cliff_organizations","tag_sets_id":2388,"tags_id":136017508},{"stories_id":1220418091,"tag":"global investment fund Citadel","tag_set":"cliff_organizations","tag_sets_id":2388,"tags_id":136017510},{"stories_id":1220418091,"tag":"United National Corporation and Sanford","tag_set":"cliff_organizations","tag_sets_id":2388,"tags_id":136017514},{"stories_id":1220418091,"tag":"e-commerce juggernaut Amazon","tag_set":"cliff_organizations","tag_sets_id":2388,"tags_id":136017515}],"title":"Want to know who the richest person in your state is? Here&apos;s a list.","url":"http://rssfeeds.usatoday.com/~/599390256/0/usatoday-newstopstories~Want-to-know-who-the-richest-person-in-your-state-is-Hereaposs-a-list/","word_count":null}]