[{"ap_syndicated":null,"collect_date":"2019-04-06 05:30:14.991268","feeds":null,"guid":"https://www.washingtonpost.com/nation/2019/04/04/course-windmills-cause-cancer-thats-why-everyone-holland-is-dead-trump-mocked-his-wind-energy-attack/","language":"en","media_id":2,"media_name":null,"media_url":null,"processed_stories_id":null,"publish_date":"2019-04-04 06:44:21","stories_id":1240469570,"story_tags":[{"stories_id":1240469570,"tag":"guess_by_unknown","tag_set":"date_guess_method","tag_sets_id":508,"tags_id":50741492}],"title":"‘Course windmills cause cancer — that’s why everyone in Holland is dead’: Trump mocked for his wind energy attack","url":"https://www.washingtonpost.com/nation/2019/04/04/course-windmills-cause-cancer-thats-why-everyone-holland-is-dead-trump-mocked-his-wind-energy-attack/","word_count":null}]