[{"ap_syndicated":null,"collect_date":"2019-05-13 17:39:23.225778","feeds":null,"guid":"https://www.washingtonpost.com/opinions/2019/03/26/john-hickenlooper-green-new-deal-sets-us-up-failure-we-need-better-approach/?utm_term=.9d7b31c3cf80","language":"en","media_id":2,"media_name":null,"media_url":null,"processed_stories_id":null,"publish_date":"2019-03-26 00:00:00","stories_id":1281923479,"story_tags":[{"stories_id":1281923479,"tag":"geonames_6252001","tag_set":"mc-geocoder@media.mit.edu","tag_sets_id":1011,"tags_id":8878461},{"stories_id":1281923479,"tag":"geonames_5417618","tag_set":"mc-geocoder@media.mit.edu","tag_sets_id":1011,"tags_id":8878696},{"stories_id":1281923479,"tag":"geonames_4717560","tag_set":"mc-geocoder@media.mit.edu","tag_sets_id":1011,"tags_id":8883238},{"stories_id":1281923479,"tag":"nyt_labeller_v1.0.0","tag_set":"nyt_labels_version","tag_sets_id":1964,"tags_id":9360669},{"stories_id":1281923479,"tag":"politics and government","tag_set":"nyt_labels","tag_sets_id":1963,"tags_id":9360836},{"stories_id":1281923479,"tag":"united states politics and government","tag_set":"nyt_labels","tag_sets_id":1963,"tags_id":9360846},{"stories_id":1281923479,"tag":"global warming","tag_set":"nyt_labels","tag_sets_id":1963,"tags_id":9360886},{"stories_id":1281923479,"tag":"Senate","tag_set":"cliff_organizations","tag_sets_id":2388,"tags_id":9362741},{"stories_id":1281923479,"tag":"Trump","tag_set":"cliff_people","tag_sets_id":2389,"tags_id":9362872},{"stories_id":1281923479,"tag":"Ed Markey","tag_set":"cliff_people","tag_sets_id":2389,"tags_id":9387136},{"stories_id":1281923479,"tag":"Eugene Robinson","tag_set":"cliff_people","tag_sets_id":2389,"tags_id":9395755},{"stories_id":1281923479,"tag":"Tom Toles","tag_set":"cliff_people","tag_sets_id":2389,"tags_id":9410057},{"stories_id":1281923479,"tag":"John Hickenlooper","tag_set":"cliff_people","tag_sets_id":2389,"tags_id":9421617},{"stories_id":1281923479,"tag":"Megan McArdle","tag_set":"cliff_people","tag_sets_id":2389,"tags_id":9468617},{"stories_id":1281923479,"tag":"cliff_clavin_v2.4.1","tag_set":"geocoder_version","tag_sets_id":1937,"tags_id":9696677},{"stories_id":1281923479,"tag":"Alexandria Ocasio-Cortez","tag_set":"cliff_people","tag_sets_id":2389,"tags_id":44318694},{"stories_id":1281923479,"tag":"guess_by_unknown","tag_set":"date_guess_method","tag_sets_id":508,"tags_id":50741492},{"stories_id":1281923479,"tag":"readability-lxml-0.7","tag_set":"extractor_version","tag_sets_id":1354,"tags_id":81092444},{"stories_id":1281923479,"tag":"rural electric producers","tag_set":"cliff_organizations","tag_sets_id":2388,"tags_id":139108336}],"title":"Opinion | John Hickenlooper: The Green New Deal sets us up for failure. We need a better approach.","url":"https://www.washingtonpost.com/opinions/2019/03/26/john-hickenlooper-green-new-deal-sets-us-up-failure-we-need-better-approach/?utm_term=.9d7b31c3cf80","word_count":null}]