[{"ap_syndicated":null,"collect_date":"2019-05-19 19:12:50.980334","feeds":null,"guid":"https://www.washingtonpost.com/politics/paloma/the-trailer/2019/05/19/the-trailer-why-polls-haven-t-scared-off-2020-democratic-hopefuls/5cdfe68ea7a0a435cff8c0ce/","language":"en","media_id":2,"media_name":null,"media_url":null,"processed_stories_id":null,"publish_date":"2019-05-19 18:02:24","stories_id":1287501720,"story_tags":[{"stories_id":1287501720,"tag":"geonames_6252001","tag_set":"mc-geocoder@media.mit.edu","tag_sets_id":1011,"tags_id":8878461},{"stories_id":1287501720,"tag":"geonames_5128581","tag_set":"mc-geocoder@media.mit.edu","tag_sets_id":1011,"tags_id":8878486},{"stories_id":1287501720,"tag":"geonames_4862182","tag_set":"mc-geocoder@media.mit.edu","tag_sets_id":1011,"tags_id":8878998},{"stories_id":1287501720,"tag":"geonames_4854529","tag_set":"mc-geocoder@media.mit.edu","tag_sets_id":1011,"tags_id":8887434},{"stories_id":1287501720,"tag":"geonames_4866164","tag_set":"mc-geocoder@media.mit.edu","tag_sets_id":1011,"tags_id":8910384},{"stories_id":1287501720,"tag":"geonames_5131095","tag_set":"mc-geocoder@media.mit.edu","tag_sets_id":1011,"tags_id":9025449},{"stories_id":1287501720,"tag":"nyt_labeller_v1.0.0","tag_set":"nyt_labels_version","tag_sets_id":1964,"tags_id":9360669},{"stories_id":1287501720,"tag":"politics and government","tag_set":"nyt_labels","tag_sets_id":1963,"tags_id":9360836},{"stories_id":1287501720,"tag":"united states politics and government","tag_set":"nyt_labels","tag_sets_id":1963,"tags_id":9360846},{"stories_id":1287501720,"tag":"elections","tag_set":"nyt_labels","tag_sets_id":1963,"tags_id":9360851},{"stories_id":1287501720,"tag":"presidents and presidency (us)","tag_set":"nyt_labels","tag_sets_id":1963,"tags_id":9360853},{"stories_id":1287501720,"tag":"presidential elections (us)","tag_set":"nyt_labels","tag_sets_id":1963,"tags_id":9360854},{"stories_id":1287501720,"tag":"Donald Trump","tag_set":"cliff_people","tag_sets_id":2389,"tags_id":9362284},{"stories_id":1287501720,"tag":"Harvard","tag_set":"cliff_organizations","tag_sets_id":2388,"tags_id":9362285},{"stories_id":1287501720,"tag":"Supreme Court","tag_set":"cliff_organizations","tag_sets_id":2388,"tags_id":9362719},{"stories_id":1287501720,"tag":"Treasury Department","tag_set":"cliff_organizations","tag_sets_id":2388,"tags_id":9362735},{"stories_id":1287501720,"tag":"White House","tag_set":"cliff_organizations","tag_sets_id":2388,"tags_id":9362736},{"stories_id":1287501720,"tag":"Hillary Clinton","tag_set":"cliff_people","tag_sets_id":2389,"tags_id":9362747},{"stories_id":1287501720,"tag":"Bernie Sanders","tag_set":"cliff_people","tag_sets_id":2389,"tags_id":9362750},{"stories_id":1287501720,"tag":"house","tag_set":"cliff_organizations","tag_sets_id":2388,"tags_id":9362752},{"stories_id":1287501720,"tag":"Barack Obama","tag_set":"cliff_people","tag_sets_id":2389,"tags_id":9362763},{"stories_id":1287501720,"tag":"Trump","tag_set":"cliff_organizations","tag_sets_id":2388,"tags_id":9362787},{"stories_id":1287501720,"tag":"Washington Post","tag_set":"cliff_organizations","tag_sets_id":2388,"tags_id":9362798},{"stories_id":1287501720,"tag":"GOP","tag_set":"cliff_organizations","tag_sets_id":2388,"tags_id":9362923},{"stories_id":1287501720,"tag":"Paul Kane","tag_set":"cliff_people","tag_sets_id":2389,"tags_id":9362956},{"stories_id":1287501720,"tag":"Congress","tag_set":"cliff_organizations","tag_sets_id":2388,"tags_id":9362962},{"stories_id":1287501720,"tag":"John Bolton","tag_set":"cliff_people","tag_sets_id":2389,"tags_id":9363129},{"stories_id":1287501720,"tag":"Joe Biden","tag_set":"cliff_people","tag_sets_id":2389,"tags_id":9363134},{"stories_id":1287501720,"tag":"Kamala Harris","tag_set":"cliff_people","tag_sets_id":2389,"tags_id":9363331},{"stories_id":1287501720,"tag":"CBS","tag_set":"cliff_organizations","tag_sets_id":2388,"tags_id":9363631},{"stories_id":1287501720,"tag":"Walmart","tag_set":"cliff_organizations","tag_sets_id":2388,"tags_id":9363718},{"stories_id":1287501720,"tag":"Fox News","tag_set":"cliff_organizations","tag_sets_id":2388,"tags_id":9364167},{"stories_id":1287501720,"tag":"Roe","tag_set":"cliff_people","tag_sets_id":2389,"tags_id":9364471},{"stories_id":1287501720,"tag":"Wade","tag_set":"cliff_people","tag_sets_id":2389,"tags_id":9364472},{"stories_id":1287501720,"tag":"Medicare","tag_set":"cliff_organizations","tag_sets_id":2388,"tags_id":9364657},{"stories_id":1287501720,"tag":"Shane Goldmacher","tag_set":"cliff_people","tag_sets_id":2389,"tags_id":9364758},{"stories_id":1287501720,"tag":"Reagan","tag_set":"cliff_people","tag_sets_id":2389,"tags_id":9365068},{"stories_id":1287501720,"tag":"Clintons","tag_set":"cliff_people","tag_sets_id":2389,"tags_id":9365249},{"stories_id":1287501720,"tag":"Bill de Blasio","tag_set":"cliff_people","tag_sets_id":2389,"tags_id":9365833},{"stories_id":1287501720,"tag":"Cory Booker","tag_set":"cliff_people","tag_sets_id":2389,"tags_id":9365894},{"stories_id":1287501720,"tag":"Kirsten Gillibrand","tag_set":"cliff_people","tag_sets_id":2389,"tags_id":9366370},{"stories_id":1287501720,"tag":"John F. Kerry","tag_set":"cliff_people","tag_sets_id":2389,"tags_id":9366716},{"stories_id":1287501720,"tag":"George Mason University","tag_set":"cliff_organizations","tag_sets_id":2388,"tags_id":9367000},{"stories_id":1287501720,"tag":"Seth Moulton","tag_set":"cliff_people","tag_sets_id":2389,"tags_id":9369658},{"stories_id":1287501720,"tag":"Thurgood Marshall","tag_set":"cliff_people","tag_sets_id":2389,"tags_id":9370092},{"stories_id":1287501720,"tag":"RNC","tag_set":"cliff_organizations","tag_sets_id":2388,"tags_id":9374726},{"stories_id":1287501720,"tag":"Republican Party","tag_set":"cliff_organizations","tag_sets_id":2388,"tags_id":9374874},{"stories_id":1287501720,"tag":"U.S. Chamber of Commerce","tag_set":"cliff_organizations","tag_sets_id":2388,"tags_id":9378477},{"stories_id":1287501720,"tag":"Dick Gephardt","tag_set":"cliff_people","tag_sets_id":2389,"tags_id":9380433},{"stories_id":1287501720,"tag":"Howard Dean","tag_set":"cliff_people","tag_sets_id":2389,"tags_id":9380436},{"stories_id":1287501720,"tag":"Quinnipiac","tag_set":"cliff_organizations","tag_sets_id":2388,"tags_id":9380668},{"stories_id":1287501720,"tag":"Annie Linskey","tag_set":"cliff_people","tag_sets_id":2389,"tags_id":9381752},{"stories_id":1287501720,"tag":"Justin Amash","tag_set":"cliff_people","tag_sets_id":2389,"tags_id":9396876},{"stories_id":1287501720,"tag":"Tom Miller","tag_set":"cliff_people","tag_sets_id":2389,"tags_id":9409979},{"stories_id":1287501720,"tag":"Steve Bullock","tag_set":"cliff_people","tag_sets_id":2389,"tags_id":9414825},{"stories_id":1287501720,"tag":"Martin O'Malley","tag_set":"cliff_people","tag_sets_id":2389,"tags_id":9416330},{"stories_id":1287501720,"tag":"John Hickenlooper","tag_set":"cliff_people","tag_sets_id":2389,"tags_id":9421617},{"stories_id":1287501720,"tag":"Tom Vilsack","tag_set":"cliff_people","tag_sets_id":2389,"tags_id":9450032},{"stories_id":1287501720,"tag":"Phil Scott","tag_set":"cliff_people","tag_sets_id":2389,"tags_id":9455100},{"stories_id":1287501720,"tag":"Medicaid","tag_set":"cliff_organizations","tag_sets_id":2388,"tags_id":9458020},{"stories_id":1287501720,"tag":"Gretchen Whitmer","tag_set":"cliff_people","tag_sets_id":2389,"tags_id":9464154},{"stories_id":1287501720,"tag":"Bill Weld","tag_set":"cliff_people","tag_sets_id":2389,"tags_id":9465208},{"stories_id":1287501720,"tag":"Amber Phillips","tag_set":"cliff_people","tag_sets_id":2389,"tags_id":9486112},{"stories_id":1287501720,"tag":"Ronna McDaniel","tag_set":"cliff_people","tag_sets_id":2389,"tags_id":9491423},{"stories_id":1287501720,"tag":"Michael Scherer","tag_set":"cliff_people","tag_sets_id":2389,"tags_id":9491493},{"stories_id":1287501720,"tag":"Pete Buttigieg","tag_set":"cliff_people","tag_sets_id":2389,"tags_id":9504322},{"stories_id":1287501720,"tag":"Steve Pope/Getty","tag_set":"cliff_people","tag_sets_id":2389,"tags_id":9517215},{"stories_id":1287501720,"tag":"John McAfee","tag_set":"cliff_people","tag_sets_id":2389,"tags_id":9525177},{"stories_id":1287501720,"tag":"de Blasio","tag_set":"cliff_organizations","tag_sets_id":2388,"tags_id":9547781},{"stories_id":1287501720,"tag":"Wayne Messam","tag_set":"cliff_people","tag_sets_id":2389,"tags_id":9548128},{"stories_id":1287501720,"tag":"Iowa nice","tag_set":"cliff_organizations","tag_sets_id":2388,"tags_id":9550709},{"stories_id":1287501720,"tag":"Liz Goodwin","tag_set":"cliff_people","tag_sets_id":2389,"tags_id":9567354},{"stories_id":1287501720,"tag":"Beto O'Rourke","tag_set":"cliff_people","tag_sets_id":2389,"tags_id":9596964},{"stories_id":1287501720,"tag":"Marianne Williamson","tag_set":"cliff_people","tag_sets_id":2389,"tags_id":9674930},{"stories_id":1287501720,"tag":"cliff_clavin_v2.4.1","tag_set":"geocoder_version","tag_sets_id":1937,"tags_id":9696677},{"stories_id":1287501720,"tag":"Aída Chávez","tag_set":"cliff_people","tag_sets_id":2389,"tags_id":9847913},{"stories_id":1287501720,"tag":"] Elizabeth Warren","tag_set":"cliff_people","tag_sets_id":2389,"tags_id":10155069},{"stories_id":1287501720,"tag":"Holly Otterbein","tag_set":"cliff_people","tag_sets_id":2389,"tags_id":10184734},{"stories_id":1287501720,"tag":"George Naylor","tag_set":"cliff_people","tag_sets_id":2389,"tags_id":17858541},{"stories_id":1287501720,"tag":"Naylors","tag_set":"cliff_organizations","tag_sets_id":2388,"tags_id":36014512},{"stories_id":1287501720,"tag":"Donna Duvall","tag_set":"cliff_people","tag_sets_id":2389,"tags_id":39203157},{"stories_id":1287501720,"tag":"green jobs corps","tag_set":"cliff_organizations","tag_sets_id":2388,"tags_id":44146195},{"stories_id":1287501720,"tag":"GOWRIE","tag_set":"cliff_people","tag_sets_id":2389,"tags_id":63014863},{"stories_id":1287501720,"tag":"readability-lxml-0.7","tag_set":"extractor_version","tag_sets_id":1354,"tags_id":81092444},{"stories_id":1287501720,"tag":"Patti Naylor","tag_set":"cliff_people","tag_sets_id":2389,"tags_id":81765568},{"stories_id":1287501720,"tag":"Des Moines Register-CNN","tag_set":"cliff_organizations","tag_sets_id":2388,"tags_id":162033920},{"stories_id":1287501720,"tag":"National Service Education Guarantee","tag_set":"cliff_organizations","tag_sets_id":2388,"tags_id":162033921}],"title":"The Trailer: Why polls haven't scared off 2020 Democratic hopefuls","url":"https://www.washingtonpost.com/politics/paloma/the-trailer/2019/05/19/the-trailer-why-polls-haven-t-scared-off-2020-democratic-hopefuls/5cdfe68ea7a0a435cff8c0ce/","word_count":null}]