[{"ap_syndicated":null,"collect_date":"2019-08-27 13:41:17.205231","feeds":null,"guid":"https://www.usatoday.com/story/news/politics/elections/2019/08/27/donald-trump-ethanol-waivers-farm-country-lose-support-president-election-voters-farmers/2129161001/","language":"en","media_id":4,"media_name":null,"media_url":null,"processed_stories_id":null,"publish_date":"2019-08-27 12:01:48","stories_id":1375958066,"story_tags":[{"stories_id":1375958066,"tag":"geonames_6252001","tag_set":"mc-geocoder@media.mit.edu","tag_sets_id":1011,"tags_id":8878461},{"stories_id":1375958066,"tag":"geonames_4853828","tag_set":"mc-geocoder@media.mit.edu","tag_sets_id":1011,"tags_id":8878584},{"stories_id":1375958066,"tag":"geonames_1816670","tag_set":"mc-geocoder@media.mit.edu","tag_sets_id":1011,"tags_id":8878606},{"stories_id":1375958066,"tag":"geonames_4847385","tag_set":"mc-geocoder@media.mit.edu","tag_sets_id":1011,"tags_id":8878806},{"stories_id":1375958066,"tag":"geonames_4862182","tag_set":"mc-geocoder@media.mit.edu","tag_sets_id":1011,"tags_id":8878998},{"stories_id":1375958066,"tag":"geonames_5832330","tag_set":"mc-geocoder@media.mit.edu","tag_sets_id":1011,"tags_id":8880182},{"stories_id":1375958066,"tag":"geonames_500075","tag_set":"mc-geocoder@media.mit.edu","tag_sets_id":1011,"tags_id":8953609},{"stories_id":1375958066,"tag":"nyt_labeller_v1.0.0","tag_set":"nyt_labels_version","tag_sets_id":1964,"tags_id":9360669},{"stories_id":1375958066,"tag":"politics and government","tag_set":"nyt_labels","tag_sets_id":1963,"tags_id":9360836},{"stories_id":1375958066,"tag":"united states politics and government","tag_set":"nyt_labels","tag_sets_id":1963,"tags_id":9360846},{"stories_id":1375958066,"tag":"oil (petroleum) and gasoline","tag_set":"nyt_labels","tag_sets_id":1963,"tags_id":9360884},{"stories_id":1375958066,"tag":"environment","tag_set":"nyt_labels","tag_sets_id":1963,"tags_id":9360887},{"stories_id":1375958066,"tag":"international trade and world market","tag_set":"nyt_labels","tag_sets_id":1963,"tags_id":9360983},{"stories_id":1375958066,"tag":"energy and power","tag_set":"nyt_labels","tag_sets_id":1963,"tags_id":9360997},{"stories_id":1375958066,"tag":"food","tag_set":"nyt_labels","tag_sets_id":1963,"tags_id":9361010},{"stories_id":1375958066,"tag":"agriculture","tag_set":"nyt_labels","tag_sets_id":1963,"tags_id":9361156},{"stories_id":1375958066,"tag":"farmers","tag_set":"nyt_labels","tag_sets_id":1963,"tags_id":9361177},{"stories_id":1375958066,"tag":"Reuters","tag_set":"cliff_organizations","tag_sets_id":2388,"tags_id":9362267},{"stories_id":1375958066,"tag":"Donald Trump","tag_set":"cliff_people","tag_sets_id":2389,"tags_id":9362284},{"stories_id":1375958066,"tag":"Obama","tag_set":"cliff_people","tag_sets_id":2389,"tags_id":9362721},{"stories_id":1375958066,"tag":"White House","tag_set":"cliff_organizations","tag_sets_id":2388,"tags_id":9362736},{"stories_id":1375958066,"tag":"AP","tag_set":"cliff_organizations","tag_sets_id":2388,"tags_id":9362920},{"stories_id":1375958066,"tag":"ExxonMobil","tag_set":"cliff_organizations","tag_sets_id":2388,"tags_id":9362922},{"stories_id":1375958066,"tag":"Trump administration","tag_set":"cliff_organizations","tag_sets_id":2388,"tags_id":9362998},{"stories_id":1375958066,"tag":"Bloomberg","tag_set":"cliff_organizations","tag_sets_id":2388,"tags_id":9363116},{"stories_id":1375958066,"tag":"Shaw","tag_set":"cliff_organizations","tag_sets_id":2388,"tags_id":9363169},{"stories_id":1375958066,"tag":"Environmental Protection Agency","tag_set":"cliff_organizations","tag_sets_id":2388,"tags_id":9363956},{"stories_id":1375958066,"tag":"EPA","tag_set":"cliff_organizations","tag_sets_id":2388,"tags_id":9364166},{"stories_id":1375958066,"tag":"Terry Branstad","tag_set":"cliff_people","tag_sets_id":2389,"tags_id":9365355},{"stories_id":1375958066,"tag":"Chuck Grassley","tag_set":"cliff_people","tag_sets_id":2389,"tags_id":9377138},{"stories_id":1375958066,"tag":"USA TODAY","tag_set":"cliff_organizations","tag_sets_id":2388,"tags_id":9382850},{"stories_id":1375958066,"tag":"Kim Reynolds","tag_set":"cliff_people","tag_sets_id":2389,"tags_id":9391600},{"stories_id":1375958066,"tag":"Iowa Public Television","tag_set":"cliff_organizations","tag_sets_id":2388,"tags_id":9450018},{"stories_id":1375958066,"tag":"Abby Finkenauer","tag_set":"cliff_people","tag_sets_id":2389,"tags_id":9450025},{"stories_id":1375958066,"tag":"Nati Harnik","tag_set":"cliff_people","tag_sets_id":2389,"tags_id":9454396},{"stories_id":1375958066,"tag":"Pat Garrett","tag_set":"cliff_people","tag_sets_id":2389,"tags_id":9462577},{"stories_id":1375958066,"tag":"Chevron Corp","tag_set":"cliff_organizations","tag_sets_id":2388,"tags_id":9497620},{"stories_id":1375958066,"tag":"Iowa Renewable Fuels Association","tag_set":"cliff_organizations","tag_sets_id":2388,"tags_id":9543426},{"stories_id":1375958066,"tag":"Monte Shaw","tag_set":"cliff_people","tag_sets_id":2389,"tags_id":9543430},{"stories_id":1375958066,"tag":"National Pork Producers Council","tag_set":"cliff_organizations","tag_sets_id":2388,"tags_id":9641809},{"stories_id":1375958066,"tag":"Andrew Wheeler","tag_set":"cliff_people","tag_sets_id":2389,"tags_id":9686302},{"stories_id":1375958066,"tag":"cliff_clavin_v2.4.1","tag_set":"geocoder_version","tag_sets_id":1937,"tags_id":9696677},{"stories_id":1375958066,"tag":"ag","tag_set":"cliff_organizations","tag_sets_id":2388,"tags_id":9721931},{"stories_id":1375958066,"tag":"Iowa Press","tag_set":"cliff_organizations","tag_sets_id":2388,"tags_id":9817690},{"stories_id":1375958066,"tag":"geonames_5146055","tag_set":"mc-geocoder@media.mit.edu","tag_sets_id":1011,"tags_id":10286914},{"stories_id":1375958066,"tag":"Iowa Corn Growers Association","tag_set":"cliff_organizations","tag_sets_id":2388,"tags_id":10456605},{"stories_id":1375958066,"tag":"Cindy Axne","tag_set":"cliff_people","tag_sets_id":2389,"tags_id":10733047},{"stories_id":1375958066,"tag":"Donnelle Eller","tag_set":"cliff_people","tag_sets_id":2389,"tags_id":28076879},{"stories_id":1375958066,"tag":"Iowa Soybean Association","tag_set":"cliff_organizations","tag_sets_id":2388,"tags_id":29035234},{"stories_id":1375958066,"tag":"Kelsey Kremer","tag_set":"cliff_people","tag_sets_id":2389,"tags_id":29330038},{"stories_id":1375958066,"tag":"Lincolnway Energy","tag_set":"cliff_organizations","tag_sets_id":2388,"tags_id":34653204},{"stories_id":1375958066,"tag":"Southwest Iowa Renewable Energy","tag_set":"cliff_organizations","tag_sets_id":2388,"tags_id":41312049},{"stories_id":1375958066,"tag":"Nick Bowdish","tag_set":"cliff_people","tag_sets_id":2389,"tags_id":47471535},{"stories_id":1375958066,"tag":"Mike Jerke","tag_set":"cliff_people","tag_sets_id":2389,"tags_id":52974927},{"stories_id":1375958066,"tag":"Curt Mether","tag_set":"cliff_people","tag_sets_id":2389,"tags_id":53322917},{"stories_id":1375958066,"tag":"readability-lxml-0.7","tag_set":"extractor_version","tag_sets_id":1354,"tags_id":81092444}],"title":"&apos;A slap in the face&apos;: Trump&apos;s ethanol waivers are sparking rebellion in farm country","url":"http://rssfeeds.usatoday.com/~/606124788/0/usatoday-newstopstories~aposA-slap-in-the-faceapos-Trumpaposs-ethanol-waivers-are-sparking-rebellion-in-farm-country/","word_count":null}]