[{"ap_syndicated":null,"collect_date":"2019-09-21 12:18:30.418461","feeds":null,"guid":"https://www.nytimes.com/2019/09/21/climate/united-nations-climate-change.html","language":"en","media_id":1,"media_name":null,"media_url":null,"processed_stories_id":null,"publish_date":"2019-09-21 15:34:01","stories_id":1398659780,"story_tags":[{"stories_id":1398659780,"tag":"guess_by_tag_time","tag_set":"date_guess_method","tag_sets_id":508,"tags_id":50741428}],"title":"Climate Protesters and World Leaders: Same Planet, Different Worlds","url":"https://www.nytimes.com/2019/09/21/climate/united-nations-climate-change.html","word_count":null}]