[{"ap_syndicated":null,"collect_date":"2019-10-02 13:37:55.292369","feeds":null,"guid":"https://nypost.com/2019/10/02/big-tech-still-pursuing-oil-industry-deals-despite-pledges-to-slash-emissions/","language":"en","media_id":7,"media_name":null,"media_url":null,"processed_stories_id":null,"publish_date":"2019-10-02 13:15:45","stories_id":1408469850,"story_tags":[{"stories_id":1408469850,"tag":"geonames_6252001","tag_set":"mc-geocoder@media.mit.edu","tag_sets_id":1011,"tags_id":8878461},{"stories_id":1408469850,"tag":"geonames_5815135","tag_set":"mc-geocoder@media.mit.edu","tag_sets_id":1011,"tags_id":8878481},{"stories_id":1408469850,"tag":"geonames_5809844","tag_set":"mc-geocoder@media.mit.edu","tag_sets_id":1011,"tags_id":8878694},{"stories_id":1408469850,"tag":"geonames_5808079","tag_set":"mc-geocoder@media.mit.edu","tag_sets_id":1011,"tags_id":8884778},{"stories_id":1408469850,"tag":"nyt_labeller_v1.0.0","tag_set":"nyt_labels_version","tag_sets_id":1964,"tags_id":9360669},{"stories_id":1408469850,"tag":"computers and the internet","tag_set":"nyt_labels","tag_sets_id":1963,"tags_id":9360839},{"stories_id":1408469850,"tag":"labor","tag_set":"nyt_labels","tag_sets_id":1963,"tags_id":9360859},{"stories_id":1408469850,"tag":"computer software","tag_set":"nyt_labels","tag_sets_id":1963,"tags_id":9360880},{"stories_id":1408469850,"tag":"oil (petroleum) and gasoline","tag_set":"nyt_labels","tag_sets_id":1963,"tags_id":9360884},{"stories_id":1408469850,"tag":"environment","tag_set":"nyt_labels","tag_sets_id":1963,"tags_id":9360887},{"stories_id":1408469850,"tag":"energy and power","tag_set":"nyt_labels","tag_sets_id":1963,"tags_id":9360997},{"stories_id":1408469850,"tag":"Bernie Sanders","tag_set":"cliff_people","tag_sets_id":2389,"tags_id":9362750},{"stories_id":1408469850,"tag":"United Nations","tag_set":"cliff_organizations","tag_sets_id":2388,"tags_id":9362785},{"stories_id":1408469850,"tag":"AP","tag_set":"cliff_organizations","tag_sets_id":2388,"tags_id":9362920},{"stories_id":1408469850,"tag":"ExxonMobil","tag_set":"cliff_organizations","tag_sets_id":2388,"tags_id":9362922},{"stories_id":1408469850,"tag":"Chevron","tag_set":"cliff_organizations","tag_sets_id":2388,"tags_id":9362928},{"stories_id":1408469850,"tag":"Google","tag_set":"cliff_organizations","tag_sets_id":2388,"tags_id":9363209},{"stories_id":1408469850,"tag":"University of Washington","tag_set":"cliff_organizations","tag_sets_id":2388,"tags_id":9365696},{"stories_id":1408469850,"tag":"Amazon","tag_set":"cliff_organizations","tag_sets_id":2388,"tags_id":9366535},{"stories_id":1408469850,"tag":"BP","tag_set":"cliff_organizations","tag_sets_id":2388,"tags_id":9367462},{"stories_id":1408469850,"tag":"Jeff Bezos","tag_set":"cliff_people","tag_sets_id":2389,"tags_id":9368367},{"stories_id":1408469850,"tag":"IDC","tag_set":"cliff_organizations","tag_sets_id":2388,"tags_id":9372947},{"stories_id":1408469850,"tag":"Microsoft","tag_set":"cliff_organizations","tag_sets_id":2388,"tags_id":9374723},{"stories_id":1408469850,"tag":"tech giants","tag_set":"cliff_organizations","tag_sets_id":2388,"tags_id":9376410},{"stories_id":1408469850,"tag":"Satya Nadella","tag_set":"cliff_people","tag_sets_id":2389,"tags_id":9376415},{"stories_id":1408469850,"tag":"Schlumberger","tag_set":"cliff_organizations","tag_sets_id":2388,"tags_id":9408280},{"stories_id":1408469850,"tag":"Accenture","tag_set":"cliff_organizations","tag_sets_id":2388,"tags_id":9500549},{"stories_id":1408469850,"tag":"Aseem Prakash","tag_set":"cliff_people","tag_sets_id":2389,"tags_id":9563504},{"stories_id":1408469850,"tag":"Verma","tag_set":"cliff_people","tag_sets_id":2389,"tags_id":9564534},{"stories_id":1408469850,"tag":"cliff_clavin_v2.4.1","tag_set":"geocoder_version","tag_sets_id":1937,"tags_id":9696677},{"stories_id":1408469850,"tag":"Vivek Chidambaram","tag_set":"cliff_people","tag_sets_id":2389,"tags_id":63523767},{"stories_id":1408469850,"tag":"readability-lxml-0.7","tag_set":"extractor_version","tag_sets_id":1354,"tags_id":81092444}],"title":"Big Tech still pursuing oil industry deals despite pledges to slash emissions","url":"https://nypost.com/2019/10/02/big-tech-still-pursuing-oil-industry-deals-despite-pledges-to-slash-emissions/","word_count":null}]