[{"ap_syndicated":null,"collect_date":"2019-10-05 14:36:50.180870","feeds":null,"guid":"https://nypost.com/2019/10/05/how-this-new-jersey-towns-5-6m-wind-turbine-became-a-blessing-and-a-curse/","language":"en","media_id":7,"media_name":null,"media_url":null,"processed_stories_id":null,"publish_date":"2019-10-05 14:14:26","stories_id":1411256308,"story_tags":[{"stories_id":1411256308,"tag":"geonames_6252001","tag_set":"mc-geocoder@media.mit.edu","tag_sets_id":1011,"tags_id":8878461},{"stories_id":1411256308,"tag":"geonames_5101760","tag_set":"mc-geocoder@media.mit.edu","tag_sets_id":1011,"tags_id":8878484},{"stories_id":1411256308,"tag":"geonames_5095445","tag_set":"mc-geocoder@media.mit.edu","tag_sets_id":1011,"tags_id":8882638},{"stories_id":1411256308,"tag":"nyt_labeller_v1.0.0","tag_set":"nyt_labels_version","tag_sets_id":1964,"tags_id":9360669},{"stories_id":1411256308,"tag":"environment","tag_set":"nyt_labels","tag_sets_id":1963,"tags_id":9360887},{"stories_id":1411256308,"tag":"energy and power","tag_set":"nyt_labels","tag_sets_id":1963,"tags_id":9360997},{"stories_id":1411256308,"tag":"air pollution","tag_set":"nyt_labels","tag_sets_id":1963,"tags_id":9361007},{"stories_id":1411256308,"tag":"electric light and power","tag_set":"nyt_labels","tag_sets_id":1963,"tags_id":9361013},{"stories_id":1411256308,"tag":"light","tag_set":"nyt_labels","tag_sets_id":1963,"tags_id":9361014},{"stories_id":1411256308,"tag":"Barack Obama","tag_set":"cliff_people","tag_sets_id":2389,"tags_id":9362763},{"stories_id":1411256308,"tag":"Jon Corzine","tag_set":"cliff_people","tag_sets_id":2389,"tags_id":9379710},{"stories_id":1411256308,"tag":"John Armstrong","tag_set":"cliff_people","tag_sets_id":2389,"tags_id":9509798},{"stories_id":1411256308,"tag":"cliff_clavin_v2.4.1","tag_set":"geocoder_version","tag_sets_id":1937,"tags_id":9696677},{"stories_id":1411256308,"tag":"Tim Boyle","tag_set":"cliff_people","tag_sets_id":2389,"tags_id":9716412},{"stories_id":1411256308,"tag":"J.C. Rice","tag_set":"cliff_people","tag_sets_id":2389,"tags_id":9781239},{"stories_id":1411256308,"tag":"Paul Gipe","tag_set":"cliff_people","tag_sets_id":2389,"tags_id":9944342},{"stories_id":1411256308,"tag":"Mike Guillen/NY","tag_set":"cliff_people","tag_sets_id":2389,"tags_id":11143541},{"stories_id":1411256308,"tag":"NJ town","tag_set":"cliff_organizations","tag_sets_id":2388,"tags_id":20548710},{"stories_id":1411256308,"tag":"James B. Meigs","tag_set":"cliff_people","tag_sets_id":2389,"tags_id":27115955},{"stories_id":1411256308,"tag":"readability-lxml-0.7","tag_set":"extractor_version","tag_sets_id":1354,"tags_id":81092444},{"stories_id":1411256308,"tag":"Leitner-Poma","tag_set":"cliff_people","tag_sets_id":2389,"tags_id":84672998},{"stories_id":1411256308,"tag":"Joe Mechanic","tag_set":"cliff_people","tag_sets_id":2389,"tags_id":140570325},{"stories_id":1411256308,"tag":"Greg Gerba","tag_set":"cliff_people","tag_sets_id":2389,"tags_id":187351836},{"stories_id":1411256308,"tag":"Trecia Henry","tag_set":"cliff_people","tag_sets_id":2389,"tags_id":187351837},{"stories_id":1411256308,"tag":"Mark Scrudato","tag_set":"cliff_people","tag_sets_id":2389,"tags_id":187351838}],"title":"How this New Jersey town&#8217;s $5.6M wind turbine became a blessing and a curse","url":"https://nypost.com/2019/10/05/how-this-new-jersey-towns-5-6m-wind-turbine-became-a-blessing-and-a-curse/","word_count":null}]