[{"ap_syndicated":null,"collect_date":"2020-03-05 19:07:13.431392","feeds":null,"guid":"https://www.wsj.com/articles/trump-wants-a-referendum-on-the-economyand-sanders-may-give-it-to-him-11580913171","language":"en","media_id":1150,"media_name":null,"media_url":null,"processed_stories_id":null,"publish_date":null,"stories_id":1539970002,"story_tags":[{"stories_id":1539970002,"tag":"geonames_6252001","tag_set":"mc-geocoder@media.mit.edu","tag_sets_id":1011,"tags_id":8878461},{"stories_id":1539970002,"tag":"geonames_6254927","tag_set":"mc-geocoder@media.mit.edu","tag_sets_id":1011,"tags_id":8878566},{"stories_id":1539970002,"tag":"geonames_6254926","tag_set":"mc-geocoder@media.mit.edu","tag_sets_id":1011,"tags_id":8878682},{"stories_id":1539970002,"tag":"geonames_4862182","tag_set":"mc-geocoder@media.mit.edu","tag_sets_id":1011,"tags_id":8878998},{"stories_id":1539970002,"tag":"geonames_5242283","tag_set":"mc-geocoder@media.mit.edu","tag_sets_id":1011,"tags_id":8880886},{"stories_id":1539970002,"tag":"nyt_labeller_v1.0.0","tag_set":"nyt_labels_version","tag_sets_id":1964,"tags_id":9360669},{"stories_id":1539970002,"tag":"politics and government","tag_set":"nyt_labels","tag_sets_id":1963,"tags_id":9360836},{"stories_id":1539970002,"tag":"finances","tag_set":"nyt_labels","tag_sets_id":1963,"tags_id":9360840},{"stories_id":1539970002,"tag":"elections","tag_set":"nyt_labels","tag_sets_id":1963,"tags_id":9360851},{"stories_id":1539970002,"tag":"labor","tag_set":"nyt_labels","tag_sets_id":1963,"tags_id":9360859},{"stories_id":1539970002,"tag":"primaries","tag_set":"nyt_labels","tag_sets_id":1963,"tags_id":9360865},{"stories_id":1539970002,"tag":"election issues","tag_set":"nyt_labels","tag_sets_id":1963,"tags_id":9360896},{"stories_id":1539970002,"tag":"unemployment","tag_set":"nyt_labels","tag_sets_id":1963,"tags_id":9360967},{"stories_id":1539970002,"tag":"referendums","tag_set":"nyt_labels","tag_sets_id":1963,"tags_id":9360979},{"stories_id":1539970002,"tag":"wages and salaries","tag_set":"nyt_labels","tag_sets_id":1963,"tags_id":9360984},{"stories_id":1539970002,"tag":"economic conditions and trends","tag_set":"nyt_labels","tag_sets_id":1963,"tags_id":9360989},{"stories_id":1539970002,"tag":"Donald Trump","tag_set":"cliff_people","tag_sets_id":2389,"tags_id":9362284},{"stories_id":1539970002,"tag":"Bernie Sanders","tag_set":"cliff_people","tag_sets_id":2389,"tags_id":9362750},{"stories_id":1539970002,"tag":"Elizabeth Warren","tag_set":"cliff_people","tag_sets_id":2389,"tags_id":9364527},{"stories_id":1539970002,"tag":"Medicare","tag_set":"cliff_organizations","tag_sets_id":2388,"tags_id":9364657},{"stories_id":1539970002,"tag":"Greg","tag_set":"cliff_people","tag_sets_id":2389,"tags_id":9366621},{"stories_id":1539970002,"tag":"Dow Jones & Company, Inc","tag_set":"cliff_organizations","tag_sets_id":2388,"tags_id":9448258},{"stories_id":1539970002,"tag":"date_invalid","tag_set":"date_invalid","tag_sets_id":714,"tags_id":50741422},{"stories_id":1539970002,"tag":"readability-lxml-0.7","tag_set":"extractor_version","tag_sets_id":1354,"tags_id":81092444},{"stories_id":1539970002,"tag":"cliff_clavin_v2.6.0","tag_set":"geocoder_version","tag_sets_id":1937,"tags_id":189462640}],"title":"Trump Wants a Referendum on the Economy—and Sanders May Oblige","url":"https://www.wsj.com/articles/trump-wants-a-referendum-on-the-economyand-sanders-may-give-it-to-him-11580913171","word_count":null}]