[{"ap_syndicated":null,"collect_date":"2020-04-10 14:23:23.194155","feeds":null,"guid":"http://feeds.marketwatch.com/~r/marketwatch/marketpulse/~3/wKiC81SU3EA/story.aspx","language":"en","media_id":1150,"media_name":null,"media_url":null,"processed_stories_id":null,"publish_date":"2020-02-04 14:53:50","stories_id":1574705942,"story_tags":[{"stories_id":1574705942,"tag":"geonames_6252001","tag_set":"mc-geocoder@media.mit.edu","tag_sets_id":1011,"tags_id":8878461},{"stories_id":1574705942,"tag":"geonames_5128638","tag_set":"mc-geocoder@media.mit.edu","tag_sets_id":1011,"tags_id":8878463},{"stories_id":1574705942,"tag":"geonames_5128581","tag_set":"mc-geocoder@media.mit.edu","tag_sets_id":1011,"tags_id":8878486},{"stories_id":1574705942,"tag":"geonames_5332921","tag_set":"mc-geocoder@media.mit.edu","tag_sets_id":1011,"tags_id":8878533},{"stories_id":1574705942,"tag":"geonames_5368361","tag_set":"mc-geocoder@media.mit.edu","tag_sets_id":1011,"tags_id":8878543},{"stories_id":1574705942,"tag":"geonames_5165418","tag_set":"mc-geocoder@media.mit.edu","tag_sets_id":1011,"tags_id":8878703},{"stories_id":1574705942,"tag":"geonames_2593110","tag_set":"mc-geocoder@media.mit.edu","tag_sets_id":1011,"tags_id":8878817},{"stories_id":1574705942,"tag":"geonames_6355183","tag_set":"mc-geocoder@media.mit.edu","tag_sets_id":1011,"tags_id":8878852},{"stories_id":1574705942,"tag":"geonames_5158164","tag_set":"mc-geocoder@media.mit.edu","tag_sets_id":1011,"tags_id":8879011},{"stories_id":1574705942,"tag":"geonames_5509151","tag_set":"mc-geocoder@media.mit.edu","tag_sets_id":1011,"tags_id":8879111},{"stories_id":1574705942,"tag":"nyt_labeller_v1.0.0","tag_set":"nyt_labels_version","tag_sets_id":1964,"tags_id":9360669},{"stories_id":1574705942,"tag":"retail stores and trade","tag_set":"nyt_labels","tag_sets_id":1963,"tags_id":9361069},{"stories_id":1574705942,"tag":"S&P","tag_set":"cliff_organizations","tag_sets_id":2388,"tags_id":9368263},{"stories_id":1574705942,"tag":"Inc.","tag_set":"cliff_organizations","tag_sets_id":2388,"tags_id":9387757},{"stories_id":1574705942,"tag":"Sephora","tag_set":"cliff_organizations","tag_sets_id":2388,"tags_id":9388211},{"stories_id":1574705942,"tag":"SPDR S&P","tag_set":"cliff_organizations","tag_sets_id":2388,"tags_id":9423852},{"stories_id":1574705942,"tag":"J.C. Penney Co","tag_set":"cliff_organizations","tag_sets_id":2388,"tags_id":9646251},{"stories_id":1574705942,"tag":"readability-lxml-0.7","tag_set":"extractor_version","tag_sets_id":1354,"tags_id":81092444},{"stories_id":1574705942,"tag":"cliff_clavin_v2.6.0","tag_set":"geocoder_version","tag_sets_id":1937,"tags_id":189462640}],"title":"Sephora to open 100 stores that use 100% renewable energy","url":"http://feeds.marketwatch.com/~r/marketwatch/marketpulse/~3/wKiC81SU3EA/story.aspx","word_count":null}]