[{"ap_syndicated":null,"collect_date":"2020-04-14 12:55:04.268262","feeds":null,"guid":"https://www.nytimes.com/2020/04/14/technology/coronavirus-digital-divide.html","language":"en","media_id":1,"media_name":null,"media_url":null,"processed_stories_id":null,"publish_date":"2020-04-14 12:46:22","stories_id":1578005350,"story_tags":[{"stories_id":1578005350,"tag":"geonames_6252001","tag_set":"mc-geocoder@media.mit.edu","tag_sets_id":1011,"tags_id":8878461},{"stories_id":1578005350,"tag":"nyt_labeller_v1.0.0","tag_set":"nyt_labels_version","tag_sets_id":1964,"tags_id":9360669},{"stories_id":1578005350,"tag":"computers and the internet","tag_set":"nyt_labels","tag_sets_id":1963,"tags_id":9360839},{"stories_id":1578005350,"tag":"medicine and health","tag_set":"nyt_labels","tag_sets_id":1963,"tags_id":9360852},{"stories_id":1578005350,"tag":"diseases and conditions","tag_set":"nyt_labels","tag_sets_id":1963,"tags_id":9360942},{"stories_id":1578005350,"tag":"Obama","tag_set":"cliff_people","tag_sets_id":2389,"tags_id":9362721},{"stories_id":1578005350,"tag":"Joe Biden","tag_set":"cliff_people","tag_sets_id":2389,"tags_id":9363134},{"stories_id":1578005350,"tag":"YouTube","tag_set":"cliff_organizations","tag_sets_id":2388,"tags_id":9364054},{"stories_id":1578005350,"tag":"Harvard Law School","tag_set":"cliff_organizations","tag_sets_id":2388,"tags_id":9364683},{"stories_id":1578005350,"tag":"AT&T","tag_set":"cliff_organizations","tag_sets_id":2388,"tags_id":9365718},{"stories_id":1578005350,"tag":"Apple","tag_set":"cliff_organizations","tag_sets_id":2388,"tags_id":9367295},{"stories_id":1578005350,"tag":"Comcast","tag_set":"cliff_organizations","tag_sets_id":2388,"tags_id":9371789},{"stories_id":1578005350,"tag":"Microsoft","tag_set":"cliff_organizations","tag_sets_id":2388,"tags_id":9374723},{"stories_id":1578005350,"tag":"Bloomberg News","tag_set":"cliff_organizations","tag_sets_id":2388,"tags_id":9377578},{"stories_id":1578005350,"tag":"Susan Crawford","tag_set":"cliff_people","tag_sets_id":2389,"tags_id":9529584},{"stories_id":1578005350,"tag":"Khan Academy","tag_set":"cliff_organizations","tag_sets_id":2388,"tags_id":9565614},{"stories_id":1578005350,"tag":"Brian X. Chen","tag_set":"cliff_people","tag_sets_id":2389,"tags_id":10966111},{"stories_id":1578005350,"tag":"readability-lxml-0.7","tag_set":"extractor_version","tag_sets_id":1354,"tags_id":81092444},{"stories_id":1578005350,"tag":"cliff_clavin_v2.6.0","tag_set":"geocoder_version","tag_sets_id":1937,"tags_id":189462640}],"title":"‘We Can Do Better’: One Plan to Erase America’s Digital Divide","url":"https://www.nytimes.com/2020/04/14/technology/coronavirus-digital-divide.html","word_count":null}]