[{"ap_syndicated":null,"collect_date":"2020-04-30 15:52:57.541203","feeds":null,"guid":"https://www.nytimes.com/2020/04/30/climate/clean-energy-loans-coronavirus-trump.html","language":"en","media_id":1,"media_name":null,"media_url":null,"processed_stories_id":null,"publish_date":"2020-04-30 15:45:50","stories_id":1593643414,"story_tags":[{"stories_id":1593643414,"tag":"guess_by_tag_time","tag_set":"date_guess_method","tag_sets_id":508,"tags_id":50741428}],"title":"During Coronavirus, Trump Sits on Clean Energy Loans","url":"https://www.nytimes.com/2020/04/30/climate/clean-energy-loans-coronavirus-trump.html","word_count":null}]