[{"ap_syndicated":null,"collect_date":"2020-05-06 13:55:24.380465","feeds":null,"guid":"https://www.washingtonpost.com/politics/the-energy-202-national-parks-start-to-reopen-as-agency-worst-case-scenario-projects-staff-hospitalizations/2020/05/06/ee1b888c-43ff-440e-8993-3877839f1016_story.html?utm_source=rss&utm_medium=referral&utm_campaign=wp_politics","language":"en","media_id":2,"media_name":null,"media_url":null,"processed_stories_id":null,"publish_date":"2020-05-06 08:19:12","stories_id":1598769669,"story_tags":[{"stories_id":1598769669,"tag":"guess_by_unknown","tag_set":"date_guess_method","tag_sets_id":508,"tags_id":50741492}],"title":"The Energy 202: National parks start to reopen as agency ‘worst case scenario’ projects staff hospitalizations","url":"https://www.washingtonpost.com/politics/the-energy-202-national-parks-start-to-reopen-as-agency-worst-case-scenario-projects-staff-hospitalizations/2020/05/06/ee1b888c-43ff-440e-8993-3877839f1016_story.html?utm_source=rss&utm_medium=referral&utm_campaign=wp_politics","word_count":null}]