[{"ap_syndicated":null,"collect_date":"2020-05-22 19:45:11.639618","feeds":null,"guid":"https://www.nytimes.com/2020/05/22/opinion/coronavirus-senate-unemployment.html","language":"en","media_id":1,"media_name":null,"media_url":null,"processed_stories_id":null,"publish_date":"2020-05-22 19:16:59","stories_id":1614338705,"story_tags":[{"stories_id":1614338705,"tag":"geonames_6252001","tag_set":"mc-geocoder@media.mit.edu","tag_sets_id":1011,"tags_id":8878461},{"stories_id":1614338705,"tag":"geonames_5417618","tag_set":"mc-geocoder@media.mit.edu","tag_sets_id":1011,"tags_id":8878696},{"stories_id":1614338705,"tag":"nyt_labeller_v1.0.0","tag_set":"nyt_labels_version","tag_sets_id":1964,"tags_id":9360669},{"stories_id":1614338705,"tag":"politics and government","tag_set":"nyt_labels","tag_sets_id":1963,"tags_id":9360836},{"stories_id":1614338705,"tag":"law and legislation","tag_set":"nyt_labels","tag_sets_id":1963,"tags_id":9360837},{"stories_id":1614338705,"tag":"finances","tag_set":"nyt_labels","tag_sets_id":1963,"tags_id":9360840},{"stories_id":1614338705,"tag":"budgets and budgeting","tag_set":"nyt_labels","tag_sets_id":1963,"tags_id":9360850},{"stories_id":1614338705,"tag":"medicine and health","tag_set":"nyt_labels","tag_sets_id":1963,"tags_id":9360852},{"stories_id":1614338705,"tag":"diseases and conditions","tag_set":"nyt_labels","tag_sets_id":1963,"tags_id":9360942},{"stories_id":1614338705,"tag":"Senate","tag_set":"cliff_organizations","tag_sets_id":2388,"tags_id":9362741},{"stories_id":1614338705,"tag":"Trump","tag_set":"cliff_people","tag_sets_id":2389,"tags_id":9362872},{"stories_id":1614338705,"tag":"CNN","tag_set":"cliff_organizations","tag_sets_id":2388,"tags_id":9362932},{"stories_id":1614338705,"tag":"Mitch McConnell","tag_set":"cliff_people","tag_sets_id":2389,"tags_id":9362936},{"stories_id":1614338705,"tag":"Congress","tag_set":"cliff_organizations","tag_sets_id":2388,"tags_id":9362962},{"stories_id":1614338705,"tag":"House","tag_set":"cliff_organizations","tag_sets_id":2388,"tags_id":9363164},{"stories_id":1614338705,"tag":"Lindsey Graham","tag_set":"cliff_people","tag_sets_id":2389,"tags_id":9363637},{"stories_id":1614338705,"tag":"Treasury","tag_set":"cliff_organizations","tag_sets_id":2388,"tags_id":9363650},{"stories_id":1614338705,"tag":"Amtrak","tag_set":"cliff_organizations","tag_sets_id":2388,"tags_id":9364669},{"stories_id":1614338705,"tag":"Times","tag_set":"cliff_organizations","tag_sets_id":2388,"tags_id":9365707},{"stories_id":1614338705,"tag":"Steven Mnuchin","tag_set":"cliff_people","tag_sets_id":2389,"tags_id":9366312},{"stories_id":1614338705,"tag":"James","tag_set":"cliff_people","tag_sets_id":2389,"tags_id":9367188},{"stories_id":1614338705,"tag":"Cory Gardner","tag_set":"cliff_people","tag_sets_id":2389,"tags_id":9367449},{"stories_id":1614338705,"tag":"Susan Collins","tag_set":"cliff_people","tag_sets_id":2389,"tags_id":9368355},{"stories_id":1614338705,"tag":"Jack Reed","tag_set":"cliff_people","tag_sets_id":2389,"tags_id":9386463},{"stories_id":1614338705,"tag":"Roger Wicker","tag_set":"cliff_people","tag_sets_id":2389,"tags_id":9405944},{"stories_id":1614338705,"tag":"Jerome Powell","tag_set":"cliff_people","tag_sets_id":2389,"tags_id":9438876},{"stories_id":1614338705,"tag":"Michael Bennet","tag_set":"cliff_people","tag_sets_id":2389,"tags_id":9445954},{"stories_id":1614338705,"tag":"Josh Hawley","tag_set":"cliff_people","tag_sets_id":2389,"tags_id":9453791},{"stories_id":1614338705,"tag":"Democratic senators","tag_set":"cliff_organizations","tag_sets_id":2388,"tags_id":9473104},{"stories_id":1614338705,"tag":"Federal Reserve chair","tag_set":"cliff_organizations","tag_sets_id":2388,"tags_id":9559133},{"stories_id":1614338705,"tag":"readability-lxml-0.7","tag_set":"extractor_version","tag_sets_id":1354,"tags_id":81092444},{"stories_id":1614338705,"tag":"cliff_clavin_v2.6.0","tag_set":"geocoder_version","tag_sets_id":1937,"tags_id":189462640}],"title":"A Senate Recess Can Wait. Americans Need Help Now.","url":"https://www.nytimes.com/2020/05/22/opinion/coronavirus-senate-unemployment.html","word_count":null}]