[{"ap_syndicated":null,"collect_date":"2020-06-23 10:01:39.963413","feeds":null,"guid":"{813C712E-B54C-11EA-88ED-3A07C32B2219}","language":"en","media_id":1150,"media_name":null,"media_url":null,"processed_stories_id":null,"publish_date":"2020-06-23 09:40:50","stories_id":1642592941,"story_tags":[{"stories_id":1642592941,"tag":"geonames_6252001","tag_set":"mc-geocoder@media.mit.edu","tag_sets_id":1011,"tags_id":8878461},{"stories_id":1642592941,"tag":"geonames_4736286","tag_set":"mc-geocoder@media.mit.edu","tag_sets_id":1011,"tags_id":8878538},{"stories_id":1642592941,"tag":"geonames_2950157","tag_set":"mc-geocoder@media.mit.edu","tag_sets_id":1011,"tags_id":8878617},{"stories_id":1642592941,"tag":"geonames_2950159","tag_set":"mc-geocoder@media.mit.edu","tag_sets_id":1011,"tags_id":8878621},{"stories_id":1642592941,"tag":"geonames_4717560","tag_set":"mc-geocoder@media.mit.edu","tag_sets_id":1011,"tags_id":8883238},{"stories_id":1642592941,"tag":"nyt_labeller_v1.0.0","tag_set":"nyt_labels_version","tag_sets_id":1964,"tags_id":9360669},{"stories_id":1642592941,"tag":"computers and the internet","tag_set":"nyt_labels","tag_sets_id":1963,"tags_id":9360839},{"stories_id":1642592941,"tag":"finances","tag_set":"nyt_labels","tag_sets_id":1963,"tags_id":9360840},{"stories_id":1642592941,"tag":"global warming","tag_set":"nyt_labels","tag_sets_id":1963,"tags_id":9360886},{"stories_id":1642592941,"tag":"environment","tag_set":"nyt_labels","tag_sets_id":1963,"tags_id":9360887},{"stories_id":1642592941,"tag":"energy and power","tag_set":"nyt_labels","tag_sets_id":1963,"tags_id":9360997},{"stories_id":1642592941,"tag":"Amazon","tag_set":"cliff_organizations","tag_sets_id":2388,"tags_id":9366535},{"stories_id":1642592941,"tag":"S&P","tag_set":"cliff_organizations","tag_sets_id":2388,"tags_id":9368263},{"stories_id":1642592941,"tag":"Jeff Bezos","tag_set":"cliff_people","tag_sets_id":2389,"tags_id":9368367},{"stories_id":1642592941,"tag":"Microsoft","tag_set":"cliff_organizations","tag_sets_id":2388,"tags_id":9374723},{"stories_id":1642592941,"tag":"Amazon.com Inc.","tag_set":"cliff_organizations","tag_sets_id":2388,"tags_id":9405783},{"stories_id":1642592941,"tag":"Infosys","tag_set":"cliff_organizations","tag_sets_id":2388,"tags_id":9432325},{"stories_id":1642592941,"tag":"Reckitt Benckiser","tag_set":"cliff_organizations","tag_sets_id":2388,"tags_id":9576835},{"stories_id":1642592941,"tag":"Paris pact","tag_set":"cliff_organizations","tag_sets_id":2388,"tags_id":10178454},{"stories_id":1642592941,"tag":"Verizon VZ","tag_set":"cliff_organizations","tag_sets_id":2388,"tags_id":16053922},{"stories_id":1642592941,"tag":"Walmart Inc","tag_set":"cliff_organizations","tag_sets_id":2388,"tags_id":38544397},{"stories_id":1642592941,"tag":"readability-lxml-0.7","tag_set":"extractor_version","tag_sets_id":1354,"tags_id":81092444},{"stories_id":1642592941,"tag":"cliff_clavin_v2.6.0","tag_set":"geocoder_version","tag_sets_id":1937,"tags_id":189462640}],"title":"Amazon’s $2 billion fund for innovation in curbing climate change is latest sustainability effort from criticized delivery giant","url":"http://www.marketwatch.com/news/story.asp?guid=%7B813C712E-B54C-11EA-88ED-3A07C32B2219%7D&siteid=rss&rss=1","word_count":null}]