[{"ap_syndicated":null,"collect_date":"2020-08-01 19:08:45.984660","feeds":null,"guid":"https://www.nytimes.com/2020/08/01/world/middleeast/uae-nuclear-Barakah.html","language":"en","media_id":1,"media_name":null,"media_url":null,"processed_stories_id":null,"publish_date":"2020-08-01 18:20:11","stories_id":1674524865,"story_tags":[{"stories_id":1674524865,"tag":"geonames_6252001","tag_set":"mc-geocoder@media.mit.edu","tag_sets_id":1011,"tags_id":8878461},{"stories_id":1674524865,"tag":"geonames_130758","tag_set":"mc-geocoder@media.mit.edu","tag_sets_id":1011,"tags_id":8878503},{"stories_id":1674524865,"tag":"geonames_4482348","tag_set":"mc-geocoder@media.mit.edu","tag_sets_id":1011,"tags_id":8878553},{"stories_id":1674524865,"tag":"geonames_4469407","tag_set":"mc-geocoder@media.mit.edu","tag_sets_id":1011,"tags_id":8880101},{"stories_id":1674524865,"tag":"nyt_labeller_v1.0.0","tag_set":"nyt_labels_version","tag_sets_id":1964,"tags_id":9360669},{"stories_id":1674524865,"tag":"politics and government","tag_set":"nyt_labels","tag_sets_id":1963,"tags_id":9360836},{"stories_id":1674524865,"tag":"armament, defense and military forces","tag_set":"nyt_labels","tag_sets_id":1963,"tags_id":9360868},{"stories_id":1674524865,"tag":"oil (petroleum) and gasoline","tag_set":"nyt_labels","tag_sets_id":1963,"tags_id":9360884},{"stories_id":1674524865,"tag":"energy and power","tag_set":"nyt_labels","tag_sets_id":1963,"tags_id":9360997},{"stories_id":1674524865,"tag":"atomic weapons","tag_set":"nyt_labels","tag_sets_id":1963,"tags_id":9360998},{"stories_id":1674524865,"tag":"electric light and power","tag_set":"nyt_labels","tag_sets_id":1963,"tags_id":9361013},{"stories_id":1674524865,"tag":"light","tag_set":"nyt_labels","tag_sets_id":1963,"tags_id":9361014},{"stories_id":1674524865,"tag":"atomic energy","tag_set":"nyt_labels","tag_sets_id":1963,"tags_id":9361077},{"stories_id":1674524865,"tag":"Trump administration","tag_set":"cliff_organizations","tag_sets_id":2388,"tags_id":9362998},{"stories_id":1674524865,"tag":"International Atomic Energy Agency","tag_set":"cliff_organizations","tag_sets_id":2388,"tags_id":9366713},{"stories_id":1674524865,"tag":"U.A.E.","tag_set":"cliff_organizations","tag_sets_id":2388,"tags_id":9384087},{"stories_id":1674524865,"tag":"Mohammed bin Zayed","tag_set":"cliff_people","tag_sets_id":2389,"tags_id":9386075},{"stories_id":1674524865,"tag":"Paul Dorfman","tag_set":"cliff_people","tag_sets_id":2389,"tags_id":9624527},{"stories_id":1674524865,"tag":"University College London’s Energy Institute","tag_set":"cliff_organizations","tag_sets_id":2388,"tags_id":30713396},{"stories_id":1674524865,"tag":"readability-lxml-0.7","tag_set":"extractor_version","tag_sets_id":1354,"tags_id":81092444},{"stories_id":1674524865,"tag":"cliff_clavin_v2.6.0","tag_set":"geocoder_version","tag_sets_id":1937,"tags_id":189462640}],"title":"U.A.E. Becomes First Arab Nation to Open a Nuclear Power Plant","url":"https://www.nytimes.com/2020/08/01/world/middleeast/uae-nuclear-Barakah.html","word_count":null}]