[{"ap_syndicated":null,"collect_date":"2020-08-14 19:15:42.500480","feeds":null,"guid":"https://www.washingtonpost.com/world/middle_east/inside-the-secret-not-secret-courtship-between-israel-and-the-united-arab-emirates/2020/08/14/3881d408-de26-11ea-b4f1-25b762cdbbf4_story.html?utm_source=rss&utm_medium=referral&utm_campaign=wp_world","language":"en","media_id":2,"media_name":null,"media_url":null,"processed_stories_id":null,"publish_date":"2020-08-14 07:05:17","stories_id":1683713143,"story_tags":[{"stories_id":1683713143,"tag":"guess_by_unknown","tag_set":"date_guess_method","tag_sets_id":508,"tags_id":50741492}],"title":"Inside the secret-not-secret courtship between Israel and the United Arab Emirates","url":"https://www.washingtonpost.com/world/middle_east/inside-the-secret-not-secret-courtship-between-israel-and-the-united-arab-emirates/2020/08/14/3881d408-de26-11ea-b4f1-25b762cdbbf4_story.html?utm_source=rss&utm_medium=referral&utm_campaign=wp_world","word_count":null}]