[{"ap_syndicated":null,"collect_date":"2020-08-19 12:41:29.809727","feeds":null,"guid":"https://www.washingtonpost.com/opinions/2020/08/19/californias-blackouts-should-be-warning-renewable-energy-advocates/?utm_source=rss&utm_medium=referral&utm_campaign=wp_opinions","language":"en","media_id":2,"media_name":null,"media_url":null,"processed_stories_id":null,"publish_date":"2020-08-19 12:22:49","stories_id":1687515594,"story_tags":[{"stories_id":1687515594,"tag":"guess_by_unknown","tag_set":"date_guess_method","tag_sets_id":508,"tags_id":50741492}],"title":"California’s blackouts should be a warning for renewable energy advocates","url":"https://www.washingtonpost.com/opinions/2020/08/19/californias-blackouts-should-be-warning-renewable-energy-advocates/?utm_source=rss&utm_medium=referral&utm_campaign=wp_opinions","word_count":null}]