[{"ap_syndicated":null,"collect_date":"2020-08-20 00:45:28.961206","feeds":null,"guid":"https://www.nytimes.com/live/2020/08/19/us/dnc-convention-election/kamala-harris-making-history-accepted-the-vp-nomination","language":"en","media_id":1,"media_name":null,"media_url":null,"processed_stories_id":null,"publish_date":"2020-08-20 00:27:31","stories_id":1687965023,"story_tags":[{"stories_id":1687965023,"tag":"geonames_6252001","tag_set":"mc-geocoder@media.mit.edu","tag_sets_id":1011,"tags_id":8878461},{"stories_id":1687965023,"tag":"geonames_5263045","tag_set":"mc-geocoder@media.mit.edu","tag_sets_id":1011,"tags_id":8878640},{"stories_id":1687965023,"tag":"geonames_5481136","tag_set":"mc-geocoder@media.mit.edu","tag_sets_id":1011,"tags_id":8879044},{"stories_id":1687965023,"tag":"nyt_labeller_v1.0.0","tag_set":"nyt_labels_version","tag_sets_id":1964,"tags_id":9360669},{"stories_id":1687965023,"tag":"politics and government","tag_set":"nyt_labels","tag_sets_id":1963,"tags_id":9360836},{"stories_id":1687965023,"tag":"united states politics and government","tag_set":"nyt_labels","tag_sets_id":1963,"tags_id":9360846},{"stories_id":1687965023,"tag":"elections","tag_set":"nyt_labels","tag_sets_id":1963,"tags_id":9360851},{"stories_id":1687965023,"tag":"presidents and presidency (us)","tag_set":"nyt_labels","tag_sets_id":1963,"tags_id":9360853},{"stories_id":1687965023,"tag":"presidential elections (us)","tag_set":"nyt_labels","tag_sets_id":1963,"tags_id":9360854},{"stories_id":1687965023,"tag":"election issues","tag_set":"nyt_labels","tag_sets_id":1963,"tags_id":9360896},{"stories_id":1687965023,"tag":"presidential election of 2004","tag_set":"nyt_labels","tag_sets_id":1963,"tags_id":9360963},{"stories_id":1687965023,"tag":"presidential election of 2000","tag_set":"nyt_labels","tag_sets_id":1963,"tags_id":9361004},{"stories_id":1687965023,"tag":"vice presidents and vice presidency (us)","tag_set":"nyt_labels","tag_sets_id":1963,"tags_id":9361379},{"stories_id":1687965023,"tag":"Donald Trump","tag_set":"cliff_people","tag_sets_id":2389,"tags_id":9362284},{"stories_id":1687965023,"tag":"Senate","tag_set":"cliff_organizations","tag_sets_id":2388,"tags_id":9362741},{"stories_id":1687965023,"tag":"Hillary Clinton","tag_set":"cliff_people","tag_sets_id":2389,"tags_id":9362747},{"stories_id":1687965023,"tag":"Barack Obama","tag_set":"cliff_people","tag_sets_id":2389,"tags_id":9362763},{"stories_id":1687965023,"tag":"Mitch McConnell","tag_set":"cliff_people","tag_sets_id":2389,"tags_id":9362936},{"stories_id":1687965023,"tag":"Joe Biden","tag_set":"cliff_people","tag_sets_id":2389,"tags_id":9363134},{"stories_id":1687965023,"tag":"House","tag_set":"cliff_organizations","tag_sets_id":2388,"tags_id":9363164},{"stories_id":1687965023,"tag":"Kamala Harris","tag_set":"cliff_people","tag_sets_id":2389,"tags_id":9363331},{"stories_id":1687965023,"tag":"State","tag_set":"cliff_organizations","tag_sets_id":2388,"tags_id":9363944},{"stories_id":1687965023,"tag":"Nancy Pelosi","tag_set":"cliff_people","tag_sets_id":2389,"tags_id":9364036},{"stories_id":1687965023,"tag":"D.N.C.","tag_set":"cliff_organizations","tag_sets_id":2388,"tags_id":9364271},{"stories_id":1687965023,"tag":"Roe","tag_set":"cliff_people","tag_sets_id":2389,"tags_id":9364471},{"stories_id":1687965023,"tag":"Wade","tag_set":"cliff_people","tag_sets_id":2389,"tags_id":9364472},{"stories_id":1687965023,"tag":"Elizabeth Warren","tag_set":"cliff_people","tag_sets_id":2389,"tags_id":9364527},{"stories_id":1687965023,"tag":"Times","tag_set":"cliff_organizations","tag_sets_id":2388,"tags_id":9365707},{"stories_id":1687965023,"tag":"Gabby Giffords","tag_set":"cliff_people","tag_sets_id":2389,"tags_id":9367862},{"stories_id":1687965023,"tag":"Gabrielle Giffords","tag_set":"cliff_people","tag_sets_id":2389,"tags_id":9368859},{"stories_id":1687965023,"tag":"Michelle Lujan Grisham","tag_set":"cliff_people","tag_sets_id":2389,"tags_id":9430681},{"stories_id":1687965023,"tag":"Joseph R. Biden Jr.","tag_set":"cliff_people","tag_sets_id":2389,"tags_id":9456578},{"stories_id":1687965023,"tag":"Black university","tag_set":"cliff_organizations","tag_sets_id":2388,"tags_id":11127592},{"stories_id":1687965023,"tag":"V.P.","tag_set":"cliff_people","tag_sets_id":2389,"tags_id":11344108},{"stories_id":1687965023,"tag":"readability-lxml-0.7","tag_set":"extractor_version","tag_sets_id":1354,"tags_id":81092444},{"stories_id":1687965023,"tag":"cliff_clavin_v2.6.0","tag_set":"geocoder_version","tag_sets_id":1937,"tags_id":189462640}],"title":"Kamala Harris, making history, accepted the V.P. nomination.","url":"https://www.nytimes.com/live/2020/08/19/us/dnc-convention-election/kamala-harris-making-history-accepted-the-vp-nomination","word_count":null}]