[{"ap_syndicated":null,"collect_date":"2020-09-16 20:23:25.683137","feeds":null,"guid":"https://www.washingtonpost.com/politics/2020/09/16/energy-202-joe-biden-ethanol-push-woo-iowa-farmers-sets-up-tension-with-environmentalists/","language":"en","media_id":2,"media_name":null,"media_url":null,"processed_stories_id":null,"publish_date":"2020-09-16 08:07:31","stories_id":1713293372,"story_tags":[{"stories_id":1713293372,"tag":"geonames_6252001","tag_set":"mc-geocoder@media.mit.edu","tag_sets_id":1011,"tags_id":8878461},{"stories_id":1713293372,"tag":"geonames_4847385","tag_set":"mc-geocoder@media.mit.edu","tag_sets_id":1011,"tags_id":8878806},{"stories_id":1713293372,"tag":"geonames_4862182","tag_set":"mc-geocoder@media.mit.edu","tag_sets_id":1011,"tags_id":8878998},{"stories_id":1713293372,"tag":"nyt_labeller_v1.0.0","tag_set":"nyt_labels_version","tag_sets_id":1964,"tags_id":9360669},{"stories_id":1713293372,"tag":"politics and government","tag_set":"nyt_labels","tag_sets_id":1963,"tags_id":9360836},{"stories_id":1713293372,"tag":"united states politics and government","tag_set":"nyt_labels","tag_sets_id":1963,"tags_id":9360846},{"stories_id":1713293372,"tag":"elections","tag_set":"nyt_labels","tag_sets_id":1963,"tags_id":9360851},{"stories_id":1713293372,"tag":"oil (petroleum) and gasoline","tag_set":"nyt_labels","tag_sets_id":1963,"tags_id":9360884},{"stories_id":1713293372,"tag":"global warming","tag_set":"nyt_labels","tag_sets_id":1963,"tags_id":9360886},{"stories_id":1713293372,"tag":"environment","tag_set":"nyt_labels","tag_sets_id":1963,"tags_id":9360887},{"stories_id":1713293372,"tag":"election issues","tag_set":"nyt_labels","tag_sets_id":1963,"tags_id":9360896},{"stories_id":1713293372,"tag":"weather","tag_set":"nyt_labels","tag_sets_id":1963,"tags_id":9360902},{"stories_id":1713293372,"tag":"energy and power","tag_set":"nyt_labels","tag_sets_id":1963,"tags_id":9360997},{"stories_id":1713293372,"tag":"air pollution","tag_set":"nyt_labels","tag_sets_id":1963,"tags_id":9361007},{"stories_id":1713293372,"tag":"agriculture","tag_set":"nyt_labels","tag_sets_id":1963,"tags_id":9361156},{"stories_id":1713293372,"tag":"farmers","tag_set":"nyt_labels","tag_sets_id":1963,"tags_id":9361177},{"stories_id":1713293372,"tag":"Reuters","tag_set":"cliff_organizations","tag_sets_id":2388,"tags_id":9362267},{"stories_id":1713293372,"tag":"Donald Trump","tag_set":"cliff_people","tag_sets_id":2389,"tags_id":9362284},{"stories_id":1713293372,"tag":"Facebook","tag_set":"cliff_organizations","tag_sets_id":2388,"tags_id":9362725},{"stories_id":1713293372,"tag":"White House","tag_set":"cliff_organizations","tag_sets_id":2388,"tags_id":9362736},{"stories_id":1713293372,"tag":"Senate","tag_set":"cliff_organizations","tag_sets_id":2388,"tags_id":9362741},{"stories_id":1713293372,"tag":"Hillary Clinton","tag_set":"cliff_people","tag_sets_id":2389,"tags_id":9362747},{"stories_id":1713293372,"tag":"New York Times","tag_set":"cliff_organizations","tag_sets_id":2388,"tags_id":9362756},{"stories_id":1713293372,"tag":"United Nations","tag_set":"cliff_organizations","tag_sets_id":2388,"tags_id":9362785},{"stories_id":1713293372,"tag":"Trump administration","tag_set":"cliff_organizations","tag_sets_id":2388,"tags_id":9362998},{"stories_id":1713293372,"tag":"Joe Biden","tag_set":"cliff_people","tag_sets_id":2389,"tags_id":9363134},{"stories_id":1713293372,"tag":"Democratic","tag_set":"cliff_organizations","tag_sets_id":2388,"tags_id":9363325},{"stories_id":1713293372,"tag":"Environmental Protection Agency","tag_set":"cliff_organizations","tag_sets_id":2388,"tags_id":9363956},{"stories_id":1713293372,"tag":"EPA","tag_set":"cliff_organizations","tag_sets_id":2388,"tags_id":9364166},{"stories_id":1713293372,"tag":"Fox News","tag_set":"cliff_organizations","tag_sets_id":2388,"tags_id":9364167},{"stories_id":1713293372,"tag":"BP","tag_set":"cliff_organizations","tag_sets_id":2388,"tags_id":9367462},{"stories_id":1713293372,"tag":"CNBC","tag_set":"cliff_organizations","tag_sets_id":2388,"tags_id":9368264},{"stories_id":1713293372,"tag":"Limbaugh","tag_set":"cliff_people","tag_sets_id":2389,"tags_id":9368390},{"stories_id":1713293372,"tag":"Tucker Carlson","tag_set":"cliff_people","tag_sets_id":2389,"tags_id":9368929},{"stories_id":1713293372,"tag":"Politico","tag_set":"cliff_organizations","tag_sets_id":2388,"tags_id":9369771},{"stories_id":1713293372,"tag":"Steven Mufson","tag_set":"cliff_people","tag_sets_id":2389,"tags_id":9374763},{"stories_id":1713293372,"tag":"Steny Hoyer","tag_set":"cliff_people","tag_sets_id":2389,"tags_id":9381717},{"stories_id":1713293372,"tag":"National Hurricane Center","tag_set":"cliff_organizations","tag_sets_id":2388,"tags_id":9382502},{"stories_id":1713293372,"tag":"the New York Times","tag_set":"cliff_organizations","tag_sets_id":2388,"tags_id":9395467},{"stories_id":1713293372,"tag":"Joni Ernst","tag_set":"cliff_people","tag_sets_id":2389,"tags_id":9397126},{"stories_id":1713293372,"tag":"Jason Samenow","tag_set":"cliff_people","tag_sets_id":2389,"tags_id":9410048},{"stories_id":1713293372,"tag":"James Franklin","tag_set":"cliff_people","tag_sets_id":2389,"tags_id":9418956},{"stories_id":1713293372,"tag":"World Meteorological Organization","tag_set":"cliff_organizations","tag_sets_id":2388,"tags_id":9434257},{"stories_id":1713293372,"tag":"Sally","tag_set":"cliff_people","tag_sets_id":2389,"tags_id":9435598},{"stories_id":1713293372,"tag":"Andrew Freedman","tag_set":"cliff_people","tag_sets_id":2389,"tags_id":9447070},{"stories_id":1713293372,"tag":"Ernst","tag_set":"cliff_organizations","tag_sets_id":2388,"tags_id":9458495},{"stories_id":1713293372,"tag":"Scott Faber","tag_set":"cliff_people","tag_sets_id":2389,"tags_id":9462673},{"stories_id":1713293372,"tag":"Lukas Ross","tag_set":"cliff_people","tag_sets_id":2389,"tags_id":9535977},{"stories_id":1713293372,"tag":"Matthew Cappucci","tag_set":"cliff_people","tag_sets_id":2389,"tags_id":9596422},{"stories_id":1713293372,"tag":"Ian Livingston","tag_set":"cliff_people","tag_sets_id":2389,"tags_id":9621824},{"stories_id":1713293372,"tag":"Andrew Wheeler","tag_set":"cliff_people","tag_sets_id":2389,"tags_id":9686302},{"stories_id":1713293372,"tag":"Theresa Greenfield","tag_set":"cliff_people","tag_sets_id":2389,"tags_id":10724324},{"stories_id":1713293372,"tag":"Jeremy Martin","tag_set":"cliff_people","tag_sets_id":2389,"tags_id":27999192},{"stories_id":1713293372,"tag":"Dev Sanyal","tag_set":"cliff_people","tag_sets_id":2389,"tags_id":28906170},{"stories_id":1713293372,"tag":"Bernard Looney","tag_set":"cliff_people","tag_sets_id":2389,"tags_id":33112319},{"stories_id":1713293372,"tag":"readability-lxml-0.7","tag_set":"extractor_version","tag_sets_id":1354,"tags_id":81092444},{"stories_id":1713293372,"tag":"cliff_clavin_v2.6.0","tag_set":"geocoder_version","tag_sets_id":1937,"tags_id":189462640}],"title":"The Energy 202: Joe Biden's ethanol push to woo Iowa farmers sets up tension with environmentalists","url":"https://www.washingtonpost.com/politics/2020/09/16/energy-202-joe-biden-ethanol-push-woo-iowa-farmers-sets-up-tension-with-environmentalists/","word_count":null}]