[{"ap_syndicated":null,"collect_date":"2020-09-18 00:57:52.130610","feeds":null,"guid":"SB12698022280080074002704586638033629048642","language":"en","media_id":1150,"media_name":null,"media_url":null,"processed_stories_id":null,"publish_date":"2020-09-17 20:22:00","stories_id":1714441027,"story_tags":[{"stories_id":1714441027,"tag":"geonames_6252001","tag_set":"mc-geocoder@media.mit.edu","tag_sets_id":1011,"tags_id":8878461},{"stories_id":1714441027,"tag":"geonames_5332921","tag_set":"mc-geocoder@media.mit.edu","tag_sets_id":1011,"tags_id":8878533},{"stories_id":1714441027,"tag":"nyt_labeller_v1.0.0","tag_set":"nyt_labels_version","tag_sets_id":1964,"tags_id":9360669},{"stories_id":1714441027,"tag":"finances","tag_set":"nyt_labels","tag_sets_id":1963,"tags_id":9360840},{"stories_id":1714441027,"tag":"no index terms from nytimes","tag_set":"nyt_labels","tag_sets_id":1963,"tags_id":9360842},{"stories_id":1714441027,"tag":"bankruptcies","tag_set":"nyt_labels","tag_sets_id":1963,"tags_id":9361241},{"stories_id":1714441027,"tag":"Citigroup Inc.","tag_set":"cliff_organizations","tag_sets_id":2388,"tags_id":9375961},{"stories_id":1714441027,"tag":"Bill Smith","tag_set":"cliff_people","tag_sets_id":2389,"tags_id":9388457},{"stories_id":1714441027,"tag":"Katherine","tag_set":"cliff_people","tag_sets_id":2389,"tags_id":9393764},{"stories_id":1714441027,"tag":"PG&E","tag_set":"cliff_organizations","tag_sets_id":2388,"tags_id":9400031},{"stories_id":1714441027,"tag":"Wells","tag_set":"cliff_people","tag_sets_id":2389,"tags_id":9406842},{"stories_id":1714441027,"tag":"Travis Miller","tag_set":"cliff_people","tag_sets_id":2389,"tags_id":9439157},{"stories_id":1714441027,"tag":"Bill Johnson","tag_set":"cliff_people","tag_sets_id":2389,"tags_id":9452719},{"stories_id":1714441027,"tag":"Pacific Gas & Electric Co.","tag_set":"cliff_organizations","tag_sets_id":2388,"tags_id":9471804},{"stories_id":1714441027,"tag":"Moody’s Investors Service","tag_set":"cliff_organizations","tag_sets_id":2388,"tags_id":9519557},{"stories_id":1714441027,"tag":"AT&T Inc.","tag_set":"cliff_organizations","tag_sets_id":2388,"tags_id":9582724},{"stories_id":1714441027,"tag":"CenterPoint Energy Inc.","tag_set":"cliff_organizations","tag_sets_id":2388,"tags_id":9647541},{"stories_id":1714441027,"tag":"Morningstar Research Services LLC","tag_set":"cliff_organizations","tag_sets_id":2388,"tags_id":9660213},{"stories_id":1714441027,"tag":"Andy Vesey","tag_set":"cliff_people","tag_sets_id":2389,"tags_id":9707814},{"stories_id":1714441027,"tag":"CenterPoint","tag_set":"cliff_organizations","tag_sets_id":2388,"tags_id":9761398},{"stories_id":1714441027,"tag":"Ryan Levine","tag_set":"cliff_people","tag_sets_id":2389,"tags_id":28131453},{"stories_id":1714441027,"tag":"Mark Maurer","tag_set":"cliff_people","tag_sets_id":2389,"tags_id":28809001},{"stories_id":1714441027,"tag":"Jeffrey Cassella","tag_set":"cliff_people","tag_sets_id":2389,"tags_id":76622374},{"stories_id":1714441027,"tag":"readability-lxml-0.7","tag_set":"extractor_version","tag_sets_id":1354,"tags_id":81092444},{"stories_id":1714441027,"tag":"cliff_clavin_v2.6.0","tag_set":"geocoder_version","tag_sets_id":1937,"tags_id":189462640}],"title":"PG&E CFO Leaving for Another Utility","url":"https://www.wsj.com/articles/pg-e-cfo-leaving-for-another-utility-11600388578?mod=pls_whats_news_us_business_f","word_count":null}]