[{"ap_syndicated":null,"collect_date":"2020-09-21 09:13:02.130478","feeds":null,"guid":"{21004575-02D4-D4B5-4572-D440383E4781}","language":"en","media_id":1150,"media_name":null,"media_url":null,"processed_stories_id":null,"publish_date":"2020-09-21 09:01:00","stories_id":1717107738,"story_tags":[{"stories_id":1717107738,"tag":"nyt_labeller_v1.0.0","tag_set":"nyt_labels_version","tag_sets_id":1964,"tags_id":9360669},{"stories_id":1717107738,"tag":"global warming","tag_set":"nyt_labels","tag_sets_id":1963,"tags_id":9360886},{"stories_id":1717107738,"tag":"environment","tag_set":"nyt_labels","tag_sets_id":1963,"tags_id":9360887},{"stories_id":1717107738,"tag":"energy and power","tag_set":"nyt_labels","tag_sets_id":1963,"tags_id":9360997},{"stories_id":1717107738,"tag":"air pollution","tag_set":"nyt_labels","tag_sets_id":1963,"tags_id":9361007},{"stories_id":1717107738,"tag":"electric light and power","tag_set":"nyt_labels","tag_sets_id":1963,"tags_id":9361013},{"stories_id":1717107738,"tag":"light","tag_set":"nyt_labels","tag_sets_id":1963,"tags_id":9361014},{"stories_id":1717107738,"tag":"Walmart","tag_set":"cliff_organizations","tag_sets_id":2388,"tags_id":9363718},{"stories_id":1717107738,"tag":"Amazon rainforest","tag_set":"cliff_organizations","tag_sets_id":2388,"tags_id":9379907},{"stories_id":1717107738,"tag":"Doug McMillon","tag_set":"cliff_people","tag_sets_id":2389,"tags_id":9480810},{"stories_id":1717107738,"tag":"Walmart WMT","tag_set":"cliff_organizations","tag_sets_id":2388,"tags_id":9679812},{"stories_id":1717107738,"tag":"Walmart Inc.","tag_set":"cliff_organizations","tag_sets_id":2388,"tags_id":17632576},{"stories_id":1717107738,"tag":"readability-lxml-0.7","tag_set":"extractor_version","tag_sets_id":1354,"tags_id":81092444},{"stories_id":1717107738,"tag":"cliff_clavin_v2.6.0","tag_set":"geocoder_version","tag_sets_id":1937,"tags_id":189462640}],"title":": Walmart aims for zero emissions by 2040","url":"http://www.marketwatch.com/news/story.asp?guid=%7B21004575-02D4-D4B5-4572-D440383E4781%7D&siteid=rss&rss=1","word_count":null}]