[{"ap_syndicated":null,"collect_date":"2020-10-23 14:31:06.708732","feeds":null,"guid":"https://www.washingtonpost.com/local/virginia-politics/virginia-congressional-candidates/2020/10/23/b32ac8c6-1310-11eb-ad6f-36c93e6e94fb_story.html","language":"en","media_id":2,"media_name":null,"media_url":null,"processed_stories_id":null,"publish_date":"2020-10-23 14:14:40","stories_id":1747982619,"story_tags":[{"stories_id":1747982619,"tag":"geonames_6252001","tag_set":"mc-geocoder@media.mit.edu","tag_sets_id":1011,"tags_id":8878461},{"stories_id":1747982619,"tag":"geonames_6254928","tag_set":"mc-geocoder@media.mit.edu","tag_sets_id":1011,"tags_id":8878547},{"stories_id":1747982619,"tag":"geonames_4781708","tag_set":"mc-geocoder@media.mit.edu","tag_sets_id":1011,"tags_id":8880239},{"stories_id":1747982619,"tag":"geonames_4782167","tag_set":"mc-geocoder@media.mit.edu","tag_sets_id":1011,"tags_id":8884936},{"stories_id":1747982619,"tag":"geonames_9032801","tag_set":"mc-geocoder@media.mit.edu","tag_sets_id":1011,"tags_id":8953355},{"stories_id":1747982619,"tag":"nyt_labeller_v1.0.0","tag_set":"nyt_labels_version","tag_sets_id":1964,"tags_id":9360669},{"stories_id":1747982619,"tag":"politics and government","tag_set":"nyt_labels","tag_sets_id":1963,"tags_id":9360836},{"stories_id":1747982619,"tag":"united states politics and government","tag_set":"nyt_labels","tag_sets_id":1963,"tags_id":9360846},{"stories_id":1747982619,"tag":"elections","tag_set":"nyt_labels","tag_sets_id":1963,"tags_id":9360851},{"stories_id":1747982619,"tag":"CIA","tag_set":"cliff_organizations","tag_sets_id":2388,"tags_id":9362751},{"stories_id":1747982619,"tag":"Trump","tag_set":"cliff_people","tag_sets_id":2389,"tags_id":9362872},{"stories_id":1747982619,"tag":"GOP","tag_set":"cliff_organizations","tag_sets_id":2388,"tags_id":9362923},{"stories_id":1747982619,"tag":"Congress","tag_set":"cliff_organizations","tag_sets_id":2388,"tags_id":9362962},{"stories_id":1747982619,"tag":"Ways and Means Committee","tag_set":"cliff_organizations","tag_sets_id":2388,"tags_id":9363168},{"stories_id":1747982619,"tag":"Navy","tag_set":"cliff_organizations","tag_sets_id":2388,"tags_id":9364399},{"stories_id":1747982619,"tag":"Medicare","tag_set":"cliff_organizations","tag_sets_id":2388,"tags_id":9364657},{"stories_id":1747982619,"tag":"Liberty University","tag_set":"cliff_organizations","tag_sets_id":2388,"tags_id":9369525},{"stories_id":1747982619,"tag":"Rob Wittman","tag_set":"cliff_people","tag_sets_id":2389,"tags_id":9374805},{"stories_id":1747982619,"tag":"U.S. Postal Service","tag_set":"cliff_organizations","tag_sets_id":2388,"tags_id":9380693},{"stories_id":1747982619,"tag":"David Foster","tag_set":"cliff_people","tag_sets_id":2389,"tags_id":9381268},{"stories_id":1747982619,"tag":"Robert C. “Bobby” Scott","tag_set":"cliff_people","tag_sets_id":2389,"tags_id":9381891},{"stories_id":1747982619,"tag":"House Appropriations Committee","tag_set":"cliff_organizations","tag_sets_id":2388,"tags_id":9409130},{"stories_id":1747982619,"tag":"Ahmadi","tag_set":"cliff_people","tag_sets_id":2389,"tags_id":9414971},{"stories_id":1747982619,"tag":"Beyer","tag_set":"cliff_people","tag_sets_id":2389,"tags_id":9415419},{"stories_id":1747982619,"tag":"A. Donald McEachin","tag_set":"cliff_people","tag_sets_id":2389,"tags_id":9416101},{"stories_id":1747982619,"tag":"Connolly","tag_set":"cliff_people","tag_sets_id":2389,"tags_id":9448275},{"stories_id":1747982619,"tag":"Joint Economic Committee","tag_set":"cliff_organizations","tag_sets_id":2388,"tags_id":9463576},{"stories_id":1747982619,"tag":"Jennifer Wexton","tag_set":"cliff_people","tag_sets_id":2389,"tags_id":9487451},{"stories_id":1747982619,"tag":"House Committee on Energy and Commerce","tag_set":"cliff_organizations","tag_sets_id":2388,"tags_id":9495877},{"stories_id":1747982619,"tag":"H. Morgan Griffith","tag_set":"cliff_people","tag_sets_id":2389,"tags_id":9499305},{"stories_id":1747982619,"tag":"Qasim Rashid","tag_set":"cliff_people","tag_sets_id":2389,"tags_id":9942678},{"stories_id":1747982619,"tag":"Leon Benjamin","tag_set":"cliff_people","tag_sets_id":2389,"tags_id":10092726},{"stories_id":1747982619,"tag":"Louis DeJoy","tag_set":"cliff_people","tag_sets_id":2389,"tags_id":10129553},{"stories_id":1747982619,"tag":"House Committee on Education and Labor","tag_set":"cliff_organizations","tag_sets_id":2388,"tags_id":10207885},{"stories_id":1747982619,"tag":"House Oversight and Reform Committee","tag_set":"cliff_organizations","tag_sets_id":2388,"tags_id":10357549},{"stories_id":1747982619,"tag":"Cameron Webb","tag_set":"cliff_people","tag_sets_id":2389,"tags_id":10747066},{"stories_id":1747982619,"tag":"Abigail Spanberger","tag_set":"cliff_people","tag_sets_id":2389,"tags_id":10747863},{"stories_id":1747982619,"tag":"Nick Freitas","tag_set":"cliff_people","tag_sets_id":2389,"tags_id":11802581},{"stories_id":1747982619,"tag":"Ben Cline","tag_set":"cliff_people","tag_sets_id":2389,"tags_id":14176013},{"stories_id":1747982619,"tag":"Wexton","tag_set":"cliff_organizations","tag_sets_id":2388,"tags_id":28992712},{"stories_id":1747982619,"tag":"Elaine Luria","tag_set":"cliff_people","tag_sets_id":2389,"tags_id":36904876},{"stories_id":1747982619,"tag":"Nicholas Betts","tag_set":"cliff_people","tag_sets_id":2389,"tags_id":52642831},{"stories_id":1747982619,"tag":"readability-lxml-0.7","tag_set":"extractor_version","tag_sets_id":1354,"tags_id":81092444},{"stories_id":1747982619,"tag":"Aliscia Andrews","tag_set":"cliff_people","tag_sets_id":2389,"tags_id":115206731},{"stories_id":1747982619,"tag":"Anantatmula","tag_set":"cliff_people","tag_sets_id":2389,"tags_id":159868002},{"stories_id":1747982619,"tag":"cliff_clavin_v2.6.0","tag_set":"geocoder_version","tag_sets_id":1937,"tags_id":189462640},{"stories_id":1747982619,"tag":"John W. Collick Jr.","tag_set":"cliff_people","tag_sets_id":2389,"tags_id":206018380},{"stories_id":1747982619,"tag":"Luria v. Taylor","tag_set":"cliff_people","tag_sets_id":2389,"tags_id":218680551},{"stories_id":1747982619,"tag":"Scott v. Collick","tag_set":"cliff_people","tag_sets_id":2389,"tags_id":218680552},{"stories_id":1747982619,"tag":"McEachin v. Benjamin","tag_set":"cliff_people","tag_sets_id":2389,"tags_id":218680553},{"stories_id":1747982619,"tag":"Benjamin aligns","tag_set":"cliff_people","tag_sets_id":2389,"tags_id":218680554},{"stories_id":1747982619,"tag":"Spanberger v. Freitas","tag_set":"cliff_people","tag_sets_id":2389,"tags_id":218680555},{"stories_id":1747982619,"tag":"Wexton v. Andrews","tag_set":"cliff_people","tag_sets_id":2389,"tags_id":218680556}],"title":"Virginia congressional races: Meet the candidates running for the U.S. House","url":"https://www.washingtonpost.com/local/virginia-politics/virginia-congressional-candidates/2020/10/23/b32ac8c6-1310-11eb-ad6f-36c93e6e94fb_story.html","word_count":null}]