[{"ap_syndicated":null,"collect_date":"2020-10-26 04:06:11.562642","feeds":null,"guid":"https://www.washingtonpost.com/world/japan-climate-emissions/2020/10/26/b6ea2b5a-1752-11eb-8bda-814ca56e138b_story.html?utm_source=rss&utm_medium=referral&utm_campaign=wp_world","language":"en","media_id":2,"media_name":null,"media_url":null,"processed_stories_id":null,"publish_date":"2020-10-26 03:28:40","stories_id":1749826279,"story_tags":[{"stories_id":1749826279,"tag":"geonames_1861060","tag_set":"mc-geocoder@media.mit.edu","tag_sets_id":1011,"tags_id":8878551},{"stories_id":1749826279,"tag":"nyt_labeller_v1.0.0","tag_set":"nyt_labels_version","tag_sets_id":1964,"tags_id":9360669},{"stories_id":1749826279,"tag":"global warming","tag_set":"nyt_labels","tag_sets_id":1963,"tags_id":9360886},{"stories_id":1749826279,"tag":"environment","tag_set":"nyt_labels","tag_sets_id":1963,"tags_id":9360887},{"stories_id":1749826279,"tag":"economic conditions and trends","tag_set":"nyt_labels","tag_sets_id":1963,"tags_id":9360989},{"stories_id":1749826279,"tag":"energy and power","tag_set":"nyt_labels","tag_sets_id":1963,"tags_id":9360997},{"stories_id":1749826279,"tag":"air pollution","tag_set":"nyt_labels","tag_sets_id":1963,"tags_id":9361007},{"stories_id":1749826279,"tag":"electric light and power","tag_set":"nyt_labels","tag_sets_id":1963,"tags_id":9361013},{"stories_id":1749826279,"tag":"light","tag_set":"nyt_labels","tag_sets_id":1963,"tags_id":9361014},{"stories_id":1749826279,"tag":"European Union","tag_set":"cliff_organizations","tag_sets_id":2388,"tags_id":9362999},{"stories_id":1749826279,"tag":"Shinzo Abe","tag_set":"cliff_people","tag_sets_id":2389,"tags_id":9363428},{"stories_id":1749826279,"tag":"Xi Jinping","tag_set":"cliff_people","tag_sets_id":2389,"tags_id":9363823},{"stories_id":1749826279,"tag":"Fukushima","tag_set":"cliff_people","tag_sets_id":2389,"tags_id":9374455},{"stories_id":1749826279,"tag":"Greenpeace Japan","tag_set":"cliff_organizations","tag_sets_id":2388,"tags_id":9474610},{"stories_id":1749826279,"tag":"Suga","tag_set":"cliff_people","tag_sets_id":2389,"tags_id":9756030},{"stories_id":1749826279,"tag":"Hiroshi Kajiyama","tag_set":"cliff_people","tag_sets_id":2389,"tags_id":31018450},{"stories_id":1749826279,"tag":"readability-lxml-0.7","tag_set":"extractor_version","tag_sets_id":1354,"tags_id":81092444},{"stories_id":1749826279,"tag":"Sam Annesley","tag_set":"cliff_people","tag_sets_id":2389,"tags_id":108609203},{"stories_id":1749826279,"tag":"cliff_clavin_v2.6.0","tag_set":"geocoder_version","tag_sets_id":1937,"tags_id":189462640}],"title":"Japan, world’s third largest economy, vows to become carbon-neutral by 2050","url":"https://www.washingtonpost.com/world/japan-climate-emissions/2020/10/26/b6ea2b5a-1752-11eb-8bda-814ca56e138b_story.html?utm_source=rss&utm_medium=referral&utm_campaign=wp_world","word_count":null}]