[{"ap_syndicated":null,"collect_date":"2020-11-03 04:34:42.038897","feeds":null,"guid":"https://www.nytimes.com/live/2020/11/03/business/us-economy-coronavirus/economic-snapshot-election","language":"en","media_id":1,"media_name":null,"media_url":null,"processed_stories_id":null,"publish_date":"2020-11-03 04:14:56","stories_id":1758196139,"story_tags":[{"stories_id":1758196139,"tag":"geonames_6252001","tag_set":"mc-geocoder@media.mit.edu","tag_sets_id":1011,"tags_id":8878461},{"stories_id":1758196139,"tag":"geonames_5815135","tag_set":"mc-geocoder@media.mit.edu","tag_sets_id":1011,"tags_id":8878481},{"stories_id":1758196139,"tag":"geonames_4662168","tag_set":"mc-geocoder@media.mit.edu","tag_sets_id":1011,"tags_id":8878725},{"stories_id":1758196139,"tag":"geonames_4667282","tag_set":"mc-geocoder@media.mit.edu","tag_sets_id":1011,"tags_id":8879476},{"stories_id":1758196139,"tag":"nyt_labeller_v1.0.0","tag_set":"nyt_labels_version","tag_sets_id":1964,"tags_id":9360669},{"stories_id":1758196139,"tag":"politics and government","tag_set":"nyt_labels","tag_sets_id":1963,"tags_id":9360836},{"stories_id":1758196139,"tag":"finances","tag_set":"nyt_labels","tag_sets_id":1963,"tags_id":9360840},{"stories_id":1758196139,"tag":"united states politics and government","tag_set":"nyt_labels","tag_sets_id":1963,"tags_id":9360846},{"stories_id":1758196139,"tag":"budgets and budgeting","tag_set":"nyt_labels","tag_sets_id":1963,"tags_id":9360850},{"stories_id":1758196139,"tag":"medicine and health","tag_set":"nyt_labels","tag_sets_id":1963,"tags_id":9360852},{"stories_id":1758196139,"tag":"economic conditions and trends","tag_set":"nyt_labels","tag_sets_id":1963,"tags_id":9360989},{"stories_id":1758196139,"tag":"united states economy","tag_set":"nyt_labels","tag_sets_id":1963,"tags_id":9360990},{"stories_id":1758196139,"tag":"stocks and bonds","tag_set":"nyt_labels","tag_sets_id":1963,"tags_id":9361012},{"stories_id":1758196139,"tag":"interest rates","tag_set":"nyt_labels","tag_sets_id":1963,"tags_id":9361078},{"stories_id":1758196139,"tag":"Supreme Court","tag_set":"cliff_organizations","tag_sets_id":2388,"tags_id":9362719},{"stories_id":1758196139,"tag":"Senate","tag_set":"cliff_organizations","tag_sets_id":2388,"tags_id":9362741},{"stories_id":1758196139,"tag":"Trump","tag_set":"cliff_people","tag_sets_id":2389,"tags_id":9362872},{"stories_id":1758196139,"tag":"House of Representatives","tag_set":"cliff_organizations","tag_sets_id":2388,"tags_id":9363212},{"stories_id":1758196139,"tag":"BlackRock","tag_set":"cliff_organizations","tag_sets_id":2388,"tags_id":9433756},{"stories_id":1758196139,"tag":"Joseph R. Biden Jr.","tag_set":"cliff_people","tag_sets_id":2389,"tags_id":9456578},{"stories_id":1758196139,"tag":"Jerome H. Powell","tag_set":"cliff_people","tag_sets_id":2389,"tags_id":9482873},{"stories_id":1758196139,"tag":"Justin Lane/EPA","tag_set":"cliff_people","tag_sets_id":2389,"tags_id":9675899},{"stories_id":1758196139,"tag":"Red Senate","tag_set":"cliff_organizations","tag_sets_id":2388,"tags_id":28533060},{"stories_id":1758196139,"tag":"readability-lxml-0.7","tag_set":"extractor_version","tag_sets_id":1354,"tags_id":81092444},{"stories_id":1758196139,"tag":"cliff_clavin_v2.6.0","tag_set":"geocoder_version","tag_sets_id":1937,"tags_id":189462640}],"title":"8 numbers that explain the economy on Election Day.","url":"https://www.nytimes.com/live/2020/11/03/business/us-economy-coronavirus/economic-snapshot-election","word_count":null}]