[{"ap_syndicated":null,"collect_date":"2020-11-10 13:47:55.136495","feeds":null,"guid":"https://www.nytimes.com/2020/11/10/business/renewable-energy-coal.html","language":"en","media_id":1,"media_name":null,"media_url":null,"processed_stories_id":null,"publish_date":"2020-11-10 13:35:14","stories_id":1765722278,"story_tags":[{"stories_id":1765722278,"tag":"geonames_6252001","tag_set":"mc-geocoder@media.mit.edu","tag_sets_id":1011,"tags_id":8878461},{"stories_id":1765722278,"tag":"geonames_5128638","tag_set":"mc-geocoder@media.mit.edu","tag_sets_id":1011,"tags_id":8878463},{"stories_id":1765722278,"tag":"geonames_2921044","tag_set":"mc-geocoder@media.mit.edu","tag_sets_id":1011,"tags_id":8878575},{"stories_id":1765722278,"tag":"geonames_5129210","tag_set":"mc-geocoder@media.mit.edu","tag_sets_id":1011,"tags_id":8879137},{"stories_id":1765722278,"tag":"geonames_2862926","tag_set":"mc-geocoder@media.mit.edu","tag_sets_id":1011,"tags_id":8879473},{"stories_id":1765722278,"tag":"nyt_labeller_v1.0.0","tag_set":"nyt_labels_version","tag_sets_id":1964,"tags_id":9360669},{"stories_id":1765722278,"tag":"finances","tag_set":"nyt_labels","tag_sets_id":1963,"tags_id":9360840},{"stories_id":1765722278,"tag":"energy and power","tag_set":"nyt_labels","tag_sets_id":1963,"tags_id":9360997},{"stories_id":1765722278,"tag":"electric light and power","tag_set":"nyt_labels","tag_sets_id":1963,"tags_id":9361013},{"stories_id":1765722278,"tag":"light","tag_set":"nyt_labels","tag_sets_id":1963,"tags_id":9361014},{"stories_id":1765722278,"tag":"European Union","tag_set":"cliff_organizations","tag_sets_id":2388,"tags_id":9362999},{"stories_id":1765722278,"tag":"BP","tag_set":"cliff_organizations","tag_sets_id":2388,"tags_id":9367462},{"stories_id":1765722278,"tag":"International Energy Agency","tag_set":"cliff_organizations","tag_sets_id":2388,"tags_id":9387130},{"stories_id":1765722278,"tag":"Fatih Birol","tag_set":"cliff_people","tag_sets_id":2389,"tags_id":9395764},{"stories_id":1765722278,"tag":"Joseph R. Biden Jr.","tag_set":"cliff_people","tag_sets_id":2389,"tags_id":9456578},{"stories_id":1765722278,"tag":"I.E.A.","tag_set":"cliff_organizations","tag_sets_id":2388,"tags_id":10076678},{"stories_id":1765722278,"tag":"geonames_2877088","tag_set":"mc-geocoder@media.mit.edu","tag_sets_id":1011,"tags_id":17057808},{"stories_id":1765722278,"tag":"Bernard Looney","tag_set":"cliff_people","tag_sets_id":2389,"tags_id":33112319},{"stories_id":1765722278,"tag":"readability-lxml-0.7","tag_set":"extractor_version","tag_sets_id":1354,"tags_id":81092444},{"stories_id":1765722278,"tag":"cliff_clavin_v2.6.0","tag_set":"geocoder_version","tag_sets_id":1937,"tags_id":189462640}],"title":"Renewable Power Grows Strongly, Despite the Pandemic","url":"https://www.nytimes.com/2020/11/10/business/renewable-energy-coal.html","word_count":null}]