[{"ap_syndicated":null,"collect_date":"2020-12-11 21:42:12.348568","feeds":null,"guid":"SB11590219295977924095204587153490045468100","language":"en","media_id":1150,"media_name":null,"media_url":null,"processed_stories_id":null,"publish_date":"2020-12-11 20:45:00","stories_id":1795403604,"story_tags":[{"stories_id":1795403604,"tag":"geonames_6252001","tag_set":"mc-geocoder@media.mit.edu","tag_sets_id":1011,"tags_id":8878461},{"stories_id":1795403604,"tag":"nyt_labeller_v1.0.0","tag_set":"nyt_labels_version","tag_sets_id":1964,"tags_id":9360669},{"stories_id":1795403604,"tag":"computers and the internet","tag_set":"nyt_labels","tag_sets_id":1963,"tags_id":9360839},{"stories_id":1795403604,"tag":"finances","tag_set":"nyt_labels","tag_sets_id":1963,"tags_id":9360840},{"stories_id":1795403604,"tag":"energy and power","tag_set":"nyt_labels","tag_sets_id":1963,"tags_id":9360997},{"stories_id":1795403604,"tag":"stocks and bonds","tag_set":"nyt_labels","tag_sets_id":1963,"tags_id":9361012},{"stories_id":1795403604,"tag":"Facebook","tag_set":"cliff_organizations","tag_sets_id":2388,"tags_id":9362725},{"stories_id":1795403604,"tag":"Exxon","tag_set":"cliff_organizations","tag_sets_id":2388,"tags_id":9362930},{"stories_id":1795403604,"tag":"Google","tag_set":"cliff_organizations","tag_sets_id":2388,"tags_id":9363209},{"stories_id":1795403604,"tag":"Justice Department","tag_set":"cliff_organizations","tag_sets_id":2388,"tags_id":9363280},{"stories_id":1795403604,"tag":"Disney","tag_set":"cliff_organizations","tag_sets_id":2388,"tags_id":9366536},{"stories_id":1795403604,"tag":"Walt Disney Co","tag_set":"cliff_organizations","tag_sets_id":2388,"tags_id":9366538},{"stories_id":1795403604,"tag":"Wall Street Journal","tag_set":"cliff_organizations","tag_sets_id":2388,"tags_id":9366539},{"stories_id":1795403604,"tag":"LLC","tag_set":"cliff_organizations","tag_sets_id":2388,"tags_id":9366681},{"stories_id":1795403604,"tag":"Federal Trade Commission","tag_set":"cliff_organizations","tag_sets_id":2388,"tags_id":9367616},{"stories_id":1795403604,"tag":"Sony Pictures","tag_set":"cliff_organizations","tag_sets_id":2388,"tags_id":9369139},{"stories_id":1795403604,"tag":"Marvel Studios","tag_set":"cliff_organizations","tag_sets_id":2388,"tags_id":9369482},{"stories_id":1795403604,"tag":"Pfizer","tag_set":"cliff_organizations","tag_sets_id":2388,"tags_id":9373934},{"stories_id":1795403604,"tag":"Pfizer Inc","tag_set":"cliff_organizations","tag_sets_id":2388,"tags_id":9373941},{"stories_id":1795403604,"tag":"Health and Human Services","tag_set":"cliff_organizations","tag_sets_id":2388,"tags_id":9375825},{"stories_id":1795403604,"tag":"Exxon Mobil","tag_set":"cliff_organizations","tag_sets_id":2388,"tags_id":9376186},{"stories_id":1795403604,"tag":"U.S. Food and Drug Administration","tag_set":"cliff_organizations","tag_sets_id":2388,"tags_id":9377849},{"stories_id":1795403604,"tag":"Facebook Inc","tag_set":"cliff_organizations","tag_sets_id":2388,"tags_id":9377940},{"stories_id":1795403604,"tag":"MetLife","tag_set":"cliff_organizations","tag_sets_id":2388,"tags_id":9389182},{"stories_id":1795403604,"tag":"FireEye","tag_set":"cliff_people","tag_sets_id":2389,"tags_id":9398683},{"stories_id":1795403604,"tag":"Walt Disney","tag_set":"cliff_people","tag_sets_id":2389,"tags_id":9435620},{"stories_id":1795403604,"tag":"FTC","tag_set":"cliff_organizations","tag_sets_id":2388,"tags_id":9447897},{"stories_id":1795403604,"tag":"Exxon Mobil Corp","tag_set":"cliff_organizations","tag_sets_id":2388,"tags_id":9470075},{"stories_id":1795403604,"tag":"Netflix Inc.","tag_set":"cliff_organizations","tag_sets_id":2388,"tags_id":9599746},{"stories_id":1795403604,"tag":"MetLife Inc","tag_set":"cliff_organizations","tag_sets_id":2388,"tags_id":9642786},{"stories_id":1795403604,"tag":"FireEye Inc","tag_set":"cliff_organizations","tag_sets_id":2388,"tags_id":9671558},{"stories_id":1795403604,"tag":"DoorDash","tag_set":"cliff_people","tag_sets_id":2389,"tags_id":9730395},{"stories_id":1795403604,"tag":"DoorDash Inc","tag_set":"cliff_organizations","tag_sets_id":2388,"tags_id":11039544},{"stories_id":1795403604,"tag":"Zurich Insurance Group AG","tag_set":"cliff_organizations","tag_sets_id":2388,"tags_id":11161769},{"stories_id":1795403604,"tag":"Alex Azar","tag_set":"cliff_people","tag_sets_id":2389,"tags_id":30795283},{"stories_id":1795403604,"tag":"Francesca Fontana","tag_set":"cliff_people","tag_sets_id":2389,"tags_id":33452257},{"stories_id":1795403604,"tag":"readability-lxml-0.7","tag_set":"extractor_version","tag_sets_id":1354,"tags_id":81092444},{"stories_id":1795403604,"tag":"cliff_clavin_v2.6.0","tag_set":"geocoder_version","tag_sets_id":1937,"tags_id":189462640}],"title":"DoorDash, Facebook, Walt Disney: Stocks That Defined the Week","url":"https://www.wsj.com/articles/doordash-facebook-walt-disney-stocks-that-defined-the-week-11607737511","word_count":null}]