[{"ap_syndicated":null,"collect_date":"2020-12-22 08:18:25.820807","feeds":null,"guid":"{21005575-02D4-D4B5-4572-D1A602A1537E}","language":"en","media_id":1150,"media_name":null,"media_url":null,"processed_stories_id":null,"publish_date":"2020-12-22 08:13:00","stories_id":1804396059,"story_tags":[{"stories_id":1804396059,"tag":"geonames_6252001","tag_set":"mc-geocoder@media.mit.edu","tag_sets_id":1011,"tags_id":8878461},{"stories_id":1804396059,"tag":"geonames_5001836","tag_set":"mc-geocoder@media.mit.edu","tag_sets_id":1011,"tags_id":8878821},{"stories_id":1804396059,"tag":"geonames_4990729","tag_set":"mc-geocoder@media.mit.edu","tag_sets_id":1011,"tags_id":8878851},{"stories_id":1804396059,"tag":"nyt_labeller_v1.0.0","tag_set":"nyt_labels_version","tag_sets_id":1964,"tags_id":9360669},{"stories_id":1804396059,"tag":"politics and government","tag_set":"nyt_labels","tag_sets_id":1963,"tags_id":9360836},{"stories_id":1804396059,"tag":"finances","tag_set":"nyt_labels","tag_sets_id":1963,"tags_id":9360840},{"stories_id":1804396059,"tag":"automobiles","tag_set":"nyt_labels","tag_sets_id":1963,"tags_id":9360914},{"stories_id":1804396059,"tag":"energy and power","tag_set":"nyt_labels","tag_sets_id":1963,"tags_id":9360997},{"stories_id":1804396059,"tag":"State Department","tag_set":"cliff_organizations","tag_sets_id":2388,"tags_id":9362865},{"stories_id":1804396059,"tag":"Congress","tag_set":"cliff_organizations","tag_sets_id":2388,"tags_id":9362962},{"stories_id":1804396059,"tag":"Joe Biden","tag_set":"cliff_people","tag_sets_id":2389,"tags_id":9363134},{"stories_id":1804396059,"tag":"Ford","tag_set":"cliff_organizations","tag_sets_id":2388,"tags_id":9364086},{"stories_id":1804396059,"tag":"Apple","tag_set":"cliff_organizations","tag_sets_id":2388,"tags_id":9367295},{"stories_id":1804396059,"tag":"Lisa Murkowski","tag_set":"cliff_people","tag_sets_id":2389,"tags_id":9368354},{"stories_id":1804396059,"tag":"Tesla","tag_set":"cliff_people","tag_sets_id":2389,"tags_id":9369660},{"stories_id":1804396059,"tag":"Joe Manchin","tag_set":"cliff_people","tag_sets_id":2389,"tags_id":9374828},{"stories_id":1804396059,"tag":"Jennifer Granholm","tag_set":"cliff_people","tag_sets_id":2389,"tags_id":9396975},{"stories_id":1804396059,"tag":"Energy","tag_set":"cliff_organizations","tag_sets_id":2388,"tags_id":9397380},{"stories_id":1804396059,"tag":"Energy Department","tag_set":"cliff_organizations","tag_sets_id":2388,"tags_id":9415772},{"stories_id":1804396059,"tag":"EVs","tag_set":"cliff_organizations","tag_sets_id":2388,"tags_id":9432985},{"stories_id":1804396059,"tag":"Senate Energy Committee","tag_set":"cliff_organizations","tag_sets_id":2388,"tags_id":9562057},{"stories_id":1804396059,"tag":"General Motors GM","tag_set":"cliff_organizations","tag_sets_id":2388,"tags_id":9679814},{"stories_id":1804396059,"tag":"geonames_4173838","tag_set":"mc-geocoder@media.mit.edu","tag_sets_id":1011,"tags_id":10372650},{"stories_id":1804396059,"tag":"ZETA","tag_set":"cliff_organizations","tag_sets_id":2388,"tags_id":10661546},{"stories_id":1804396059,"tag":"Keith Phillips","tag_set":"cliff_people","tag_sets_id":2389,"tags_id":11272580},{"stories_id":1804396059,"tag":"iCar","tag_set":"cliff_organizations","tag_sets_id":2388,"tags_id":11903206},{"stories_id":1804396059,"tag":"PLL","tag_set":"cliff_organizations","tag_sets_id":2388,"tags_id":30623111},{"stories_id":1804396059,"tag":"Piedmont Lithium Inc.","tag_set":"cliff_organizations","tag_sets_id":2388,"tags_id":36327953},{"stories_id":1804396059,"tag":"readability-lxml-0.7","tag_set":"extractor_version","tag_sets_id":1354,"tags_id":81092444},{"stories_id":1804396059,"tag":"Livent LTHM","tag_set":"cliff_organizations","tag_sets_id":2388,"tags_id":82417382},{"stories_id":1804396059,"tag":"cliff_clavin_v2.6.0","tag_set":"geocoder_version","tag_sets_id":1937,"tags_id":189462640},{"stories_id":1804396059,"tag":"Zero Emission Transportation Association","tag_set":"cliff_organizations","tag_sets_id":2388,"tags_id":220915135},{"stories_id":1804396059,"tag":"US lithium producers Albemarle ALB","tag_set":"cliff_organizations","tag_sets_id":2388,"tags_id":224939651}],"title":"Outside the Box: 5 ways Joe Biden can accelerate America’s shift to electric vehicles","url":"http://www.marketwatch.com/news/story.asp?guid=%7B21005575-02D4-D4B5-4572-D1A602A1537E%7D&siteid=rss&rss=1","word_count":null}]