[{"ap_syndicated":null,"collect_date":"2020-12-28 20:01:45.452812","feeds":null,"guid":"https://www.nytimes.com/2020/12/28/opinion/biden-cabinet-climate-change.html","language":"en","media_id":1,"media_name":null,"media_url":null,"processed_stories_id":null,"publish_date":"2020-12-28 19:57:08","stories_id":1809619974,"story_tags":[{"stories_id":1809619974,"tag":"geonames_6252001","tag_set":"mc-geocoder@media.mit.edu","tag_sets_id":1011,"tags_id":8878461},{"stories_id":1809619974,"tag":"geonames_5332921","tag_set":"mc-geocoder@media.mit.edu","tag_sets_id":1011,"tags_id":8878533},{"stories_id":1809619974,"tag":"geonames_4482348","tag_set":"mc-geocoder@media.mit.edu","tag_sets_id":1011,"tags_id":8878553},{"stories_id":1809619974,"tag":"geonames_5001836","tag_set":"mc-geocoder@media.mit.edu","tag_sets_id":1011,"tags_id":8878821},{"stories_id":1809619974,"tag":"geonames_5481136","tag_set":"mc-geocoder@media.mit.edu","tag_sets_id":1011,"tags_id":8879044},{"stories_id":1809619974,"tag":"geonames_8963243","tag_set":"mc-geocoder@media.mit.edu","tag_sets_id":1011,"tags_id":8879110},{"stories_id":1809619974,"tag":"geonames_3183560","tag_set":"mc-geocoder@media.mit.edu","tag_sets_id":1011,"tags_id":8879587},{"stories_id":1809619974,"tag":"nyt_labeller_v1.0.0","tag_set":"nyt_labels_version","tag_sets_id":1964,"tags_id":9360669},{"stories_id":1809619974,"tag":"politics and government","tag_set":"nyt_labels","tag_sets_id":1963,"tags_id":9360836},{"stories_id":1809619974,"tag":"united states politics and government","tag_set":"nyt_labels","tag_sets_id":1963,"tags_id":9360846},{"stories_id":1809619974,"tag":"appointments and executive changes","tag_set":"nyt_labels","tag_sets_id":1963,"tags_id":9360869},{"stories_id":1809619974,"tag":"oil (petroleum) and gasoline","tag_set":"nyt_labels","tag_sets_id":1963,"tags_id":9360884},{"stories_id":1809619974,"tag":"Obama","tag_set":"cliff_people","tag_sets_id":2389,"tags_id":9362721},{"stories_id":1809619974,"tag":"Trump","tag_set":"cliff_people","tag_sets_id":2389,"tags_id":9362872},{"stories_id":1809619974,"tag":"Congress","tag_set":"cliff_organizations","tag_sets_id":2388,"tags_id":9362962},{"stories_id":1809619974,"tag":"Joe Biden","tag_set":"cliff_people","tag_sets_id":2389,"tags_id":9363134},{"stories_id":1809619974,"tag":"interior","tag_set":"cliff_organizations","tag_sets_id":2388,"tags_id":9364161},{"stories_id":1809619974,"tag":"McCarthy","tag_set":"cliff_people","tag_sets_id":2389,"tags_id":9380598},{"stories_id":1809619974,"tag":"Jennifer Granholm","tag_set":"cliff_people","tag_sets_id":2389,"tags_id":9396975},{"stories_id":1809619974,"tag":"Energy Department","tag_set":"cliff_organizations","tag_sets_id":2388,"tags_id":9415772},{"stories_id":1809619974,"tag":"David Bernhardt","tag_set":"cliff_people","tag_sets_id":2389,"tags_id":9462566},{"stories_id":1809619974,"tag":"Lisa Jackson","tag_set":"cliff_people","tag_sets_id":2389,"tags_id":9479926},{"stories_id":1809619974,"tag":"Brian Deese","tag_set":"cliff_people","tag_sets_id":2389,"tags_id":9489799},{"stories_id":1809619974,"tag":"Pete Buttigieg","tag_set":"cliff_people","tag_sets_id":2389,"tags_id":9504322},{"stories_id":1809619974,"tag":"Zinke","tag_set":"cliff_people","tag_sets_id":2389,"tags_id":9514691},{"stories_id":1809619974,"tag":"Mary Nichols","tag_set":"cliff_people","tag_sets_id":2389,"tags_id":9569914},{"stories_id":1809619974,"tag":"Michael Regan","tag_set":"cliff_people","tag_sets_id":2389,"tags_id":9674490},{"stories_id":1809619974,"tag":"Deb Haaland","tag_set":"cliff_people","tag_sets_id":2389,"tags_id":10756652},{"stories_id":1809619974,"tag":"readability-lxml-0.7","tag_set":"extractor_version","tag_sets_id":1354,"tags_id":81092444},{"stories_id":1809619974,"tag":"cliff_clavin_v2.6.0","tag_set":"geocoder_version","tag_sets_id":1937,"tags_id":189462640}],"title":"Joe Biden’s Climate Team Actually Cares About Climate","url":"https://www.nytimes.com/2020/12/28/opinion/biden-cabinet-climate-change.html","word_count":null}]