[{"ap_syndicated":null,"collect_date":"2021-01-18 18:42:16.923571","feeds":null,"guid":"https://www.nytimes.com/2021/01/18/climate/live-event-netting-zero-fossil-fuel.html","language":"en","media_id":1,"media_name":null,"media_url":null,"processed_stories_id":null,"publish_date":"2021-01-18 18:14:30","stories_id":1827534064,"story_tags":[{"stories_id":1827534064,"tag":"geonames_2635167","tag_set":"mc-geocoder@media.mit.edu","tag_sets_id":1011,"tags_id":8878466},{"stories_id":1827534064,"tag":"nyt_labeller_v1.0.0","tag_set":"nyt_labels_version","tag_sets_id":1964,"tags_id":9360669},{"stories_id":1827534064,"tag":"New York Times","tag_set":"cliff_organizations","tag_sets_id":2388,"tags_id":9362756},{"stories_id":1827534064,"tag":"Sierra Club","tag_set":"cliff_organizations","tag_sets_id":2388,"tags_id":9364168},{"stories_id":1827534064,"tag":"Nigel","tag_set":"cliff_people","tag_sets_id":2389,"tags_id":9371548},{"stories_id":1827534064,"tag":"Enel","tag_set":"cliff_organizations","tag_sets_id":2388,"tags_id":9434285},{"stories_id":1827534064,"tag":"Mary Anne Hitt","tag_set":"cliff_people","tag_sets_id":2389,"tags_id":9683571},{"stories_id":1827534064,"tag":"David Hardy","tag_set":"cliff_people","tag_sets_id":2389,"tags_id":9917828},{"stories_id":1827534064,"tag":"Ivan Penn","tag_set":"cliff_people","tag_sets_id":2389,"tags_id":10242671},{"stories_id":1827534064,"tag":"Kingsmill Bond","tag_set":"cliff_people","tag_sets_id":2389,"tags_id":11191582},{"stories_id":1827534064,"tag":"Meredith Adler","tag_set":"cliff_people","tag_sets_id":2389,"tags_id":11361481},{"stories_id":1827534064,"tag":"Jessica O. Matthews","tag_set":"cliff_people","tag_sets_id":2389,"tags_id":28761630},{"stories_id":1827534064,"tag":"Salvatore Bernabei","tag_set":"cliff_people","tag_sets_id":2389,"tags_id":36166446},{"stories_id":1827534064,"tag":"readability-lxml-0.7","tag_set":"extractor_version","tag_sets_id":1354,"tags_id":81092444},{"stories_id":1827534064,"tag":"cliff_clavin_v2.6.0","tag_set":"geocoder_version","tag_sets_id":1937,"tags_id":189462640}],"title":"Can the World Break Up With Fossil Fuels? Watch the Conversation.","url":"https://www.nytimes.com/2021/01/18/climate/live-event-netting-zero-fossil-fuel.html","word_count":null}]