[{"ap_syndicated":null,"collect_date":"2021-01-19 10:21:06.247044","feeds":null,"guid":"SB10378217901379004408604587229681187266776","language":"en","media_id":1150,"media_name":null,"media_url":null,"processed_stories_id":null,"publish_date":"2021-01-19 07:24:00","stories_id":1828150886,"story_tags":[{"stories_id":1828150886,"tag":"geonames_6252001","tag_set":"mc-geocoder@media.mit.edu","tag_sets_id":1011,"tags_id":8878461},{"stories_id":1828150886,"tag":"geonames_6167865","tag_set":"mc-geocoder@media.mit.edu","tag_sets_id":1011,"tags_id":8878529},{"stories_id":1828150886,"tag":"geonames_5001836","tag_set":"mc-geocoder@media.mit.edu","tag_sets_id":1011,"tags_id":8878821},{"stories_id":1828150886,"tag":"geonames_6141190","tag_set":"mc-geocoder@media.mit.edu","tag_sets_id":1011,"tags_id":8884638},{"stories_id":1828150886,"tag":"nyt_labeller_v1.0.0","tag_set":"nyt_labels_version","tag_sets_id":1964,"tags_id":9360669},{"stories_id":1828150886,"tag":"politics and government","tag_set":"nyt_labels","tag_sets_id":1963,"tags_id":9360836},{"stories_id":1828150886,"tag":"oil (petroleum) and gasoline","tag_set":"nyt_labels","tag_sets_id":1963,"tags_id":9360884},{"stories_id":1828150886,"tag":"international trade and world market","tag_set":"nyt_labels","tag_sets_id":1963,"tags_id":9360983},{"stories_id":1828150886,"tag":"energy and power","tag_set":"nyt_labels","tag_sets_id":1963,"tags_id":9360997},{"stories_id":1828150886,"tag":"gas (fuel)","tag_set":"nyt_labels","tag_sets_id":1963,"tags_id":9361098},{"stories_id":1828150886,"tag":"Associated Press","tag_set":"cliff_organizations","tag_sets_id":2388,"tags_id":9362784},{"stories_id":1828150886,"tag":"Justin Trudeau","tag_set":"cliff_people","tag_sets_id":2389,"tags_id":9363252},{"stories_id":1828150886,"tag":"Sierra Club","tag_set":"cliff_organizations","tag_sets_id":2388,"tags_id":9364168},{"stories_id":1828150886,"tag":"Biden","tag_set":"cliff_people","tag_sets_id":2389,"tags_id":9365736},{"stories_id":1828150886,"tag":"Keystone","tag_set":"cliff_organizations","tag_sets_id":2388,"tags_id":9368394},{"stories_id":1828150886,"tag":"Chris","tag_set":"cliff_people","tag_sets_id":2389,"tags_id":9371762},{"stories_id":1828150886,"tag":"Rick Snyder","tag_set":"cliff_people","tag_sets_id":2389,"tags_id":9394809},{"stories_id":1828150886,"tag":"Mike Bradley","tag_set":"cliff_people","tag_sets_id":2389,"tags_id":9422900},{"stories_id":1828150886,"tag":"Enbridge Inc.","tag_set":"cliff_organizations","tag_sets_id":2388,"tags_id":9433363},{"stories_id":1828150886,"tag":"Enbridge","tag_set":"cliff_organizations","tag_sets_id":2388,"tags_id":9455085},{"stories_id":1828150886,"tag":"National Wildlife Federation","tag_set":"cliff_organizations","tag_sets_id":2388,"tags_id":9455537},{"stories_id":1828150886,"tag":"Mike Fernandez","tag_set":"cliff_people","tag_sets_id":2389,"tags_id":9456161},{"stories_id":1828150886,"tag":"Gretchen Whitmer","tag_set":"cliff_people","tag_sets_id":2389,"tags_id":9464154},{"stories_id":1828150886,"tag":"Dan Eichinger","tag_set":"cliff_people","tag_sets_id":2389,"tags_id":9532393},{"stories_id":1828150886,"tag":"Doug Ford","tag_set":"cliff_people","tag_sets_id":2389,"tags_id":9829257},{"stories_id":1828150886,"tag":"Vipal Monga","tag_set":"cliff_people","tag_sets_id":2389,"tags_id":10029694},{"stories_id":1828150886,"tag":"Straits of Mackinac","tag_set":"cliff_organizations","tag_sets_id":2388,"tags_id":10129709},{"stories_id":1828150886,"tag":"PHMSA","tag_set":"cliff_organizations","tag_sets_id":2388,"tags_id":10470751},{"stories_id":1828150886,"tag":"Canadian Energy Pipeline Association","tag_set":"cliff_organizations","tag_sets_id":2388,"tags_id":11411511},{"stories_id":1828150886,"tag":"natural resources department","tag_set":"cliff_organizations","tag_sets_id":2388,"tags_id":28055318},{"stories_id":1828150886,"tag":"TC Energy","tag_set":"cliff_organizations","tag_sets_id":2388,"tags_id":35366086},{"stories_id":1828150886,"tag":"Joe Bien","tag_set":"cliff_people","tag_sets_id":2389,"tags_id":51696410},{"stories_id":1828150886,"tag":"readability-lxml-0.7","tag_set":"extractor_version","tag_sets_id":1354,"tags_id":81092444},{"stories_id":1828150886,"tag":"TC Energy Corp.","tag_set":"cliff_organizations","tag_sets_id":2388,"tags_id":156689395},{"stories_id":1828150886,"tag":"cliff_clavin_v2.6.0","tag_set":"geocoder_version","tag_sets_id":1937,"tags_id":189462640}],"title":"Great Lakes Pipeline Adds Heat to U.S.-Canada Energy Tensions","url":"https://www.wsj.com/articles/great-lakes-pipeline-adds-heat-to-u-s-canada-energy-tensions-11611059093","word_count":null}]