[{"ap_syndicated":null,"collect_date":"2021-01-25 06:27:21.333438","feeds":null,"guid":"SB10839852149378334197404587236600206646864","language":"en","media_id":1150,"media_name":null,"media_url":null,"processed_stories_id":null,"publish_date":"2021-01-25 05:30:00","stories_id":1833248379,"story_tags":[{"stories_id":1833248379,"tag":"geonames_1643084","tag_set":"mc-geocoder@media.mit.edu","tag_sets_id":1011,"tags_id":8879351},{"stories_id":1833248379,"tag":"geonames_1642669","tag_set":"mc-geocoder@media.mit.edu","tag_sets_id":1011,"tags_id":8879356},{"stories_id":1833248379,"tag":"nyt_labeller_v1.0.0","tag_set":"nyt_labels_version","tag_sets_id":1964,"tags_id":9360669},{"stories_id":1833248379,"tag":"finances","tag_set":"nyt_labels","tag_sets_id":1963,"tags_id":9360840},{"stories_id":1833248379,"tag":"energy and power","tag_set":"nyt_labels","tag_sets_id":1963,"tags_id":9360997},{"stories_id":1833248379,"tag":"stocks and bonds","tag_set":"nyt_labels","tag_sets_id":1963,"tags_id":9361012},{"stories_id":1833248379,"tag":"Google","tag_set":"cliff_organizations","tag_sets_id":2388,"tags_id":9363209},{"stories_id":1833248379,"tag":"Nicholas Smith","tag_set":"cliff_people","tag_sets_id":2389,"tags_id":9367806},{"stories_id":1833248379,"tag":"S&P","tag_set":"cliff_organizations","tag_sets_id":2388,"tags_id":9368263},{"stories_id":1833248379,"tag":"Berkshire","tag_set":"cliff_organizations","tag_sets_id":2388,"tags_id":9369239},{"stories_id":1833248379,"tag":"Microsoft","tag_set":"cliff_organizations","tag_sets_id":2388,"tags_id":9374723},{"stories_id":1833248379,"tag":"Warren Buffett","tag_set":"cliff_people","tag_sets_id":2389,"tags_id":9375621},{"stories_id":1833248379,"tag":"Berkshire Hathaway Inc.","tag_set":"cliff_organizations","tag_sets_id":2388,"tags_id":9455441},{"stories_id":1833248379,"tag":"Sumitomo","tag_set":"cliff_organizations","tag_sets_id":2388,"tags_id":9539297},{"stories_id":1833248379,"tag":"Akio Kon/Bloomberg","tag_set":"cliff_people","tag_sets_id":2389,"tags_id":9548749},{"stories_id":1833248379,"tag":"Rakuten Securities","tag_set":"cliff_organizations","tag_sets_id":2388,"tags_id":9640985},{"stories_id":1833248379,"tag":"Nintendo Co.","tag_set":"cliff_organizations","tag_sets_id":2388,"tags_id":9657892},{"stories_id":1833248379,"tag":"Itochu Corp.","tag_set":"cliff_organizations","tag_sets_id":2388,"tags_id":11627606},{"stories_id":1833248379,"tag":"Masayuki Kubota","tag_set":"cliff_people","tag_sets_id":2389,"tags_id":11897006},{"stories_id":1833248379,"tag":"Suryatapa Bhattacharya","tag_set":"cliff_people","tag_sets_id":2389,"tags_id":31602528},{"stories_id":1833248379,"tag":"Megumi Fujikawa","tag_set":"cliff_people","tag_sets_id":2389,"tags_id":32280148},{"stories_id":1833248379,"tag":"Masayuki Hyodo","tag_set":"cliff_people","tag_sets_id":2389,"tags_id":34450692},{"stories_id":1833248379,"tag":"— CLSA","tag_set":"cliff_people","tag_sets_id":2389,"tags_id":50467366},{"stories_id":1833248379,"tag":"readability-lxml-0.7","tag_set":"extractor_version","tag_sets_id":1354,"tags_id":81092444},{"stories_id":1833248379,"tag":"cliff_clavin_v2.6.0","tag_set":"geocoder_version","tag_sets_id":1937,"tags_id":189462640},{"stories_id":1833248379,"tag":"geonames_1964179","tag_set":"mc-geocoder@media.mit.edu","tag_sets_id":1011,"tags_id":226214232}],"title":"Buffett Investments in Japan Struggle to Keep Up With the Market","url":"https://www.wsj.com/articles/buffett-investments-in-japan-struggle-to-keep-up-with-the-market-11611570603","word_count":null}]