[{"ap_syndicated":null,"collect_date":"2021-02-01 16:17:46.492845","feeds":null,"guid":"https://www.washingtonpost.com/world/2021/02/01/biden-climate-change-reversal/?utm_source=rss&utm_medium=referral&utm_campaign=wp_world","language":"en","media_id":2,"media_name":null,"media_url":null,"processed_stories_id":null,"publish_date":"2021-02-01 12:00:00","stories_id":1839255433,"story_tags":[{"stories_id":1839255433,"tag":"geonames_6252001","tag_set":"mc-geocoder@media.mit.edu","tag_sets_id":1011,"tags_id":8878461},{"stories_id":1839255433,"tag":"geonames_4662168","tag_set":"mc-geocoder@media.mit.edu","tag_sets_id":1011,"tags_id":8878725},{"stories_id":1839255433,"tag":"geonames_4667282","tag_set":"mc-geocoder@media.mit.edu","tag_sets_id":1011,"tags_id":8879476},{"stories_id":1839255433,"tag":"geonames_4717560","tag_set":"mc-geocoder@media.mit.edu","tag_sets_id":1011,"tags_id":8883238},{"stories_id":1839255433,"tag":"nyt_labeller_v1.0.0","tag_set":"nyt_labels_version","tag_sets_id":1964,"tags_id":9360669},{"stories_id":1839255433,"tag":"politics and government","tag_set":"nyt_labels","tag_sets_id":1963,"tags_id":9360836},{"stories_id":1839255433,"tag":"united states politics and government","tag_set":"nyt_labels","tag_sets_id":1963,"tags_id":9360846},{"stories_id":1839255433,"tag":"oil (petroleum) and gasoline","tag_set":"nyt_labels","tag_sets_id":1963,"tags_id":9360884},{"stories_id":1839255433,"tag":"global warming","tag_set":"nyt_labels","tag_sets_id":1963,"tags_id":9360886},{"stories_id":1839255433,"tag":"environment","tag_set":"nyt_labels","tag_sets_id":1963,"tags_id":9360887},{"stories_id":1839255433,"tag":"international relations","tag_set":"nyt_labels","tag_sets_id":1963,"tags_id":9360934},{"stories_id":1839255433,"tag":"air pollution","tag_set":"nyt_labels","tag_sets_id":1963,"tags_id":9361007},{"stories_id":1839255433,"tag":"Donald Trump","tag_set":"cliff_people","tag_sets_id":2389,"tags_id":9362284},{"stories_id":1839255433,"tag":"GOP","tag_set":"cliff_organizations","tag_sets_id":2388,"tags_id":9362923},{"stories_id":1839255433,"tag":"Congress","tag_set":"cliff_organizations","tag_sets_id":2388,"tags_id":9362962},{"stories_id":1839255433,"tag":"Trump administration","tag_set":"cliff_organizations","tag_sets_id":2388,"tags_id":9362998},{"stories_id":1839255433,"tag":"European Union","tag_set":"cliff_organizations","tag_sets_id":2388,"tags_id":9362999},{"stories_id":1839255433,"tag":"Post","tag_set":"cliff_organizations","tag_sets_id":2388,"tags_id":9363250},{"stories_id":1839255433,"tag":"Columbia University","tag_set":"cliff_organizations","tag_sets_id":2388,"tags_id":9363347},{"stories_id":1839255433,"tag":"General Motors","tag_set":"cliff_organizations","tag_sets_id":2388,"tags_id":9363690},{"stories_id":1839255433,"tag":"NASA","tag_set":"cliff_organizations","tag_sets_id":2388,"tags_id":9364494},{"stories_id":1839255433,"tag":"Biden","tag_set":"cliff_people","tag_sets_id":2389,"tags_id":9365736},{"stories_id":1839255433,"tag":"John F. Kerry","tag_set":"cliff_people","tag_sets_id":2389,"tags_id":9366716},{"stories_id":1839255433,"tag":"Texas Tech University","tag_set":"cliff_organizations","tag_sets_id":2388,"tags_id":9371289},{"stories_id":1839255433,"tag":"Juliet Eilperin","tag_set":"cliff_people","tag_sets_id":2389,"tags_id":9374780},{"stories_id":1839255433,"tag":"Brady Dennis","tag_set":"cliff_people","tag_sets_id":2389,"tags_id":9374896},{"stories_id":1839255433,"tag":"Jair Bolsonaro","tag_set":"cliff_people","tag_sets_id":2389,"tags_id":9378114},{"stories_id":1839255433,"tag":"Gina McCarthy","tag_set":"cliff_people","tag_sets_id":2389,"tags_id":9399505},{"stories_id":1839255433,"tag":"Goddard Institute of Space Studies","tag_set":"cliff_organizations","tag_sets_id":2388,"tags_id":9481066},{"stories_id":1839255433,"tag":"Katharine Hayhoe","tag_set":"cliff_people","tag_sets_id":2389,"tags_id":9515414},{"stories_id":1839255433,"tag":"Kate Marvel","tag_set":"cliff_people","tag_sets_id":2389,"tags_id":27823903},{"stories_id":1839255433,"tag":"readability-lxml-0.7","tag_set":"extractor_version","tag_sets_id":1354,"tags_id":81092444},{"stories_id":1839255433,"tag":"cliff_clavin_v2.6.0","tag_set":"geocoder_version","tag_sets_id":1937,"tags_id":189462640},{"stories_id":1839255433,"tag":"petroleum industry revived television","tag_set":"cliff_organizations","tag_sets_id":2388,"tags_id":227431691}],"title":"Biden sweeps away Trump’s climate-change denialism","url":"https://www.washingtonpost.com/world/2021/02/01/biden-climate-change-reversal/?utm_source=rss&utm_medium=referral&utm_campaign=wp_world","word_count":null}]