[{"ap_syndicated":null,"collect_date":"2021-02-10 05:23:13.319409","feeds":null,"guid":"SB11593969504436944309604587257630665140936","language":"en","media_id":1150,"media_name":null,"media_url":null,"processed_stories_id":null,"publish_date":"2021-02-09 13:00:00","stories_id":1847907949,"story_tags":[{"stories_id":1847907949,"tag":"geonames_6252001","tag_set":"mc-geocoder@media.mit.edu","tag_sets_id":1011,"tags_id":8878461},{"stories_id":1847907949,"tag":"geonames_2921044","tag_set":"mc-geocoder@media.mit.edu","tag_sets_id":1011,"tags_id":8878575},{"stories_id":1847907949,"tag":"geonames_2911298","tag_set":"mc-geocoder@media.mit.edu","tag_sets_id":1011,"tags_id":8879637},{"stories_id":1847907949,"tag":"geonames_2911297","tag_set":"mc-geocoder@media.mit.edu","tag_sets_id":1011,"tags_id":8881200},{"stories_id":1847907949,"tag":"nyt_labeller_v1.0.0","tag_set":"nyt_labels_version","tag_sets_id":1964,"tags_id":9360669},{"stories_id":1847907949,"tag":"oil (petroleum) and gasoline","tag_set":"nyt_labels","tag_sets_id":1963,"tags_id":9360884},{"stories_id":1847907949,"tag":"environment","tag_set":"nyt_labels","tag_sets_id":1963,"tags_id":9360887},{"stories_id":1847907949,"tag":"airlines and airplanes","tag_set":"nyt_labels","tag_sets_id":1963,"tags_id":9360940},{"stories_id":1847907949,"tag":"energy and power","tag_set":"nyt_labels","tag_sets_id":1963,"tags_id":9360997},{"stories_id":1847907949,"tag":"air pollution","tag_set":"nyt_labels","tag_sets_id":1963,"tags_id":9361007},{"stories_id":1847907949,"tag":"European Union","tag_set":"cliff_organizations","tag_sets_id":2388,"tags_id":9362999},{"stories_id":1847907949,"tag":"Shell","tag_set":"cliff_organizations","tag_sets_id":2388,"tags_id":9363630},{"stories_id":1847907949,"tag":"Biden","tag_set":"cliff_people","tag_sets_id":2389,"tags_id":9365736},{"stories_id":1847907949,"tag":"Rolls-Royce","tag_set":"cliff_organizations","tag_sets_id":2388,"tags_id":9368552},{"stories_id":1847907949,"tag":"Alaska Airlines","tag_set":"cliff_organizations","tag_sets_id":2388,"tags_id":9369869},{"stories_id":1847907949,"tag":"Microsoft","tag_set":"cliff_organizations","tag_sets_id":2388,"tags_id":9374723},{"stories_id":1847907949,"tag":"International Energy Agency","tag_set":"cliff_organizations","tag_sets_id":2388,"tags_id":9387130},{"stories_id":1847907949,"tag":"United Airlines","tag_set":"cliff_organizations","tag_sets_id":2388,"tags_id":9389662},{"stories_id":1847907949,"tag":"Amazon.com Inc.","tag_set":"cliff_organizations","tag_sets_id":2388,"tags_id":9405783},{"stories_id":1847907949,"tag":"International Air Transport Association","tag_set":"cliff_organizations","tag_sets_id":2388,"tags_id":9407976},{"stories_id":1847907949,"tag":"International Civil Aviation Organization","tag_set":"cliff_organizations","tag_sets_id":2388,"tags_id":9408396},{"stories_id":1847907949,"tag":"U.S. Department of Energy","tag_set":"cliff_organizations","tag_sets_id":2388,"tags_id":9414255},{"stories_id":1847907949,"tag":"DHL","tag_set":"cliff_organizations","tag_sets_id":2388,"tags_id":9440841},{"stories_id":1847907949,"tag":"Microsoft Corp.","tag_set":"cliff_organizations","tag_sets_id":2388,"tags_id":9446829},{"stories_id":1847907949,"tag":"Manchester Metropolitan University","tag_set":"cliff_organizations","tag_sets_id":2388,"tags_id":9472358},{"stories_id":1847907949,"tag":"Lufthansa","tag_set":"cliff_organizations","tag_sets_id":2388,"tags_id":9501862},{"stories_id":1847907949,"tag":"Safran","tag_set":"cliff_people","tag_sets_id":2389,"tags_id":9537897},{"stories_id":1847907949,"tag":"Heide","tag_set":"cliff_people","tag_sets_id":2389,"tags_id":9544309},{"stories_id":1847907949,"tag":"Andrew Murphy","tag_set":"cliff_people","tag_sets_id":2389,"tags_id":9651601},{"stories_id":1847907949,"tag":"Safran SA","tag_set":"cliff_organizations","tag_sets_id":2388,"tags_id":9669819},{"stories_id":1847907949,"tag":"Deutsche Lufthansa AG","tag_set":"cliff_organizations","tag_sets_id":2388,"tags_id":10078868},{"stories_id":1847907949,"tag":"Lucas Joppa","tag_set":"cliff_people","tag_sets_id":2389,"tags_id":28821928},{"stories_id":1847907949,"tag":"Lauren Riley","tag_set":"cliff_people","tag_sets_id":2389,"tags_id":29410598},{"stories_id":1847907949,"tag":"Annette Mann","tag_set":"cliff_people","tag_sets_id":2389,"tags_id":36830223},{"stories_id":1847907949,"tag":"energy company Royal Dutch Shell","tag_set":"cliff_organizations","tag_sets_id":2388,"tags_id":54111232},{"stories_id":1847907949,"tag":"SkyNRG","tag_set":"cliff_organizations","tag_sets_id":2388,"tags_id":75305556},{"stories_id":1847907949,"tag":"readability-lxml-0.7","tag_set":"extractor_version","tag_sets_id":1354,"tags_id":81092444},{"stories_id":1847907949,"tag":"Nicolas Jeuland","tag_set":"cliff_people","tag_sets_id":2389,"tags_id":88541555},{"stories_id":1847907949,"tag":"cliff_clavin_v2.6.0","tag_set":"geocoder_version","tag_sets_id":1937,"tags_id":189462640},{"stories_id":1847907949,"tag":"Anna Mascolo","tag_set":"cliff_people","tag_sets_id":2389,"tags_id":190070186}],"title":"Airlines Aim to Reduce Carbon Footprint With Greener Fuels","url":"https://www.wsj.com/articles/airlines-push-to-reduce-carbon-footprint-with-greener-fuels-11612893657?mod=pls_whats_news_us_business_f","word_count":null}]