[{"ap_syndicated":null,"collect_date":"2021-02-11 09:53:23.159260","feeds":null,"guid":"https://www.washingtonpost.com/politics/2021/02/11/energy-202-biden-electric-vehicle-plans-put-test-dispute-between-battery-makers/?utm_source=rss&utm_medium=referral&utm_campaign=wp_homepage","language":"en","media_id":2,"media_name":null,"media_url":null,"processed_stories_id":null,"publish_date":"2021-02-11 09:51:30.361594","stories_id":1849158962,"story_tags":[{"stories_id":1849158962,"tag":"geonames_6252001","tag_set":"mc-geocoder@media.mit.edu","tag_sets_id":1011,"tags_id":8878461},{"stories_id":1849158962,"tag":"geonames_5509151","tag_set":"mc-geocoder@media.mit.edu","tag_sets_id":1011,"tags_id":8879111},{"stories_id":1849158962,"tag":"geonames_4140963","tag_set":"mc-geocoder@media.mit.edu","tag_sets_id":1011,"tags_id":8880349},{"stories_id":1849158962,"tag":"nyt_labeller_v1.0.0","tag_set":"nyt_labels_version","tag_sets_id":1964,"tags_id":9360669},{"stories_id":1849158962,"tag":"automobiles","tag_set":"nyt_labels","tag_sets_id":1963,"tags_id":9360914},{"stories_id":1849158962,"tag":"energy and power","tag_set":"nyt_labels","tag_sets_id":1963,"tags_id":9360997},{"stories_id":1849158962,"tag":"Reuters","tag_set":"cliff_organizations","tag_sets_id":2388,"tags_id":9362267},{"stories_id":1849158962,"tag":"Supreme Court","tag_set":"cliff_organizations","tag_sets_id":2388,"tags_id":9362719},{"stories_id":1849158962,"tag":"White House","tag_set":"cliff_organizations","tag_sets_id":2388,"tags_id":9362736},{"stories_id":1849158962,"tag":"Senate","tag_set":"cliff_organizations","tag_sets_id":2388,"tags_id":9362741},{"stories_id":1849158962,"tag":"Bernie Sanders","tag_set":"cliff_people","tag_sets_id":2389,"tags_id":9362750},{"stories_id":1849158962,"tag":"Washington Post","tag_set":"cliff_organizations","tag_sets_id":2388,"tags_id":9362798},{"stories_id":1849158962,"tag":"Bloomberg","tag_set":"cliff_organizations","tag_sets_id":2388,"tags_id":9363116},{"stories_id":1849158962,"tag":"U.N.","tag_set":"cliff_organizations","tag_sets_id":2388,"tags_id":9363619},{"stories_id":1849158962,"tag":"General Motors","tag_set":"cliff_organizations","tag_sets_id":2388,"tags_id":9363690},{"stories_id":1849158962,"tag":"Environmental Protection Agency","tag_set":"cliff_organizations","tag_sets_id":2388,"tags_id":9363956},{"stories_id":1849158962,"tag":"Ford","tag_set":"cliff_organizations","tag_sets_id":2388,"tags_id":9364086},{"stories_id":1849158962,"tag":"EPA","tag_set":"cliff_organizations","tag_sets_id":2388,"tags_id":9364166},{"stories_id":1849158962,"tag":"Biden","tag_set":"cliff_people","tag_sets_id":2389,"tags_id":9365736},{"stories_id":1849158962,"tag":"Center for American Progress","tag_set":"cliff_organizations","tag_sets_id":2388,"tags_id":9366290},{"stories_id":1849158962,"tag":"Amazon","tag_set":"cliff_organizations","tag_sets_id":2388,"tags_id":9366535},{"stories_id":1849158962,"tag":"VW","tag_set":"cliff_organizations","tag_sets_id":2388,"tags_id":9367672},{"stories_id":1849158962,"tag":"Jeff Bezos","tag_set":"cliff_people","tag_sets_id":2389,"tags_id":9368367},{"stories_id":1849158962,"tag":"Volkswagen","tag_set":"cliff_organizations","tag_sets_id":2388,"tags_id":9374940},{"stories_id":1849158962,"tag":"Amazon.com","tag_set":"cliff_organizations","tag_sets_id":2388,"tags_id":9375487},{"stories_id":1849158962,"tag":"Bloomberg News","tag_set":"cliff_organizations","tag_sets_id":2388,"tags_id":9377578},{"stories_id":1849158962,"tag":"Seattle Times","tag_set":"cliff_organizations","tag_sets_id":2388,"tags_id":9385333},{"stories_id":1849158962,"tag":"LG Chem","tag_set":"cliff_organizations","tag_sets_id":2388,"tags_id":9385959},{"stories_id":1849158962,"tag":"United Auto Workers","tag_set":"cliff_organizations","tag_sets_id":2388,"tags_id":9386207},{"stories_id":1849158962,"tag":"Kia","tag_set":"cliff_organizations","tag_sets_id":2388,"tags_id":9391113},{"stories_id":1849158962,"tag":"Jennifer Granholm","tag_set":"cliff_people","tag_sets_id":2389,"tags_id":9396975},{"stories_id":1849158962,"tag":"Senate Budget Committee","tag_set":"cliff_organizations","tag_sets_id":2388,"tags_id":9397448},{"stories_id":1849158962,"tag":"Gina McCarthy","tag_set":"cliff_people","tag_sets_id":2389,"tags_id":9399505},{"stories_id":1849158962,"tag":"Neera Tanden","tag_set":"cliff_people","tag_sets_id":2389,"tags_id":9416316},{"stories_id":1849158962,"tag":"Office of Management and Budget","tag_set":"cliff_organizations","tag_sets_id":2388,"tags_id":9419138},{"stories_id":1849158962,"tag":"Neera Tanden","tag_set":"cliff_organizations","tag_sets_id":2388,"tags_id":9422929},{"stories_id":1849158962,"tag":"ITC","tag_set":"cliff_organizations","tag_sets_id":2388,"tags_id":9432324},{"stories_id":1849158962,"tag":"Latham","tag_set":"cliff_people","tag_sets_id":2389,"tags_id":9473817},{"stories_id":1849158962,"tag":"Rachel McCleery","tag_set":"cliff_people","tag_sets_id":2389,"tags_id":9554399},{"stories_id":1849158962,"tag":"budget committee","tag_set":"cliff_organizations","tag_sets_id":2388,"tags_id":9557024},{"stories_id":1849158962,"tag":"John Neely Kennedy","tag_set":"cliff_people","tag_sets_id":2389,"tags_id":9627215},{"stories_id":1849158962,"tag":"Ninth Circuit court","tag_set":"cliff_organizations","tag_sets_id":2388,"tags_id":9642322},{"stories_id":1849158962,"tag":"Gamble","tag_set":"cliff_organizations","tag_sets_id":2388,"tags_id":10312572},{"stories_id":1849158962,"tag":"Anne-Marie Trevelyan","tag_set":"cliff_people","tag_sets_id":2389,"tags_id":10318399},{"stories_id":1849158962,"tag":"Rory Gamble","tag_set":"cliff_people","tag_sets_id":2389,"tags_id":11165385},{"stories_id":1849158962,"tag":"board of Amazon","tag_set":"cliff_organizations","tag_sets_id":2388,"tags_id":28446252},{"stories_id":1849158962,"tag":"Detroit Automotive Press Association","tag_set":"cliff_organizations","tag_sets_id":2388,"tags_id":31231817},{"stories_id":1849158962,"tag":"Jong Hyun Kim","tag_set":"cliff_people","tag_sets_id":2389,"tags_id":38781698},{"stories_id":1849158962,"tag":"readability-lxml-0.7","tag_set":"extractor_version","tag_sets_id":1354,"tags_id":81092444},{"stories_id":1849158962,"tag":"Office of Information and Regulatory affairs","tag_set":"cliff_organizations","tag_sets_id":2388,"tags_id":127992159},{"stories_id":1849158962,"tag":"cliff_clavin_v2.6.0","tag_set":"geocoder_version","tag_sets_id":1937,"tags_id":189462640},{"stories_id":1849158962,"tag":"Watkins representing LG Chem","tag_set":"cliff_organizations","tag_sets_id":2388,"tags_id":228424488},{"stories_id":1849158962,"tag":"David K. Callahan","tag_set":"cliff_people","tag_sets_id":2389,"tags_id":228424489}],"title":"Biden’s electric vehicle plans put to test in dispute between battery makers","url":"https://www.washingtonpost.com/politics/2021/02/11/energy-202-biden-electric-vehicle-plans-put-test-dispute-between-battery-makers/?utm_source=rss&utm_medium=referral&utm_campaign=wp_homepage","word_count":null}]