[{"ap_syndicated":null,"collect_date":"2021-02-18 13:48:03.605323","feeds":null,"guid":"https://www.nytimes.com/2021/02/18/business/energy-environment/california-texas-blackouts-utilities.html","language":"en","media_id":1,"media_name":null,"media_url":null,"processed_stories_id":null,"publish_date":"2021-02-18 13:28:35","stories_id":1856269696,"story_tags":[{"stories_id":1856269696,"tag":"geonames_6252001","tag_set":"mc-geocoder@media.mit.edu","tag_sets_id":1011,"tags_id":8878461},{"stories_id":1856269696,"tag":"geonames_5332921","tag_set":"mc-geocoder@media.mit.edu","tag_sets_id":1011,"tags_id":8878533},{"stories_id":1856269696,"tag":"geonames_7219156","tag_set":"mc-geocoder@media.mit.edu","tag_sets_id":1011,"tags_id":8883369},{"stories_id":1856269696,"tag":"nyt_labeller_v1.0.0","tag_set":"nyt_labels_version","tag_sets_id":1964,"tags_id":9360669},{"stories_id":1856269696,"tag":"global warming","tag_set":"nyt_labels","tag_sets_id":1963,"tags_id":9360886},{"stories_id":1856269696,"tag":"environment","tag_set":"nyt_labels","tag_sets_id":1963,"tags_id":9360887},{"stories_id":1856269696,"tag":"weather","tag_set":"nyt_labels","tag_sets_id":1963,"tags_id":9360902},{"stories_id":1856269696,"tag":"energy and power","tag_set":"nyt_labels","tag_sets_id":1963,"tags_id":9360997},{"stories_id":1856269696,"tag":"air pollution","tag_set":"nyt_labels","tag_sets_id":1963,"tags_id":9361007},{"stories_id":1856269696,"tag":"electric light and power","tag_set":"nyt_labels","tag_sets_id":1963,"tags_id":9361013},{"stories_id":1856269696,"tag":"light","tag_set":"nyt_labels","tag_sets_id":1963,"tags_id":9361014},{"stories_id":1856269696,"tag":"blackouts and brownouts (electrical)","tag_set":"nyt_labels","tag_sets_id":1963,"tags_id":9361015},{"stories_id":1856269696,"tag":"regulation and deregulation of industry","tag_set":"nyt_labels","tag_sets_id":1963,"tags_id":9361160},{"stories_id":1856269696,"tag":"Senate","tag_set":"cliff_organizations","tag_sets_id":2388,"tags_id":9362741},{"stories_id":1856269696,"tag":"Congress","tag_set":"cliff_organizations","tag_sets_id":2388,"tags_id":9362962},{"stories_id":1856269696,"tag":"Biden","tag_set":"cliff_people","tag_sets_id":2389,"tags_id":9365736},{"stories_id":1856269696,"tag":"Stanford University","tag_set":"cliff_organizations","tag_sets_id":2388,"tags_id":9367230},{"stories_id":1856269696,"tag":"BP","tag_set":"cliff_organizations","tag_sets_id":2388,"tags_id":9367462},{"stories_id":1856269696,"tag":"University of Southern California","tag_set":"cliff_organizations","tag_sets_id":2388,"tags_id":9369690},{"stories_id":1856269696,"tag":"Gavin Newsom","tag_set":"cliff_people","tag_sets_id":2389,"tags_id":9372682},{"stories_id":1856269696,"tag":"Fukushima","tag_set":"cliff_people","tag_sets_id":2389,"tags_id":9374455},{"stories_id":1856269696,"tag":"Jay","tag_set":"cliff_people","tag_sets_id":2389,"tags_id":9376271},{"stories_id":1856269696,"tag":"Carnegie Mellon University","tag_set":"cliff_organizations","tag_sets_id":2388,"tags_id":9437357},{"stories_id":1856269696,"tag":"Edison Electric Institute","tag_set":"cliff_organizations","tag_sets_id":2388,"tags_id":9454038},{"stories_id":1856269696,"tag":"National Academies","tag_set":"cliff_organizations","tag_sets_id":2388,"tags_id":9495681},{"stories_id":1856269696,"tag":"California Public Utilities Commission","tag_set":"cliff_organizations","tag_sets_id":2388,"tags_id":9499296},{"stories_id":1856269696,"tag":"PJM","tag_set":"cliff_organizations","tag_sets_id":2388,"tags_id":9509356},{"stories_id":1856269696,"tag":"Dan Reicher","tag_set":"cliff_people","tag_sets_id":2389,"tags_id":9537423},{"stories_id":1856269696,"tag":"Electric Reliability Council of Texas","tag_set":"cliff_organizations","tag_sets_id":2388,"tags_id":9553971},{"stories_id":1856269696,"tag":"Edison International","tag_set":"cliff_organizations","tag_sets_id":2388,"tags_id":9744683},{"stories_id":1856269696,"tag":"Carnegie Mellon Electricity Industry Center","tag_set":"cliff_organizations","tag_sets_id":2388,"tags_id":10083051},{"stories_id":1856269696,"tag":"Najmedin Meshkati","tag_set":"cliff_people","tag_sets_id":2389,"tags_id":10606512},{"stories_id":1856269696,"tag":"Brian Reil","tag_set":"cliff_people","tag_sets_id":2389,"tags_id":11451305},{"stories_id":1856269696,"tag":"Pedro J. Pizarro","tag_set":"cliff_people","tag_sets_id":2389,"tags_id":31252365},{"stories_id":1856269696,"tag":"readability-lxml-0.8.1","tag_set":"extractor_version","tag_sets_id":1354,"tags_id":228516910},{"stories_id":1856269696,"tag":"cliff_clavin_v2.6.1","tag_set":"geocoder_version","tag_sets_id":1937,"tags_id":228516911}],"title":"Texas Storms, California Heat Waves and ‘Vulnerable’ Utilities","url":"https://www.nytimes.com/2021/02/18/business/energy-environment/california-texas-blackouts-utilities.html","word_count":null}]