[{"ap_syndicated":null,"collect_date":"2021-03-01 20:05:45.853317","feeds":null,"guid":"SB12394484570358143904404587302920275930202","language":"en","media_id":1150,"media_name":null,"media_url":null,"processed_stories_id":null,"publish_date":"2021-03-01 18:32:00","stories_id":1867126977,"story_tags":[{"stories_id":1867126977,"tag":"geonames_6252001","tag_set":"mc-geocoder@media.mit.edu","tag_sets_id":1011,"tags_id":8878461},{"stories_id":1867126977,"tag":"geonames_4896861","tag_set":"mc-geocoder@media.mit.edu","tag_sets_id":1011,"tags_id":8878482},{"stories_id":1867126977,"tag":"geonames_4887398","tag_set":"mc-geocoder@media.mit.edu","tag_sets_id":1011,"tags_id":8878485},{"stories_id":1867126977,"tag":"geonames_4237004","tag_set":"mc-geocoder@media.mit.edu","tag_sets_id":1011,"tags_id":9025559},{"stories_id":1867126977,"tag":"nyt_labeller_v1.0.0","tag_set":"nyt_labels_version","tag_sets_id":1964,"tags_id":9360669},{"stories_id":1867126977,"tag":"politics and government","tag_set":"nyt_labels","tag_sets_id":1963,"tags_id":9360836},{"stories_id":1867126977,"tag":"united states politics and government","tag_set":"nyt_labels","tag_sets_id":1963,"tags_id":9360846},{"stories_id":1867126977,"tag":"elections","tag_set":"nyt_labels","tag_sets_id":1963,"tags_id":9360851},{"stories_id":1867126977,"tag":"presidents and presidency (us)","tag_set":"nyt_labels","tag_sets_id":1963,"tags_id":9360853},{"stories_id":1867126977,"tag":"labor","tag_set":"nyt_labels","tag_sets_id":1963,"tags_id":9360859},{"stories_id":1867126977,"tag":"Donald Trump","tag_set":"cliff_people","tag_sets_id":2389,"tags_id":9362284},{"stories_id":1867126977,"tag":"Barack Obama","tag_set":"cliff_people","tag_sets_id":2389,"tags_id":9362763},{"stories_id":1867126977,"tag":"Ronald Reagan","tag_set":"cliff_people","tag_sets_id":2389,"tags_id":9362809},{"stories_id":1867126977,"tag":"GOP","tag_set":"cliff_organizations","tag_sets_id":2388,"tags_id":9362923},{"stories_id":1867126977,"tag":"Congress","tag_set":"cliff_organizations","tag_sets_id":2388,"tags_id":9362962},{"stories_id":1867126977,"tag":"Hillary","tag_set":"cliff_people","tag_sets_id":2389,"tags_id":9362967},{"stories_id":1867126977,"tag":"Bush","tag_set":"cliff_people","tag_sets_id":2389,"tags_id":9362968},{"stories_id":1867126977,"tag":"Joe Biden","tag_set":"cliff_people","tag_sets_id":2389,"tags_id":9363134},{"stories_id":1867126977,"tag":"Bill Clinton","tag_set":"cliff_people","tag_sets_id":2389,"tags_id":9363221},{"stories_id":1867126977,"tag":"General Motors","tag_set":"cliff_organizations","tag_sets_id":2388,"tags_id":9363690},{"stories_id":1867126977,"tag":"Medicare","tag_set":"cliff_organizations","tag_sets_id":2388,"tags_id":9364657},{"stories_id":1867126977,"tag":"Lyndon Johnson","tag_set":"cliff_people","tag_sets_id":2389,"tags_id":9365154},{"stories_id":1867126977,"tag":"Emanuel","tag_set":"cliff_people","tag_sets_id":2389,"tags_id":9366814},{"stories_id":1867126977,"tag":"Mark Kelly","tag_set":"cliff_people","tag_sets_id":2389,"tags_id":9373500},{"stories_id":1867126977,"tag":"Harry Truman","tag_set":"cliff_people","tag_sets_id":2389,"tags_id":9374799},{"stories_id":1867126977,"tag":"Franklin Roosevelt","tag_set":"cliff_people","tag_sets_id":2389,"tags_id":9384981},{"stories_id":1867126977,"tag":"Chrysler","tag_set":"cliff_organizations","tag_sets_id":2388,"tags_id":9402760},{"stories_id":1867126977,"tag":"Great Society programs","tag_set":"cliff_organizations","tag_sets_id":2388,"tags_id":9638432},{"stories_id":1867126977,"tag":"Social Security","tag_set":"cliff_organizations","tag_sets_id":2388,"tags_id":9697301},{"stories_id":1867126977,"tag":"readability-lxml-0.8.1","tag_set":"extractor_version","tag_sets_id":1354,"tags_id":228516910},{"stories_id":1867126977,"tag":"cliff_clavin_v2.6.1","tag_set":"geocoder_version","tag_sets_id":1937,"tags_id":228516911}],"title":"Democrats Need an 11th Commandment","url":"https://www.wsj.com/articles/democrats-need-an-11th-commandment-11614641569","word_count":null}]