[{"ap_syndicated":null,"collect_date":"2021-03-03 01:35:26.266143","feeds":null,"guid":"https://www.usatoday.com/videos/news/nation/2021/03/03/biden-injects-hope-renewable-energy-supporters/6900233002/","language":"en","media_id":4,"media_name":null,"media_url":null,"processed_stories_id":null,"publish_date":"2021-03-03 01:23:00","stories_id":1868353906,"story_tags":[{"stories_id":1868353906,"tag":"nyt_labeller_v1.0.0","tag_set":"nyt_labels_version","tag_sets_id":1964,"tags_id":9360669},{"stories_id":1868353906,"tag":"medicine and health","tag_set":"nyt_labels","tag_sets_id":1963,"tags_id":9360852},{"stories_id":1868353906,"tag":"energy and power","tag_set":"nyt_labels","tag_sets_id":1963,"tags_id":9360997},{"stories_id":1868353906,"tag":"Joe Biden","tag_set":"cliff_people","tag_sets_id":2389,"tags_id":9363134},{"stories_id":1868353906,"tag":"readability-lxml-0.8.1","tag_set":"extractor_version","tag_sets_id":1354,"tags_id":228516910},{"stories_id":1868353906,"tag":"cliff_clavin_v2.6.1","tag_set":"geocoder_version","tag_sets_id":1937,"tags_id":228516911}],"title":"Biden injects hope in renewable energy supporters","url":"http://rssfeeds.usatoday.com/~/645532322/0/usatodaycomnation-topstories~Biden-injects-hope-in-renewable-energy-supporters/","word_count":null}]