[{"ap_syndicated":null,"collect_date":"2021-04-21 14:57:33.048316","feeds":null,"guid":"https://www.nytimes.com/2021/04/21/world/canada/trudeau-climate-oil-sands.html","language":"en","media_id":1,"media_name":null,"media_url":null,"processed_stories_id":null,"publish_date":"2021-04-21 14:42:33","stories_id":1908661576,"story_tags":[{"stories_id":1908661576,"tag":"geonames_6251999","tag_set":"mc-geocoder@media.mit.edu","tag_sets_id":1011,"tags_id":8878548},{"stories_id":1908661576,"tag":"geonames_5883102","tag_set":"mc-geocoder@media.mit.edu","tag_sets_id":1011,"tags_id":8879102},{"stories_id":1908661576,"tag":"geonames_4140963","tag_set":"mc-geocoder@media.mit.edu","tag_sets_id":1011,"tags_id":8880349},{"stories_id":1908661576,"tag":"nyt_labeller_v1.0.0","tag_set":"nyt_labels_version","tag_sets_id":1964,"tags_id":9360669},{"stories_id":1908661576,"tag":"politics and government","tag_set":"nyt_labels","tag_sets_id":1963,"tags_id":9360836},{"stories_id":1908661576,"tag":"oil (petroleum) and gasoline","tag_set":"nyt_labels","tag_sets_id":1963,"tags_id":9360884},{"stories_id":1908661576,"tag":"global warming","tag_set":"nyt_labels","tag_sets_id":1963,"tags_id":9360886},{"stories_id":1908661576,"tag":"environment","tag_set":"nyt_labels","tag_sets_id":1963,"tags_id":9360887},{"stories_id":1908661576,"tag":"economic conditions and trends","tag_set":"nyt_labels","tag_sets_id":1963,"tags_id":9360989},{"stories_id":1908661576,"tag":"energy and power","tag_set":"nyt_labels","tag_sets_id":1963,"tags_id":9360997},{"stories_id":1908661576,"tag":"air pollution","tag_set":"nyt_labels","tag_sets_id":1963,"tags_id":9361007},{"stories_id":1908661576,"tag":"Donald J. Trump","tag_set":"cliff_people","tag_sets_id":2389,"tags_id":9362749},{"stories_id":1908661576,"tag":"Justin Trudeau","tag_set":"cliff_people","tag_sets_id":2389,"tags_id":9363252},{"stories_id":1908661576,"tag":"Biden","tag_set":"cliff_people","tag_sets_id":2389,"tags_id":9365736},{"stories_id":1908661576,"tag":"University of Alberta","tag_set":"cliff_organizations","tag_sets_id":2388,"tags_id":9370567},{"stories_id":1908661576,"tag":"Natural Resources Defense Council","tag_set":"cliff_organizations","tag_sets_id":2388,"tags_id":9378230},{"stories_id":1908661576,"tag":"Jake Schmidt","tag_set":"cliff_people","tag_sets_id":2389,"tags_id":9421801},{"stories_id":1908661576,"tag":"Canadian Association of Petroleum Producers","tag_set":"cliff_organizations","tag_sets_id":2388,"tags_id":9485172},{"stories_id":1908661576,"tag":"Andrew Leach","tag_set":"cliff_people","tag_sets_id":2389,"tags_id":9502632},{"stories_id":1908661576,"tag":"Jason Kenney","tag_set":"cliff_people","tag_sets_id":2389,"tags_id":9505805},{"stories_id":1908661576,"tag":"Brad Plumer","tag_set":"cliff_people","tag_sets_id":2389,"tags_id":9556912},{"stories_id":1908661576,"tag":"Catherine Abreu","tag_set":"cliff_people","tag_sets_id":2389,"tags_id":9630800},{"stories_id":1908661576,"tag":"Christopher Flavelle","tag_set":"cliff_people","tag_sets_id":2389,"tags_id":9897095},{"stories_id":1908661576,"tag":"Climate Action Network Canada","tag_set":"cliff_organizations","tag_sets_id":2388,"tags_id":10442454},{"stories_id":1908661576,"tag":"Jonathan Wilkinson","tag_set":"cliff_people","tag_sets_id":2389,"tags_id":28818791},{"stories_id":1908661576,"tag":"Dale Beugin","tag_set":"cliff_people","tag_sets_id":2389,"tags_id":40895181},{"stories_id":1908661576,"tag":"Canadian Institute for Climate Choices","tag_set":"cliff_organizations","tag_sets_id":2388,"tags_id":194383699},{"stories_id":1908661576,"tag":"readability-lxml-0.8.1","tag_set":"extractor_version","tag_sets_id":1354,"tags_id":228516910},{"stories_id":1908661576,"tag":"cliff_clavin_v2.6.1","tag_set":"geocoder_version","tag_sets_id":1937,"tags_id":228516911}],"title":"Trudeau Was a Global Climate Hero. Now Canada Risks Falling Behind.","url":"https://www.nytimes.com/2021/04/21/world/canada/trudeau-climate-oil-sands.html","word_count":null}]