[{"ap_syndicated":null,"collect_date":"2021-04-22 09:55:31.613509","feeds":null,"guid":"https://www.nytimes.com/live/2021/04/22/us/biden-earth-day-climate-summit/senate-democrats-joined-by-lisa-murkowski-confirm-vanita-gupta-and-other-nonclimate-news-from-washington","language":"en","media_id":1,"media_name":null,"media_url":null,"processed_stories_id":null,"publish_date":"2021-04-22 09:39:12","stories_id":1909467114,"story_tags":[{"stories_id":1909467114,"tag":"geonames_6252001","tag_set":"mc-geocoder@media.mit.edu","tag_sets_id":1011,"tags_id":8878461},{"stories_id":1909467114,"tag":"geonames_4138106","tag_set":"mc-geocoder@media.mit.edu","tag_sets_id":1011,"tags_id":8878827},{"stories_id":1909467114,"tag":"geonames_4140963","tag_set":"mc-geocoder@media.mit.edu","tag_sets_id":1011,"tags_id":8880349},{"stories_id":1909467114,"tag":"nyt_labeller_v1.0.0","tag_set":"nyt_labels_version","tag_sets_id":1964,"tags_id":9360669},{"stories_id":1909467114,"tag":"politics and government","tag_set":"nyt_labels","tag_sets_id":1963,"tags_id":9360836},{"stories_id":1909467114,"tag":"global warming","tag_set":"nyt_labels","tag_sets_id":1963,"tags_id":9360886},{"stories_id":1909467114,"tag":"environment","tag_set":"nyt_labels","tag_sets_id":1963,"tags_id":9360887},{"stories_id":1909467114,"tag":"energy and power","tag_set":"nyt_labels","tag_sets_id":1963,"tags_id":9360997},{"stories_id":1909467114,"tag":"light","tag_set":"nyt_labels","tag_sets_id":1963,"tags_id":9361014},{"stories_id":1909467114,"tag":"White House","tag_set":"cliff_organizations","tag_sets_id":2388,"tags_id":9362736},{"stories_id":1909467114,"tag":"Senate","tag_set":"cliff_organizations","tag_sets_id":2388,"tags_id":9362741},{"stories_id":1909467114,"tag":"Donald J. Trump","tag_set":"cliff_people","tag_sets_id":2389,"tags_id":9362749},{"stories_id":1909467114,"tag":"United Nations","tag_set":"cliff_organizations","tag_sets_id":2388,"tags_id":9362785},{"stories_id":1909467114,"tag":"Congress","tag_set":"cliff_organizations","tag_sets_id":2388,"tags_id":9362962},{"stories_id":1909467114,"tag":"Justice Department","tag_set":"cliff_organizations","tag_sets_id":2388,"tags_id":9363280},{"stories_id":1909467114,"tag":"Narendra Modi","tag_set":"cliff_people","tag_sets_id":2389,"tags_id":9365328},{"stories_id":1909467114,"tag":"Vanita Gupta","tag_set":"cliff_people","tag_sets_id":2389,"tags_id":9365338},{"stories_id":1909467114,"tag":"Biden","tag_set":"cliff_people","tag_sets_id":2389,"tags_id":9365736},{"stories_id":1909467114,"tag":"Fatih Birol","tag_set":"cliff_people","tag_sets_id":2389,"tags_id":9395764},{"stories_id":1909467114,"tag":"Xi","tag_set":"cliff_people","tag_sets_id":2389,"tags_id":9578396},{"stories_id":1909467114,"tag":"readability-lxml-0.8.1","tag_set":"extractor_version","tag_sets_id":1354,"tags_id":228516910},{"stories_id":1909467114,"tag":"cliff_clavin_v2.6.1","tag_set":"geocoder_version","tag_sets_id":1937,"tags_id":228516911}],"title":"Senate Democrats, joined by Lisa Murkowski, confirm Vanita Gupta, and other (nonclimate) news from Washington.","url":"https://www.nytimes.com/live/2021/04/22/us/biden-earth-day-climate-summit/senate-democrats-joined-by-lisa-murkowski-confirm-vanita-gupta-and-other-nonclimate-news-from-washington","word_count":null}]