[{"ap_syndicated":null,"collect_date":"2021-05-14 01:31:12.260118","feeds":null,"guid":"{20C05575-04D4-B545-7417-AFA99A194633}","language":"en","media_id":1150,"media_name":null,"media_url":null,"processed_stories_id":null,"publish_date":"2021-05-14 00:05:00","stories_id":1930835494,"story_tags":[{"stories_id":1930835494,"tag":"geonames_6252001","tag_set":"mc-geocoder@media.mit.edu","tag_sets_id":1011,"tags_id":8878461},{"stories_id":1930835494,"tag":"geonames_4826850","tag_set":"mc-geocoder@media.mit.edu","tag_sets_id":1011,"tags_id":8878580},{"stories_id":1930835494,"tag":"geonames_4824539","tag_set":"mc-geocoder@media.mit.edu","tag_sets_id":1011,"tags_id":8886229},{"stories_id":1930835494,"tag":"nyt_labeller_v1.0.0","tag_set":"nyt_labels_version","tag_sets_id":1964,"tags_id":9360669},{"stories_id":1930835494,"tag":"computers and the internet","tag_set":"nyt_labels","tag_sets_id":1963,"tags_id":9360839},{"stories_id":1930835494,"tag":"finances","tag_set":"nyt_labels","tag_sets_id":1963,"tags_id":9360840},{"stories_id":1930835494,"tag":"stocks and bonds","tag_set":"nyt_labels","tag_sets_id":1963,"tags_id":9361012},{"stories_id":1930835494,"tag":"Chevron","tag_set":"cliff_organizations","tag_sets_id":2388,"tags_id":9362928},{"stories_id":1930835494,"tag":"Baillie Gifford","tag_set":"cliff_people","tag_sets_id":2389,"tags_id":9365114},{"stories_id":1930835494,"tag":"BP","tag_set":"cliff_organizations","tag_sets_id":2388,"tags_id":9367462},{"stories_id":1930835494,"tag":"Jeff Bezos","tag_set":"cliff_people","tag_sets_id":2389,"tags_id":9368367},{"stories_id":1930835494,"tag":"Tencent","tag_set":"cliff_organizations","tag_sets_id":2388,"tags_id":9369576},{"stories_id":1930835494,"tag":"Tesla","tag_set":"cliff_people","tag_sets_id":2389,"tags_id":9369660},{"stories_id":1930835494,"tag":"Warren Buffett","tag_set":"cliff_people","tag_sets_id":2389,"tags_id":9375621},{"stories_id":1930835494,"tag":"Amazon AMZN","tag_set":"cliff_organizations","tag_sets_id":2388,"tags_id":9390154},{"stories_id":1930835494,"tag":"James Anderson","tag_set":"cliff_people","tag_sets_id":2389,"tags_id":9390799},{"stories_id":1930835494,"tag":"Ben Graham","tag_set":"cliff_people","tag_sets_id":2389,"tags_id":9667681},{"stories_id":1930835494,"tag":"Tesla TSLA","tag_set":"cliff_organizations","tag_sets_id":2388,"tags_id":9740270},{"stories_id":1930835494,"tag":"Microsoft MSFT","tag_set":"cliff_organizations","tag_sets_id":2388,"tags_id":9745391},{"stories_id":1930835494,"tag":"ASML ASML","tag_set":"cliff_organizations","tag_sets_id":2388,"tags_id":33787311},{"stories_id":1930835494,"tag":"Bailie Gifford","tag_set":"cliff_people","tag_sets_id":2389,"tags_id":33801962},{"stories_id":1930835494,"tag":"NIO NIO","tag_set":"cliff_people","tag_sets_id":2389,"tags_id":34378747},{"stories_id":1930835494,"tag":"Illumina ILMN","tag_set":"cliff_organizations","tag_sets_id":2388,"tags_id":47290918},{"stories_id":1930835494,"tag":"Moderna MRNA","tag_set":"cliff_organizations","tag_sets_id":2388,"tags_id":197516527},{"stories_id":1930835494,"tag":"readability-lxml-0.8.1","tag_set":"extractor_version","tag_sets_id":1354,"tags_id":228516910},{"stories_id":1930835494,"tag":"cliff_clavin_v2.6.1","tag_set":"geocoder_version","tag_sets_id":1937,"tags_id":228516911}],"title":": Early Tesla backer and top fund manager attacks Warren Buffett’s strategy. Here’s his investing advice.","url":"http://www.marketwatch.com/news/story.asp?guid=%7B20C05575-04D4-B545-7417-AFA99A194633%7D&siteid=rss&rss=1","word_count":null}]