[{"ap_syndicated":null,"collect_date":"2021-06-21 05:49:53.635206","feeds":null,"guid":"SB11135568437468164397104587535573184858292","language":"en","media_id":1150,"media_name":null,"media_url":null,"processed_stories_id":null,"publish_date":"2021-06-21 05:30:00","stories_id":1967292043,"story_tags":[{"stories_id":1967292043,"tag":"geonames_6252001","tag_set":"mc-geocoder@media.mit.edu","tag_sets_id":1011,"tags_id":8878461},{"stories_id":1967292043,"tag":"geonames_6254927","tag_set":"mc-geocoder@media.mit.edu","tag_sets_id":1011,"tags_id":8878566},{"stories_id":1967292043,"tag":"geonames_4138106","tag_set":"mc-geocoder@media.mit.edu","tag_sets_id":1011,"tags_id":8878827},{"stories_id":1967292043,"tag":"geonames_4140963","tag_set":"mc-geocoder@media.mit.edu","tag_sets_id":1011,"tags_id":8880349},{"stories_id":1967292043,"tag":"nyt_labeller_v1.0.0","tag_set":"nyt_labels_version","tag_sets_id":1964,"tags_id":9360669},{"stories_id":1967292043,"tag":"politics and government","tag_set":"nyt_labels","tag_sets_id":1963,"tags_id":9360836},{"stories_id":1967292043,"tag":"computers and the internet","tag_set":"nyt_labels","tag_sets_id":1963,"tags_id":9360839},{"stories_id":1967292043,"tag":"finances","tag_set":"nyt_labels","tag_sets_id":1963,"tags_id":9360840},{"stories_id":1967292043,"tag":"global warming","tag_set":"nyt_labels","tag_sets_id":1963,"tags_id":9360886},{"stories_id":1967292043,"tag":"environment","tag_set":"nyt_labels","tag_sets_id":1963,"tags_id":9360887},{"stories_id":1967292043,"tag":"stocks and bonds","tag_set":"nyt_labels","tag_sets_id":1963,"tags_id":9361012},{"stories_id":1967292043,"tag":"regulation and deregulation of industry","tag_set":"nyt_labels","tag_sets_id":1963,"tags_id":9361160},{"stories_id":1967292043,"tag":"Supreme Court","tag_set":"cliff_organizations","tag_sets_id":2388,"tags_id":9362719},{"stories_id":1967292043,"tag":"National Economic Council","tag_set":"cliff_organizations","tag_sets_id":2388,"tags_id":9362731},{"stories_id":1967292043,"tag":"White House","tag_set":"cliff_organizations","tag_sets_id":2388,"tags_id":9362736},{"stories_id":1967292043,"tag":"GOP","tag_set":"cliff_organizations","tag_sets_id":2388,"tags_id":9362923},{"stories_id":1967292043,"tag":"Congress","tag_set":"cliff_organizations","tag_sets_id":2388,"tags_id":9362962},{"stories_id":1967292043,"tag":"SEC","tag_set":"cliff_organizations","tag_sets_id":2388,"tags_id":9364676},{"stories_id":1967292043,"tag":"Biden","tag_set":"cliff_people","tag_sets_id":2389,"tags_id":9365736},{"stories_id":1967292043,"tag":"Securities and Exchange Commission","tag_set":"cliff_organizations","tag_sets_id":2388,"tags_id":9366122},{"stories_id":1967292043,"tag":"Apple","tag_set":"cliff_organizations","tag_sets_id":2388,"tags_id":9367295},{"stories_id":1967292043,"tag":"S&P","tag_set":"cliff_organizations","tag_sets_id":2388,"tags_id":9368263},{"stories_id":1967292043,"tag":"BlackRock Inc.","tag_set":"cliff_organizations","tag_sets_id":2388,"tags_id":9371522},{"stories_id":1967292043,"tag":"Pat Toomey","tag_set":"cliff_people","tag_sets_id":2389,"tags_id":9378330},{"stories_id":1967292043,"tag":"Apple Inc.","tag_set":"cliff_organizations","tag_sets_id":2388,"tags_id":9381405},{"stories_id":1967292043,"tag":"Andrew Harrer/Bloomberg","tag_set":"cliff_people","tag_sets_id":2389,"tags_id":9408999},{"stories_id":1967292043,"tag":"BlackRock","tag_set":"cliff_organizations","tag_sets_id":2388,"tags_id":9433756},{"stories_id":1967292043,"tag":"Microsoft Corp.","tag_set":"cliff_organizations","tag_sets_id":2388,"tags_id":9446829},{"stories_id":1967292043,"tag":"Gary Gensler","tag_set":"cliff_people","tag_sets_id":2389,"tags_id":9461506},{"stories_id":1967292043,"tag":"Brian Deese","tag_set":"cliff_people","tag_sets_id":2389,"tags_id":9489799},{"stories_id":1967292043,"tag":"Stefani","tag_set":"cliff_people","tag_sets_id":2389,"tags_id":9552173},{"stories_id":1967292043,"tag":"Williams Cos.","tag_set":"cliff_organizations","tag_sets_id":2388,"tags_id":9656189},{"stories_id":1967292043,"tag":"Pacific Investment Management Co.","tag_set":"cliff_organizations","tag_sets_id":2388,"tags_id":9656377},{"stories_id":1967292043,"tag":"Dave Michaels","tag_set":"cliff_people","tag_sets_id":2389,"tags_id":9659635},{"stories_id":1967292043,"tag":"Scott Mather","tag_set":"cliff_people","tag_sets_id":2389,"tags_id":9694743},{"stories_id":1967292043,"tag":"Hester Peirce","tag_set":"cliff_people","tag_sets_id":2389,"tags_id":10582677},{"stories_id":1967292043,"tag":"Robert Jackson Jr.","tag_set":"cliff_people","tag_sets_id":2389,"tags_id":11308935},{"stories_id":1967292043,"tag":"Energy Transitions Commission","tag_set":"cliff_organizations","tag_sets_id":2388,"tags_id":14861492},{"stories_id":1967292043,"tag":"U.S. House Committee on Financial Services","tag_set":"cliff_organizations","tag_sets_id":2388,"tags_id":28282108},{"stories_id":1967292043,"tag":"Michelle Edkins","tag_set":"cliff_people","tag_sets_id":2389,"tags_id":32669262},{"stories_id":1967292043,"tag":"Allison Herren Lee","tag_set":"cliff_people","tag_sets_id":2389,"tags_id":38324811},{"stories_id":1967292043,"tag":"readability-lxml-0.8.1","tag_set":"extractor_version","tag_sets_id":1354,"tags_id":228516910},{"stories_id":1967292043,"tag":"cliff_clavin_v2.6.1","tag_set":"geocoder_version","tag_sets_id":1937,"tags_id":228516911}],"title":"Climate Fight Brews as SEC Moves Toward Mandate for Risk Disclosure","url":"https://www.wsj.com/articles/climate-fight-brews-as-sec-moves-toward-mandate-for-risk-disclosure-11624267803","word_count":null}]