[{"ap_syndicated":null,"collect_date":"2021-06-23 05:23:11.692418","feeds":null,"guid":"https://www.nytimes.com/2021/06/23/magazine/interface-carpet-carbon.html","language":"en","media_id":1,"media_name":null,"media_url":null,"processed_stories_id":null,"publish_date":"2021-06-23 05:00:27","stories_id":1969510136,"story_tags":[{"stories_id":1969510136,"tag":"geonames_6252001","tag_set":"mc-geocoder@media.mit.edu","tag_sets_id":1011,"tags_id":8878461},{"stories_id":1969510136,"tag":"geonames_5332921","tag_set":"mc-geocoder@media.mit.edu","tag_sets_id":1011,"tags_id":8878533},{"stories_id":1969510136,"tag":"geonames_4826850","tag_set":"mc-geocoder@media.mit.edu","tag_sets_id":1011,"tags_id":8878580},{"stories_id":1969510136,"tag":"geonames_4824539","tag_set":"mc-geocoder@media.mit.edu","tag_sets_id":1011,"tags_id":8886229},{"stories_id":1969510136,"tag":"nyt_labeller_v1.0.0","tag_set":"nyt_labels_version","tag_sets_id":1964,"tags_id":9360669},{"stories_id":1969510136,"tag":"finances","tag_set":"nyt_labels","tag_sets_id":1963,"tags_id":9360840},{"stories_id":1969510136,"tag":"global warming","tag_set":"nyt_labels","tag_sets_id":1963,"tags_id":9360886},{"stories_id":1969510136,"tag":"weather","tag_set":"nyt_labels","tag_sets_id":1963,"tags_id":9360902},{"stories_id":1969510136,"tag":"energy and power","tag_set":"nyt_labels","tag_sets_id":1963,"tags_id":9360997},{"stories_id":1969510136,"tag":"electric light and power","tag_set":"nyt_labels","tag_sets_id":1963,"tags_id":9361013},{"stories_id":1969510136,"tag":"light","tag_set":"nyt_labels","tag_sets_id":1963,"tags_id":9361014},{"stories_id":1969510136,"tag":"Goldman Sachs","tag_set":"cliff_organizations","tag_sets_id":2388,"tags_id":9362730},{"stories_id":1969510136,"tag":"Times","tag_set":"cliff_organizations","tag_sets_id":2388,"tags_id":9365707},{"stories_id":1969510136,"tag":"Amazon","tag_set":"cliff_organizations","tag_sets_id":2388,"tags_id":9366535},{"stories_id":1969510136,"tag":"Apple","tag_set":"cliff_organizations","tag_sets_id":2388,"tags_id":9367295},{"stories_id":1969510136,"tag":"Starbucks","tag_set":"cliff_organizations","tag_sets_id":2388,"tags_id":9367894},{"stories_id":1969510136,"tag":"Microsoft","tag_set":"cliff_organizations","tag_sets_id":2388,"tags_id":9374723},{"stories_id":1969510136,"tag":"International Energy Agency","tag_set":"cliff_organizations","tag_sets_id":2388,"tags_id":9387130},{"stories_id":1969510136,"tag":"BlackRock","tag_set":"cliff_organizations","tag_sets_id":2388,"tags_id":9433756},{"stories_id":1969510136,"tag":"Larry Fink","tag_set":"cliff_people","tag_sets_id":2389,"tags_id":9460509},{"stories_id":1969510136,"tag":"Jon Gertner","tag_set":"cliff_people","tag_sets_id":2389,"tags_id":9830026},{"stories_id":1969510136,"tag":"Lucas Joppa","tag_set":"cliff_people","tag_sets_id":2389,"tags_id":28821928},{"stories_id":1969510136,"tag":"Christopher Payne","tag_set":"cliff_people","tag_sets_id":2389,"tags_id":29121523},{"stories_id":1969510136,"tag":"Meezan","tag_set":"cliff_people","tag_sets_id":2389,"tags_id":33682776},{"stories_id":1969510136,"tag":"readability-lxml-0.8.1","tag_set":"extractor_version","tag_sets_id":1354,"tags_id":228516910},{"stories_id":1969510136,"tag":"cliff_clavin_v2.6.1","tag_set":"geocoder_version","tag_sets_id":1937,"tags_id":228516911},{"stories_id":1969510136,"tag":"Martin Guitars factory","tag_set":"cliff_organizations","tag_sets_id":2388,"tags_id":237769060}],"title":"Has the Carbontech Revolution Begun?","url":"https://www.nytimes.com/2021/06/23/magazine/interface-carpet-carbon.html","word_count":null}]