[{"ap_syndicated":null,"collect_date":"2021-06-23 06:50:03.224852","feeds":null,"guid":"{20C05575-04D4-B545-74CC-4D76B5349E9F}","language":"en","media_id":1150,"media_name":null,"media_url":null,"processed_stories_id":null,"publish_date":"2021-06-23 06:01:00","stories_id":1969586496,"story_tags":[{"stories_id":1969586496,"tag":"geonames_6252001","tag_set":"mc-geocoder@media.mit.edu","tag_sets_id":1011,"tags_id":8878461},{"stories_id":1969586496,"tag":"geonames_4896861","tag_set":"mc-geocoder@media.mit.edu","tag_sets_id":1011,"tags_id":8878482},{"stories_id":1969586496,"tag":"geonames_6254927","tag_set":"mc-geocoder@media.mit.edu","tag_sets_id":1011,"tags_id":8878566},{"stories_id":1969586496,"tag":"geonames_4921868","tag_set":"mc-geocoder@media.mit.edu","tag_sets_id":1011,"tags_id":8878577},{"stories_id":1969586496,"tag":"geonames_5165418","tag_set":"mc-geocoder@media.mit.edu","tag_sets_id":1011,"tags_id":8878703},{"stories_id":1969586496,"tag":"geonames_4099753","tag_set":"mc-geocoder@media.mit.edu","tag_sets_id":1011,"tags_id":8878762},{"stories_id":1969586496,"tag":"geonames_4436296","tag_set":"mc-geocoder@media.mit.edu","tag_sets_id":1011,"tags_id":8878791},{"stories_id":1969586496,"tag":"geonames_6254925","tag_set":"mc-geocoder@media.mit.edu","tag_sets_id":1011,"tags_id":8878835},{"stories_id":1969586496,"tag":"geonames_3393129","tag_set":"mc-geocoder@media.mit.edu","tag_sets_id":1011,"tags_id":8888266},{"stories_id":1969586496,"tag":"nyt_labeller_v1.0.0","tag_set":"nyt_labels_version","tag_sets_id":1964,"tags_id":9360669},{"stories_id":1969586496,"tag":"computers and the internet","tag_set":"nyt_labels","tag_sets_id":1963,"tags_id":9360839},{"stories_id":1969586496,"tag":"finances","tag_set":"nyt_labels","tag_sets_id":1963,"tags_id":9360840},{"stories_id":1969586496,"tag":"energy and power","tag_set":"nyt_labels","tag_sets_id":1963,"tags_id":9360997},{"stories_id":1969586496,"tag":"electric light and power","tag_set":"nyt_labels","tag_sets_id":1963,"tags_id":9361013},{"stories_id":1969586496,"tag":"light","tag_set":"nyt_labels","tag_sets_id":1963,"tags_id":9361014},{"stories_id":1969586496,"tag":"Amazon","tag_set":"cliff_organizations","tag_sets_id":2388,"tags_id":9366535},{"stories_id":1969586496,"tag":"MGM","tag_set":"cliff_organizations","tag_sets_id":2388,"tags_id":9368888},{"stories_id":1969586496,"tag":"Amazon.com","tag_set":"cliff_organizations","tag_sets_id":2388,"tags_id":9375487},{"stories_id":1969586496,"tag":"Amazon Web Services","tag_set":"cliff_organizations","tag_sets_id":2388,"tags_id":9422641},{"stories_id":1969586496,"tag":"FTC","tag_set":"cliff_organizations","tag_sets_id":2388,"tags_id":9447897},{"stories_id":1969586496,"tag":"Miranda Ballentine","tag_set":"cliff_people","tag_sets_id":2389,"tags_id":9473549},{"stories_id":1969586496,"tag":"readability-lxml-0.8.1","tag_set":"extractor_version","tag_sets_id":1354,"tags_id":228516910},{"stories_id":1969586496,"tag":"cliff_clavin_v2.6.1","tag_set":"geocoder_version","tag_sets_id":1937,"tags_id":228516911}],"title":": Amazon adds more renewable power, ranking it as largest wind and solar user in the world","url":"http://www.marketwatch.com/news/story.asp?guid=%7B20C05575-04D4-B545-74CC-4D76B5349E9F%7D&siteid=rss&rss=1","word_count":null}]