[{"ap_syndicated":null,"collect_date":"2021-06-28 10:24:39.682695","feeds":null,"guid":"SB11957694481713824294404587547750274433564","language":"en","media_id":1150,"media_name":null,"media_url":null,"processed_stories_id":null,"publish_date":"2021-06-28 07:03:00","stories_id":1974413165,"story_tags":[{"stories_id":1974413165,"tag":"geonames_6252001","tag_set":"mc-geocoder@media.mit.edu","tag_sets_id":1011,"tags_id":8878461},{"stories_id":1974413165,"tag":"geonames_4971068","tag_set":"mc-geocoder@media.mit.edu","tag_sets_id":1011,"tags_id":8878569},{"stories_id":1974413165,"tag":"geonames_5481136","tag_set":"mc-geocoder@media.mit.edu","tag_sets_id":1011,"tags_id":8879044},{"stories_id":1974413165,"tag":"nyt_labeller_v1.0.0","tag_set":"nyt_labels_version","tag_sets_id":1964,"tags_id":9360669},{"stories_id":1974413165,"tag":"finances","tag_set":"nyt_labels","tag_sets_id":1963,"tags_id":9360840},{"stories_id":1974413165,"tag":"prices (fares, fees and rates)","tag_set":"nyt_labels","tag_sets_id":1963,"tags_id":9360996},{"stories_id":1974413165,"tag":"stocks and bonds","tag_set":"nyt_labels","tag_sets_id":1963,"tags_id":9361012},{"stories_id":1974413165,"tag":"John Kerry","tag_set":"cliff_people","tag_sets_id":2389,"tags_id":9364532},{"stories_id":1974413165,"tag":"Robert","tag_set":"cliff_people","tag_sets_id":2389,"tags_id":9365217},{"stories_id":1974413165,"tag":"Biden","tag_set":"cliff_people","tag_sets_id":2389,"tags_id":9365736},{"stories_id":1974413165,"tag":"Fed","tag_set":"cliff_organizations","tag_sets_id":2388,"tags_id":9367877},{"stories_id":1974413165,"tag":"S&P","tag_set":"cliff_organizations","tag_sets_id":2388,"tags_id":9368263},{"stories_id":1974413165,"tag":"Bank of America","tag_set":"cliff_organizations","tag_sets_id":2388,"tags_id":9379737},{"stories_id":1974413165,"tag":"WSJ","tag_set":"cliff_organizations","tag_sets_id":2388,"tags_id":9396028},{"stories_id":1974413165,"tag":"FactSet","tag_set":"cliff_organizations","tag_sets_id":2388,"tags_id":9419501},{"stories_id":1974413165,"tag":"BlackRock","tag_set":"cliff_organizations","tag_sets_id":2388,"tags_id":9433756},{"stories_id":1974413165,"tag":"Ross Gerber","tag_set":"cliff_people","tag_sets_id":2389,"tags_id":9450739},{"stories_id":1974413165,"tag":"Invesco","tag_set":"cliff_organizations","tag_sets_id":2388,"tags_id":9463473},{"stories_id":1974413165,"tag":"Michael Wursthorn","tag_set":"cliff_people","tag_sets_id":2389,"tags_id":9644296},{"stories_id":1974413165,"tag":"Invesco Ltd.","tag_set":"cliff_organizations","tag_sets_id":2388,"tags_id":9716108},{"stories_id":1974413165,"tag":"Timothy Puko","tag_set":"cliff_people","tag_sets_id":2389,"tags_id":11125753},{"stories_id":1974413165,"tag":"Gerber Kawasaki Wealth and Investment Management","tag_set":"cliff_organizations","tag_sets_id":2388,"tags_id":36687992},{"stories_id":1974413165,"tag":"Rene Reyna","tag_set":"cliff_people","tag_sets_id":2389,"tags_id":47239467},{"stories_id":1974413165,"tag":"Refinitiv Lipper","tag_set":"cliff_organizations","tag_sets_id":2388,"tags_id":87493913},{"stories_id":1974413165,"tag":"Ari Rajendra","tag_set":"cliff_people","tag_sets_id":2389,"tags_id":202610956},{"stories_id":1974413165,"tag":"readability-lxml-0.8.1","tag_set":"extractor_version","tag_sets_id":1354,"tags_id":228516910},{"stories_id":1974413165,"tag":"cliff_clavin_v2.6.1","tag_set":"geocoder_version","tag_sets_id":1937,"tags_id":228516911}],"title":"Clean Energy ETFs Take a Hit, but Money Keeps Flowing In","url":"https://www.wsj.com/articles/clean-energy-etfs-take-a-hit-but-money-keeps-flowing-in-11624878181","word_count":null}]