[{"ap_syndicated":null,"collect_date":"2021-07-14 18:55:10.327947","feeds":null,"guid":"SB12290686146066454462804587585741644188380","language":"en","media_id":1150,"media_name":null,"media_url":null,"processed_stories_id":null,"publish_date":"2021-07-14 18:32:00","stories_id":1990584241,"story_tags":[{"stories_id":1990584241,"tag":"geonames_6252001","tag_set":"mc-geocoder@media.mit.edu","tag_sets_id":1011,"tags_id":8878461},{"stories_id":1990584241,"tag":"geonames_5279468","tag_set":"mc-geocoder@media.mit.edu","tag_sets_id":1011,"tags_id":8878849},{"stories_id":1990584241,"tag":"nyt_labeller_v1.0.0","tag_set":"nyt_labels_version","tag_sets_id":1964,"tags_id":9360669},{"stories_id":1990584241,"tag":"politics and government","tag_set":"nyt_labels","tag_sets_id":1963,"tags_id":9360836},{"stories_id":1990584241,"tag":"finances","tag_set":"nyt_labels","tag_sets_id":1963,"tags_id":9360840},{"stories_id":1990584241,"tag":"global warming","tag_set":"nyt_labels","tag_sets_id":1963,"tags_id":9360886},{"stories_id":1990584241,"tag":"environment","tag_set":"nyt_labels","tag_sets_id":1963,"tags_id":9360887},{"stories_id":1990584241,"tag":"air pollution","tag_set":"nyt_labels","tag_sets_id":1963,"tags_id":9361007},{"stories_id":1990584241,"tag":"European Union","tag_set":"cliff_organizations","tag_sets_id":2388,"tags_id":9362999},{"stories_id":1990584241,"tag":"EU","tag_set":"cliff_organizations","tag_sets_id":2388,"tags_id":9363241},{"stories_id":1990584241,"tag":"John Kerry","tag_set":"cliff_people","tag_sets_id":2389,"tags_id":9364532},{"stories_id":1990584241,"tag":"Biden","tag_set":"cliff_people","tag_sets_id":2389,"tags_id":9365736},{"stories_id":1990584241,"tag":"European Commission","tag_set":"cliff_organizations","tag_sets_id":2388,"tags_id":9374069},{"stories_id":1990584241,"tag":"geonames_4833850","tag_set":"mc-geocoder@media.mit.edu","tag_sets_id":1011,"tags_id":187516774},{"stories_id":1990584241,"tag":"readability-lxml-0.8.1","tag_set":"extractor_version","tag_sets_id":1354,"tags_id":228516910},{"stories_id":1990584241,"tag":"cliff_clavin_v2.6.1","tag_set":"geocoder_version","tag_sets_id":1937,"tags_id":228516911}],"title":"Europe's Climate Awe and Shock","url":"https://www.wsj.com/articles/europes-climate-awe-and-shock-fit-for-55-11626294480","word_count":null}]