[{"ap_syndicated":null,"collect_date":"2021-07-16 23:57:38.479144","feeds":null,"guid":"https://www.usatoday.com/story/sports/olympics/2021/07/16/tokyo-summer-olympics-by-the-numbers/7985837002/","language":"en","media_id":4,"media_name":null,"media_url":null,"processed_stories_id":null,"publish_date":"2021-07-16 23:18:33","stories_id":1992843767,"story_tags":[{"stories_id":1992843767,"tag":"geonames_6252001","tag_set":"mc-geocoder@media.mit.edu","tag_sets_id":1011,"tags_id":8878461},{"stories_id":1992843767,"tag":"geonames_1850144","tag_set":"mc-geocoder@media.mit.edu","tag_sets_id":1011,"tags_id":8878673},{"stories_id":1992843767,"tag":"geonames_1850147","tag_set":"mc-geocoder@media.mit.edu","tag_sets_id":1011,"tags_id":8878679},{"stories_id":1992843767,"tag":"nyt_labeller_v1.0.0","tag_set":"nyt_labels_version","tag_sets_id":1964,"tags_id":9360669},{"stories_id":1992843767,"tag":"olympic games","tag_set":"nyt_labels","tag_sets_id":1963,"tags_id":9360952},{"stories_id":1992843767,"tag":"games","tag_set":"nyt_labels","tag_sets_id":1963,"tags_id":9361024},{"stories_id":1992843767,"tag":"Sabrina","tag_set":"cliff_people","tag_sets_id":2389,"tags_id":9364209},{"stories_id":1992843767,"tag":"Laura","tag_set":"cliff_people","tag_sets_id":2389,"tags_id":9366317},{"stories_id":1992843767,"tag":"Jessica","tag_set":"cliff_people","tag_sets_id":2389,"tags_id":9371815},{"stories_id":1992843767,"tag":"Erik","tag_set":"cliff_people","tag_sets_id":2389,"tags_id":9375026},{"stories_id":1992843767,"tag":"USA","tag_set":"cliff_organizations","tag_sets_id":2388,"tags_id":9377016},{"stories_id":1992843767,"tag":"Simone Biles","tag_set":"cliff_people","tag_sets_id":2389,"tags_id":9392783},{"stories_id":1992843767,"tag":"Katie Ledecky","tag_set":"cliff_people","tag_sets_id":2389,"tags_id":9395507},{"stories_id":1992843767,"tag":"Simone Manuel","tag_set":"cliff_people","tag_sets_id":2389,"tags_id":9403995},{"stories_id":1992843767,"tag":"Hutton","tag_set":"cliff_people","tag_sets_id":2389,"tags_id":9415525},{"stories_id":1992843767,"tag":"Allyson Felix","tag_set":"cliff_people","tag_sets_id":2389,"tags_id":9420893},{"stories_id":1992843767,"tag":"Diana Taurasi","tag_set":"cliff_people","tag_sets_id":2389,"tags_id":9430080},{"stories_id":1992843767,"tag":"Jason Kenny","tag_set":"cliff_people","tag_sets_id":2389,"tags_id":9437692},{"stories_id":1992843767,"tag":"Nikhil Kumar","tag_set":"cliff_people","tag_sets_id":2389,"tags_id":9546679},{"stories_id":1992843767,"tag":"Nelly Korda","tag_set":"cliff_people","tag_sets_id":2389,"tags_id":9564451},{"stories_id":1992843767,"tag":"Kawika Shoji","tag_set":"cliff_people","tag_sets_id":2389,"tags_id":9633804},{"stories_id":1992843767,"tag":"Megan Rapinoe","tag_set":"cliff_people","tag_sets_id":2389,"tags_id":9643430},{"stories_id":1992843767,"tag":"Allison Schmitt","tag_set":"cliff_people","tag_sets_id":2389,"tags_id":9837883},{"stories_id":1992843767,"tag":"Abdi Abdirahman","tag_set":"cliff_people","tag_sets_id":2389,"tags_id":9843626},{"stories_id":1992843767,"tag":"Jesse Smith","tag_set":"cliff_people","tag_sets_id":2389,"tags_id":10014330},{"stories_id":1992843767,"tag":"Colin Duffy","tag_set":"cliff_people","tag_sets_id":2389,"tags_id":10431083},{"stories_id":1992843767,"tag":"Ryan Chew","tag_set":"cliff_people","tag_sets_id":2389,"tags_id":12084245},{"stories_id":1992843767,"tag":"Samantha Mewis","tag_set":"cliff_people","tag_sets_id":2389,"tags_id":16604687},{"stories_id":1992843767,"tag":"Mariel Zagunis","tag_set":"cliff_people","tag_sets_id":2389,"tags_id":17563471},{"stories_id":1992843767,"tag":"Katie Grimes","tag_set":"cliff_people","tag_sets_id":2389,"tags_id":20213147},{"stories_id":1992843767,"tag":"Makenzie Fischer","tag_set":"cliff_people","tag_sets_id":2389,"tags_id":27939261},{"stories_id":1992843767,"tag":"Phillip Dutton","tag_set":"cliff_people","tag_sets_id":2389,"tags_id":28920631},{"stories_id":1992843767,"tag":"Brighton Zeuner","tag_set":"cliff_people","tag_sets_id":2389,"tags_id":29902669},{"stories_id":1992843767,"tag":"Alexander Massialas","tag_set":"cliff_people","tag_sets_id":2389,"tags_id":32846068},{"stories_id":1992843767,"tag":"Zagunis","tag_set":"cliff_organizations","tag_sets_id":2388,"tags_id":33627644},{"stories_id":1992843767,"tag":"Tyler Downs","tag_set":"cliff_people","tag_sets_id":2389,"tags_id":35962545},{"stories_id":1992843767,"tag":"Steffen Peters","tag_set":"cliff_people","tag_sets_id":2389,"tags_id":36485374},{"stories_id":1992843767,"tag":"Sunisa Lee","tag_set":"cliff_people","tag_sets_id":2389,"tags_id":36595240},{"stories_id":1992843767,"tag":"Coco Gauff","tag_set":"cliff_people","tag_sets_id":2389,"tags_id":39355951},{"stories_id":1992843767,"tag":"Hailey Hernandez","tag_set":"cliff_people","tag_sets_id":2389,"tags_id":43723259},{"stories_id":1992843767,"tag":"Bella Sims","tag_set":"cliff_people","tag_sets_id":2389,"tags_id":45207301},{"stories_id":1992843767,"tag":"Lydia Jacoby","tag_set":"cliff_people","tag_sets_id":2389,"tags_id":46330776},{"stories_id":1992843767,"tag":"Bryce Wettstein","tag_set":"cliff_people","tag_sets_id":2389,"tags_id":67749482},{"stories_id":1992843767,"tag":"Henry Leverett","tag_set":"cliff_people","tag_sets_id":2389,"tags_id":79137762},{"stories_id":1992843767,"tag":"Claire Curzan","tag_set":"cliff_people","tag_sets_id":2389,"tags_id":98728302},{"stories_id":1992843767,"tag":"Evy Leibfarth","tag_set":"cliff_people","tag_sets_id":2389,"tags_id":145659813},{"stories_id":1992843767,"tag":"Erriyon Knighton","tag_set":"cliff_people","tag_sets_id":2389,"tags_id":160155972},{"stories_id":1992843767,"tag":"archer Casey Kaufhold","tag_set":"cliff_people","tag_sets_id":2389,"tags_id":181706942},{"stories_id":1992843767,"tag":"Jack Leverett III","tag_set":"cliff_people","tag_sets_id":2389,"tags_id":182089918},{"stories_id":1992843767,"tag":"readability-lxml-0.8.1","tag_set":"extractor_version","tag_sets_id":1354,"tags_id":228516910},{"stories_id":1992843767,"tag":"cliff_clavin_v2.6.1","tag_set":"geocoder_version","tag_sets_id":1937,"tags_id":228516911}],"title":"Team USA and the Tokyo Olympics: By the numbers","url":"http://rssfeeds.usatoday.com/~/658233128/0/usatodaycomsports-topstories~Team-USA-and-the-Tokyo-Olympics-By-the-numbers/","word_count":null}]