[{"ap_syndicated":null,"collect_date":"2021-12-13 11:37:30.521391","feeds":null,"guid":"{20C05575-04D4-B545-77E6-2C8180D72151}","language":"en","media_id":1150,"media_name":null,"media_url":null,"processed_stories_id":null,"publish_date":"2021-12-13 11:28:00","stories_id":2135094538,"story_tags":[{"stories_id":2135094538,"tag":"geonames_6252001","tag_set":"mc-geocoder@media.mit.edu","tag_sets_id":1011,"tags_id":8878461},{"stories_id":2135094538,"tag":"geonames_4361885","tag_set":"mc-geocoder@media.mit.edu","tag_sets_id":1011,"tags_id":8878524},{"stories_id":2135094538,"tag":"nyt_labeller_v1.0.0","tag_set":"nyt_labels_version","tag_sets_id":1964,"tags_id":9360669},{"stories_id":2135094538,"tag":"politics and government","tag_set":"nyt_labels","tag_sets_id":1963,"tags_id":9360836},{"stories_id":2135094538,"tag":"finances","tag_set":"nyt_labels","tag_sets_id":1963,"tags_id":9360840},{"stories_id":2135094538,"tag":"energy and power","tag_set":"nyt_labels","tag_sets_id":1963,"tags_id":9360997},{"stories_id":2135094538,"tag":"Kamala Harris","tag_set":"cliff_people","tag_sets_id":2389,"tags_id":9363331},{"stories_id":2135094538,"tag":"Biden team","tag_set":"cliff_people","tag_sets_id":2389,"tags_id":149519486},{"stories_id":2135094538,"tag":"readability-lxml-0.8.1","tag_set":"extractor_version","tag_sets_id":1354,"tags_id":228516910},{"stories_id":2135094538,"tag":"cliff_clavin_v2.6.1","tag_set":"geocoder_version","tag_sets_id":1937,"tags_id":228516911}],"title":"Washington Watch: Harris to announce federal plan for electric vehicle charging stations","url":"http://www.marketwatch.com/news/story.asp?guid=%7B20C05575-04D4-B545-77E6-2C8180D72151%7D&siteid=rss&rss=1","word_count":null}]