[{"ap_syndicated":null,"collect_date":"2021-12-20 12:10:47.936402","feeds":null,"guid":"https://www.washingtonpost.com/climate-environment/2021/12/19/manchin-climate-build-back-better/?utm_source=rss&utm_medium=referral&utm_campaign=wp_climate-environment","language":"en","media_id":2,"media_name":null,"media_url":null,"processed_stories_id":null,"publish_date":"2021-12-19 19:38:54","stories_id":2142590337,"story_tags":[{"stories_id":2142590337,"tag":"geonames_6252001","tag_set":"mc-geocoder@media.mit.edu","tag_sets_id":1011,"tags_id":8878461},{"stories_id":2142590337,"tag":"geonames_6254928","tag_set":"mc-geocoder@media.mit.edu","tag_sets_id":1011,"tags_id":8878547},{"stories_id":2142590337,"tag":"nyt_labeller_v1.0.0","tag_set":"nyt_labels_version","tag_sets_id":1964,"tags_id":9360669},{"stories_id":2142590337,"tag":"global warming","tag_set":"nyt_labels","tag_sets_id":1963,"tags_id":9360886},{"stories_id":2142590337,"tag":"environment","tag_set":"nyt_labels","tag_sets_id":1963,"tags_id":9360887},{"stories_id":2142590337,"tag":"weather","tag_set":"nyt_labels","tag_sets_id":1963,"tags_id":9360902},{"stories_id":2142590337,"tag":"energy and power","tag_set":"nyt_labels","tag_sets_id":1963,"tags_id":9360997},{"stories_id":2142590337,"tag":"air pollution","tag_set":"nyt_labels","tag_sets_id":1963,"tags_id":9361007},{"stories_id":2142590337,"tag":"electric light and power","tag_set":"nyt_labels","tag_sets_id":1963,"tags_id":9361013},{"stories_id":2142590337,"tag":"light","tag_set":"nyt_labels","tag_sets_id":1963,"tags_id":9361014},{"stories_id":2142590337,"tag":"Biden","tag_set":"cliff_people","tag_sets_id":2389,"tags_id":9365736},{"stories_id":2142590337,"tag":"Joe Manchin III","tag_set":"cliff_people","tag_sets_id":2389,"tags_id":9385885},{"stories_id":2142590337,"tag":"readability-lxml-0.8.1","tag_set":"extractor_version","tag_sets_id":1354,"tags_id":228516910},{"stories_id":2142590337,"tag":"cliff_clavin_v2.6.1","tag_set":"geocoder_version","tag_sets_id":1937,"tags_id":228516911}],"title":"Manchin’s opposition to Build Back Better bill undercuts Biden’s climate agenda","url":"https://www.washingtonpost.com/climate-environment/2021/12/19/manchin-climate-build-back-better/?utm_source=rss&utm_medium=referral&utm_campaign=wp_climate-environment","word_count":null}]