[{"ap_syndicated":null,"collect_date":"2022-05-07 02:50:27.908974","feeds":null,"guid":"SB11890257905715413874104588523850127651238","language":"en","media_id":1150,"media_name":null,"media_url":null,"processed_stories_id":null,"publish_date":"2022-05-06 05:30:00","stories_id":2300670634,"story_tags":[{"stories_id":2300670634,"tag":"geonames_6252001","tag_set":"mc-geocoder@media.mit.edu","tag_sets_id":1011,"tags_id":8878461},{"stories_id":2300670634,"tag":"geonames_5332921","tag_set":"mc-geocoder@media.mit.edu","tag_sets_id":1011,"tags_id":8878533},{"stories_id":2300670634,"tag":"geonames_5327684","tag_set":"mc-geocoder@media.mit.edu","tag_sets_id":1011,"tags_id":8878707},{"stories_id":2300670634,"tag":"nyt_labeller_v1.0.0","tag_set":"nyt_labels_version","tag_sets_id":1964,"tags_id":9360669},{"stories_id":2300670634,"tag":"politics and government","tag_set":"nyt_labels","tag_sets_id":1963,"tags_id":9360836},{"stories_id":2300670634,"tag":"finances","tag_set":"nyt_labels","tag_sets_id":1963,"tags_id":9360840},{"stories_id":2300670634,"tag":"oil (petroleum) and gasoline","tag_set":"nyt_labels","tag_sets_id":1963,"tags_id":9360884},{"stories_id":2300670634,"tag":"economic conditions and trends","tag_set":"nyt_labels","tag_sets_id":1963,"tags_id":9360989},{"stories_id":2300670634,"tag":"energy and power","tag_set":"nyt_labels","tag_sets_id":1963,"tags_id":9360997},{"stories_id":2300670634,"tag":"Biden","tag_set":"cliff_people","tag_sets_id":2389,"tags_id":9365736},{"stories_id":2300670634,"tag":"Eisenhower","tag_set":"cliff_people","tag_sets_id":2389,"tags_id":9376749},{"stories_id":2300670634,"tag":"WSJ","tag_set":"cliff_organizations","tag_sets_id":2388,"tags_id":9396028},{"stories_id":2300670634,"tag":"McKinsey","tag_set":"cliff_organizations","tag_sets_id":2388,"tags_id":9398881},{"stories_id":2300670634,"tag":"Federal Energy Regulatory Commission","tag_set":"cliff_organizations","tag_sets_id":2388,"tags_id":9415770},{"stories_id":2300670634,"tag":"Solar Energy Industries Association","tag_set":"cliff_organizations","tag_sets_id":2388,"tags_id":9433633},{"stories_id":2300670634,"tag":"Dow Jones & Company, Inc","tag_set":"cliff_organizations","tag_sets_id":2388,"tags_id":9448258},{"stories_id":2300670634,"tag":"U.S. Department of Commerce","tag_set":"cliff_organizations","tag_sets_id":2388,"tags_id":9457208},{"stories_id":2300670634,"tag":"FERC","tag_set":"cliff_organizations","tag_sets_id":2388,"tags_id":9476819},{"stories_id":2300670634,"tag":"Norman Bay","tag_set":"cliff_people","tag_sets_id":2389,"tags_id":9658753},{"stories_id":2300670634,"tag":"Wilkie Farr & Gallagher","tag_set":"cliff_organizations","tag_sets_id":2388,"tags_id":27943002},{"stories_id":2300670634,"tag":"Rochelle Toplensky","tag_set":"cliff_people","tag_sets_id":2389,"tags_id":36358223},{"stories_id":2300670634,"tag":"readability-lxml-0.8.1","tag_set":"extractor_version","tag_sets_id":1354,"tags_id":228516910},{"stories_id":2300670634,"tag":"cliff_clavin_v2.6.1","tag_set":"geocoder_version","tag_sets_id":1937,"tags_id":228516911},{"stories_id":2300670634,"tag":"Preston Jessee/WSJ","tag_set":"cliff_people","tag_sets_id":2389,"tags_id":249446611}],"title":"Politics Could Speed Up Clean Energy. They May Also Slow It Down.","url":"https://www.wsj.com/articles/politics-could-speed-up-clean-energy-they-may-also-slow-it-down-11651829413?mod=rss_markets_main","word_count":null}]