[{"ap_syndicated":null,"collect_date":"2022-05-17 18:45:50.601818","feeds":null,"guid":"https://www.washingtonpost.com/climate-environment/2022/05/17/pollution-caused-1-6-deaths-globally-five-straight-years-study-says/","language":"en","media_id":2,"media_name":null,"media_url":null,"processed_stories_id":null,"publish_date":"2022-05-17 18:30:00","stories_id":2311898589,"story_tags":[{"stories_id":2311898589,"tag":"geonames_1814991","tag_set":"mc-geocoder@media.mit.edu","tag_sets_id":1011,"tags_id":8878478},{"stories_id":2311898589,"tag":"nyt_labeller_v1.0.0","tag_set":"nyt_labels_version","tag_sets_id":1964,"tags_id":9360669},{"stories_id":2311898589,"tag":"medicine and health","tag_set":"nyt_labels","tag_sets_id":1963,"tags_id":9360852},{"stories_id":2311898589,"tag":"environment","tag_set":"nyt_labels","tag_sets_id":1963,"tags_id":9360887},{"stories_id":2311898589,"tag":"diseases and conditions","tag_set":"nyt_labels","tag_sets_id":1963,"tags_id":9360942},{"stories_id":2311898589,"tag":"chemicals","tag_set":"nyt_labels","tag_sets_id":1963,"tags_id":9361117},{"stories_id":2311898589,"tag":"water","tag_set":"nyt_labels","tag_sets_id":1963,"tags_id":9361151},{"stories_id":2311898589,"tag":"George Washington University","tag_set":"cliff_organizations","tag_sets_id":2388,"tags_id":9363438},{"stories_id":2311898589,"tag":"Lancet Planetary Health journal","tag_set":"cliff_organizations","tag_sets_id":2388,"tags_id":10197170},{"stories_id":2311898589,"tag":"Richard Fuller","tag_set":"cliff_people","tag_sets_id":2389,"tags_id":10374103},{"stories_id":2311898589,"tag":"Global Alliance on Health","tag_set":"cliff_organizations","tag_sets_id":2388,"tags_id":38576424},{"stories_id":2311898589,"tag":"Neelu Tummala","tag_set":"cliff_people","tag_sets_id":2389,"tags_id":186002520},{"stories_id":2311898589,"tag":"Rachael Kupka","tag_set":"cliff_people","tag_sets_id":2389,"tags_id":192220915},{"stories_id":2311898589,"tag":"readability-lxml-0.8.1","tag_set":"extractor_version","tag_sets_id":1354,"tags_id":228516910},{"stories_id":2311898589,"tag":"cliff_clavin_v2.6.1","tag_set":"geocoder_version","tag_sets_id":1937,"tags_id":228516911},{"stories_id":2311898589,"tag":"Climate Health Institute","tag_set":"cliff_organizations","tag_sets_id":2388,"tags_id":254467183}],"title":"Pollution caused 1 in 6 deaths globally for five years, study says","url":"https://www.washingtonpost.com/climate-environment/2022/05/17/pollution-caused-1-6-deaths-globally-five-straight-years-study-says/","word_count":null}]