[{"ap_syndicated":null,"collect_date":"2022-05-18 07:50:18.299726","feeds":null,"guid":"https://www.washingtonpost.com/climate-environment/2022/05/18/joe-manchin-climate-change/?utm_source=rss&utm_medium=referral&utm_campaign=wp_politics","language":"en","media_id":2,"media_name":null,"media_url":null,"processed_stories_id":null,"publish_date":"2022-05-18 07:00:00","stories_id":2312391381,"story_tags":[{"stories_id":2312391381,"tag":"geonames_6252001","tag_set":"mc-geocoder@media.mit.edu","tag_sets_id":1011,"tags_id":8878461},{"stories_id":2312391381,"tag":"geonames_4826850","tag_set":"mc-geocoder@media.mit.edu","tag_sets_id":1011,"tags_id":8878580},{"stories_id":2312391381,"tag":"geonames_4744575","tag_set":"mc-geocoder@media.mit.edu","tag_sets_id":1011,"tags_id":8882356},{"stories_id":2312391381,"tag":"geonames_4815352","tag_set":"mc-geocoder@media.mit.edu","tag_sets_id":1011,"tags_id":8882914},{"stories_id":2312391381,"tag":"geonames_4801859","tag_set":"mc-geocoder@media.mit.edu","tag_sets_id":1011,"tags_id":9025835},{"stories_id":2312391381,"tag":"nyt_labeller_v1.0.0","tag_set":"nyt_labels_version","tag_sets_id":1964,"tags_id":9360669},{"stories_id":2312391381,"tag":"politics and government","tag_set":"nyt_labels","tag_sets_id":1963,"tags_id":9360836},{"stories_id":2312391381,"tag":"environment","tag_set":"nyt_labels","tag_sets_id":1963,"tags_id":9360887},{"stories_id":2312391381,"tag":"energy and power","tag_set":"nyt_labels","tag_sets_id":1963,"tags_id":9360997},{"stories_id":2312391381,"tag":"electric light and power","tag_set":"nyt_labels","tag_sets_id":1963,"tags_id":9361013},{"stories_id":2312391381,"tag":"light","tag_set":"nyt_labels","tag_sets_id":1963,"tags_id":9361014},{"stories_id":2312391381,"tag":"agriculture","tag_set":"nyt_labels","tag_sets_id":1963,"tags_id":9361156},{"stories_id":2312391381,"tag":"Donald Trump","tag_set":"cliff_people","tag_sets_id":2389,"tags_id":9362284},{"stories_id":2312391381,"tag":"Democratic Party","tag_set":"cliff_organizations","tag_sets_id":2388,"tags_id":9362724},{"stories_id":2312391381,"tag":"National Economic Council","tag_set":"cliff_organizations","tag_sets_id":2388,"tags_id":9362731},{"stories_id":2312391381,"tag":"Treasury Department","tag_set":"cliff_organizations","tag_sets_id":2388,"tags_id":9362735},{"stories_id":2312391381,"tag":"White House","tag_set":"cliff_organizations","tag_sets_id":2388,"tags_id":9362736},{"stories_id":2312391381,"tag":"Senate","tag_set":"cliff_organizations","tag_sets_id":2388,"tags_id":9362741},{"stories_id":2312391381,"tag":"GOP","tag_set":"cliff_organizations","tag_sets_id":2388,"tags_id":9362923},{"stories_id":2312391381,"tag":"Charles E. Schumer","tag_set":"cliff_people","tag_sets_id":2389,"tags_id":9362946},{"stories_id":2312391381,"tag":"Congress","tag_set":"cliff_organizations","tag_sets_id":2388,"tags_id":9362962},{"stories_id":2312391381,"tag":"Joe Biden","tag_set":"cliff_people","tag_sets_id":2389,"tags_id":9363134},{"stories_id":2312391381,"tag":"Walmart","tag_set":"cliff_organizations","tag_sets_id":2388,"tags_id":9363718},{"stories_id":2312391381,"tag":"West Virginia Coal Association","tag_set":"cliff_organizations","tag_sets_id":2388,"tags_id":9378481},{"stories_id":2312391381,"tag":"Patrick Morrisey","tag_set":"cliff_people","tag_sets_id":2389,"tags_id":9378499},{"stories_id":2312391381,"tag":"Labor Department","tag_set":"cliff_organizations","tag_sets_id":2388,"tags_id":9384561},{"stories_id":2312391381,"tag":"Joe Manchin III","tag_set":"cliff_people","tag_sets_id":2389,"tags_id":9385885},{"stories_id":2312391381,"tag":"Capitol Hill","tag_set":"cliff_organizations","tag_sets_id":2388,"tags_id":9398750},{"stories_id":2312391381,"tag":"Jim Justice","tag_set":"cliff_people","tag_sets_id":2389,"tags_id":9408876},{"stories_id":2312391381,"tag":"Chuck Parker","tag_set":"cliff_people","tag_sets_id":2389,"tags_id":9437670},{"stories_id":2312391381,"tag":"Alex Mooney","tag_set":"cliff_people","tag_sets_id":2389,"tags_id":9453810},{"stories_id":2312391381,"tag":"Brian Deese","tag_set":"cliff_people","tag_sets_id":2389,"tags_id":9489799},{"stories_id":2312391381,"tag":"clean energy","tag_set":"cliff_organizations","tag_sets_id":2388,"tags_id":9584691},{"stories_id":2312391381,"tag":"Chris Hamilton","tag_set":"cliff_people","tag_sets_id":2389,"tags_id":9690464},{"stories_id":2312391381,"tag":"Hoppy Kercheval","tag_set":"cliff_people","tag_sets_id":2389,"tags_id":9735574},{"stories_id":2312391381,"tag":"David B. McKinley","tag_set":"cliff_people","tag_sets_id":2389,"tags_id":10180508},{"stories_id":2312391381,"tag":"geonames_4810884","tag_set":"mc-geocoder@media.mit.edu","tag_sets_id":1011,"tags_id":10398806},{"stories_id":2312391381,"tag":"Dave Scott","tag_set":"cliff_people","tag_sets_id":2389,"tags_id":10561784},{"stories_id":2312391381,"tag":"KEYSER","tag_set":"cliff_people","tag_sets_id":2389,"tags_id":10653023},{"stories_id":2312391381,"tag":"Gary Hairston","tag_set":"cliff_people","tag_sets_id":2389,"tags_id":10812182},{"stories_id":2312391381,"tag":"Karine Jean Pierre","tag_set":"cliff_people","tag_sets_id":2389,"tags_id":28195457},{"stories_id":2312391381,"tag":"Craig Cornelius","tag_set":"cliff_people","tag_sets_id":2389,"tags_id":29930490},{"stories_id":2312391381,"tag":"Sam Runyon","tag_set":"cliff_people","tag_sets_id":2389,"tags_id":39156610},{"stories_id":2312391381,"tag":"Keith McIntosh","tag_set":"cliff_people","tag_sets_id":2389,"tags_id":43941775},{"stories_id":2312391381,"tag":"National Black Lung Association","tag_set":"cliff_organizations","tag_sets_id":2388,"tags_id":55487329},{"stories_id":2312391381,"tag":"Mary Dolly","tag_set":"cliff_people","tag_sets_id":2389,"tags_id":74443528},{"stories_id":2312391381,"tag":"Clearway Energy Group","tag_set":"cliff_organizations","tag_sets_id":2388,"tags_id":78981567},{"stories_id":2312391381,"tag":"readability-lxml-0.8.1","tag_set":"extractor_version","tag_sets_id":1354,"tags_id":228516910},{"stories_id":2312391381,"tag":"cliff_clavin_v2.6.1","tag_set":"geocoder_version","tag_sets_id":1937,"tags_id":228516911},{"stories_id":2312391381,"tag":"Appalachian Solar Finance Fund","tag_set":"cliff_organizations","tag_sets_id":2388,"tags_id":254503763},{"stories_id":2312391381,"tag":"Jean Weimer","tag_set":"cliff_people","tag_sets_id":2389,"tags_id":254503764}],"title":"In West Virginia, the clean-energy transition rests on Joe Manchin","url":"https://www.washingtonpost.com/climate-environment/2022/05/18/joe-manchin-climate-change/?utm_source=rss&utm_medium=referral&utm_campaign=wp_politics","word_count":null}]