[{"ap_syndicated":null,"collect_date":"2022-06-01 20:10:39.719228","feeds":null,"guid":"https://www.washingtonpost.com/business/energy/these-are-the-batterieswe-need-to-ease-the-power-crunch/2022/06/01/90c4c5f2-e203-11ec-ae64-6b23e5155b62_story.html?utm_source=rss&utm_medium=referral&utm_campaign=wp_business","language":"en","media_id":2,"media_name":null,"media_url":null,"processed_stories_id":null,"publish_date":"2022-06-01 07:30:19","stories_id":2326285646,"story_tags":[{"stories_id":2326285646,"tag":"geonames_6252001","tag_set":"mc-geocoder@media.mit.edu","tag_sets_id":1011,"tags_id":8878461},{"stories_id":2326285646,"tag":"geonames_4736286","tag_set":"mc-geocoder@media.mit.edu","tag_sets_id":1011,"tags_id":8878538},{"stories_id":2326285646,"tag":"nyt_labeller_v1.0.0","tag_set":"nyt_labels_version","tag_sets_id":1964,"tags_id":9360669},{"stories_id":2326285646,"tag":"economic conditions and trends","tag_set":"nyt_labels","tag_sets_id":1963,"tags_id":9360989},{"stories_id":2326285646,"tag":"prices (fares, fees and rates)","tag_set":"nyt_labels","tag_sets_id":1963,"tags_id":9360996},{"stories_id":2326285646,"tag":"energy and power","tag_set":"nyt_labels","tag_sets_id":1963,"tags_id":9360997},{"stories_id":2326285646,"tag":"electric light and power","tag_set":"nyt_labels","tag_sets_id":1963,"tags_id":9361013},{"stories_id":2326285646,"tag":"light","tag_set":"nyt_labels","tag_sets_id":1963,"tags_id":9361014},{"stories_id":2326285646,"tag":"blackouts and brownouts (electrical)","tag_set":"nyt_labels","tag_sets_id":1963,"tags_id":9361015},{"stories_id":2326285646,"tag":"shortages","tag_set":"nyt_labels","tag_sets_id":1963,"tags_id":9361164},{"stories_id":2326285646,"tag":"Bloomberg","tag_set":"cliff_organizations","tag_sets_id":2388,"tags_id":9363116},{"stories_id":2326285646,"tag":"Morgan Stanley","tag_set":"cliff_organizations","tag_sets_id":2388,"tags_id":9369614},{"stories_id":2326285646,"tag":"MIT","tag_set":"cliff_organizations","tag_sets_id":2388,"tags_id":9372787},{"stories_id":2326285646,"tag":"Bloomberg LP","tag_set":"cliff_organizations","tag_sets_id":2388,"tags_id":9451703},{"stories_id":2326285646,"tag":"Javier Blas","tag_set":"cliff_people","tag_sets_id":2389,"tags_id":9503839},{"stories_id":2326285646,"tag":"ESS","tag_set":"cliff_organizations","tag_sets_id":2388,"tags_id":9598437},{"stories_id":2326285646,"tag":"LFP","tag_set":"cliff_organizations","tag_sets_id":2388,"tags_id":9786977},{"stories_id":2326285646,"tag":"Anjani Trivedi","tag_set":"cliff_people","tag_sets_id":2389,"tags_id":33517600},{"stories_id":2326285646,"tag":"Amperex Technology Co.","tag_set":"cliff_organizations","tag_sets_id":2388,"tags_id":37675847},{"stories_id":2326285646,"tag":"readability-lxml-0.8.1","tag_set":"extractor_version","tag_sets_id":1354,"tags_id":228516910},{"stories_id":2326285646,"tag":"cliff_clavin_v2.6.1","tag_set":"geocoder_version","tag_sets_id":1937,"tags_id":228516911}],"title":"These Are the Batteries We Need to Ease the Power Crunch","url":"https://www.washingtonpost.com/business/energy/these-are-the-batterieswe-need-to-ease-the-power-crunch/2022/06/01/90c4c5f2-e203-11ec-ae64-6b23e5155b62_story.html?utm_source=rss&utm_medium=referral&utm_campaign=wp_business","word_count":null}]