[{"ap_syndicated":null,"collect_date":"2022-06-07 07:01:39.676866","feeds":null,"guid":"https://www.washingtonpost.com/climate-environment/2022/06/06/shipping-carbon-emissions-biden-climate/?utm_source=rss&utm_medium=referral&utm_campaign=wp_climate-environment","language":"en","media_id":2,"media_name":null,"media_url":null,"processed_stories_id":null,"publish_date":"2022-06-06 10:09:22","stories_id":2331055407,"story_tags":[{"stories_id":2331055407,"tag":"geonames_6252001","tag_set":"mc-geocoder@media.mit.edu","tag_sets_id":1011,"tags_id":8878461},{"stories_id":2331055407,"tag":"geonames_5332921","tag_set":"mc-geocoder@media.mit.edu","tag_sets_id":1011,"tags_id":8878533},{"stories_id":2331055407,"tag":"geonames_5367929","tag_set":"mc-geocoder@media.mit.edu","tag_sets_id":1011,"tags_id":8879278},{"stories_id":2331055407,"tag":"geonames_5777544","tag_set":"mc-geocoder@media.mit.edu","tag_sets_id":1011,"tags_id":8879390},{"stories_id":2331055407,"tag":"nyt_labeller_v1.0.0","tag_set":"nyt_labels_version","tag_sets_id":1964,"tags_id":9360669},{"stories_id":2331055407,"tag":"oil (petroleum) and gasoline","tag_set":"nyt_labels","tag_sets_id":1963,"tags_id":9360884},{"stories_id":2331055407,"tag":"environment","tag_set":"nyt_labels","tag_sets_id":1963,"tags_id":9360887},{"stories_id":2331055407,"tag":"international trade and world market","tag_set":"nyt_labels","tag_sets_id":1963,"tags_id":9360983},{"stories_id":2331055407,"tag":"energy and power","tag_set":"nyt_labels","tag_sets_id":1963,"tags_id":9360997},{"stories_id":2331055407,"tag":"air pollution","tag_set":"nyt_labels","tag_sets_id":1963,"tags_id":9361007},{"stories_id":2331055407,"tag":"chemistry","tag_set":"nyt_labels","tag_sets_id":1963,"tags_id":9361262},{"stories_id":2331055407,"tag":"Supreme Court","tag_set":"cliff_organizations","tag_sets_id":2388,"tags_id":9362719},{"stories_id":2331055407,"tag":"Obama","tag_set":"cliff_people","tag_sets_id":2389,"tags_id":9362721},{"stories_id":2331055407,"tag":"State Department","tag_set":"cliff_organizations","tag_sets_id":2388,"tags_id":9362865},{"stories_id":2331055407,"tag":"Congress","tag_set":"cliff_organizations","tag_sets_id":2388,"tags_id":9362962},{"stories_id":2331055407,"tag":"European Union","tag_set":"cliff_organizations","tag_sets_id":2388,"tags_id":9362999},{"stories_id":2331055407,"tag":"Coast Guard","tag_set":"cliff_organizations","tag_sets_id":2388,"tags_id":9363462},{"stories_id":2331055407,"tag":"U.N.","tag_set":"cliff_organizations","tag_sets_id":2388,"tags_id":9363619},{"stories_id":2331055407,"tag":"Environmental Protection Agency","tag_set":"cliff_organizations","tag_sets_id":2388,"tags_id":9363956},{"stories_id":2331055407,"tag":"EPA","tag_set":"cliff_organizations","tag_sets_id":2388,"tags_id":9364166},{"stories_id":2331055407,"tag":"E.U.","tag_set":"cliff_organizations","tag_sets_id":2388,"tags_id":9365392},{"stories_id":2331055407,"tag":"Biden","tag_set":"cliff_people","tag_sets_id":2389,"tags_id":9365736},{"stories_id":2331055407,"tag":"European Commission","tag_set":"cliff_organizations","tag_sets_id":2388,"tags_id":9374069},{"stories_id":2331055407,"tag":"International Maritime Organization","tag_set":"cliff_organizations","tag_sets_id":2388,"tags_id":9381832},{"stories_id":2331055407,"tag":"Crowley","tag_set":"cliff_people","tag_sets_id":2389,"tags_id":9398995},{"stories_id":2331055407,"tag":"Simpson","tag_set":"cliff_people","tag_sets_id":2389,"tags_id":9428585},{"stories_id":2331055407,"tag":"national trade association","tag_set":"cliff_organizations","tag_sets_id":2388,"tags_id":9473523},{"stories_id":2331055407,"tag":"California Air Resources Board","tag_set":"cliff_organizations","tag_sets_id":2388,"tags_id":9486264},{"stories_id":2331055407,"tag":"IMO","tag_set":"cliff_organizations","tag_sets_id":2388,"tags_id":9560868},{"stories_id":2331055407,"tag":"Alan Lowenthal","tag_set":"cliff_people","tag_sets_id":2389,"tags_id":9594732},{"stories_id":2331055407,"tag":"Maersk","tag_set":"cliff_organizations","tag_sets_id":2388,"tags_id":9650297},{"stories_id":2331055407,"tag":"Jennifer Carpenter","tag_set":"cliff_people","tag_sets_id":2389,"tags_id":9913202},{"stories_id":2331055407,"tag":"Angelo Logan","tag_set":"cliff_people","tag_sets_id":2389,"tags_id":12229038},{"stories_id":2331055407,"tag":"Madeline Rose","tag_set":"cliff_people","tag_sets_id":2389,"tags_id":13373289},{"stories_id":2331055407,"tag":"Mark W. Barker","tag_set":"cliff_people","tag_sets_id":2389,"tags_id":31632587},{"stories_id":2331055407,"tag":"Aoife O’Leary","tag_set":"cliff_people","tag_sets_id":2389,"tags_id":37172440},{"stories_id":2331055407,"tag":"environmental group Pacific Environment","tag_set":"cliff_organizations","tag_sets_id":2388,"tags_id":80181082},{"stories_id":2331055407,"tag":"Bonnie Soriano","tag_set":"cliff_people","tag_sets_id":2389,"tags_id":118259884},{"stories_id":2331055407,"tag":"readability-lxml-0.8.1","tag_set":"extractor_version","tag_sets_id":1354,"tags_id":228516910},{"stories_id":2331055407,"tag":"cliff_clavin_v2.6.1","tag_set":"geocoder_version","tag_sets_id":1937,"tags_id":228516911},{"stories_id":2331055407,"tag":"green methanol","tag_set":"cliff_organizations","tag_sets_id":2388,"tags_id":241650315}],"title":"Ship pollution is rising as the U.S. waits for world leaders to act","url":"https://www.washingtonpost.com/climate-environment/2022/06/06/shipping-carbon-emissions-biden-climate/?utm_source=rss&utm_medium=referral&utm_campaign=wp_climate-environment","word_count":null}]