[{"ap_syndicated":null,"collect_date":"2022-06-23 18:10:01.586270","feeds":null,"guid":"https://nypost.com/?post_type=article&p=22781486","language":"en","media_id":7,"media_name":null,"media_url":null,"processed_stories_id":null,"publish_date":"2022-06-23 18:02:06","stories_id":2346923613,"story_tags":[{"stories_id":2346923613,"tag":"geonames_6252001","tag_set":"mc-geocoder@media.mit.edu","tag_sets_id":1011,"tags_id":8878461},{"stories_id":2346923613,"tag":"geonames_4155751","tag_set":"mc-geocoder@media.mit.edu","tag_sets_id":1011,"tags_id":8878477},{"stories_id":2346923613,"tag":"geonames_4736286","tag_set":"mc-geocoder@media.mit.edu","tag_sets_id":1011,"tags_id":8878538},{"stories_id":2346923613,"tag":"geonames_6254928","tag_set":"mc-geocoder@media.mit.edu","tag_sets_id":1011,"tags_id":8878547},{"stories_id":2346923613,"tag":"geonames_7219156","tag_set":"mc-geocoder@media.mit.edu","tag_sets_id":1011,"tags_id":8883369},{"stories_id":2346923613,"tag":"nyt_labeller_v1.0.0","tag_set":"nyt_labels_version","tag_sets_id":1964,"tags_id":9360669},{"stories_id":2346923613,"tag":"politics and government","tag_set":"nyt_labels","tag_sets_id":1963,"tags_id":9360836},{"stories_id":2346923613,"tag":"oil (petroleum) and gasoline","tag_set":"nyt_labels","tag_sets_id":1963,"tags_id":9360884},{"stories_id":2346923613,"tag":"international trade and world market","tag_set":"nyt_labels","tag_sets_id":1963,"tags_id":9360983},{"stories_id":2346923613,"tag":"prices (fares, fees and rates)","tag_set":"nyt_labels","tag_sets_id":1963,"tags_id":9360996},{"stories_id":2346923613,"tag":"energy and power","tag_set":"nyt_labels","tag_sets_id":1963,"tags_id":9360997},{"stories_id":2346923613,"tag":"gas (fuel)","tag_set":"nyt_labels","tag_sets_id":1963,"tags_id":9361098},{"stories_id":2346923613,"tag":"White House","tag_set":"cliff_organizations","tag_sets_id":2388,"tags_id":9362736},{"stories_id":2346923613,"tag":"Chevron","tag_set":"cliff_organizations","tag_sets_id":2388,"tags_id":9362928},{"stories_id":2346923613,"tag":"Congress","tag_set":"cliff_organizations","tag_sets_id":2388,"tags_id":9362962},{"stories_id":2346923613,"tag":"Joe Biden","tag_set":"cliff_people","tag_sets_id":2389,"tags_id":9363134},{"stories_id":2346923613,"tag":"Interior","tag_set":"cliff_organizations","tag_sets_id":2388,"tags_id":9363817},{"stories_id":2346923613,"tag":"Federal Reserve","tag_set":"cliff_organizations","tag_sets_id":2388,"tags_id":9368261},{"stories_id":2346923613,"tag":"AAA","tag_set":"cliff_organizations","tag_sets_id":2388,"tags_id":9376517},{"stories_id":2346923613,"tag":"Jennifer Granholm","tag_set":"cliff_people","tag_sets_id":2389,"tags_id":9396975},{"stories_id":2346923613,"tag":"Energy","tag_set":"cliff_organizations","tag_sets_id":2388,"tags_id":9397380},{"stories_id":2346923613,"tag":"US Energy Information Administration","tag_set":"cliff_organizations","tag_sets_id":2388,"tags_id":9414331},{"stories_id":2346923613,"tag":"Phil Murphy","tag_set":"cliff_people","tag_sets_id":2389,"tags_id":9421624},{"stories_id":2346923613,"tag":"Jerome Powell","tag_set":"cliff_people","tag_sets_id":2389,"tags_id":9438876},{"stories_id":2346923613,"tag":"Strategic Petroleum Reserve","tag_set":"cliff_organizations","tag_sets_id":2388,"tags_id":9456976},{"stories_id":2346923613,"tag":"John Carney","tag_set":"cliff_people","tag_sets_id":2389,"tags_id":9508038},{"stories_id":2346923613,"tag":"Dominion Energy","tag_set":"cliff_organizations","tag_sets_id":2388,"tags_id":9638270},{"stories_id":2346923613,"tag":"Michael Wirth","tag_set":"cliff_people","tag_sets_id":2389,"tags_id":9641979},{"stories_id":2346923613,"tag":"David Hardy","tag_set":"cliff_people","tag_sets_id":2389,"tags_id":9917828},{"stories_id":2346923613,"tag":"Deb Haaland","tag_set":"cliff_people","tag_sets_id":2389,"tags_id":10756652},{"stories_id":2346923613,"tag":"Lars Pedersen","tag_set":"cliff_people","tag_sets_id":2389,"tags_id":10838830},{"stories_id":2346923613,"tag":"Getty Images/Drew Angerer","tag_set":"cliff_people","tag_sets_id":2389,"tags_id":11596742},{"stories_id":2346923613,"tag":"Jeffrey Grybowski","tag_set":"cliff_people","tag_sets_id":2389,"tags_id":16446954},{"stories_id":2346923613,"tag":"Liz Burdock","tag_set":"cliff_people","tag_sets_id":2389,"tags_id":34367847},{"stories_id":2346923613,"tag":"American Petroleum Institute and American Fuel & Petrochemical","tag_set":"cliff_organizations","tag_sets_id":2388,"tags_id":75133939},{"stories_id":2346923613,"tag":"readability-lxml-0.8.1","tag_set":"extractor_version","tag_sets_id":1354,"tags_id":228516910},{"stories_id":2346923613,"tag":"cliff_clavin_v2.6.1","tag_set":"geocoder_version","tag_sets_id":1937,"tags_id":228516911},{"stories_id":2346923613,"tag":"Getty Images/Brandon Bell","tag_set":"cliff_people","tag_sets_id":2389,"tags_id":236080037},{"stories_id":2346923613,"tag":"Robert Blue of Dominion Energy","tag_set":"cliff_organizations","tag_sets_id":2388,"tags_id":256694773},{"stories_id":2346923613,"tag":"AP/Susan Walsh Chevron","tag_set":"cliff_organizations","tag_sets_id":2388,"tags_id":256694774}],"title":"Amid record gas prices, Biden snubs oil CEOs for wind execs","url":"https://nypost.com/2022/06/23/amid-record-gas-prices-biden-snubs-oil-ceos-for-wind-execs/","word_count":null}]