[{"ap_syndicated":null,"collect_date":"2022-06-26 08:27:45.981058","feeds":null,"guid":"https://www.nytimes.com/2022/06/26/world/europe/g7-summit-ukraine-war-climate-change.html","language":"en","media_id":1,"media_name":null,"media_url":null,"processed_stories_id":null,"publish_date":"2022-06-26 08:13:58","stories_id":2349009404,"story_tags":[{"stories_id":2349009404,"tag":"geonames_2921044","tag_set":"mc-geocoder@media.mit.edu","tag_sets_id":1011,"tags_id":8878575},{"stories_id":2349009404,"tag":"geonames_2950157","tag_set":"mc-geocoder@media.mit.edu","tag_sets_id":1011,"tags_id":8878617},{"stories_id":2349009404,"tag":"geonames_2950159","tag_set":"mc-geocoder@media.mit.edu","tag_sets_id":1011,"tags_id":8878621},{"stories_id":2349009404,"tag":"nyt_labeller_v1.0.0","tag_set":"nyt_labels_version","tag_sets_id":1964,"tags_id":9360669},{"stories_id":2349009404,"tag":"politics and government","tag_set":"nyt_labels","tag_sets_id":1963,"tags_id":9360836},{"stories_id":2349009404,"tag":"oil (petroleum) and gasoline","tag_set":"nyt_labels","tag_sets_id":1963,"tags_id":9360884},{"stories_id":2349009404,"tag":"environment","tag_set":"nyt_labels","tag_sets_id":1963,"tags_id":9360887},{"stories_id":2349009404,"tag":"energy and power","tag_set":"nyt_labels","tag_sets_id":1963,"tags_id":9360997},{"stories_id":2349009404,"tag":"Kremlin","tag_set":"cliff_organizations","tag_sets_id":2388,"tags_id":9362931},{"stories_id":2349009404,"tag":"Vladimir V. Putin","tag_set":"cliff_people","tag_sets_id":2389,"tags_id":9363285},{"stories_id":2349009404,"tag":"Massachusetts Institute of Technology","tag_set":"cliff_organizations","tag_sets_id":2388,"tags_id":9377734},{"stories_id":2349009404,"tag":"U.S. Treasury","tag_set":"cliff_organizations","tag_sets_id":2388,"tags_id":9386013},{"stories_id":2349009404,"tag":"Janet L. Yellen","tag_set":"cliff_people","tag_sets_id":2389,"tags_id":9398635},{"stories_id":2349009404,"tag":"German Foreign Ministry","tag_set":"cliff_organizations","tag_sets_id":2388,"tags_id":9416187},{"stories_id":2349009404,"tag":"Greenpeace International","tag_set":"cliff_organizations","tag_sets_id":2388,"tags_id":9421797},{"stories_id":2349009404,"tag":"Jennifer Morgan","tag_set":"cliff_people","tag_sets_id":2389,"tags_id":9421799},{"stories_id":2349009404,"tag":"Olaf Scholz","tag_set":"cliff_people","tag_sets_id":2389,"tags_id":9437204},{"stories_id":2349009404,"tag":"Jim Tankersley","tag_set":"cliff_people","tag_sets_id":2389,"tags_id":9456763},{"stories_id":2349009404,"tag":"Bill Hare","tag_set":"cliff_people","tag_sets_id":2389,"tags_id":9537632},{"stories_id":2349009404,"tag":"Simon Johnson","tag_set":"cliff_people","tag_sets_id":2389,"tags_id":9598199},{"stories_id":2349009404,"tag":"Christopher F. Schuetze","tag_set":"cliff_people","tag_sets_id":2389,"tags_id":9881688},{"stories_id":2349009404,"tag":"Erika Solomon","tag_set":"cliff_people","tag_sets_id":2389,"tags_id":10291146},{"stories_id":2349009404,"tag":"Luisa Neubauer","tag_set":"cliff_people","tag_sets_id":2389,"tags_id":69660142},{"stories_id":2349009404,"tag":"readability-lxml-0.8.1","tag_set":"extractor_version","tag_sets_id":1354,"tags_id":228516910},{"stories_id":2349009404,"tag":"cliff_clavin_v2.6.1","tag_set":"geocoder_version","tag_sets_id":1937,"tags_id":228516911},{"stories_id":2349009404,"tag":"Katrin Bennhold Bennhold","tag_set":"cliff_people","tag_sets_id":2389,"tags_id":256819141}],"title":"Ukraine War’s Latest Victim? The Fight Against Climate Change.","url":"https://www.nytimes.com/2022/06/26/world/europe/g7-summit-ukraine-war-climate-change.html","word_count":null}]