[{"ap_syndicated":null,"collect_date":"2022-07-06 05:07:04.241080","feeds":null,"guid":"https://www.nytimes.com/2022/07/06/business/economy/china-reproductive-rights-women.html","language":"en","media_id":1,"media_name":null,"media_url":null,"processed_stories_id":null,"publish_date":"2022-07-06 05:00:33","stories_id":2358222048,"story_tags":[{"stories_id":2358222048,"tag":"geonames_1814991","tag_set":"mc-geocoder@media.mit.edu","tag_sets_id":1011,"tags_id":8878478},{"stories_id":2358222048,"tag":"geonames_2038349","tag_set":"mc-geocoder@media.mit.edu","tag_sets_id":1011,"tags_id":8878603},{"stories_id":2358222048,"tag":"geonames_1816670","tag_set":"mc-geocoder@media.mit.edu","tag_sets_id":1011,"tags_id":8878606},{"stories_id":2358222048,"tag":"nyt_labeller_v1.0.0","tag_set":"nyt_labels_version","tag_sets_id":1964,"tags_id":9360669},{"stories_id":2358222048,"tag":"politics and government","tag_set":"nyt_labels","tag_sets_id":1963,"tags_id":9360836},{"stories_id":2358222048,"tag":"abortion","tag_set":"nyt_labels","tag_sets_id":1963,"tags_id":9360841},{"stories_id":2358222048,"tag":"women","tag_set":"nyt_labels","tag_sets_id":1963,"tags_id":9360892},{"stories_id":2358222048,"tag":"U.S. Supreme Court","tag_set":"cliff_organizations","tag_sets_id":2388,"tags_id":9363947},{"stories_id":2358222048,"tag":"Roe","tag_set":"cliff_people","tag_sets_id":2389,"tags_id":9364471},{"stories_id":2358222048,"tag":"Wade","tag_set":"cliff_people","tag_sets_id":2389,"tags_id":9364472},{"stories_id":2358222048,"tag":"National University of Singapore","tag_set":"cliff_organizations","tag_sets_id":2388,"tags_id":9404965},{"stories_id":2358222048,"tag":"power electric","tag_set":"cliff_organizations","tag_sets_id":2388,"tags_id":28338548},{"stories_id":2358222048,"tag":"Chinese Communist Party authority","tag_set":"cliff_organizations","tag_sets_id":2388,"tags_id":37331755},{"stories_id":2358222048,"tag":"Sarah Gao","tag_set":"cliff_people","tag_sets_id":2389,"tags_id":46418552},{"stories_id":2358222048,"tag":"Kelly Xie","tag_set":"cliff_people","tag_sets_id":2389,"tags_id":46445486},{"stories_id":2358222048,"tag":"Claire Fu","tag_set":"cliff_people","tag_sets_id":2389,"tags_id":66483839},{"stories_id":2358222048,"tag":"Chan Zhang","tag_set":"cliff_people","tag_sets_id":2389,"tags_id":79732566},{"stories_id":2358222048,"tag":"Zheng Mu","tag_set":"cliff_people","tag_sets_id":2389,"tags_id":95003713},{"stories_id":2358222048,"tag":"Zixu Wang","tag_set":"cliff_people","tag_sets_id":2389,"tags_id":153469812},{"stories_id":2358222048,"tag":"readability-lxml-0.8.1","tag_set":"extractor_version","tag_sets_id":1354,"tags_id":228516910},{"stories_id":2358222048,"tag":"cliff_clavin_v2.6.1","tag_set":"geocoder_version","tag_sets_id":1937,"tags_id":228516911},{"stories_id":2358222048,"tag":"Li Xueke","tag_set":"cliff_people","tag_sets_id":2389,"tags_id":257325935}],"title":"China Offers Women Perks for Having Babies, if They’re Married","url":"https://www.nytimes.com/2022/07/06/business/economy/china-reproductive-rights-women.html","word_count":null}]