[{"ap_syndicated":null,"collect_date":"2022-07-08 18:00:29.699618","feeds":null,"guid":"SB11974393850072633848304588651361802465652","language":"en","media_id":1150,"media_name":null,"media_url":null,"processed_stories_id":null,"publish_date":"2022-07-08 17:47:00","stories_id":2360986579,"story_tags":[{"stories_id":2360986579,"tag":"geonames_3017382","tag_set":"mc-geocoder@media.mit.edu","tag_sets_id":1011,"tags_id":8878470},{"stories_id":2360986579,"tag":"geonames_2988507","tag_set":"mc-geocoder@media.mit.edu","tag_sets_id":1011,"tags_id":8878572},{"stories_id":2360986579,"tag":"nyt_labeller_v1.0.0","tag_set":"nyt_labels_version","tag_sets_id":1964,"tags_id":9360669},{"stories_id":2360986579,"tag":"politics and government","tag_set":"nyt_labels","tag_sets_id":1963,"tags_id":9360836},{"stories_id":2360986579,"tag":"law and legislation","tag_set":"nyt_labels","tag_sets_id":1963,"tags_id":9360837},{"stories_id":2360986579,"tag":"global warming","tag_set":"nyt_labels","tag_sets_id":1963,"tags_id":9360886},{"stories_id":2360986579,"tag":"environment","tag_set":"nyt_labels","tag_sets_id":1963,"tags_id":9360887},{"stories_id":2360986579,"tag":"energy and power","tag_set":"nyt_labels","tag_sets_id":1963,"tags_id":9360997},{"stories_id":2360986579,"tag":"air pollution","tag_set":"nyt_labels","tag_sets_id":1963,"tags_id":9361007},{"stories_id":2360986579,"tag":"European Union","tag_set":"cliff_organizations","tag_sets_id":2388,"tags_id":9362999},{"stories_id":2360986579,"tag":"European Parliament","tag_set":"cliff_organizations","tag_sets_id":2388,"tags_id":9363193},{"stories_id":2360986579,"tag":"EU","tag_set":"cliff_organizations","tag_sets_id":2388,"tags_id":9363241},{"stories_id":2360986579,"tag":"readability-lxml-0.8.1","tag_set":"extractor_version","tag_sets_id":1354,"tags_id":228516910},{"stories_id":2360986579,"tag":"cliff_clavin_v2.6.1","tag_set":"geocoder_version","tag_sets_id":1937,"tags_id":228516911}],"title":"The EU Gets Real About Energy Security","url":"https://www.wsj.com/articles/the-eu-gets-real-about-energy-parliament-nuclear-natural-gas-renewables-putin-blackmail-ukraine-nord-stream-11657308667","word_count":null}]