[{"ap_syndicated":null,"collect_date":"2022-07-29 02:36:13.311604","feeds":null,"guid":"https://www.nytimes.com/live/2022/07/29/world/ukraine-russia-news-war","language":"en","media_id":1,"media_name":null,"media_url":null,"processed_stories_id":null,"publish_date":"2022-07-29 02:18:09","stories_id":2379554695,"story_tags":[{"stories_id":2379554695,"tag":"geonames_3017382","tag_set":"mc-geocoder@media.mit.edu","tag_sets_id":1011,"tags_id":8878470},{"stories_id":2379554695,"tag":"geonames_2017370","tag_set":"mc-geocoder@media.mit.edu","tag_sets_id":1011,"tags_id":8878645},{"stories_id":2379554695,"tag":"geonames_858787","tag_set":"mc-geocoder@media.mit.edu","tag_sets_id":1011,"tags_id":8880422},{"stories_id":2379554695,"tag":"geonames_756135","tag_set":"mc-geocoder@media.mit.edu","tag_sets_id":1011,"tags_id":8880428},{"stories_id":2379554695,"tag":"nyt_labeller_v1.0.0","tag_set":"nyt_labels_version","tag_sets_id":1964,"tags_id":9360669},{"stories_id":2379554695,"tag":"oil (petroleum) and gasoline","tag_set":"nyt_labels","tag_sets_id":1963,"tags_id":9360884},{"stories_id":2379554695,"tag":"economic conditions and trends","tag_set":"nyt_labels","tag_sets_id":1963,"tags_id":9360989},{"stories_id":2379554695,"tag":"prices (fares, fees and rates)","tag_set":"nyt_labels","tag_sets_id":1963,"tags_id":9360996},{"stories_id":2379554695,"tag":"energy and power","tag_set":"nyt_labels","tag_sets_id":1963,"tags_id":9360997},{"stories_id":2379554695,"tag":"electric light and power","tag_set":"nyt_labels","tag_sets_id":1963,"tags_id":9361013},{"stories_id":2379554695,"tag":"light","tag_set":"nyt_labels","tag_sets_id":1963,"tags_id":9361014},{"stories_id":2379554695,"tag":"Reuters","tag_set":"cliff_organizations","tag_sets_id":2388,"tags_id":9362267},{"stories_id":2379554695,"tag":"New York Times","tag_set":"cliff_organizations","tag_sets_id":2388,"tags_id":9362756},{"stories_id":2379554695,"tag":"European Union","tag_set":"cliff_organizations","tag_sets_id":2388,"tags_id":9362999},{"stories_id":2379554695,"tag":"Vladimir V. Putin","tag_set":"cliff_people","tag_sets_id":2389,"tags_id":9363285},{"stories_id":2379554695,"tag":"Emmanuel Macron","tag_set":"cliff_people","tag_sets_id":2389,"tags_id":9365980},{"stories_id":2379554695,"tag":"Barcelona","tag_set":"cliff_organizations","tag_sets_id":2388,"tags_id":9365983},{"stories_id":2379554695,"tag":"Maciek Nabrdalik","tag_set":"cliff_people","tag_sets_id":2389,"tags_id":33495964},{"stories_id":2379554695,"tag":"readability-lxml-0.8.1","tag_set":"extractor_version","tag_sets_id":1354,"tags_id":228516910},{"stories_id":2379554695,"tag":"cliff_clavin_v2.6.1","tag_set":"geocoder_version","tag_sets_id":1937,"tags_id":228516911},{"stories_id":2379554695,"tag":"CEZ Group in Chorzow","tag_set":"cliff_organizations","tag_sets_id":2388,"tags_id":258520635}],"title":"Ukraine Live Updates: Countries Across Europe Prepare for a Winter Energy Squeeze","url":"https://www.nytimes.com/live/2022/07/29/world/ukraine-russia-news-war","word_count":null}]