[{"ap_syndicated":null,"collect_date":"2022-08-08 12:58:11.282792","feeds":null,"guid":"{20C06575-04D4-B545-710A-66D93C7EBED3}","language":"en","media_id":1150,"media_name":null,"media_url":null,"processed_stories_id":null,"publish_date":"2022-08-08 12:13:00","stories_id":2388519481,"story_tags":[{"stories_id":2388519481,"tag":"geonames_6252001","tag_set":"mc-geocoder@media.mit.edu","tag_sets_id":1011,"tags_id":8878461},{"stories_id":2388519481,"tag":"geonames_3174618","tag_set":"mc-geocoder@media.mit.edu","tag_sets_id":1011,"tags_id":8878644},{"stories_id":2388519481,"tag":"geonames_8980256","tag_set":"mc-geocoder@media.mit.edu","tag_sets_id":1011,"tags_id":9141145},{"stories_id":2388519481,"tag":"nyt_labeller_v1.0.0","tag_set":"nyt_labels_version","tag_sets_id":1964,"tags_id":9360669},{"stories_id":2388519481,"tag":"finances","tag_set":"nyt_labels","tag_sets_id":1963,"tags_id":9360840},{"stories_id":2388519481,"tag":"oil (petroleum) and gasoline","tag_set":"nyt_labels","tag_sets_id":1963,"tags_id":9360884},{"stories_id":2388519481,"tag":"prices (fares, fees and rates)","tag_set":"nyt_labels","tag_sets_id":1963,"tags_id":9360996},{"stories_id":2388519481,"tag":"energy and power","tag_set":"nyt_labels","tag_sets_id":1963,"tags_id":9360997},{"stories_id":2388519481,"tag":"electric light and power","tag_set":"nyt_labels","tag_sets_id":1963,"tags_id":9361013},{"stories_id":2388519481,"tag":"light","tag_set":"nyt_labels","tag_sets_id":1963,"tags_id":9361014},{"stories_id":2388519481,"tag":"Senate","tag_set":"cliff_organizations","tag_sets_id":2388,"tags_id":9362741},{"stories_id":2388519481,"tag":"House of Representatives","tag_set":"cliff_organizations","tag_sets_id":2388,"tags_id":9363212},{"stories_id":2388519481,"tag":"S&P","tag_set":"cliff_organizations","tag_sets_id":2388,"tags_id":9368263},{"stories_id":2388519481,"tag":"J.P. Morgan","tag_set":"cliff_organizations","tag_sets_id":2388,"tags_id":9384277},{"stories_id":2388519481,"tag":"Tesla Inc.","tag_set":"cliff_organizations","tag_sets_id":2388,"tags_id":9404460},{"stories_id":2388519481,"tag":"Sunrun Inc","tag_set":"cliff_organizations","tag_sets_id":2388,"tags_id":9433637},{"stories_id":2388519481,"tag":"SunPower","tag_set":"cliff_organizations","tag_sets_id":2388,"tags_id":9449502},{"stories_id":2388519481,"tag":"Invesco","tag_set":"cliff_organizations","tag_sets_id":2388,"tags_id":9463473},{"stories_id":2388519481,"tag":"SunPower Corp.","tag_set":"cliff_organizations","tag_sets_id":2388,"tags_id":9571174},{"stories_id":2388519481,"tag":"First Solar Inc","tag_set":"cliff_organizations","tag_sets_id":2388,"tags_id":9571175},{"stories_id":2388519481,"tag":"iShares Global Clean Energy","tag_set":"cliff_organizations","tag_sets_id":2388,"tags_id":9713284},{"stories_id":2388519481,"tag":"ITRI","tag_set":"cliff_organizations","tag_sets_id":2388,"tags_id":10624962},{"stories_id":2388519481,"tag":"BLDP","tag_set":"cliff_organizations","tag_sets_id":2388,"tags_id":10881866},{"stories_id":2388519481,"tag":"Plug Power Inc","tag_set":"cliff_organizations","tag_sets_id":2388,"tags_id":11318978},{"stories_id":2388519481,"tag":"EV","tag_set":"cliff_people","tag_sets_id":2389,"tags_id":11622375},{"stories_id":2388519481,"tag":"Ballard Power Systems Inc","tag_set":"cliff_organizations","tag_sets_id":2388,"tags_id":17356350},{"stories_id":2388519481,"tag":"SolarEdge","tag_set":"cliff_people","tag_sets_id":2389,"tags_id":18367881},{"stories_id":2388519481,"tag":"Mark Strouse","tag_set":"cliff_people","tag_sets_id":2389,"tags_id":19461974},{"stories_id":2388519481,"tag":"Itron Inc","tag_set":"cliff_organizations","tag_sets_id":2388,"tags_id":30072340},{"stories_id":2388519481,"tag":"SolarEdge Technologies Inc","tag_set":"cliff_organizations","tag_sets_id":2388,"tags_id":30393584},{"stories_id":2388519481,"tag":"TPI Composites Inc","tag_set":"cliff_organizations","tag_sets_id":2388,"tags_id":32895556},{"stories_id":2388519481,"tag":"Fuel Cell Energy Inc","tag_set":"cliff_organizations","tag_sets_id":2388,"tags_id":34547509},{"stories_id":2388519481,"tag":"Nikola Corp","tag_set":"cliff_organizations","tag_sets_id":2388,"tags_id":45424372},{"stories_id":2388519481,"tag":"Rivian Automotive Inc","tag_set":"cliff_organizations","tag_sets_id":2388,"tags_id":132492787},{"stories_id":2388519481,"tag":"Sunnova Energy International Inc","tag_set":"cliff_organizations","tag_sets_id":2388,"tags_id":180726419},{"stories_id":2388519481,"tag":"readability-lxml-0.8.1","tag_set":"extractor_version","tag_sets_id":1354,"tags_id":228516910},{"stories_id":2388519481,"tag":"cliff_clavin_v2.6.1","tag_set":"geocoder_version","tag_sets_id":1937,"tags_id":228516911},{"stories_id":2388519481,"tag":"Lucid Group Inc","tag_set":"cliff_organizations","tag_sets_id":2388,"tags_id":239982018}],"title":": Fuel cell, EV and solar stocks rally as climate bill makes ‘alternative’ energy more ‘in the money’","url":"http://www.marketwatch.com/news/story.asp?guid=%7B20C06575-04D4-B545-710A-66D93C7EBED3%7D&siteid=rss&rss=1","word_count":null}]