[{"ap_syndicated":null,"collect_date":"2022-08-12 17:03:09.289631","feeds":null,"guid":"https://www.washingtonpost.com/climate-environment/2022/08/12/court-coal-moratorium/?utm_source=rss&utm_medium=referral&utm_campaign=wp_climate-environment","language":"en","media_id":2,"media_name":null,"media_url":null,"processed_stories_id":null,"publish_date":"2022-08-12 16:02:47","stories_id":2392453249,"story_tags":[{"stories_id":2392453249,"tag":"geonames_6252001","tag_set":"mc-geocoder@media.mit.edu","tag_sets_id":1011,"tags_id":8878461},{"stories_id":2392453249,"tag":"geonames_5667009","tag_set":"mc-geocoder@media.mit.edu","tag_sets_id":1011,"tags_id":8878783},{"stories_id":2392453249,"tag":"nyt_labeller_v1.0.0","tag_set":"nyt_labels_version","tag_sets_id":1964,"tags_id":9360669},{"stories_id":2392453249,"tag":"politics and government","tag_set":"nyt_labels","tag_sets_id":1963,"tags_id":9360836},{"stories_id":2392453249,"tag":"suits and litigation","tag_set":"nyt_labels","tag_sets_id":1963,"tags_id":9360860},{"stories_id":2392453249,"tag":"environment","tag_set":"nyt_labels","tag_sets_id":1963,"tags_id":9360887},{"stories_id":2392453249,"tag":"decisions and verdicts","tag_set":"nyt_labels","tag_sets_id":1963,"tags_id":9360905},{"stories_id":2392453249,"tag":"mines and mining","tag_set":"nyt_labels","tag_sets_id":1963,"tags_id":9361146},{"stories_id":2392453249,"tag":"Donald Trump","tag_set":"cliff_people","tag_sets_id":2389,"tags_id":9362284},{"stories_id":2392453249,"tag":"Obama","tag_set":"cliff_people","tag_sets_id":2389,"tags_id":9362721},{"stories_id":2392453249,"tag":"Trump administration","tag_set":"cliff_organizations","tag_sets_id":2388,"tags_id":9362998},{"stories_id":2392453249,"tag":"Biden","tag_set":"cliff_people","tag_sets_id":2389,"tags_id":9365736},{"stories_id":2392453249,"tag":"Interior Department","tag_set":"cliff_organizations","tag_sets_id":2388,"tags_id":9367363},{"stories_id":2392453249,"tag":"Earthjustice","tag_set":"cliff_organizations","tag_sets_id":2388,"tags_id":9427827},{"stories_id":2392453249,"tag":"Brian Morris","tag_set":"cliff_people","tag_sets_id":2389,"tags_id":9850694},{"stories_id":2392453249,"tag":"Jenny Harbine","tag_set":"cliff_people","tag_sets_id":2389,"tags_id":10192438},{"stories_id":2392453249,"tag":"readability-lxml-0.8.1","tag_set":"extractor_version","tag_sets_id":1354,"tags_id":228516910},{"stories_id":2392453249,"tag":"cliff_clavin_v2.6.1","tag_set":"geocoder_version","tag_sets_id":1937,"tags_id":228516911}],"title":"Federal court reinstates ban on new coal sales on public land","url":"https://www.washingtonpost.com/climate-environment/2022/08/12/court-coal-moratorium/?utm_source=rss&utm_medium=referral&utm_campaign=wp_climate-environment","word_count":null}]