[{"ap_syndicated":null,"collect_date":"2022-08-17 05:07:09.746307","feeds":null,"guid":"https://www.nytimes.com/2022/08/17/world/americas/mexico-president-renewable-energy.html","language":"en","media_id":1,"media_name":null,"media_url":null,"processed_stories_id":null,"publish_date":"2022-08-17 05:00:25","stories_id":2395821117,"story_tags":[{"stories_id":2395821117,"tag":"geonames_4736286","tag_set":"mc-geocoder@media.mit.edu","tag_sets_id":1011,"tags_id":8878538},{"stories_id":2395821117,"tag":"geonames_3996063","tag_set":"mc-geocoder@media.mit.edu","tag_sets_id":1011,"tags_id":8878716},{"stories_id":2395821117,"tag":"geonames_4717560","tag_set":"mc-geocoder@media.mit.edu","tag_sets_id":1011,"tags_id":8883238},{"stories_id":2395821117,"tag":"nyt_labeller_v1.0.0","tag_set":"nyt_labels_version","tag_sets_id":1964,"tags_id":9360669},{"stories_id":2395821117,"tag":"politics and government","tag_set":"nyt_labels","tag_sets_id":1963,"tags_id":9360836},{"stories_id":2395821117,"tag":"oil (petroleum) and gasoline","tag_set":"nyt_labels","tag_sets_id":1963,"tags_id":9360884},{"stories_id":2395821117,"tag":"energy and power","tag_set":"nyt_labels","tag_sets_id":1963,"tags_id":9360997},{"stories_id":2395821117,"tag":"electric light and power","tag_set":"nyt_labels","tag_sets_id":1963,"tags_id":9361013},{"stories_id":2395821117,"tag":"light","tag_set":"nyt_labels","tag_sets_id":1963,"tags_id":9361014},{"stories_id":2395821117,"tag":"gas (fuel)","tag_set":"nyt_labels","tag_sets_id":1963,"tags_id":9361098},{"stories_id":2395821117,"tag":"Supreme Court","tag_set":"cliff_organizations","tag_sets_id":2388,"tags_id":9362719},{"stories_id":2395821117,"tag":"Biden","tag_set":"cliff_people","tag_sets_id":2389,"tags_id":9365736},{"stories_id":2395821117,"tag":"Andrés Manuel López Obrador","tag_set":"cliff_people","tag_sets_id":2389,"tags_id":9376835},{"stories_id":2395821117,"tag":"Morena","tag_set":"cliff_people","tag_sets_id":2389,"tags_id":9407199},{"stories_id":2395821117,"tag":"Pemex","tag_set":"cliff_organizations","tag_sets_id":2388,"tags_id":9421343},{"stories_id":2395821117,"tag":"Lázaro Cárdenas","tag_set":"cliff_people","tag_sets_id":2389,"tags_id":9680826},{"stories_id":2395821117,"tag":"Tony Payan","tag_set":"cliff_people","tag_sets_id":2389,"tags_id":9743967},{"stories_id":2395821117,"tag":"Institute of the Americas","tag_set":"cliff_organizations","tag_sets_id":2388,"tags_id":11494705},{"stories_id":2395821117,"tag":"Baker Institute for Public Policy at Rice University","tag_set":"cliff_organizations","tag_sets_id":2388,"tags_id":27578145},{"stories_id":2395821117,"tag":"Jeremy M. Martin","tag_set":"cliff_people","tag_sets_id":2389,"tags_id":28326982},{"stories_id":2395821117,"tag":"Fluvio Ruíz Alarcón","tag_set":"cliff_people","tag_sets_id":2389,"tags_id":32337576},{"stories_id":2395821117,"tag":"Katherine Tai","tag_set":"cliff_people","tag_sets_id":2389,"tags_id":33533594},{"stories_id":2395821117,"tag":"energy regulatory commission","tag_set":"cliff_organizations","tag_sets_id":2388,"tags_id":35091742},{"stories_id":2395821117,"tag":"state electric company","tag_set":"cliff_organizations","tag_sets_id":2388,"tags_id":38773784},{"stories_id":2395821117,"tag":"Antonio Perea","tag_set":"cliff_people","tag_sets_id":2389,"tags_id":76376569},{"stories_id":2395821117,"tag":"readability-lxml-0.8.1","tag_set":"extractor_version","tag_sets_id":1354,"tags_id":228516910},{"stories_id":2395821117,"tag":"cliff_clavin_v2.6.1","tag_set":"geocoder_version","tag_sets_id":1937,"tags_id":228516911},{"stories_id":2395821117,"tag":"board of an energy regulatory commission","tag_set":"cliff_organizations","tag_sets_id":2388,"tags_id":259507269},{"stories_id":2395821117,"tag":"Francisco Salazar Diez de Sollano","tag_set":"cliff_people","tag_sets_id":2389,"tags_id":259507270}],"title":"Mexico Sees Its Energy Future in Fossil Fuels, Not Renewables","url":"https://www.nytimes.com/2022/08/17/world/americas/mexico-president-renewable-energy.html","word_count":null}]