[{"ap_syndicated":null,"collect_date":"2022-08-17 19:59:09.244183","feeds":null,"guid":"https://www.washingtonpost.com/politics/2022/08/17/state-climate-action-could-be-supercharged-by-inflation-reduction-act/","language":"en","media_id":2,"media_name":null,"media_url":null,"processed_stories_id":null,"publish_date":"2022-08-17 08:29:57","stories_id":2396514016,"story_tags":[{"stories_id":2396514016,"tag":"geonames_6252001","tag_set":"mc-geocoder@media.mit.edu","tag_sets_id":1011,"tags_id":8878461},{"stories_id":2396514016,"tag":"geonames_4138106","tag_set":"mc-geocoder@media.mit.edu","tag_sets_id":1011,"tags_id":8878827},{"stories_id":2396514016,"tag":"geonames_4667282","tag_set":"mc-geocoder@media.mit.edu","tag_sets_id":1011,"tags_id":8879476},{"stories_id":2396514016,"tag":"geonames_4140963","tag_set":"mc-geocoder@media.mit.edu","tag_sets_id":1011,"tags_id":8880349},{"stories_id":2396514016,"tag":"nyt_labeller_v1.0.0","tag_set":"nyt_labels_version","tag_sets_id":1964,"tags_id":9360669},{"stories_id":2396514016,"tag":"politics and government","tag_set":"nyt_labels","tag_sets_id":1963,"tags_id":9360836},{"stories_id":2396514016,"tag":"law and legislation","tag_set":"nyt_labels","tag_sets_id":1963,"tags_id":9360837},{"stories_id":2396514016,"tag":"finances","tag_set":"nyt_labels","tag_sets_id":1963,"tags_id":9360840},{"stories_id":2396514016,"tag":"united states politics and government","tag_set":"nyt_labels","tag_sets_id":1963,"tags_id":9360846},{"stories_id":2396514016,"tag":"global warming","tag_set":"nyt_labels","tag_sets_id":1963,"tags_id":9360886},{"stories_id":2396514016,"tag":"environment","tag_set":"nyt_labels","tag_sets_id":1963,"tags_id":9360887},{"stories_id":2396514016,"tag":"air pollution","tag_set":"nyt_labels","tag_sets_id":1963,"tags_id":9361007},{"stories_id":2396514016,"tag":"National Academy of Sciences","tag_set":"cliff_organizations","tag_sets_id":2388,"tags_id":9362168},{"stories_id":2396514016,"tag":"White House","tag_set":"cliff_organizations","tag_sets_id":2388,"tags_id":9362736},{"stories_id":2396514016,"tag":"Senate","tag_set":"cliff_organizations","tag_sets_id":2388,"tags_id":9362741},{"stories_id":2396514016,"tag":"Washington Post","tag_set":"cliff_organizations","tag_sets_id":2388,"tags_id":9362798},{"stories_id":2396514016,"tag":"Charles E. Schumer","tag_set":"cliff_people","tag_sets_id":2389,"tags_id":9362946},{"stories_id":2396514016,"tag":"Congress","tag_set":"cliff_organizations","tag_sets_id":2388,"tags_id":9362962},{"stories_id":2396514016,"tag":"Trump administration","tag_set":"cliff_organizations","tag_sets_id":2388,"tags_id":9362998},{"stories_id":2396514016,"tag":"House","tag_set":"cliff_organizations","tag_sets_id":2388,"tags_id":9363164},{"stories_id":2396514016,"tag":"Post","tag_set":"cliff_organizations","tag_sets_id":2388,"tags_id":9363250},{"stories_id":2396514016,"tag":"Interior","tag_set":"cliff_organizations","tag_sets_id":2388,"tags_id":9363817},{"stories_id":2396514016,"tag":"Joshua Partlow","tag_set":"cliff_people","tag_sets_id":2389,"tags_id":9364730},{"stories_id":2396514016,"tag":"Biden","tag_set":"cliff_people","tag_sets_id":2389,"tags_id":9365736},{"stories_id":2396514016,"tag":"Karin Brulliard","tag_set":"cliff_people","tag_sets_id":2389,"tags_id":9366323},{"stories_id":2396514016,"tag":"Wang","tag_set":"cliff_people","tag_sets_id":2389,"tags_id":9375335},{"stories_id":2396514016,"tag":"Amy","tag_set":"cliff_people","tag_sets_id":2389,"tags_id":9380522},{"stories_id":2396514016,"tag":"Joe Manchin III","tag_set":"cliff_people","tag_sets_id":2389,"tags_id":9385885},{"stories_id":2396514016,"tag":"academy","tag_set":"cliff_organizations","tag_sets_id":2388,"tags_id":9422616},{"stories_id":2396514016,"tag":"Jay Inslee","tag_set":"cliff_people","tag_sets_id":2389,"tags_id":9434808},{"stories_id":2396514016,"tag":"Bureau of Reclamation","tag_set":"cliff_organizations","tag_sets_id":2388,"tags_id":9457976},{"stories_id":2396514016,"tag":"Jane Lubchenco","tag_set":"cliff_people","tag_sets_id":2389,"tags_id":9478470},{"stories_id":2396514016,"tag":"Reed Hundt","tag_set":"cliff_people","tag_sets_id":2389,"tags_id":9562765},{"stories_id":2396514016,"tag":"U.S. Climate Alliance","tag_set":"cliff_organizations","tag_sets_id":2388,"tags_id":9586184},{"stories_id":2396514016,"tag":"White House Office of Science and Technology","tag_set":"cliff_organizations","tag_sets_id":2388,"tags_id":9697876},{"stories_id":2396514016,"tag":"ClearView Energy Partners","tag_set":"cliff_organizations","tag_sets_id":2388,"tags_id":10126832},{"stories_id":2396514016,"tag":"Bryan Garcia","tag_set":"cliff_people","tag_sets_id":2389,"tags_id":11205367},{"stories_id":2396514016,"tag":"Connecticut Green Bank","tag_set":"cliff_organizations","tag_sets_id":2388,"tags_id":17073764},{"stories_id":2396514016,"tag":"Maxine Joselow","tag_set":"cliff_people","tag_sets_id":2389,"tags_id":22659669},{"stories_id":2396514016,"tag":"Tommy Beaudreau","tag_set":"cliff_people","tag_sets_id":2389,"tags_id":35906338},{"stories_id":2396514016,"tag":"Casey Katims","tag_set":"cliff_people","tag_sets_id":2389,"tags_id":37429052},{"stories_id":2396514016,"tag":"Coalition for Green Capital","tag_set":"cliff_organizations","tag_sets_id":2388,"tags_id":37611554},{"stories_id":2396514016,"tag":"national green bank","tag_set":"cliff_organizations","tag_sets_id":2388,"tags_id":66075823},{"stories_id":2396514016,"tag":"readability-lxml-0.8.1","tag_set":"extractor_version","tag_sets_id":1354,"tags_id":228516910},{"stories_id":2396514016,"tag":"cliff_clavin_v2.6.1","tag_set":"geocoder_version","tag_sets_id":1937,"tags_id":228516911},{"stories_id":2396514016,"tag":"M. Camille Calimlim Touton","tag_set":"cliff_people","tag_sets_id":2389,"tags_id":237449734}],"title":"State climate action could be supercharged by the Inflation Reduction Act","url":"https://www.washingtonpost.com/politics/2022/08/17/state-climate-action-could-be-supercharged-by-inflation-reduction-act/","word_count":null}]