[{"ap_syndicated":null,"collect_date":"2022-09-13 16:38:09.950342","feeds":null,"guid":"https://www.nytimes.com/2022/09/13/climate/climate-law-tax-credits.html","language":"en","media_id":1,"media_name":null,"media_url":null,"processed_stories_id":null,"publish_date":"2022-09-13 16:13:29","stories_id":2420123814,"story_tags":[{"stories_id":2420123814,"tag":"geonames_6252001","tag_set":"mc-geocoder@media.mit.edu","tag_sets_id":1011,"tags_id":8878461},{"stories_id":2420123814,"tag":"nyt_labeller_v1.0.0","tag_set":"nyt_labels_version","tag_sets_id":1964,"tags_id":9360669},{"stories_id":2420123814,"tag":"law and legislation","tag_set":"nyt_labels","tag_sets_id":1963,"tags_id":9360837},{"stories_id":2420123814,"tag":"finances","tag_set":"nyt_labels","tag_sets_id":1963,"tags_id":9360840},{"stories_id":2420123814,"tag":"budgets and budgeting","tag_set":"nyt_labels","tag_sets_id":1963,"tags_id":9360850},{"stories_id":2420123814,"tag":"taxation","tag_set":"nyt_labels","tag_sets_id":1963,"tags_id":9360882},{"stories_id":2420123814,"tag":"prices (fares, fees and rates)","tag_set":"nyt_labels","tag_sets_id":1963,"tags_id":9360996},{"stories_id":2420123814,"tag":"energy and power","tag_set":"nyt_labels","tag_sets_id":1963,"tags_id":9360997},{"stories_id":2420123814,"tag":"White House","tag_set":"cliff_organizations","tag_sets_id":2388,"tags_id":9362736},{"stories_id":2420123814,"tag":"General Motors","tag_set":"cliff_organizations","tag_sets_id":2388,"tags_id":9363690},{"stories_id":2420123814,"tag":"Ford","tag_set":"cliff_organizations","tag_sets_id":2388,"tags_id":9364086},{"stories_id":2420123814,"tag":"Biden","tag_set":"cliff_people","tag_sets_id":2389,"tags_id":9365736},{"stories_id":2420123814,"tag":"Toyota","tag_set":"cliff_organizations","tag_sets_id":2388,"tags_id":9369599},{"stories_id":2420123814,"tag":"Tesla","tag_set":"cliff_people","tag_sets_id":2389,"tags_id":9369660},{"stories_id":2420123814,"tag":"I.R.S.","tag_set":"cliff_organizations","tag_sets_id":2388,"tags_id":9370174},{"stories_id":2420123814,"tag":"Honda","tag_set":"cliff_organizations","tag_sets_id":2388,"tags_id":9376615},{"stories_id":2420123814,"tag":"Subaru","tag_set":"cliff_organizations","tag_sets_id":2388,"tags_id":9390388},{"stories_id":2420123814,"tag":"readability-lxml-0.8.1","tag_set":"extractor_version","tag_sets_id":1354,"tags_id":228516910},{"stories_id":2420123814,"tag":"cliff_clavin_v2.6.1","tag_set":"geocoder_version","tag_sets_id":1937,"tags_id":228516911}],"title":"How the New Climate Law Can Save You Thousands of Dollars","url":"https://www.nytimes.com/2022/09/13/climate/climate-law-tax-credits.html","word_count":null}]