[{"ap_syndicated":null,"collect_date":"2022-09-29 20:56:57.948195","feeds":null,"guid":"https://www.washingtonpost.com/business/energy/this-is-where-climate-tech-meets-global-venture-capital/2022/09/29/97039fdc-403c-11ed-8c6e-9386bd7cd826_story.html?utm_source=rss&utm_medium=referral&utm_campaign=wp_business","language":"en","media_id":2,"media_name":null,"media_url":null,"processed_stories_id":null,"publish_date":"2022-09-29 08:19:41","stories_id":2434824008,"story_tags":[{"stories_id":2434824008,"tag":"geonames_5332921","tag_set":"mc-geocoder@media.mit.edu","tag_sets_id":1011,"tags_id":8878533},{"stories_id":2434824008,"tag":"geonames_1269750","tag_set":"mc-geocoder@media.mit.edu","tag_sets_id":1011,"tags_id":8878677},{"stories_id":2434824008,"tag":"geonames_1273293","tag_set":"mc-geocoder@media.mit.edu","tag_sets_id":1011,"tags_id":8879221},{"stories_id":2434824008,"tag":"geonames_1261481","tag_set":"mc-geocoder@media.mit.edu","tag_sets_id":1011,"tags_id":8879597},{"stories_id":2434824008,"tag":"geonames_1258899","tag_set":"mc-geocoder@media.mit.edu","tag_sets_id":1011,"tags_id":8883719},{"stories_id":2434824008,"tag":"nyt_labeller_v1.0.0","tag_set":"nyt_labels_version","tag_sets_id":1964,"tags_id":9360669},{"stories_id":2434824008,"tag":"finances","tag_set":"nyt_labels","tag_sets_id":1963,"tags_id":9360840},{"stories_id":2434824008,"tag":"oil (petroleum) and gasoline","tag_set":"nyt_labels","tag_sets_id":1963,"tags_id":9360884},{"stories_id":2434824008,"tag":"global warming","tag_set":"nyt_labels","tag_sets_id":1963,"tags_id":9360886},{"stories_id":2434824008,"tag":"environment","tag_set":"nyt_labels","tag_sets_id":1963,"tags_id":9360887},{"stories_id":2434824008,"tag":"economic conditions and trends","tag_set":"nyt_labels","tag_sets_id":1963,"tags_id":9360989},{"stories_id":2434824008,"tag":"energy and power","tag_set":"nyt_labels","tag_sets_id":1963,"tags_id":9360997},{"stories_id":2434824008,"tag":"electric light and power","tag_set":"nyt_labels","tag_sets_id":1963,"tags_id":9361013},{"stories_id":2434824008,"tag":"light","tag_set":"nyt_labels","tag_sets_id":1963,"tags_id":9361014},{"stories_id":2434824008,"tag":"Bloomberg","tag_set":"cliff_organizations","tag_sets_id":2388,"tags_id":9363116},{"stories_id":2434824008,"tag":"World Bank","tag_set":"cliff_organizations","tag_sets_id":2388,"tags_id":9363853},{"stories_id":2434824008,"tag":"Shah","tag_set":"cliff_people","tag_sets_id":2389,"tags_id":9382867},{"stories_id":2434824008,"tag":"Indian Institute of Technology","tag_set":"cliff_organizations","tag_sets_id":2388,"tags_id":9398947},{"stories_id":2434824008,"tag":"Nitin Gadkari","tag_set":"cliff_people","tag_sets_id":2389,"tags_id":9405375},{"stories_id":2434824008,"tag":"Amazon.com Inc.","tag_set":"cliff_organizations","tag_sets_id":2388,"tags_id":9405783},{"stories_id":2434824008,"tag":"Rusty","tag_set":"cliff_people","tag_sets_id":2389,"tags_id":9414153},{"stories_id":2434824008,"tag":"Brookfield Asset Management Inc.","tag_set":"cliff_organizations","tag_sets_id":2388,"tags_id":9429315},{"stories_id":2434824008,"tag":"Reliance Industries","tag_set":"cliff_organizations","tag_sets_id":2388,"tags_id":9432323},{"stories_id":2434824008,"tag":"EVs","tag_set":"cliff_organizations","tag_sets_id":2388,"tags_id":9432985},{"stories_id":2434824008,"tag":"BlackRock","tag_set":"cliff_organizations","tag_sets_id":2388,"tags_id":9433756},{"stories_id":2434824008,"tag":"Bloomberg LP","tag_set":"cliff_organizations","tag_sets_id":2388,"tags_id":9451703},{"stories_id":2434824008,"tag":"KKR & Co.","tag_set":"cliff_organizations","tag_sets_id":2388,"tags_id":9515460},{"stories_id":2434824008,"tag":"Wipro Ltd.","tag_set":"cliff_organizations","tag_sets_id":2388,"tags_id":9611790},{"stories_id":2434824008,"tag":"Andy Mukherjee","tag_set":"cliff_people","tag_sets_id":2389,"tags_id":9740045},{"stories_id":2434824008,"tag":"Shuli Ren","tag_set":"cliff_people","tag_sets_id":2389,"tags_id":9786248},{"stories_id":2434824008,"tag":"going electric","tag_set":"cliff_organizations","tag_sets_id":2388,"tags_id":22990926},{"stories_id":2434824008,"tag":"UltraTech Cement Ltd.","tag_set":"cliff_organizations","tag_sets_id":2388,"tags_id":31617687},{"stories_id":2434824008,"tag":"Anjani Trivedi","tag_set":"cliff_people","tag_sets_id":2389,"tags_id":33517600},{"stories_id":2434824008,"tag":"Anjali Bansal","tag_set":"cliff_people","tag_sets_id":2389,"tags_id":37714314},{"stories_id":2434824008,"tag":"readability-lxml-0.8.1","tag_set":"extractor_version","tag_sets_id":1354,"tags_id":228516910},{"stories_id":2434824008,"tag":"cliff_clavin_v2.6.1","tag_set":"geocoder_version","tag_sets_id":1937,"tags_id":228516911},{"stories_id":2434824008,"tag":"Theia Ventures","tag_set":"cliff_organizations","tag_sets_id":2388,"tags_id":248620087}],"title":"This Is Where Climate Tech Meets Global Venture Capital","url":"https://www.washingtonpost.com/business/energy/this-is-where-climate-tech-meets-global-venture-capital/2022/09/29/97039fdc-403c-11ed-8c6e-9386bd7cd826_story.html?utm_source=rss&utm_medium=referral&utm_campaign=wp_business","word_count":null}]