[{"ap_syndicated":null,"collect_date":"2022-10-13 03:06:31.834209","feeds":null,"guid":"https://www.nytimes.com/live/2022/10/13/world/russia-ukraine-war-news/russian-missiles-strike-apartment-building-in-mykolaiv","language":"en","media_id":1,"media_name":null,"media_url":null,"processed_stories_id":null,"publish_date":"2022-10-13 02:09:05","stories_id":2446461728,"story_tags":[{"stories_id":2446461728,"tag":"geonames_690791","tag_set":"mc-geocoder@media.mit.edu","tag_sets_id":1011,"tags_id":8878855},{"stories_id":2446461728,"tag":"geonames_2152274","tag_set":"mc-geocoder@media.mit.edu","tag_sets_id":1011,"tags_id":8879590},{"stories_id":2446461728,"tag":"geonames_709929","tag_set":"mc-geocoder@media.mit.edu","tag_sets_id":1011,"tags_id":8903004},{"stories_id":2446461728,"tag":"nyt_labeller_v1.0.0","tag_set":"nyt_labels_version","tag_sets_id":1964,"tags_id":9360669},{"stories_id":2446461728,"tag":"politics and government","tag_set":"nyt_labels","tag_sets_id":1963,"tags_id":9360836},{"stories_id":2446461728,"tag":"armament, defense and military forces","tag_set":"nyt_labels","tag_sets_id":1963,"tags_id":9360868},{"stories_id":2446461728,"tag":"united states armament and defense","tag_set":"nyt_labels","tag_sets_id":1963,"tags_id":9360930},{"stories_id":2446461728,"tag":"energy and power","tag_set":"nyt_labels","tag_sets_id":1963,"tags_id":9360997},{"stories_id":2446461728,"tag":"electric light and power","tag_set":"nyt_labels","tag_sets_id":1963,"tags_id":9361013},{"stories_id":2446461728,"tag":"light","tag_set":"nyt_labels","tag_sets_id":1963,"tags_id":9361014},{"stories_id":2446461728,"tag":"blackouts and brownouts (electrical)","tag_set":"nyt_labels","tag_sets_id":1963,"tags_id":9361015},{"stories_id":2446461728,"tag":"water","tag_set":"nyt_labels","tag_sets_id":1963,"tags_id":9361151},{"stories_id":2446461728,"tag":"New York Times","tag_set":"cliff_organizations","tag_sets_id":2388,"tags_id":9362756},{"stories_id":2446461728,"tag":"International Monetary Fund","tag_set":"cliff_organizations","tag_sets_id":2388,"tags_id":9363248},{"stories_id":2446461728,"tag":"Vladimir V. Putin","tag_set":"cliff_people","tag_sets_id":2389,"tags_id":9363285},{"stories_id":2446461728,"tag":"World Bank","tag_set":"cliff_organizations","tag_sets_id":2388,"tags_id":9363853},{"stories_id":2446461728,"tag":"Ben Shpigel","tag_set":"cliff_people","tag_sets_id":2389,"tags_id":9433701},{"stories_id":2446461728,"tag":"Finbarr O'Reilly","tag_set":"cliff_people","tag_sets_id":2389,"tags_id":10460390},{"stories_id":2446461728,"tag":"Valentyn Reznichenko","tag_set":"cliff_people","tag_sets_id":2389,"tags_id":10847313},{"stories_id":2446461728,"tag":"Ivan Plachkov","tag_set":"cliff_people","tag_sets_id":2389,"tags_id":27787725},{"stories_id":2446461728,"tag":"Nataliya Katser-Buchkovska","tag_set":"cliff_people","tag_sets_id":2389,"tags_id":29954774},{"stories_id":2446461728,"tag":"geonames_709932","tag_set":"mc-geocoder@media.mit.edu","tag_sets_id":1011,"tags_id":35128963},{"stories_id":2446461728,"tag":"Volodymyr Zelensky","tag_set":"cliff_people","tag_sets_id":2389,"tags_id":40535994},{"stories_id":2446461728,"tag":"geonames_11747831","tag_set":"mc-geocoder@media.mit.edu","tag_sets_id":1011,"tags_id":187517874},{"stories_id":2446461728,"tag":"readability-lxml-0.8.1","tag_set":"extractor_version","tag_sets_id":1354,"tags_id":228516910},{"stories_id":2446461728,"tag":"cliff_clavin_v2.6.1","tag_set":"geocoder_version","tag_sets_id":1937,"tags_id":228516911},{"stories_id":2446461728,"tag":"regional military administration","tag_set":"cliff_organizations","tag_sets_id":2388,"tags_id":253828618}],"title":"Russian missiles strike apartment building in Mykolaiv.","url":"https://www.nytimes.com/live/2022/10/13/world/russia-ukraine-war-news/russian-missiles-strike-apartment-building-in-mykolaiv","word_count":null}]