[{"ap_syndicated":null,"collect_date":"2022-10-29 15:07:03.820734","feeds":null,"guid":"https://www.nytimes.com/2022/10/29/world/europe/will-one-tuscan-port-stall-italys-drive-for-energy-independence.html","language":"en","media_id":1,"media_name":null,"media_url":null,"processed_stories_id":null,"publish_date":"2022-10-29 15:00:14","stories_id":2462345702,"story_tags":[{"stories_id":2462345702,"tag":"geonames_3175395","tag_set":"mc-geocoder@media.mit.edu","tag_sets_id":1011,"tags_id":8878643},{"stories_id":2462345702,"tag":"geonames_3165361","tag_set":"mc-geocoder@media.mit.edu","tag_sets_id":1011,"tags_id":8879218},{"stories_id":2462345702,"tag":"nyt_labeller_v1.0.0","tag_set":"nyt_labels_version","tag_sets_id":1964,"tags_id":9360669},{"stories_id":2462345702,"tag":"politics and government","tag_set":"nyt_labels","tag_sets_id":1963,"tags_id":9360836},{"stories_id":2462345702,"tag":"oil (petroleum) and gasoline","tag_set":"nyt_labels","tag_sets_id":1963,"tags_id":9360884},{"stories_id":2462345702,"tag":"international trade and world market","tag_set":"nyt_labels","tag_sets_id":1963,"tags_id":9360983},{"stories_id":2462345702,"tag":"energy and power","tag_set":"nyt_labels","tag_sets_id":1963,"tags_id":9360997},{"stories_id":2462345702,"tag":"gas (fuel)","tag_set":"nyt_labels","tag_sets_id":1963,"tags_id":9361098},{"stories_id":2462345702,"tag":"Vladimir V. Putin","tag_set":"cliff_people","tag_sets_id":2389,"tags_id":9363285},{"stories_id":2462345702,"tag":"Mario Draghi","tag_set":"cliff_people","tag_sets_id":2389,"tags_id":9407601},{"stories_id":2462345702,"tag":"Giorgia Meloni","tag_set":"cliff_people","tag_sets_id":2389,"tags_id":9652925},{"stories_id":2462345702,"tag":"SNAM","tag_set":"cliff_organizations","tag_sets_id":2388,"tags_id":11214480},{"stories_id":2462345702,"tag":"Brothers of Italy party","tag_set":"cliff_organizations","tag_sets_id":2388,"tags_id":11603038},{"stories_id":2462345702,"tag":"geonames_3170674","tag_set":"mc-geocoder@media.mit.edu","tag_sets_id":1011,"tags_id":30424366},{"stories_id":2462345702,"tag":"Francesco Ferrari","tag_set":"cliff_people","tag_sets_id":2389,"tags_id":38493202},{"stories_id":2462345702,"tag":"Davide Tabarelli","tag_set":"cliff_people","tag_sets_id":2389,"tags_id":88810875},{"stories_id":2462345702,"tag":"Claudio Pedroni","tag_set":"cliff_people","tag_sets_id":2389,"tags_id":215326064},{"stories_id":2462345702,"tag":"readability-lxml-0.8.1","tag_set":"extractor_version","tag_sets_id":1354,"tags_id":228516910},{"stories_id":2462345702,"tag":"cliff_clavin_v2.6.1","tag_set":"geocoder_version","tag_sets_id":1937,"tags_id":228516911},{"stories_id":2462345702,"tag":"Indian steel giant Jindal","tag_set":"cliff_organizations","tag_sets_id":2388,"tags_id":263701344},{"stories_id":2462345702,"tag":"Agroittica Toscana","tag_set":"cliff_organizations","tag_sets_id":2388,"tags_id":263701345},{"stories_id":2462345702,"tag":"energy research institute Nomisma","tag_set":"cliff_organizations","tag_sets_id":2388,"tags_id":263701346},{"stories_id":2462345702,"tag":"Viviana Barontini","tag_set":"cliff_people","tag_sets_id":2389,"tags_id":263701347},{"stories_id":2462345702,"tag":"Camilla Bedini","tag_set":"cliff_people","tag_sets_id":2389,"tags_id":263701348},{"stories_id":2462345702,"tag":"Roberta Degani","tag_set":"cliff_people","tag_sets_id":2389,"tags_id":263701349}],"title":"Will One Tuscan Port Stall Italy’s Drive for Energy Independence?","url":"https://www.nytimes.com/2022/10/29/world/europe/will-one-tuscan-port-stall-italys-drive-for-energy-independence.html","word_count":null}]