[{"ap_syndicated":null,"collect_date":"2022-11-08 06:45:57.994203","feeds":null,"guid":"https://www.nytimes.com/live/2022/11/08/climate/cop27-climate-summit/protesters-usually-a-fixture-at-un-climate-talks-are-sparse-this-year-but-a-few-vegan-activists-turned-up","language":"en","media_id":1,"media_name":null,"media_url":null,"processed_stories_id":null,"publish_date":"2022-11-08 06:20:39","stories_id":2471399425,"story_tags":[{"stories_id":2471399425,"tag":"geonames_953987","tag_set":"mc-geocoder@media.mit.edu","tag_sets_id":1011,"tags_id":8878908},{"stories_id":2471399425,"tag":"geonames_357994","tag_set":"mc-geocoder@media.mit.edu","tag_sets_id":1011,"tags_id":8879007},{"stories_id":2471399425,"tag":"geonames_355182","tag_set":"mc-geocoder@media.mit.edu","tag_sets_id":1011,"tags_id":8882968},{"stories_id":2471399425,"tag":"geonames_349340","tag_set":"mc-geocoder@media.mit.edu","tag_sets_id":1011,"tags_id":8892348},{"stories_id":2471399425,"tag":"nyt_labeller_v1.0.0","tag_set":"nyt_labels_version","tag_sets_id":1964,"tags_id":9360669},{"stories_id":2471399425,"tag":"politics and government","tag_set":"nyt_labels","tag_sets_id":1963,"tags_id":9360836},{"stories_id":2471399425,"tag":"global warming","tag_set":"nyt_labels","tag_sets_id":1963,"tags_id":9360886},{"stories_id":2471399425,"tag":"third world and developing countries","tag_set":"nyt_labels","tag_sets_id":1963,"tags_id":9361154},{"stories_id":2471399425,"tag":"United Nations","tag_set":"cliff_organizations","tag_sets_id":2388,"tags_id":9362785},{"stories_id":2471399425,"tag":"Mohammed","tag_set":"cliff_people","tag_sets_id":2389,"tags_id":9363830},{"stories_id":2471399425,"tag":"Nana Akufo-Addo","tag_set":"cliff_people","tag_sets_id":2389,"tags_id":9373513},{"stories_id":2471399425,"tag":"Macky Sall","tag_set":"cliff_people","tag_sets_id":2389,"tags_id":9381962},{"stories_id":2471399425,"tag":"Max Bearak","tag_set":"cliff_people","tag_sets_id":2389,"tags_id":9386736},{"stories_id":2471399425,"tag":"Lazarus Chakwera","tag_set":"cliff_people","tag_sets_id":2389,"tags_id":9406472},{"stories_id":2471399425,"tag":"Cyril Ramaphosa","tag_set":"cliff_people","tag_sets_id":2389,"tags_id":9415122},{"stories_id":2471399425,"tag":"Mokgweetsi Masisi","tag_set":"cliff_people","tag_sets_id":2389,"tags_id":9689276},{"stories_id":2471399425,"tag":"Lynsey Chutel","tag_set":"cliff_people","tag_sets_id":2389,"tags_id":9691351},{"stories_id":2471399425,"tag":"readability-lxml-0.8.1","tag_set":"extractor_version","tag_sets_id":1354,"tags_id":228516910},{"stories_id":2471399425,"tag":"cliff_clavin_v2.6.1","tag_set":"geocoder_version","tag_sets_id":1937,"tags_id":228516911}],"title":"Protesters, usually a fixture at U.N. climate talks, are sparse this year. But a few vegan activists turned up.","url":"https://www.nytimes.com/live/2022/11/08/climate/cop27-climate-summit/protesters-usually-a-fixture-at-un-climate-talks-are-sparse-this-year-but-a-few-vegan-activists-turned-up","word_count":null}]