[{"ap_syndicated":null,"collect_date":"2022-11-09 17:10:21.162538","feeds":null,"guid":"https://www.washingtonpost.com/business/energy/what-are-carbon-offsets-and-how-many-really-work/2022/11/09/44f330c4-6079-11ed-a131-e900e4a6336b_story.html?utm_source=rss&utm_medium=referral&utm_campaign=wp_business","language":"en","media_id":2,"media_name":null,"media_url":null,"processed_stories_id":null,"publish_date":"2022-11-09 04:54:16","stories_id":2473109049,"story_tags":[{"stories_id":2473109049,"tag":"geonames_357994","tag_set":"mc-geocoder@media.mit.edu","tag_sets_id":1011,"tags_id":8879007},{"stories_id":2473109049,"tag":"nyt_labeller_v1.0.0","tag_set":"nyt_labels_version","tag_sets_id":1964,"tags_id":9360669},{"stories_id":2473109049,"tag":"global warming","tag_set":"nyt_labels","tag_sets_id":1963,"tags_id":9360886},{"stories_id":2473109049,"tag":"environment","tag_set":"nyt_labels","tag_sets_id":1963,"tags_id":9360887},{"stories_id":2473109049,"tag":"energy and power","tag_set":"nyt_labels","tag_sets_id":1963,"tags_id":9360997},{"stories_id":2473109049,"tag":"air pollution","tag_set":"nyt_labels","tag_sets_id":1963,"tags_id":9361007},{"stories_id":2473109049,"tag":"electric light and power","tag_set":"nyt_labels","tag_sets_id":1963,"tags_id":9361013},{"stories_id":2473109049,"tag":"light","tag_set":"nyt_labels","tag_sets_id":1963,"tags_id":9361014},{"stories_id":2473109049,"tag":"recycling of waste materials","tag_set":"nyt_labels","tag_sets_id":1963,"tags_id":9361256},{"stories_id":2473109049,"tag":"chemistry","tag_set":"nyt_labels","tag_sets_id":1963,"tags_id":9361262},{"stories_id":2473109049,"tag":"John Kerry","tag_set":"cliff_people","tag_sets_id":2389,"tags_id":9364532},{"stories_id":2473109049,"tag":"Alphabet Inc.","tag_set":"cliff_organizations","tag_sets_id":2388,"tags_id":9372321},{"stories_id":2473109049,"tag":"Bloomberg Philanthropies","tag_set":"cliff_organizations","tag_sets_id":2388,"tags_id":9546952},{"stories_id":2473109049,"tag":"Stripe Inc.","tag_set":"cliff_organizations","tag_sets_id":2388,"tags_id":9792125},{"stories_id":2473109049,"tag":"readability-lxml-0.8.1","tag_set":"extractor_version","tag_sets_id":1354,"tags_id":228516910},{"stories_id":2473109049,"tag":"cliff_clavin_v2.6.1","tag_set":"geocoder_version","tag_sets_id":1937,"tags_id":228516911},{"stories_id":2473109049,"tag":"Meta Platforms Inc.","tag_set":"cliff_organizations","tag_sets_id":2388,"tags_id":248710901}],"title":"What Are Carbon Offsets and How Many Really Work?","url":"https://www.washingtonpost.com/business/energy/what-are-carbon-offsets-and-how-many-really-work/2022/11/09/44f330c4-6079-11ed-a131-e900e4a6336b_story.html?utm_source=rss&utm_medium=referral&utm_campaign=wp_business","word_count":null}]