[{"ap_syndicated":null,"collect_date":"2018-04-21 08:18:15.835942","feeds":null,"guid":"https://www.usatoday.com/story/opinion/2018/04/21/democrats-embrace-shale-boom-win-climate-battle-column/533277002/","language":"en","media_id":4,"media_name":null,"media_url":null,"processed_stories_id":null,"publish_date":"2018-04-21 08:00:02","stories_id":855131658,"story_tags":[{"stories_id":855131658,"tag":"geonames_6252001","tag_set":"mc-geocoder@media.mit.edu","tag_sets_id":1011,"tags_id":8878461},{"stories_id":855131658,"tag":"geonames_6254927","tag_set":"mc-geocoder@media.mit.edu","tag_sets_id":1011,"tags_id":8878566},{"stories_id":855131658,"tag":"geonames_5417618","tag_set":"mc-geocoder@media.mit.edu","tag_sets_id":1011,"tags_id":8878696},{"stories_id":855131658,"tag":"readability-lxml-0.6.2","tag_set":"extractor_version","tag_sets_id":1354,"tags_id":9325058},{"stories_id":855131658,"tag":"nyt_labeller_v1.0.0","tag_set":"nyt_labels_version","tag_sets_id":1964,"tags_id":9360669},{"stories_id":855131658,"tag":"politics and government","tag_set":"nyt_labels","tag_sets_id":1963,"tags_id":9360836},{"stories_id":855131658,"tag":"united states politics and government","tag_set":"nyt_labels","tag_sets_id":1963,"tags_id":9360846},{"stories_id":855131658,"tag":"elections","tag_set":"nyt_labels","tag_sets_id":1963,"tags_id":9360851},{"stories_id":855131658,"tag":"oil (petroleum) and gasoline","tag_set":"nyt_labels","tag_sets_id":1963,"tags_id":9360884},{"stories_id":855131658,"tag":"environment","tag_set":"nyt_labels","tag_sets_id":1963,"tags_id":9360887},{"stories_id":855131658,"tag":"energy and power","tag_set":"nyt_labels","tag_sets_id":1963,"tags_id":9360997},{"stories_id":855131658,"tag":"Democratic Party","tag_set":"cliff_organizations","tag_sets_id":2388,"tags_id":9362724},{"stories_id":855131658,"tag":"White House","tag_set":"cliff_organizations","tag_sets_id":2388,"tags_id":9362736},{"stories_id":855131658,"tag":"Hillary Clinton","tag_set":"cliff_people","tag_sets_id":2389,"tags_id":9362747},{"stories_id":855131658,"tag":"Barack Obama","tag_set":"cliff_people","tag_sets_id":2389,"tags_id":9362763},{"stories_id":855131658,"tag":"Trump","tag_set":"cliff_organizations","tag_sets_id":2388,"tags_id":9362787},{"stories_id":855131658,"tag":"Trump","tag_set":"cliff_people","tag_sets_id":2389,"tags_id":9362872},{"stories_id":855131658,"tag":"Congress","tag_set":"cliff_organizations","tag_sets_id":2388,"tags_id":9362962},{"stories_id":855131658,"tag":"Trump administration","tag_set":"cliff_organizations","tag_sets_id":2388,"tags_id":9362998},{"stories_id":855131658,"tag":"George W. Bush","tag_set":"cliff_people","tag_sets_id":2389,"tags_id":9363130},{"stories_id":855131658,"tag":"Environmental Protection Agency","tag_set":"cliff_organizations","tag_sets_id":2388,"tags_id":9363956},{"stories_id":855131658,"tag":"American University","tag_set":"cliff_organizations","tag_sets_id":2388,"tags_id":9364696},{"stories_id":855131658,"tag":"Scott Pruitt","tag_set":"cliff_people","tag_sets_id":2389,"tags_id":9371011},{"stories_id":855131658,"tag":"Bennet","tag_set":"cliff_people","tag_sets_id":2389,"tags_id":9412843},{"stories_id":855131658,"tag":"John Hickenlooper","tag_set":"cliff_people","tag_sets_id":2389,"tags_id":9421617},{"stories_id":855131658,"tag":"Progressive Policy Institute","tag_set":"cliff_organizations","tag_sets_id":2388,"tags_id":9456705},{"stories_id":855131658,"tag":"Paul Bledsoe","tag_set":"cliff_people","tag_sets_id":2389,"tags_id":9529744},{"stories_id":855131658,"tag":"cliff_clavin_v2.4.1","tag_set":"geocoder_version","tag_sets_id":1937,"tags_id":9696677},{"stories_id":855131658,"tag":"Conor Lamb","tag_set":"cliff_people","tag_sets_id":2389,"tags_id":27844511}],"title":"Democrats must embrace shale gas boom to win elections and climate battle","url":"http://rssfeeds.usatoday.com/~/540722383/0/usatoday-newstopstories~Democrats-must-embrace-shale-gas-boom-to-win-elections-and-climate-battle/","word_count":null}]