[{"ap_syndicated":null,"collect_date":"2018-04-23 18:56:00.545449","feeds":null,"guid":"https://www.washingtonpost.com/business/utilities-will-pay-anything-for-an-invisible-friend-gadfly/2018/04/23/a96fe774-4722-11e8-8082-105a446d19b8_story.html","language":"en","media_id":2,"media_name":null,"media_url":null,"processed_stories_id":null,"publish_date":"2018-04-23 18:55:59","stories_id":856800544,"story_tags":[{"stories_id":856800544,"tag":"geonames_6252001","tag_set":"mc-geocoder@media.mit.edu","tag_sets_id":1011,"tags_id":8878461},{"stories_id":856800544,"tag":"geonames_4921868","tag_set":"mc-geocoder@media.mit.edu","tag_sets_id":1011,"tags_id":8878577},{"stories_id":856800544,"tag":"geonames_4257227","tag_set":"mc-geocoder@media.mit.edu","tag_sets_id":1011,"tags_id":8882204},{"stories_id":856800544,"tag":"readability-lxml-0.6.2","tag_set":"extractor_version","tag_sets_id":1354,"tags_id":9325058},{"stories_id":856800544,"tag":"nyt_labeller_v1.0.0","tag_set":"nyt_labels_version","tag_sets_id":1964,"tags_id":9360669},{"stories_id":856800544,"tag":"finances","tag_set":"nyt_labels","tag_sets_id":1963,"tags_id":9360840},{"stories_id":856800544,"tag":"energy and power","tag_set":"nyt_labels","tag_sets_id":1963,"tags_id":9360997},{"stories_id":856800544,"tag":"electric light and power","tag_set":"nyt_labels","tag_sets_id":1963,"tags_id":9361013},{"stories_id":856800544,"tag":"light","tag_set":"nyt_labels","tag_sets_id":1963,"tags_id":9361014},{"stories_id":856800544,"tag":"gas (fuel)","tag_set":"nyt_labels","tag_sets_id":1963,"tags_id":9361098},{"stories_id":856800544,"tag":"Bloomberg","tag_set":"cliff_organizations","tag_sets_id":2388,"tags_id":9363116},{"stories_id":856800544,"tag":"Financial Times","tag_set":"cliff_organizations","tag_sets_id":2388,"tags_id":9365104},{"stories_id":856800544,"tag":"Wall Street Journal","tag_set":"cliff_organizations","tag_sets_id":2388,"tags_id":9366539},{"stories_id":856800544,"tag":"Southern Co.","tag_set":"cliff_organizations","tag_sets_id":2388,"tags_id":9447911},{"stories_id":856800544,"tag":"Duke Energy Corp.","tag_set":"cliff_organizations","tag_sets_id":2388,"tags_id":9533077},{"stories_id":856800544,"tag":"Liam Denning","tag_set":"cliff_people","tag_sets_id":2389,"tags_id":9601107},{"stories_id":856800544,"tag":"CenterPoint Energy Inc.","tag_set":"cliff_organizations","tag_sets_id":2388,"tags_id":9647541},{"stories_id":856800544,"tag":"Chesapeake Utilities Corp.","tag_set":"cliff_organizations","tag_sets_id":2388,"tags_id":9686981},{"stories_id":856800544,"tag":"cliff_clavin_v2.4.1","tag_set":"geocoder_version","tag_sets_id":1937,"tags_id":9696677},{"stories_id":856800544,"tag":"Vectren","tag_set":"cliff_organizations","tag_sets_id":2388,"tags_id":9746276},{"stories_id":856800544,"tag":"CenterPoint","tag_set":"cliff_organizations","tag_sets_id":2388,"tags_id":9761398},{"stories_id":856800544,"tag":"Midstream Partners LP","tag_set":"cliff_organizations","tag_sets_id":2388,"tags_id":10132248},{"stories_id":856800544,"tag":"master limited partnership","tag_set":"cliff_organizations","tag_sets_id":2388,"tags_id":27762288},{"stories_id":856800544,"tag":"Vectren Corp.","tag_set":"cliff_organizations","tag_sets_id":2388,"tags_id":33042923}],"title":"Utilities Will Pay Anything for an Invisible Friend: Gadfly","url":"https://www.washingtonpost.com/business/utilities-will-pay-anything-for-an-invisible-friend-gadfly/2018/04/23/a96fe774-4722-11e8-8082-105a446d19b8_story.html","word_count":null}]