[{"ap_syndicated":null,"collect_date":"2018-05-16 04:09:47.001363","feeds":null,"guid":"https://www.nytimes.com/2018/05/16/learning/teaching-activities-for-the-world-wants-air-conditioning-that-could-warm-the-world.html","language":"en","media_id":1,"media_name":null,"media_url":null,"processed_stories_id":null,"publish_date":"2018-05-16 08:00:02","stories_id":876059265,"story_tags":[{"stories_id":876059265,"tag":"geonames_6252001","tag_set":"mc-geocoder@media.mit.edu","tag_sets_id":1011,"tags_id":8878461},{"stories_id":876059265,"tag":"geonames_4155751","tag_set":"mc-geocoder@media.mit.edu","tag_sets_id":1011,"tags_id":8878477},{"stories_id":876059265,"tag":"geonames_4164138","tag_set":"mc-geocoder@media.mit.edu","tag_sets_id":1011,"tags_id":8878539},{"stories_id":876059265,"tag":"geonames_1269750","tag_set":"mc-geocoder@media.mit.edu","tag_sets_id":1011,"tags_id":8878677},{"stories_id":876059265,"tag":"readability-lxml-0.6.2","tag_set":"extractor_version","tag_sets_id":1354,"tags_id":9325058},{"stories_id":876059265,"tag":"nyt_labeller_v1.0.0","tag_set":"nyt_labels_version","tag_sets_id":1964,"tags_id":9360669},{"stories_id":876059265,"tag":"global warming","tag_set":"nyt_labels","tag_sets_id":1963,"tags_id":9360886},{"stories_id":876059265,"tag":"weather","tag_set":"nyt_labels","tag_sets_id":1963,"tags_id":9360902},{"stories_id":876059265,"tag":"International Energy Agency","tag_set":"cliff_organizations","tag_sets_id":2388,"tags_id":9387130},{"stories_id":876059265,"tag":"cliff_clavin_v2.4.1","tag_set":"geocoder_version","tag_sets_id":1937,"tags_id":9696677}],"title":"Teaching Activities for: ‘The World Wants Air-Conditioning. That Could Warm the World.’","url":"https://www.nytimes.com/2018/05/16/learning/teaching-activities-for-the-world-wants-air-conditioning-that-could-warm-the-world.html","word_count":null}]