[{"ap_syndicated":null,"collect_date":"2018-05-25 06:44:23.471109","feeds":null,"guid":"SB12759181689611753879004584244164266701206","language":"en","media_id":1150,"media_name":null,"media_url":null,"processed_stories_id":null,"publish_date":"2018-05-25 05:30:06","stories_id":884184968,"story_tags":[{"stories_id":884184968,"tag":"geonames_3686110","tag_set":"mc-geocoder@media.mit.edu","tag_sets_id":1011,"tags_id":8878514},{"stories_id":884184968,"tag":"geonames_3688689","tag_set":"mc-geocoder@media.mit.edu","tag_sets_id":1011,"tags_id":8880684},{"stories_id":884184968,"tag":"geonames_3688685","tag_set":"mc-geocoder@media.mit.edu","tag_sets_id":1011,"tags_id":8887678},{"stories_id":884184968,"tag":"readability-lxml-0.6.2","tag_set":"extractor_version","tag_sets_id":1354,"tags_id":9325058},{"stories_id":884184968,"tag":"nyt_labeller_v1.0.0","tag_set":"nyt_labels_version","tag_sets_id":1964,"tags_id":9360669},{"stories_id":884184968,"tag":"politics and government","tag_set":"nyt_labels","tag_sets_id":1963,"tags_id":9360836},{"stories_id":884184968,"tag":"united states politics and government","tag_set":"nyt_labels","tag_sets_id":1963,"tags_id":9360846},{"stories_id":884184968,"tag":"elections","tag_set":"nyt_labels","tag_sets_id":1963,"tags_id":9360851},{"stories_id":884184968,"tag":"civil war and guerrilla warfare","tag_set":"nyt_labels","tag_sets_id":1963,"tags_id":9361204},{"stories_id":884184968,"tag":"United Nations","tag_set":"cliff_organizations","tag_sets_id":2388,"tags_id":9362785},{"stories_id":884184968,"tag":"Juan Manuel Santos","tag_set":"cliff_people","tag_sets_id":2389,"tags_id":9363161},{"stories_id":884184968,"tag":"Nicolás Maduro","tag_set":"cliff_people","tag_sets_id":2389,"tags_id":9363774},{"stories_id":884184968,"tag":"Gustavo Petro","tag_set":"cliff_people","tag_sets_id":2389,"tags_id":9366252},{"stories_id":884184968,"tag":"Hugo Chávez","tag_set":"cliff_people","tag_sets_id":2389,"tags_id":9366514},{"stories_id":884184968,"tag":"congress","tag_set":"cliff_organizations","tag_sets_id":2388,"tags_id":9367430},{"stories_id":884184968,"tag":"FARC","tag_set":"cliff_organizations","tag_sets_id":2388,"tags_id":9370549},{"stories_id":884184968,"tag":"Álvaro Uribe","tag_set":"cliff_people","tag_sets_id":2389,"tags_id":9374842},{"stories_id":884184968,"tag":"Francisco Miranda","tag_set":"cliff_people","tag_sets_id":2389,"tags_id":9381290},{"stories_id":884184968,"tag":"Duque","tag_set":"cliff_people","tag_sets_id":2389,"tags_id":9602382},{"stories_id":884184968,"tag":"Eric Farnsworth","tag_set":"cliff_people","tag_sets_id":2389,"tags_id":9622095},{"stories_id":884184968,"tag":"cliff_clavin_v2.4.1","tag_set":"geocoder_version","tag_sets_id":1937,"tags_id":9696677},{"stories_id":884184968,"tag":"presidential palace","tag_set":"cliff_organizations","tag_sets_id":2388,"tags_id":9738785},{"stories_id":884184968,"tag":"Council of the Americas","tag_set":"cliff_organizations","tag_sets_id":2388,"tags_id":9783948},{"stories_id":884184968,"tag":"Humberto de la Calle","tag_set":"cliff_people","tag_sets_id":2389,"tags_id":10182149},{"stories_id":884184968,"tag":"Sergio Fajardo","tag_set":"cliff_people","tag_sets_id":2389,"tags_id":11102302},{"stories_id":884184968,"tag":"inter-American Development Bank","tag_set":"cliff_organizations","tag_sets_id":2388,"tags_id":11378959},{"stories_id":884184968,"tag":"Daniel Castellanos","tag_set":"cliff_people","tag_sets_id":2389,"tags_id":29390950},{"stories_id":884184968,"tag":"Alfonso Cuellar","tag_set":"cliff_people","tag_sets_id":2389,"tags_id":32756913},{"stories_id":884184968,"tag":"Germán Vargas","tag_set":"cliff_people","tag_sets_id":2389,"tags_id":56106953},{"stories_id":884184968,"tag":"Geovanny Porras","tag_set":"cliff_people","tag_sets_id":2389,"tags_id":63520269},{"stories_id":884184968,"tag":"Sebastián Uribe","tag_set":"cliff_people","tag_sets_id":2389,"tags_id":63520270}],"title":"Colombia's Top Presidential Hopefuls: Ex-Rebel or Critic of Peace Pact With Rebels","url":"https://www.wsj.com/articles/colombias-top-presidential-hopefuls-ex-rebel-or-critic-of-peace-pact-with-rebels-1527240601?mod=fox_australian","word_count":null}]