[{"ap_syndicated":null,"collect_date":"2018-09-26 03:11:13.629136","feeds":null,"guid":"https://www.washingtonpost.com/business/how-the-climate-change-debate-has-shifted-not-ended-quicktake/2018/09/26/5ab007e0-c157-11e8-9f4f-a1b7af255aa5_story.html","language":"en","media_id":2,"media_name":null,"media_url":null,"processed_stories_id":null,"publish_date":"2018-09-26 00:00:04","stories_id":1003325051,"story_tags":[{"stories_id":1003325051,"tag":"geonames_6252001","tag_set":"mc-geocoder@media.mit.edu","tag_sets_id":1011,"tags_id":8878461},{"stories_id":1003325051,"tag":"geonames_4736286","tag_set":"mc-geocoder@media.mit.edu","tag_sets_id":1011,"tags_id":8878538},{"stories_id":1003325051,"tag":"geonames_4717560","tag_set":"mc-geocoder@media.mit.edu","tag_sets_id":1011,"tags_id":8883238},{"stories_id":1003325051,"tag":"readability-lxml-0.6.2","tag_set":"extractor_version","tag_sets_id":1354,"tags_id":9325058},{"stories_id":1003325051,"tag":"nyt_labeller_v1.0.0","tag_set":"nyt_labels_version","tag_sets_id":1964,"tags_id":9360669},{"stories_id":1003325051,"tag":"oil (petroleum) and gasoline","tag_set":"nyt_labels","tag_sets_id":1963,"tags_id":9360884},{"stories_id":1003325051,"tag":"global warming","tag_set":"nyt_labels","tag_sets_id":1963,"tags_id":9360886},{"stories_id":1003325051,"tag":"environment","tag_set":"nyt_labels","tag_sets_id":1963,"tags_id":9360887},{"stories_id":1003325051,"tag":"weather","tag_set":"nyt_labels","tag_sets_id":1963,"tags_id":9360902},{"stories_id":1003325051,"tag":"energy and power","tag_set":"nyt_labels","tag_sets_id":1963,"tags_id":9360997},{"stories_id":1003325051,"tag":"air pollution","tag_set":"nyt_labels","tag_sets_id":1963,"tags_id":9361007},{"stories_id":1003325051,"tag":"electric light and power","tag_set":"nyt_labels","tag_sets_id":1963,"tags_id":9361013},{"stories_id":1003325051,"tag":"light","tag_set":"nyt_labels","tag_sets_id":1963,"tags_id":9361014},{"stories_id":1003325051,"tag":"Donald Trump","tag_set":"cliff_people","tag_sets_id":2389,"tags_id":9362284},{"stories_id":1003325051,"tag":"New York Times","tag_set":"cliff_organizations","tag_sets_id":2388,"tags_id":9362756},{"stories_id":1003325051,"tag":"United Nations","tag_set":"cliff_organizations","tag_sets_id":2388,"tags_id":9362785},{"stories_id":1003325051,"tag":"European Union","tag_set":"cliff_organizations","tag_sets_id":2388,"tags_id":9362999},{"stories_id":1003325051,"tag":"Bloomberg","tag_set":"cliff_organizations","tag_sets_id":2388,"tags_id":9363116},{"stories_id":1003325051,"tag":"Justin Trudeau","tag_set":"cliff_people","tag_sets_id":2389,"tags_id":9363252},{"stories_id":1003325051,"tag":"Malcolm Turnbull","tag_set":"cliff_people","tag_sets_id":2389,"tags_id":9365329},{"stories_id":1003325051,"tag":"International Finance Corporation","tag_set":"cliff_organizations","tag_sets_id":2388,"tags_id":9367844},{"stories_id":1003325051,"tag":"Harvey","tag_set":"cliff_people","tag_sets_id":2389,"tags_id":9368946},{"stories_id":1003325051,"tag":"Bloomberg News","tag_set":"cliff_organizations","tag_sets_id":2388,"tags_id":9377578},{"stories_id":1003325051,"tag":"Michael R. Bloomberg","tag_set":"cliff_people","tag_sets_id":2389,"tags_id":9394935},{"stories_id":1003325051,"tag":"Bloomberg LP","tag_set":"cliff_organizations","tag_sets_id":2388,"tags_id":9451703},{"stories_id":1003325051,"tag":"Bloomberg L.P.","tag_set":"cliff_organizations","tag_sets_id":2388,"tags_id":9468902},{"stories_id":1003325051,"tag":"Leah Harrison","tag_set":"cliff_people","tag_sets_id":2389,"tags_id":9541241},{"stories_id":1003325051,"tag":"Reed Landberg","tag_set":"cliff_people","tag_sets_id":2389,"tags_id":9563859},{"stories_id":1003325051,"tag":"Eric Roston","tag_set":"cliff_people","tag_sets_id":2389,"tags_id":9676934},{"stories_id":1003325051,"tag":"cliff_clavin_v2.4.1","tag_set":"geocoder_version","tag_sets_id":1937,"tags_id":9696677},{"stories_id":1003325051,"tag":"John O’Neil","tag_set":"cliff_people","tag_sets_id":2389,"tags_id":10300037}],"title":"How the Climate-Change Debate Has Shifted, Not Ended: QuickTake","url":"https://www.washingtonpost.com/business/how-the-climate-change-debate-has-shifted-not-ended-quicktake/2018/09/26/5ab007e0-c157-11e8-9f4f-a1b7af255aa5_story.html","word_count":null}]