[{"ap_syndicated":null,"collect_date":"2018-10-04 19:42:19.528406","feeds":null,"guid":"http://nypost.com/?post_type=article&p=13033057","language":"en","media_id":7,"media_name":null,"media_url":null,"processed_stories_id":null,"publish_date":"2018-10-04 19:14:00","stories_id":1014081032,"story_tags":[{"stories_id":1014081032,"tag":"geonames_1814991","tag_set":"mc-geocoder@media.mit.edu","tag_sets_id":1011,"tags_id":8878478},{"stories_id":1014081032,"tag":"geonames_5332921","tag_set":"mc-geocoder@media.mit.edu","tag_sets_id":1011,"tags_id":8878533},{"stories_id":1014081032,"tag":"geonames_1816670","tag_set":"mc-geocoder@media.mit.edu","tag_sets_id":1011,"tags_id":8878606},{"stories_id":1014081032,"tag":"geonames_5392171","tag_set":"mc-geocoder@media.mit.edu","tag_sets_id":1011,"tags_id":8880693},{"stories_id":1014081032,"tag":"nyt_labeller_v1.0.0","tag_set":"nyt_labels_version","tag_sets_id":1964,"tags_id":9360669},{"stories_id":1014081032,"tag":"politics and government","tag_set":"nyt_labels","tag_sets_id":1963,"tags_id":9360836},{"stories_id":1014081032,"tag":"computers and the internet","tag_set":"nyt_labels","tag_sets_id":1963,"tags_id":9360839},{"stories_id":1014081032,"tag":"armament, defense and military forces","tag_set":"nyt_labels","tag_sets_id":1963,"tags_id":9360868},{"stories_id":1014081032,"tag":"computer chips","tag_set":"nyt_labels","tag_sets_id":1963,"tags_id":9361306},{"stories_id":1014081032,"tag":"Trump","tag_set":"cliff_people","tag_sets_id":2389,"tags_id":9362872},{"stories_id":1014081032,"tag":"Mike Pence","tag_set":"cliff_people","tag_sets_id":2389,"tags_id":9362945},{"stories_id":1014081032,"tag":"Bloomberg","tag_set":"cliff_organizations","tag_sets_id":2388,"tags_id":9363116},{"stories_id":1014081032,"tag":"Defense Department","tag_set":"cliff_organizations","tag_sets_id":2388,"tags_id":9363440},{"stories_id":1014081032,"tag":"National Security Agency","tag_set":"cliff_organizations","tag_sets_id":2388,"tags_id":9364270},{"stories_id":1014081032,"tag":"American Enterprise Institute","tag_set":"cliff_organizations","tag_sets_id":2388,"tags_id":9364477},{"stories_id":1014081032,"tag":"Chinese Communist Party","tag_set":"cliff_organizations","tag_sets_id":2388,"tags_id":9365349},{"stories_id":1014081032,"tag":"Amazon","tag_set":"cliff_organizations","tag_sets_id":2388,"tags_id":9366535},{"stories_id":1014081032,"tag":"Apple","tag_set":"cliff_organizations","tag_sets_id":2388,"tags_id":9367295},{"stories_id":1014081032,"tag":"Bloomberg Businessweek","tag_set":"cliff_organizations","tag_sets_id":2388,"tags_id":9403951},{"stories_id":1014081032,"tag":"Defense Science Board","tag_set":"cliff_organizations","tag_sets_id":2388,"tags_id":9480775},{"stories_id":1014081032,"tag":"Keith Alexander","tag_set":"cliff_people","tag_sets_id":2389,"tags_id":9489058},{"stories_id":1014081032,"tag":"Zack Cooper","tag_set":"cliff_people","tag_sets_id":2389,"tags_id":9658239},{"stories_id":1014081032,"tag":"cliff_clavin_v2.4.1","tag_set":"geocoder_version","tag_sets_id":1937,"tags_id":9696677},{"stories_id":1014081032,"tag":"Super Micro Computer Inc.","tag_set":"cliff_organizations","tag_sets_id":2388,"tags_id":28890902},{"stories_id":1014081032,"tag":"readability-lxml-0.7","tag_set":"extractor_version","tag_sets_id":1354,"tags_id":81092444}],"title":"China’s latest cyber offensive — and what to do about it","url":"https://nypost.com/2018/10/04/chinas-latest-cyber-offensive-and-what-to-do-about-it/","word_count":null}]