[{"ap_syndicated":null,"collect_date":"2018-10-20 05:27:50.305068","feeds":null,"guid":"SB11862343707286844586204584534200185311902","language":"en","media_id":1150,"media_name":null,"media_url":null,"processed_stories_id":null,"publish_date":"2018-10-19 19:32:28","stories_id":1034213186,"story_tags":[{"stories_id":1034213186,"tag":"geonames_6252001","tag_set":"mc-geocoder@media.mit.edu","tag_sets_id":1011,"tags_id":8878461},{"stories_id":1034213186,"tag":"geonames_5509151","tag_set":"mc-geocoder@media.mit.edu","tag_sets_id":1011,"tags_id":8879111},{"stories_id":1034213186,"tag":"nyt_labeller_v1.0.0","tag_set":"nyt_labels_version","tag_sets_id":1964,"tags_id":9360669},{"stories_id":1034213186,"tag":"politics and government","tag_set":"nyt_labels","tag_sets_id":1963,"tags_id":9360836},{"stories_id":1034213186,"tag":"law and legislation","tag_set":"nyt_labels","tag_sets_id":1963,"tags_id":9360837},{"stories_id":1034213186,"tag":"elections","tag_set":"nyt_labels","tag_sets_id":1963,"tags_id":9360851},{"stories_id":1034213186,"tag":"referendums","tag_set":"nyt_labels","tag_sets_id":1963,"tags_id":9360979},{"stories_id":1034213186,"tag":"energy and power","tag_set":"nyt_labels","tag_sets_id":1963,"tags_id":9360997},{"stories_id":1034213186,"tag":"electric light and power","tag_set":"nyt_labels","tag_sets_id":1963,"tags_id":9361013},{"stories_id":1034213186,"tag":"light","tag_set":"nyt_labels","tag_sets_id":1963,"tags_id":9361014},{"stories_id":1034213186,"tag":"Donald Trump","tag_set":"cliff_people","tag_sets_id":2389,"tags_id":9362284},{"stories_id":1034213186,"tag":"Senate","tag_set":"cliff_organizations","tag_sets_id":2388,"tags_id":9362741},{"stories_id":1034213186,"tag":"Tom Steyer","tag_set":"cliff_people","tag_sets_id":2389,"tags_id":9458539},{"stories_id":1034213186,"tag":"cliff_clavin_v2.4.1","tag_set":"geocoder_version","tag_sets_id":1937,"tags_id":9696677},{"stories_id":1034213186,"tag":"readability-lxml-0.7","tag_set":"extractor_version","tag_sets_id":1354,"tags_id":81092444}],"title":"Tom Steyer's Energy Orders","url":"https://www.wsj.com/articles/tom-steyers-energy-orders-1539990945?mod=rss_opinion_main","word_count":null}]