[{"ap_syndicated":null,"collect_date":"2018-11-07 05:11:48.151257","feeds":null,"guid":"https://www.nytimes.com/2018/11/07/us/politics/election-history-firsts-blackburn-pressley.html","language":"en","media_id":1,"media_name":null,"media_url":null,"processed_stories_id":null,"publish_date":"2018-11-07 04:46:04","stories_id":1061618664,"story_tags":[{"stories_id":1061618664,"tag":"geonames_6252001","tag_set":"mc-geocoder@media.mit.edu","tag_sets_id":1011,"tags_id":8878461},{"stories_id":1061618664,"tag":"geonames_5128638","tag_set":"mc-geocoder@media.mit.edu","tag_sets_id":1011,"tags_id":8878463},{"stories_id":1061618664,"tag":"geonames_4662168","tag_set":"mc-geocoder@media.mit.edu","tag_sets_id":1011,"tags_id":8878725},{"stories_id":1061618664,"tag":"geonames_4612862","tag_set":"mc-geocoder@media.mit.edu","tag_sets_id":1011,"tags_id":8879346},{"stories_id":1061618664,"tag":"geonames_5768233","tag_set":"mc-geocoder@media.mit.edu","tag_sets_id":1011,"tags_id":8885591},{"stories_id":1061618664,"tag":"geonames_5110266","tag_set":"mc-geocoder@media.mit.edu","tag_sets_id":1011,"tags_id":8894411},{"stories_id":1061618664,"tag":"nyt_labeller_v1.0.0","tag_set":"nyt_labels_version","tag_sets_id":1964,"tags_id":9360669},{"stories_id":1061618664,"tag":"politics and government","tag_set":"nyt_labels","tag_sets_id":1963,"tags_id":9360836},{"stories_id":1061618664,"tag":"united states politics and government","tag_set":"nyt_labels","tag_sets_id":1963,"tags_id":9360846},{"stories_id":1061618664,"tag":"elections","tag_set":"nyt_labels","tag_sets_id":1963,"tags_id":9360851},{"stories_id":1061618664,"tag":"women","tag_set":"nyt_labels","tag_sets_id":1963,"tags_id":9360892},{"stories_id":1061618664,"tag":"White House","tag_set":"cliff_organizations","tag_sets_id":2388,"tags_id":9362736},{"stories_id":1061618664,"tag":"Senate","tag_set":"cliff_organizations","tag_sets_id":2388,"tags_id":9362741},{"stories_id":1061618664,"tag":"Trump","tag_set":"cliff_people","tag_sets_id":2389,"tags_id":9362872},{"stories_id":1061618664,"tag":"Mike Pence","tag_set":"cliff_people","tag_sets_id":2389,"tags_id":9362945},{"stories_id":1061618664,"tag":"Congress","tag_set":"cliff_organizations","tag_sets_id":2388,"tags_id":9362962},{"stories_id":1061618664,"tag":"House of Representatives","tag_set":"cliff_organizations","tag_sets_id":2388,"tags_id":9363212},{"stories_id":1061618664,"tag":"Medicare","tag_set":"cliff_organizations","tag_sets_id":2388,"tags_id":9364657},{"stories_id":1061618664,"tag":"Ilhan Omar","tag_set":"cliff_people","tag_sets_id":2389,"tags_id":9365667},{"stories_id":1061618664,"tag":"Marsha Blackburn","tag_set":"cliff_people","tag_sets_id":2389,"tags_id":9429051},{"stories_id":1061618664,"tag":"Jared Polis","tag_set":"cliff_people","tag_sets_id":2389,"tags_id":9460032},{"stories_id":1061618664,"tag":"Debra Haaland","tag_set":"cliff_people","tag_sets_id":2389,"tags_id":9528821},{"stories_id":1061618664,"tag":"Kristi Noem","tag_set":"cliff_people","tag_sets_id":2389,"tags_id":9553544},{"stories_id":1061618664,"tag":"Janet Mills","tag_set":"cliff_people","tag_sets_id":2389,"tags_id":9623019},{"stories_id":1061618664,"tag":"cliff_clavin_v2.4.1","tag_set":"geocoder_version","tag_sets_id":1937,"tags_id":9696677},{"stories_id":1061618664,"tag":"Ayanna Pressley","tag_set":"cliff_people","tag_sets_id":2389,"tags_id":10075461},{"stories_id":1061618664,"tag":"Rashida Tlaib","tag_set":"cliff_people","tag_sets_id":2389,"tags_id":10117183},{"stories_id":1061618664,"tag":"Sharice Davids","tag_set":"cliff_people","tag_sets_id":2389,"tags_id":10251956},{"stories_id":1061618664,"tag":"readability-lxml-0.7","tag_set":"extractor_version","tag_sets_id":1354,"tags_id":81092444}],"title":"Diverse Candidates Make History in Midterm Elections","url":"https://www.nytimes.com/2018/11/07/us/politics/election-history-firsts-blackburn-pressley.html?partner=rss&emc=rss","word_count":null}]