[{"ap_syndicated":null,"collect_date":"2018-12-03 15:39:09.203353","feeds":null,"guid":"https://nypost.com/2018/12/03/un-chief-calls-climate-change-most-important-issue-we-face/","language":"en","media_id":7,"media_name":null,"media_url":null,"processed_stories_id":null,"publish_date":"2018-12-03 15:08:36","stories_id":1106204419,"story_tags":[{"stories_id":1106204419,"tag":"geonames_6252001","tag_set":"mc-geocoder@media.mit.edu","tag_sets_id":1011,"tags_id":8878461},{"stories_id":1106204419,"tag":"geonames_4736286","tag_set":"mc-geocoder@media.mit.edu","tag_sets_id":1011,"tags_id":8878538},{"stories_id":1106204419,"tag":"geonames_4717560","tag_set":"mc-geocoder@media.mit.edu","tag_sets_id":1011,"tags_id":8883238},{"stories_id":1106204419,"tag":"nyt_labeller_v1.0.0","tag_set":"nyt_labels_version","tag_sets_id":1964,"tags_id":9360669},{"stories_id":1106204419,"tag":"global warming","tag_set":"nyt_labels","tag_sets_id":1963,"tags_id":9360886},{"stories_id":1106204419,"tag":"environment","tag_set":"nyt_labels","tag_sets_id":1963,"tags_id":9360887},{"stories_id":1106204419,"tag":"weather","tag_set":"nyt_labels","tag_sets_id":1963,"tags_id":9360902},{"stories_id":1106204419,"tag":"air pollution","tag_set":"nyt_labels","tag_sets_id":1963,"tags_id":9361007},{"stories_id":1106204419,"tag":"Donald Trump","tag_set":"cliff_people","tag_sets_id":2389,"tags_id":9362284},{"stories_id":1106204419,"tag":"Associated Press","tag_set":"cliff_organizations","tag_sets_id":2388,"tags_id":9362784},{"stories_id":1106204419,"tag":"UN","tag_set":"cliff_organizations","tag_sets_id":2388,"tags_id":9362786},{"stories_id":1106204419,"tag":"Angela Merkel","tag_set":"cliff_people","tag_sets_id":2389,"tags_id":9363560},{"stories_id":1106204419,"tag":"Antonio Guterres","tag_set":"cliff_people","tag_sets_id":2389,"tags_id":9364607},{"stories_id":1106204419,"tag":"Andrzej Duda","tag_set":"cliff_people","tag_sets_id":2389,"tags_id":9386030},{"stories_id":1106204419,"tag":"Arnold Schwarzenegger","tag_set":"cliff_people","tag_sets_id":2389,"tags_id":9391108},{"stories_id":1106204419,"tag":"David Attenborough","tag_set":"cliff_people","tag_sets_id":2389,"tags_id":9396394},{"stories_id":1106204419,"tag":"Frank Bainimarama","tag_set":"cliff_people","tag_sets_id":2389,"tags_id":9423371},{"stories_id":1106204419,"tag":"cliff_clavin_v2.4.1","tag_set":"geocoder_version","tag_sets_id":1937,"tags_id":9696677},{"stories_id":1106204419,"tag":"Greta Thunberg","tag_set":"cliff_people","tag_sets_id":2389,"tags_id":73335219},{"stories_id":1106204419,"tag":"readability-lxml-0.7","tag_set":"extractor_version","tag_sets_id":1354,"tags_id":81092444}],"title":"UN chief calls climate change &#8216;most important issue we face&#8217;","url":"https://nypost.com/2018/12/03/un-chief-calls-climate-change-most-important-issue-we-face/","word_count":null}]