[{"ap_syndicated":null,"collect_date":"2018-12-04 09:30:07.329770","feeds":null,"guid":"https://www.washingtonpost.com/news/powerpost/paloma/the-energy-202/2018/12/04/the-energy-202-how-george-h-w-bush-helped-turn-acid-rain-into-a-problem-of-yesteryear/5c0590001b326b60d12800f2/","language":"en","media_id":2,"media_name":null,"media_url":null,"processed_stories_id":null,"publish_date":"2018-12-04 08:44:52","stories_id":1107701939,"story_tags":[{"stories_id":1107701939,"tag":"geonames_6252001","tag_set":"mc-geocoder@media.mit.edu","tag_sets_id":1011,"tags_id":8878461},{"stories_id":1107701939,"tag":"geonames_5815135","tag_set":"mc-geocoder@media.mit.edu","tag_sets_id":1011,"tags_id":8878481},{"stories_id":1107701939,"tag":"geonames_5391811","tag_set":"mc-geocoder@media.mit.edu","tag_sets_id":1011,"tags_id":8878710},{"stories_id":1107701939,"tag":"geonames_5788539","tag_set":"mc-geocoder@media.mit.edu","tag_sets_id":1011,"tags_id":9025537},{"stories_id":1107701939,"tag":"nyt_labeller_v1.0.0","tag_set":"nyt_labels_version","tag_sets_id":1964,"tags_id":9360669},{"stories_id":1107701939,"tag":"politics and government","tag_set":"nyt_labels","tag_sets_id":1963,"tags_id":9360836},{"stories_id":1107701939,"tag":"united states politics and government","tag_set":"nyt_labels","tag_sets_id":1963,"tags_id":9360846},{"stories_id":1107701939,"tag":"elections","tag_set":"nyt_labels","tag_sets_id":1963,"tags_id":9360851},{"stories_id":1107701939,"tag":"presidents and presidency (us)","tag_set":"nyt_labels","tag_sets_id":1963,"tags_id":9360853},{"stories_id":1107701939,"tag":"presidential elections (us)","tag_set":"nyt_labels","tag_sets_id":1963,"tags_id":9360854},{"stories_id":1107701939,"tag":"global warming","tag_set":"nyt_labels","tag_sets_id":1963,"tags_id":9360886},{"stories_id":1107701939,"tag":"environment","tag_set":"nyt_labels","tag_sets_id":1963,"tags_id":9360887},{"stories_id":1107701939,"tag":"weather","tag_set":"nyt_labels","tag_sets_id":1963,"tags_id":9360902},{"stories_id":1107701939,"tag":"energy and power","tag_set":"nyt_labels","tag_sets_id":1963,"tags_id":9360997},{"stories_id":1107701939,"tag":"air pollution","tag_set":"nyt_labels","tag_sets_id":1963,"tags_id":9361007},{"stories_id":1107701939,"tag":"electric light and power","tag_set":"nyt_labels","tag_sets_id":1963,"tags_id":9361013},{"stories_id":1107701939,"tag":"light","tag_set":"nyt_labels","tag_sets_id":1963,"tags_id":9361014},{"stories_id":1107701939,"tag":"Reuters","tag_set":"cliff_organizations","tag_sets_id":2388,"tags_id":9362267},{"stories_id":1107701939,"tag":"Supreme Court","tag_set":"cliff_organizations","tag_sets_id":2388,"tags_id":9362719},{"stories_id":1107701939,"tag":"National Economic Council","tag_set":"cliff_organizations","tag_sets_id":2388,"tags_id":9362731},{"stories_id":1107701939,"tag":"White House","tag_set":"cliff_organizations","tag_sets_id":2388,"tags_id":9362736},{"stories_id":1107701939,"tag":"Senate","tag_set":"cliff_organizations","tag_sets_id":2388,"tags_id":9362741},{"stories_id":1107701939,"tag":"Bernie Sanders","tag_set":"cliff_people","tag_sets_id":2389,"tags_id":9362750},{"stories_id":1107701939,"tag":"Barack Obama","tag_set":"cliff_people","tag_sets_id":2389,"tags_id":9362763},{"stories_id":1107701939,"tag":"Associated Press","tag_set":"cliff_organizations","tag_sets_id":2388,"tags_id":9362784},{"stories_id":1107701939,"tag":"Trump","tag_set":"cliff_people","tag_sets_id":2389,"tags_id":9362872},{"stories_id":1107701939,"tag":"AP","tag_set":"cliff_organizations","tag_sets_id":2388,"tags_id":9362920},{"stories_id":1107701939,"tag":"GOP","tag_set":"cliff_organizations","tag_sets_id":2388,"tags_id":9362923},{"stories_id":1107701939,"tag":"Exxon","tag_set":"cliff_organizations","tag_sets_id":2388,"tags_id":9362930},{"stories_id":1107701939,"tag":"Congress","tag_set":"cliff_organizations","tag_sets_id":2388,"tags_id":9362962},{"stories_id":1107701939,"tag":"Bloomberg","tag_set":"cliff_organizations","tag_sets_id":2388,"tags_id":9363116},{"stories_id":1107701939,"tag":"Bill Clinton","tag_set":"cliff_people","tag_sets_id":2389,"tags_id":9363221},{"stories_id":1107701939,"tag":"Post","tag_set":"cliff_organizations","tag_sets_id":2388,"tags_id":9363250},{"stories_id":1107701939,"tag":"U.N.","tag_set":"cliff_organizations","tag_sets_id":2388,"tags_id":9363619},{"stories_id":1107701939,"tag":"Shell","tag_set":"cliff_organizations","tag_sets_id":2388,"tags_id":9363630},{"stories_id":1107701939,"tag":"Environmental Protection Agency","tag_set":"cliff_organizations","tag_sets_id":2388,"tags_id":9363956},{"stories_id":1107701939,"tag":"EPA","tag_set":"cliff_organizations","tag_sets_id":2388,"tags_id":9364166},{"stories_id":1107701939,"tag":"NASA","tag_set":"cliff_organizations","tag_sets_id":2388,"tags_id":9364494},{"stories_id":1107701939,"tag":"Brookings Institution","tag_set":"cliff_organizations","tag_sets_id":2388,"tags_id":9365025},{"stories_id":1107701939,"tag":"Reagan","tag_set":"cliff_people","tag_sets_id":2389,"tags_id":9365068},{"stories_id":1107701939,"tag":"the Associated Press","tag_set":"cliff_organizations","tag_sets_id":2388,"tags_id":9366284},{"stories_id":1107701939,"tag":"George H.W. Bush","tag_set":"cliff_people","tag_sets_id":2389,"tags_id":9366345},{"stories_id":1107701939,"tag":"George Bush","tag_set":"cliff_people","tag_sets_id":2389,"tags_id":9366833},{"stories_id":1107701939,"tag":"Yale University","tag_set":"cliff_organizations","tag_sets_id":2388,"tags_id":9370441},{"stories_id":1107701939,"tag":"Steven Mufson","tag_set":"cliff_people","tag_sets_id":2389,"tags_id":9374763},{"stories_id":1107701939,"tag":"OPEC","tag_set":"cliff_organizations","tag_sets_id":2388,"tags_id":9375035},{"stories_id":1107701939,"tag":"Bloomberg News","tag_set":"cliff_organizations","tag_sets_id":2388,"tags_id":9377578},{"stories_id":1107701939,"tag":"Hart Senate","tag_set":"cliff_organizations","tag_sets_id":2388,"tags_id":9384826},{"stories_id":1107701939,"tag":"Bangor Daily News","tag_set":"cliff_organizations","tag_sets_id":2388,"tags_id":9386673},{"stories_id":1107701939,"tag":"Royal Dutch Shell","tag_set":"cliff_organizations","tag_sets_id":2388,"tags_id":9388915},{"stories_id":1107701939,"tag":"Environmental Defense Fund","tag_set":"cliff_organizations","tag_sets_id":2388,"tags_id":9394163},{"stories_id":1107701939,"tag":"National Oceanic and Atmospheric Administration","tag_set":"cliff_organizations","tag_sets_id":2388,"tags_id":9394166},{"stories_id":1107701939,"tag":"IEA","tag_set":"cliff_organizations","tag_sets_id":2388,"tags_id":9395763},{"stories_id":1107701939,"tag":"Senate Environment and Public Works Committee","tag_set":"cliff_organizations","tag_sets_id":2388,"tags_id":9398491},{"stories_id":1107701939,"tag":"Larry Kudlow","tag_set":"cliff_people","tag_sets_id":2389,"tags_id":9398636},{"stories_id":1107701939,"tag":"Ben van Beurden","tag_set":"cliff_people","tag_sets_id":2389,"tags_id":9410490},{"stories_id":1107701939,"tag":"Tamim bin Hamad Al Thani","tag_set":"cliff_people","tag_sets_id":2389,"tags_id":9421081},{"stories_id":1107701939,"tag":"William Nordhaus","tag_set":"cliff_people","tag_sets_id":2389,"tags_id":9437058},{"stories_id":1107701939,"tag":"James Hansen","tag_set":"cliff_people","tag_sets_id":2389,"tags_id":9437059},{"stories_id":1107701939,"tag":"George J. Mitchell","tag_set":"cliff_people","tag_sets_id":2389,"tags_id":9460387},{"stories_id":1107701939,"tag":"Fred Krupp","tag_set":"cliff_people","tag_sets_id":2389,"tags_id":9499371},{"stories_id":1107701939,"tag":"William K. Reilly","tag_set":"cliff_people","tag_sets_id":2389,"tags_id":9539217},{"stories_id":1107701939,"tag":"Matt Rogers","tag_set":"cliff_people","tag_sets_id":2389,"tags_id":9562392},{"stories_id":1107701939,"tag":"Hamza Shaban","tag_set":"cliff_people","tag_sets_id":2389,"tags_id":9581275},{"stories_id":1107701939,"tag":"cliff_clavin_v2.4.1","tag_set":"geocoder_version","tag_sets_id":1937,"tags_id":9696677},{"stories_id":1107701939,"tag":"Photo/Czarek Sokolowski","tag_set":"cliff_people","tag_sets_id":2389,"tags_id":9700332},{"stories_id":1107701939,"tag":"Monica Medina","tag_set":"cliff_people","tag_sets_id":2389,"tags_id":9709951},{"stories_id":1107701939,"tag":"U.S. Nuclear Regulatory Commission","tag_set":"cliff_organizations","tag_sets_id":2388,"tags_id":9720610},{"stories_id":1107701939,"tag":"Homeland Security Kirstjen Nielsen","tag_set":"cliff_organizations","tag_sets_id":2388,"tags_id":9743563},{"stories_id":1107701939,"tag":"Wes Junker","tag_set":"cliff_people","tag_sets_id":2389,"tags_id":10832933},{"stories_id":1107701939,"tag":"Alexandria Ocasio-Cortez","tag_set":"cliff_people","tag_sets_id":2389,"tags_id":44318694},{"stories_id":1107701939,"tag":"PGE Group","tag_set":"cliff_organizations","tag_sets_id":2388,"tags_id":71534046},{"stories_id":1107701939,"tag":"readability-lxml-0.7","tag_set":"extractor_version","tag_sets_id":1354,"tags_id":81092444}],"title":"The Energy 202: How George H.W. Bush helped turn acid rain into a problem of yesteryear","url":"https://www.washingtonpost.com/news/powerpost/paloma/the-energy-202/2018/12/04/the-energy-202-how-george-h-w-bush-helped-turn-acid-rain-into-a-problem-of-yesteryear/5c0590001b326b60d12800f2/","word_count":null}]