[{"ap_syndicated":null,"collect_date":"2019-01-08 05:22:32.322022","feeds":null,"guid":"https://www.nytimes.com/2019/01/08/climate/greenhouse-gas-emissions-increase.html","language":"en","media_id":1,"media_name":null,"media_url":null,"processed_stories_id":null,"publish_date":"2019-01-08 10:00:09","stories_id":1138861188,"story_tags":[{"stories_id":1138861188,"tag":"geonames_6252001","tag_set":"mc-geocoder@media.mit.edu","tag_sets_id":1011,"tags_id":8878461},{"stories_id":1138861188,"tag":"geonames_4736286","tag_set":"mc-geocoder@media.mit.edu","tag_sets_id":1011,"tags_id":8878538},{"stories_id":1138861188,"tag":"geonames_5690694","tag_set":"mc-geocoder@media.mit.edu","tag_sets_id":1011,"tags_id":8878690},{"stories_id":1138861188,"tag":"geonames_4717560","tag_set":"mc-geocoder@media.mit.edu","tag_sets_id":1011,"tags_id":8883238},{"stories_id":1138861188,"tag":"nyt_labeller_v1.0.0","tag_set":"nyt_labels_version","tag_sets_id":1964,"tags_id":9360669},{"stories_id":1138861188,"tag":"oil (petroleum) and gasoline","tag_set":"nyt_labels","tag_sets_id":1963,"tags_id":9360884},{"stories_id":1138861188,"tag":"global warming","tag_set":"nyt_labels","tag_sets_id":1963,"tags_id":9360886},{"stories_id":1138861188,"tag":"environment","tag_set":"nyt_labels","tag_sets_id":1963,"tags_id":9360887},{"stories_id":1138861188,"tag":"weather","tag_set":"nyt_labels","tag_sets_id":1963,"tags_id":9360902},{"stories_id":1138861188,"tag":"energy and power","tag_set":"nyt_labels","tag_sets_id":1963,"tags_id":9360997},{"stories_id":1138861188,"tag":"air pollution","tag_set":"nyt_labels","tag_sets_id":1963,"tags_id":9361007},{"stories_id":1138861188,"tag":"electric light and power","tag_set":"nyt_labels","tag_sets_id":1963,"tags_id":9361013},{"stories_id":1138861188,"tag":"light","tag_set":"nyt_labels","tag_sets_id":1963,"tags_id":9361014},{"stories_id":1138861188,"tag":"research","tag_set":"nyt_labels","tag_sets_id":1963,"tags_id":9361083},{"stories_id":1138861188,"tag":"chemistry","tag_set":"nyt_labels","tag_sets_id":1963,"tags_id":9361262},{"stories_id":1138861188,"tag":"Trump","tag_set":"cliff_people","tag_sets_id":2389,"tags_id":9362872},{"stories_id":1138861188,"tag":"Trump administration","tag_set":"cliff_organizations","tag_sets_id":2388,"tags_id":9362998},{"stories_id":1138861188,"tag":"Columbia University","tag_set":"cliff_organizations","tag_sets_id":2388,"tags_id":9363347},{"stories_id":1138861188,"tag":"Trevor Houser","tag_set":"cliff_people","tag_sets_id":2389,"tags_id":9475147},{"stories_id":1138861188,"tag":"Jason Bordoff","tag_set":"cliff_people","tag_sets_id":2389,"tags_id":9574648},{"stories_id":1138861188,"tag":"Global Energy","tag_set":"cliff_organizations","tag_sets_id":2388,"tags_id":9693237},{"stories_id":1138861188,"tag":"cliff_clavin_v2.4.1","tag_set":"geocoder_version","tag_sets_id":1937,"tags_id":9696677},{"stories_id":1138861188,"tag":"readability-lxml-0.7","tag_set":"extractor_version","tag_sets_id":1354,"tags_id":81092444}],"title":"U.S. Carbon Emissions Surged in 2018 Even as Coal Plants Closed","url":"https://www.nytimes.com/2019/01/08/climate/greenhouse-gas-emissions-increase.html","word_count":null}]