[{"ap_syndicated":null,"collect_date":"2019-01-07 14:46:30.475383","feeds":null,"guid":"https://www.washingtonpost.com/business/pgande-bankruptcy-risk-gets-real--but-what-comes-after/2019/01/07/67199e04-12a3-11e9-ab79-30cd4f7926f2_story.html","language":"en","media_id":2,"media_name":null,"media_url":null,"processed_stories_id":null,"publish_date":"2019-01-07 11:37:09","stories_id":1138392119,"story_tags":[{"stories_id":1138392119,"tag":"geonames_6252001","tag_set":"mc-geocoder@media.mit.edu","tag_sets_id":1011,"tags_id":8878461},{"stories_id":1138392119,"tag":"geonames_5332921","tag_set":"mc-geocoder@media.mit.edu","tag_sets_id":1011,"tags_id":8878533},{"stories_id":1138392119,"tag":"nyt_labeller_v1.0.0","tag_set":"nyt_labels_version","tag_sets_id":1964,"tags_id":9360669},{"stories_id":1138392119,"tag":"finances","tag_set":"nyt_labels","tag_sets_id":1963,"tags_id":9360840},{"stories_id":1138392119,"tag":"energy and power","tag_set":"nyt_labels","tag_sets_id":1963,"tags_id":9360997},{"stories_id":1138392119,"tag":"electric light and power","tag_set":"nyt_labels","tag_sets_id":1963,"tags_id":9361013},{"stories_id":1138392119,"tag":"light","tag_set":"nyt_labels","tag_sets_id":1963,"tags_id":9361014},{"stories_id":1138392119,"tag":"bankruptcies","tag_set":"nyt_labels","tag_sets_id":1963,"tags_id":9361241},{"stories_id":1138392119,"tag":"Bloomberg","tag_set":"cliff_organizations","tag_sets_id":2388,"tags_id":9363116},{"stories_id":1138392119,"tag":"Financial Times","tag_set":"cliff_organizations","tag_sets_id":2388,"tags_id":9365104},{"stories_id":1138392119,"tag":"Securities and Exchange Commission","tag_set":"cliff_organizations","tag_sets_id":2388,"tags_id":9366122},{"stories_id":1138392119,"tag":"Wall Street Journal","tag_set":"cliff_organizations","tag_sets_id":2388,"tags_id":9366539},{"stories_id":1138392119,"tag":"Gavin Newsom","tag_set":"cliff_people","tag_sets_id":2389,"tags_id":9372682},{"stories_id":1138392119,"tag":"PG&E","tag_set":"cliff_organizations","tag_sets_id":2388,"tags_id":9400031},{"stories_id":1138392119,"tag":"Gray Davis","tag_set":"cliff_people","tag_sets_id":2389,"tags_id":9400485},{"stories_id":1138392119,"tag":"Bloomberg L.P.","tag_set":"cliff_organizations","tag_sets_id":2388,"tags_id":9468902},{"stories_id":1138392119,"tag":"PG&E Corp.","tag_set":"cliff_organizations","tag_sets_id":2388,"tags_id":9549361},{"stories_id":1138392119,"tag":"Liam Denning","tag_set":"cliff_people","tag_sets_id":2389,"tags_id":9601107},{"stories_id":1138392119,"tag":"Mark Gongloff","tag_set":"cliff_people","tag_sets_id":2389,"tags_id":9662411},{"stories_id":1138392119,"tag":"cliff_clavin_v2.4.1","tag_set":"geocoder_version","tag_sets_id":1937,"tags_id":9696677},{"stories_id":1138392119,"tag":"readability-lxml-0.7","tag_set":"extractor_version","tag_sets_id":1354,"tags_id":81092444}],"title":"PG&E Bankruptcy Risk Gets Real — But What Comes After?","url":"https://www.washingtonpost.com/business/pgande-bankruptcy-risk-gets-real--but-what-comes-after/2019/01/07/67199e04-12a3-11e9-ab79-30cd4f7926f2_story.html","word_count":null}]