[{"ap_syndicated":null,"collect_date":"2019-01-22 10:24:28.111536","feeds":null,"guid":"https://www.washingtonpost.com/lifestyle/on-parenting/ways-to-help-kids-cope-with--and-help-combat--climate-change/2019/01/21/f7cc6424-180a-11e9-9ebf-c5fed1b7a081_story.html","language":"en","media_id":2,"media_name":null,"media_url":null,"processed_stories_id":null,"publish_date":"2019-01-22 09:00:00","stories_id":1172271933,"story_tags":[{"stories_id":1172271933,"tag":"geonames_6252001","tag_set":"mc-geocoder@media.mit.edu","tag_sets_id":1011,"tags_id":8878461},{"stories_id":1172271933,"tag":"geonames_5815135","tag_set":"mc-geocoder@media.mit.edu","tag_sets_id":1011,"tags_id":8878481},{"stories_id":1172271933,"tag":"geonames_5809844","tag_set":"mc-geocoder@media.mit.edu","tag_sets_id":1011,"tags_id":8878694},{"stories_id":1172271933,"tag":"nyt_labeller_v1.0.0","tag_set":"nyt_labels_version","tag_sets_id":1964,"tags_id":9360669},{"stories_id":1172271933,"tag":"global warming","tag_set":"nyt_labels","tag_sets_id":1963,"tags_id":9360886},{"stories_id":1172271933,"tag":"environment","tag_set":"nyt_labels","tag_sets_id":1963,"tags_id":9360887},{"stories_id":1172271933,"tag":"weather","tag_set":"nyt_labels","tag_sets_id":1963,"tags_id":9360902},{"stories_id":1172271933,"tag":"children and youth","tag_set":"nyt_labels","tag_sets_id":1963,"tags_id":9360981},{"stories_id":1172271933,"tag":"animals","tag_set":"nyt_labels","tag_sets_id":1963,"tags_id":9360994},{"stories_id":1172271933,"tag":"water","tag_set":"nyt_labels","tag_sets_id":1963,"tags_id":9361151},{"stories_id":1172271933,"tag":"waste materials and disposal","tag_set":"nyt_labels","tag_sets_id":1963,"tags_id":9361189},{"stories_id":1172271933,"tag":"United Nations","tag_set":"cliff_organizations","tag_sets_id":2388,"tags_id":9362785},{"stories_id":1172271933,"tag":"University of Washington","tag_set":"cliff_organizations","tag_sets_id":2388,"tags_id":9365696},{"stories_id":1172271933,"tag":"Time Magazine","tag_set":"cliff_organizations","tag_sets_id":2388,"tags_id":9381701},{"stories_id":1172271933,"tag":"Kaster","tag_set":"cliff_people","tag_sets_id":2389,"tags_id":9429044},{"stories_id":1172271933,"tag":"cliff_clavin_v2.4.1","tag_set":"geocoder_version","tag_sets_id":1937,"tags_id":9696677},{"stories_id":1172271933,"tag":"North Seattle College","tag_set":"cliff_organizations","tag_sets_id":2388,"tags_id":9726782},{"stories_id":1172271933,"tag":"Teslas","tag_set":"cliff_people","tag_sets_id":2389,"tags_id":29936851},{"stories_id":1172271933,"tag":"Laura Kastner","tag_set":"cliff_people","tag_sets_id":2389,"tags_id":32194296},{"stories_id":1172271933,"tag":"Greta Thunberg","tag_set":"cliff_people","tag_sets_id":2389,"tags_id":73335219},{"stories_id":1172271933,"tag":"readability-lxml-0.7","tag_set":"extractor_version","tag_sets_id":1354,"tags_id":81092444}],"title":"Ways to help kids cope with — and help combat — climate change","url":"https://www.washingtonpost.com/lifestyle/on-parenting/ways-to-help-kids-cope-with--and-help-combat--climate-change/2019/01/21/f7cc6424-180a-11e9-9ebf-c5fed1b7a081_story.html","word_count":null}]