[{"ap_syndicated":null,"collect_date":"2019-01-29 05:06:01.195242","feeds":null,"guid":"https://www.washingtonpost.com/business/why-a-pgande-bankruptcy-could-change-climate-calculus/2019/01/29/f49e7fa2-23a0-11e9-b5b4-1d18dfb7b084_story.html","language":"en","media_id":2,"media_name":null,"media_url":null,"processed_stories_id":null,"publish_date":"2019-01-29 03:23:21","stories_id":1178044541,"story_tags":[{"stories_id":1178044541,"tag":"geonames_6252001","tag_set":"mc-geocoder@media.mit.edu","tag_sets_id":1011,"tags_id":8878461},{"stories_id":1178044541,"tag":"geonames_5332921","tag_set":"mc-geocoder@media.mit.edu","tag_sets_id":1011,"tags_id":8878533},{"stories_id":1178044541,"tag":"geonames_5391959","tag_set":"mc-geocoder@media.mit.edu","tag_sets_id":1011,"tags_id":8878536},{"stories_id":1178044541,"tag":"geonames_5391811","tag_set":"mc-geocoder@media.mit.edu","tag_sets_id":1011,"tags_id":8878710},{"stories_id":1178044541,"tag":"geonames_5389489","tag_set":"mc-geocoder@media.mit.edu","tag_sets_id":1011,"tags_id":8879532},{"stories_id":1178044541,"tag":"nyt_labeller_v1.0.0","tag_set":"nyt_labels_version","tag_sets_id":1964,"tags_id":9360669},{"stories_id":1178044541,"tag":"finances","tag_set":"nyt_labels","tag_sets_id":1963,"tags_id":9360840},{"stories_id":1178044541,"tag":"global warming","tag_set":"nyt_labels","tag_sets_id":1963,"tags_id":9360886},{"stories_id":1178044541,"tag":"energy and power","tag_set":"nyt_labels","tag_sets_id":1963,"tags_id":9360997},{"stories_id":1178044541,"tag":"fires and firefighters","tag_set":"nyt_labels","tag_sets_id":1963,"tags_id":9361005},{"stories_id":1178044541,"tag":"fires and firemen","tag_set":"nyt_labels","tag_sets_id":1963,"tags_id":9361006},{"stories_id":1178044541,"tag":"electric light and power","tag_set":"nyt_labels","tag_sets_id":1963,"tags_id":9361013},{"stories_id":1178044541,"tag":"light","tag_set":"nyt_labels","tag_sets_id":1963,"tags_id":9361014},{"stories_id":1178044541,"tag":"bankruptcies","tag_set":"nyt_labels","tag_sets_id":1963,"tags_id":9361241},{"stories_id":1178044541,"tag":"Bloomberg","tag_set":"cliff_organizations","tag_sets_id":2388,"tags_id":9363116},{"stories_id":1178044541,"tag":"Treasury","tag_set":"cliff_organizations","tag_sets_id":2388,"tags_id":9363650},{"stories_id":1178044541,"tag":"Standard & Poor","tag_set":"cliff_organizations","tag_sets_id":2388,"tags_id":9368255},{"stories_id":1178044541,"tag":"Gavin Newsom","tag_set":"cliff_people","tag_sets_id":2389,"tags_id":9372682},{"stories_id":1178044541,"tag":"Warren Buffett","tag_set":"cliff_people","tag_sets_id":2389,"tags_id":9375621},{"stories_id":1178044541,"tag":"PG&E","tag_set":"cliff_organizations","tag_sets_id":2388,"tags_id":9400031},{"stories_id":1178044541,"tag":"Consolidated Edison Inc.","tag_set":"cliff_organizations","tag_sets_id":2388,"tags_id":9455440},{"stories_id":1178044541,"tag":"Hank Paulson","tag_set":"cliff_people","tag_sets_id":2389,"tags_id":9460044},{"stories_id":1178044541,"tag":"Bloomberg L.P.","tag_set":"cliff_organizations","tag_sets_id":2388,"tags_id":9468902},{"stories_id":1178044541,"tag":"California Public Utilities Commission","tag_set":"cliff_organizations","tag_sets_id":2388,"tags_id":9499296},{"stories_id":1178044541,"tag":"Sempra Energy","tag_set":"cliff_organizations","tag_sets_id":2388,"tags_id":9535336},{"stories_id":1178044541,"tag":"Lynn Doan","tag_set":"cliff_people","tag_sets_id":2389,"tags_id":9548276},{"stories_id":1178044541,"tag":"PG&E Corp.","tag_set":"cliff_organizations","tag_sets_id":2388,"tags_id":9549361},{"stories_id":1178044541,"tag":"Geisha Williams","tag_set":"cliff_people","tag_sets_id":2389,"tags_id":9662168},{"stories_id":1178044541,"tag":"Eric Roston","tag_set":"cliff_people","tag_sets_id":2389,"tags_id":9676934},{"stories_id":1178044541,"tag":"cliff_clavin_v2.4.1","tag_set":"geocoder_version","tag_sets_id":1937,"tags_id":9696677},{"stories_id":1178044541,"tag":"David R. Baker","tag_set":"cliff_people","tag_sets_id":2389,"tags_id":10111724},{"stories_id":1178044541,"tag":"Grant Clark","tag_set":"cliff_people","tag_sets_id":2389,"tags_id":10805280},{"stories_id":1178044541,"tag":"Edison International’s Southern California Edison","tag_set":"cliff_organizations","tag_sets_id":2388,"tags_id":35728465},{"stories_id":1178044541,"tag":"readability-lxml-0.7","tag_set":"extractor_version","tag_sets_id":1354,"tags_id":81092444}],"title":"Why a PG&E Bankruptcy Could Change Climate Calculus","url":"https://www.washingtonpost.com/business/why-a-pgande-bankruptcy-could-change-climate-calculus/2019/01/29/f49e7fa2-23a0-11e9-b5b4-1d18dfb7b084_story.html","word_count":null}]