[{"ap_syndicated":null,"collect_date":"2019-02-07 08:45:06.111470","feeds":null,"guid":"https://www.washingtonpost.com/news/powerpost/paloma/the-energy-202/2019/02/07/the-energy-202-ocasio-cortez-markey-unveil-green-new-deal-with-backing-of-four-presidential-candidates/5c5b37cf1b326b66eb098641/","language":"en","media_id":2,"media_name":null,"media_url":null,"processed_stories_id":null,"publish_date":"2019-02-07 07:34:26","stories_id":1185616256,"story_tags":[{"stories_id":1185616256,"tag":"geonames_6252001","tag_set":"mc-geocoder@media.mit.edu","tag_sets_id":1011,"tags_id":8878461},{"stories_id":1185616256,"tag":"geonames_5332921","tag_set":"mc-geocoder@media.mit.edu","tag_sets_id":1011,"tags_id":8878533},{"stories_id":1185616256,"tag":"geonames_4667282","tag_set":"mc-geocoder@media.mit.edu","tag_sets_id":1011,"tags_id":8879476},{"stories_id":1185616256,"tag":"geonames_5916424","tag_set":"mc-geocoder@media.mit.edu","tag_sets_id":1011,"tags_id":8880251},{"stories_id":1185616256,"tag":"geonames_4717560","tag_set":"mc-geocoder@media.mit.edu","tag_sets_id":1011,"tags_id":8883238},{"stories_id":1185616256,"tag":"geonames_4828864","tag_set":"mc-geocoder@media.mit.edu","tag_sets_id":1011,"tags_id":9026423},{"stories_id":1185616256,"tag":"nyt_labeller_v1.0.0","tag_set":"nyt_labels_version","tag_sets_id":1964,"tags_id":9360669},{"stories_id":1185616256,"tag":"politics and government","tag_set":"nyt_labels","tag_sets_id":1963,"tags_id":9360836},{"stories_id":1185616256,"tag":"finances","tag_set":"nyt_labels","tag_sets_id":1963,"tags_id":9360840},{"stories_id":1185616256,"tag":"united states politics and government","tag_set":"nyt_labels","tag_sets_id":1963,"tags_id":9360846},{"stories_id":1185616256,"tag":"elections","tag_set":"nyt_labels","tag_sets_id":1963,"tags_id":9360851},{"stories_id":1185616256,"tag":"medicine and health","tag_set":"nyt_labels","tag_sets_id":1963,"tags_id":9360852},{"stories_id":1185616256,"tag":"presidents and presidency (us)","tag_set":"nyt_labels","tag_sets_id":1963,"tags_id":9360853},{"stories_id":1185616256,"tag":"presidential elections (us)","tag_set":"nyt_labels","tag_sets_id":1963,"tags_id":9360854},{"stories_id":1185616256,"tag":"election issues","tag_set":"nyt_labels","tag_sets_id":1963,"tags_id":9360896},{"stories_id":1185616256,"tag":"White House","tag_set":"cliff_organizations","tag_sets_id":2388,"tags_id":9362736},{"stories_id":1185616256,"tag":"Senate","tag_set":"cliff_organizations","tag_sets_id":2388,"tags_id":9362741},{"stories_id":1185616256,"tag":"Bernie Sanders","tag_set":"cliff_people","tag_sets_id":2389,"tags_id":9362750},{"stories_id":1185616256,"tag":"Barack Obama","tag_set":"cliff_people","tag_sets_id":2389,"tags_id":9362763},{"stories_id":1185616256,"tag":"Associated Press","tag_set":"cliff_organizations","tag_sets_id":2388,"tags_id":9362784},{"stories_id":1185616256,"tag":"United Nations","tag_set":"cliff_organizations","tag_sets_id":2388,"tags_id":9362785},{"stories_id":1185616256,"tag":"Trump","tag_set":"cliff_people","tag_sets_id":2389,"tags_id":9362872},{"stories_id":1185616256,"tag":"AP","tag_set":"cliff_organizations","tag_sets_id":2388,"tags_id":9362920},{"stories_id":1185616256,"tag":"Charles E. Schumer","tag_set":"cliff_people","tag_sets_id":2389,"tags_id":9362946},{"stories_id":1185616256,"tag":"Congress","tag_set":"cliff_organizations","tag_sets_id":2388,"tags_id":9362962},{"stories_id":1185616256,"tag":"Trump administration","tag_set":"cliff_organizations","tag_sets_id":2388,"tags_id":9362998},{"stories_id":1185616256,"tag":"House","tag_set":"cliff_organizations","tag_sets_id":2388,"tags_id":9363164},{"stories_id":1185616256,"tag":"Post","tag_set":"cliff_organizations","tag_sets_id":2388,"tags_id":9363250},{"stories_id":1185616256,"tag":"Kamala Harris","tag_set":"cliff_people","tag_sets_id":2389,"tags_id":9363331},{"stories_id":1185616256,"tag":"Nancy Pelosi","tag_set":"cliff_people","tag_sets_id":2389,"tags_id":9364036},{"stories_id":1185616256,"tag":"NASA","tag_set":"cliff_organizations","tag_sets_id":2388,"tags_id":9364494},{"stories_id":1185616256,"tag":"Elizabeth Warren","tag_set":"cliff_people","tag_sets_id":2389,"tags_id":9364527},{"stories_id":1185616256,"tag":"Chuck Schumer","tag_set":"cliff_people","tag_sets_id":2389,"tags_id":9364810},{"stories_id":1185616256,"tag":"NPR","tag_set":"cliff_organizations","tag_sets_id":2388,"tags_id":9365024},{"stories_id":1185616256,"tag":"Cory Booker","tag_set":"cliff_people","tag_sets_id":2389,"tags_id":9365894},{"stories_id":1185616256,"tag":"Kirsten Gillibrand","tag_set":"cliff_people","tag_sets_id":2389,"tags_id":9366370},{"stories_id":1185616256,"tag":"Michael","tag_set":"cliff_people","tag_sets_id":2389,"tags_id":9369548},{"stories_id":1185616256,"tag":"National Park Service","tag_set":"cliff_organizations","tag_sets_id":2388,"tags_id":9373690},{"stories_id":1185616256,"tag":"Chris Mooney","tag_set":"cliff_people","tag_sets_id":2389,"tags_id":9374895},{"stories_id":1185616256,"tag":"Brady Dennis","tag_set":"cliff_people","tag_sets_id":2389,"tags_id":9374896},{"stories_id":1185616256,"tag":"Raúl Grijalva","tag_set":"cliff_people","tag_sets_id":2389,"tags_id":9375623},{"stories_id":1185616256,"tag":"IPCC","tag_set":"cliff_organizations","tag_sets_id":2388,"tags_id":9377140},{"stories_id":1185616256,"tag":"U.S. Chamber of Commerce","tag_set":"cliff_organizations","tag_sets_id":2388,"tags_id":9378477},{"stories_id":1185616256,"tag":"Dino Grandoni","tag_set":"cliff_people","tag_sets_id":2389,"tags_id":9381750},{"stories_id":1185616256,"tag":"Scott Applewhite","tag_set":"cliff_people","tag_sets_id":2389,"tags_id":9381758},{"stories_id":1185616256,"tag":"Cornell University","tag_set":"cliff_organizations","tag_sets_id":2388,"tags_id":9383764},{"stories_id":1185616256,"tag":"National Oceanic and Atmospheric Administration","tag_set":"cliff_organizations","tag_sets_id":2388,"tags_id":9394166},{"stories_id":1185616256,"tag":"NPS","tag_set":"cliff_organizations","tag_sets_id":2388,"tags_id":9394956},{"stories_id":1185616256,"tag":"Ro Khanna","tag_set":"cliff_people","tag_sets_id":2389,"tags_id":9400948},{"stories_id":1185616256,"tag":"Sheldon Whitehouse","tag_set":"cliff_people","tag_sets_id":2389,"tags_id":9404082},{"stories_id":1185616256,"tag":"NOAA","tag_set":"cliff_organizations","tag_sets_id":2388,"tags_id":9407329},{"stories_id":1185616256,"tag":"Erich Pica","tag_set":"cliff_people","tag_sets_id":2389,"tags_id":9410020},{"stories_id":1185616256,"tag":"Federal Energy Regulatory Commission","tag_set":"cliff_organizations","tag_sets_id":2388,"tags_id":9415770},{"stories_id":1185616256,"tag":"Senate Energy and Natural Resources Committee","tag_set":"cliff_organizations","tag_sets_id":2388,"tags_id":9416098},{"stories_id":1185616256,"tag":"Mark Pocan","tag_set":"cliff_people","tag_sets_id":2389,"tags_id":9416320},{"stories_id":1185616256,"tag":"Goddard Institute for Space Studies","tag_set":"cliff_organizations","tag_sets_id":2388,"tags_id":9437046},{"stories_id":1185616256,"tag":"Gavin Schmidt","tag_set":"cliff_people","tag_sets_id":2389,"tags_id":9437061},{"stories_id":1185616256,"tag":"Joe Crowley","tag_set":"cliff_people","tag_sets_id":2389,"tags_id":9442548},{"stories_id":1185616256,"tag":"Dan Smith","tag_set":"cliff_people","tag_sets_id":2389,"tags_id":9447551},{"stories_id":1185616256,"tag":"Pramila Jayapal","tag_set":"cliff_people","tag_sets_id":2389,"tags_id":9447853},{"stories_id":1185616256,"tag":"Natural Resources Committee","tag_set":"cliff_organizations","tag_sets_id":2388,"tags_id":9449000},{"stories_id":1185616256,"tag":"Edward J. Markey","tag_set":"cliff_people","tag_sets_id":2389,"tags_id":9449559},{"stories_id":1185616256,"tag":"John Shimkus","tag_set":"cliff_people","tag_sets_id":2389,"tags_id":9468265},{"stories_id":1185616256,"tag":"Betty McCollum","tag_set":"cliff_people","tag_sets_id":2389,"tags_id":9468676},{"stories_id":1185616256,"tag":"FERC","tag_set":"cliff_organizations","tag_sets_id":2388,"tags_id":9476819},{"stories_id":1185616256,"tag":"Jeff Stein","tag_set":"cliff_people","tag_sets_id":2389,"tags_id":9478073},{"stories_id":1185616256,"tag":"National Centers for Environmental Information","tag_set":"cliff_organizations","tag_sets_id":2388,"tags_id":9478467},{"stories_id":1185616256,"tag":"Tom Williams/CQ","tag_set":"cliff_people","tag_sets_id":2389,"tags_id":9485351},{"stories_id":1185616256,"tag":"Joe Neguse","tag_set":"cliff_people","tag_sets_id":2389,"tags_id":9487036},{"stories_id":1185616256,"tag":"Neil Chatterjee","tag_set":"cliff_people","tag_sets_id":2389,"tags_id":9496475},{"stories_id":1185616256,"tag":"E&E News","tag_set":"cliff_organizations","tag_sets_id":2388,"tags_id":9499621},{"stories_id":1185616256,"tag":"Congressional Progressive Caucus","tag_set":"cliff_organizations","tag_sets_id":2388,"tags_id":9521967},{"stories_id":1185616256,"tag":"Cheryl LaFleur","tag_set":"cliff_people","tag_sets_id":2389,"tags_id":9529360},{"stories_id":1185616256,"tag":"Deke Arndt","tag_set":"cliff_people","tag_sets_id":2389,"tags_id":9561856},{"stories_id":1185616256,"tag":"DOI","tag_set":"cliff_people","tag_sets_id":2389,"tags_id":9567249},{"stories_id":1185616256,"tag":"Park Service","tag_set":"cliff_organizations","tag_sets_id":2388,"tags_id":9571453},{"stories_id":1185616256,"tag":"Ian Livingston","tag_set":"cliff_people","tag_sets_id":2389,"tags_id":9621824},{"stories_id":1185616256,"tag":"House Energy and Commerce","tag_set":"cliff_organizations","tag_sets_id":2388,"tags_id":9641221},{"stories_id":1185616256,"tag":"Whitehouse","tag_set":"cliff_organizations","tag_sets_id":2388,"tags_id":9643498},{"stories_id":1185616256,"tag":"Gifford Miller","tag_set":"cliff_people","tag_sets_id":2389,"tags_id":9668542},{"stories_id":1185616256,"tag":"Robert Hockett","tag_set":"cliff_people","tag_sets_id":2389,"tags_id":9684782},{"stories_id":1185616256,"tag":"cliff_clavin_v2.4.1","tag_set":"geocoder_version","tag_sets_id":1937,"tags_id":9696677},{"stories_id":1185616256,"tag":"Energy Foundation","tag_set":"cliff_organizations","tag_sets_id":2388,"tags_id":9883281},{"stories_id":1185616256,"tag":"Photo/Noah Berger","tag_set":"cliff_people","tag_sets_id":2389,"tags_id":10076998},{"stories_id":1185616256,"tag":"Rashida Tlaib","tag_set":"cliff_people","tag_sets_id":2389,"tags_id":10117183},{"stories_id":1185616256,"tag":"geonames_5381002","tag_set":"mc-geocoder@media.mit.edu","tag_sets_id":1011,"tags_id":11194706},{"stories_id":1185616256,"tag":"geonames_4701659","tag_set":"mc-geocoder@media.mit.edu","tag_sets_id":1011,"tags_id":27994812},{"stories_id":1185616256,"tag":"Stephen O'Hanlon","tag_set":"cliff_people","tag_sets_id":2389,"tags_id":32440462},{"stories_id":1185616256,"tag":"Allison Clements","tag_set":"cliff_people","tag_sets_id":2389,"tags_id":33289305},{"stories_id":1185616256,"tag":"Alexandria Ocasio-Cortez","tag_set":"cliff_people","tag_sets_id":2389,"tags_id":44318694},{"stories_id":1185616256,"tag":"readability-lxml-0.7","tag_set":"extractor_version","tag_sets_id":1354,"tags_id":81092444},{"stories_id":1185616256,"tag":"University of Colorado Boulder/INSTAAR","tag_set":"cliff_organizations","tag_sets_id":2388,"tags_id":125170107},{"stories_id":1185616256,"tag":"clean energy markets","tag_set":"cliff_organizations","tag_sets_id":2388,"tags_id":131607270}],"title":"The Energy 202: Ocasio-Cortez, Markey unveil Green New Deal with backing of four presidential candidates","url":"https://www.washingtonpost.com/news/powerpost/paloma/the-energy-202/2019/02/07/the-energy-202-ocasio-cortez-markey-unveil-green-new-deal-with-backing-of-four-presidential-candidates/5c5b37cf1b326b66eb098641/","word_count":null}]