[{"ap_syndicated":null,"collect_date":"2019-02-08 15:35:57.127170","feeds":null,"guid":"{72955F4E-2B0C-11E9-B3AC-56DE9177C6F8}","language":"en","media_id":1150,"media_name":null,"media_url":null,"processed_stories_id":null,"publish_date":"2019-02-08 15:30:08","stories_id":1188345694,"story_tags":[{"stories_id":1188345694,"tag":"geonames_6252001","tag_set":"mc-geocoder@media.mit.edu","tag_sets_id":1011,"tags_id":8878461},{"stories_id":1188345694,"tag":"geonames_5128638","tag_set":"mc-geocoder@media.mit.edu","tag_sets_id":1011,"tags_id":8878463},{"stories_id":1188345694,"tag":"geonames_5332921","tag_set":"mc-geocoder@media.mit.edu","tag_sets_id":1011,"tags_id":8878533},{"stories_id":1188345694,"tag":"nyt_labeller_v1.0.0","tag_set":"nyt_labels_version","tag_sets_id":1964,"tags_id":9360669},{"stories_id":1188345694,"tag":"finances","tag_set":"nyt_labels","tag_sets_id":1963,"tags_id":9360840},{"stories_id":1188345694,"tag":"global warming","tag_set":"nyt_labels","tag_sets_id":1963,"tags_id":9360886},{"stories_id":1188345694,"tag":"environment","tag_set":"nyt_labels","tag_sets_id":1963,"tags_id":9360887},{"stories_id":1188345694,"tag":"prices (fares, fees and rates)","tag_set":"nyt_labels","tag_sets_id":1963,"tags_id":9360996},{"stories_id":1188345694,"tag":"energy and power","tag_set":"nyt_labels","tag_sets_id":1963,"tags_id":9360997},{"stories_id":1188345694,"tag":"electric light and power","tag_set":"nyt_labels","tag_sets_id":1963,"tags_id":9361013},{"stories_id":1188345694,"tag":"light","tag_set":"nyt_labels","tag_sets_id":1963,"tags_id":9361014},{"stories_id":1188345694,"tag":"White House","tag_set":"cliff_organizations","tag_sets_id":2388,"tags_id":9362736},{"stories_id":1188345694,"tag":"Democratic","tag_set":"cliff_organizations","tag_sets_id":2388,"tags_id":9363325},{"stories_id":1188345694,"tag":"Kamala Harris","tag_set":"cliff_people","tag_sets_id":2389,"tags_id":9363331},{"stories_id":1188345694,"tag":"Elizabeth Warren","tag_set":"cliff_people","tag_sets_id":2389,"tags_id":9364527},{"stories_id":1188345694,"tag":"Cory Booker","tag_set":"cliff_people","tag_sets_id":2389,"tags_id":9365894},{"stories_id":1188345694,"tag":"Kirsten Gillibrand","tag_set":"cliff_people","tag_sets_id":2389,"tags_id":9366370},{"stories_id":1188345694,"tag":"Nuclear Energy Institute","tag_set":"cliff_organizations","tag_sets_id":2388,"tags_id":9366654},{"stories_id":1188345694,"tag":"Pelosi","tag_set":"cliff_people","tag_sets_id":2389,"tags_id":9368316},{"stories_id":1188345694,"tag":"Ed Markey","tag_set":"cliff_people","tag_sets_id":2389,"tags_id":9387136},{"stories_id":1188345694,"tag":"MarketWatch","tag_set":"cliff_people","tag_sets_id":2389,"tags_id":9390157},{"stories_id":1188345694,"tag":"cliff_clavin_v2.4.1","tag_set":"geocoder_version","tag_sets_id":1937,"tags_id":9696677},{"stories_id":1188345694,"tag":"Matthew Wald","tag_set":"cliff_people","tag_sets_id":2389,"tags_id":10308165},{"stories_id":1188345694,"tag":"Josh Price","tag_set":"cliff_people","tag_sets_id":2389,"tags_id":11842356},{"stories_id":1188345694,"tag":"NRG Energy NRG","tag_set":"cliff_organizations","tag_sets_id":2388,"tags_id":28028057},{"stories_id":1188345694,"tag":"Duke Energy DUK","tag_set":"cliff_organizations","tag_sets_id":2388,"tags_id":29373336},{"stories_id":1188345694,"tag":"Xcel Energy XEL","tag_set":"cliff_organizations","tag_sets_id":2388,"tags_id":33114309},{"stories_id":1188345694,"tag":"AES AES","tag_set":"cliff_organizations","tag_sets_id":2388,"tags_id":34252918},{"stories_id":1188345694,"tag":"American Electric Power AEP","tag_set":"cliff_organizations","tag_sets_id":2388,"tags_id":35017470},{"stories_id":1188345694,"tag":"Neste NESTE","tag_set":"cliff_organizations","tag_sets_id":2388,"tags_id":35423465},{"stories_id":1188345694,"tag":"Alexandria Ocasio-Cortez","tag_set":"cliff_people","tag_sets_id":2389,"tags_id":44318694},{"stories_id":1188345694,"tag":"readability-lxml-0.7","tag_set":"extractor_version","tag_sets_id":1354,"tags_id":81092444}],"title":"Capitol Report: As vague as it is, the Green New Deal could have a real impact on Corporate America. Here’s why","url":"http://www.marketwatch.com/news/story.asp?guid=%7B72955F4E-2B0C-11E9-B3AC-56DE9177C6F8%7D&siteid=rss&rss=1","word_count":null}]