[{"ap_syndicated":null,"collect_date":"2019-02-26 11:04:38.919415","feeds":null,"guid":"https://www.usatoday.com/story/news/nation/2019/02/26/sunnova-texas-solar-puerto-rico-hurricane-maria/2946484002/","language":"en","media_id":4,"media_name":null,"media_url":null,"processed_stories_id":null,"publish_date":"2019-02-26 10:46:06","stories_id":1207935857,"story_tags":[{"stories_id":1207935857,"tag":"geonames_4736286","tag_set":"mc-geocoder@media.mit.edu","tag_sets_id":1011,"tags_id":8878538},{"stories_id":1207935857,"tag":"geonames_4566966","tag_set":"mc-geocoder@media.mit.edu","tag_sets_id":1011,"tags_id":8878740},{"stories_id":1207935857,"tag":"geonames_4563243","tag_set":"mc-geocoder@media.mit.edu","tag_sets_id":1011,"tags_id":8878913},{"stories_id":1207935857,"tag":"geonames_4726440","tag_set":"mc-geocoder@media.mit.edu","tag_sets_id":1011,"tags_id":8933812},{"stories_id":1207935857,"tag":"nyt_labeller_v1.0.0","tag_set":"nyt_labels_version","tag_sets_id":1964,"tags_id":9360669},{"stories_id":1207935857,"tag":"energy and power","tag_set":"nyt_labels","tag_sets_id":1963,"tags_id":9360997},{"stories_id":1207935857,"tag":"electric light and power","tag_set":"nyt_labels","tag_sets_id":1963,"tags_id":9361013},{"stories_id":1207935857,"tag":"light","tag_set":"nyt_labels","tag_sets_id":1963,"tags_id":9361014},{"stories_id":1207935857,"tag":"AP","tag_set":"cliff_organizations","tag_sets_id":2388,"tags_id":9362920},{"stories_id":1207935857,"tag":"Maria","tag_set":"cliff_people","tag_sets_id":2389,"tags_id":9365415},{"stories_id":1207935857,"tag":"Rodriguez","tag_set":"cliff_people","tag_sets_id":2389,"tags_id":9378209},{"stories_id":1207935857,"tag":"U.S. Army","tag_set":"cliff_organizations","tag_sets_id":2388,"tags_id":9378347},{"stories_id":1207935857,"tag":"Institute for Energy Economics","tag_set":"cliff_organizations","tag_sets_id":2388,"tags_id":9401036},{"stories_id":1207935857,"tag":"University of Puerto Rico","tag_set":"cliff_organizations","tag_sets_id":2388,"tags_id":9411513},{"stories_id":1207935857,"tag":"Carlos Giusti","tag_set":"cliff_people","tag_sets_id":2389,"tags_id":9438627},{"stories_id":1207935857,"tag":"OPIC","tag_set":"cliff_organizations","tag_sets_id":2388,"tags_id":9505928},{"stories_id":1207935857,"tag":"Puerto Rico Electric Power Authority","tag_set":"cliff_organizations","tag_sets_id":2388,"tags_id":9558487},{"stories_id":1207935857,"tag":"Sunnova Energy Corp.","tag_set":"cliff_organizations","tag_sets_id":2388,"tags_id":9591877},{"stories_id":1207935857,"tag":"Sunnova","tag_set":"cliff_people","tag_sets_id":2389,"tags_id":9591881},{"stories_id":1207935857,"tag":"Electric Power Authority","tag_set":"cliff_organizations","tag_sets_id":2388,"tags_id":9624546},{"stories_id":1207935857,"tag":"Center for Investigative Journalism","tag_set":"cliff_organizations","tag_sets_id":2388,"tags_id":9651517},{"stories_id":1207935857,"tag":"cliff_clavin_v2.4.1","tag_set":"geocoder_version","tag_sets_id":1937,"tags_id":9696677},{"stories_id":1207935857,"tag":"Kelsey Smith","tag_set":"cliff_people","tag_sets_id":2389,"tags_id":9850174},{"stories_id":1207935857,"tag":"Tom Sanzillo","tag_set":"cliff_people","tag_sets_id":2389,"tags_id":10143219},{"stories_id":1207935857,"tag":"Rick Jervis","tag_set":"cliff_people","tag_sets_id":2389,"tags_id":10206853},{"stories_id":1207935857,"tag":"Sunnova Energy Corp","tag_set":"cliff_organizations","tag_sets_id":2388,"tags_id":10226305},{"stories_id":1207935857,"tag":"Rafael Rivera","tag_set":"cliff_people","tag_sets_id":2389,"tags_id":11046788},{"stories_id":1207935857,"tag":"Energy Bureau","tag_set":"cliff_organizations","tag_sets_id":2388,"tags_id":28258369},{"stories_id":1207935857,"tag":"Sunnova","tag_set":"cliff_organizations","tag_sets_id":2388,"tags_id":29390537},{"stories_id":1207935857,"tag":"OIPC","tag_set":"cliff_organizations","tag_sets_id":2388,"tags_id":29491207},{"stories_id":1207935857,"tag":"John Rodríguez","tag_set":"cliff_people","tag_sets_id":2389,"tags_id":37020987},{"stories_id":1207935857,"tag":"Madeline Batista","tag_set":"cliff_people","tag_sets_id":2389,"tags_id":44900795},{"stories_id":1207935857,"tag":"Lydia Rosa","tag_set":"cliff_people","tag_sets_id":2389,"tags_id":44900802},{"stories_id":1207935857,"tag":"Eliván Martínez Mercado","tag_set":"cliff_organizations","tag_sets_id":2388,"tags_id":44957716},{"stories_id":1207935857,"tag":"José Pérez Vélez","tag_set":"cliff_people","tag_sets_id":2389,"tags_id":47811353},{"stories_id":1207935857,"tag":"National Institute for Energy","tag_set":"cliff_organizations","tag_sets_id":2388,"tags_id":59226806},{"stories_id":1207935857,"tag":"Cecilio Ortiz García","tag_set":"cliff_people","tag_sets_id":2389,"tags_id":68833751},{"stories_id":1207935857,"tag":"Puerto Rico Energy Bureau","tag_set":"cliff_organizations","tag_sets_id":2388,"tags_id":73355117},{"stories_id":1207935857,"tag":"Edgardo Rodríguez","tag_set":"cliff_people","tag_sets_id":2389,"tags_id":78123426},{"stories_id":1207935857,"tag":"readability-lxml-0.7","tag_set":"extractor_version","tag_sets_id":1354,"tags_id":81092444},{"stories_id":1207935857,"tag":"Gabriel López Albarrán","tag_set":"cliff_people","tag_sets_id":2389,"tags_id":124333205},{"stories_id":1207935857,"tag":"Energy Institute of The University of Texas at Austin","tag_set":"cliff_organizations","tag_sets_id":2388,"tags_id":133326864},{"stories_id":1207935857,"tag":"Puerto Rico Energy Board","tag_set":"cliff_organizations","tag_sets_id":2388,"tags_id":134302335}],"title":"Texas company slowing Puerto Rico&apos;s path to solar and energy resilience after Hurricane Maria","url":"http://rssfeeds.usatoday.com/~/598958116/0/usatoday-newstopstories~Texas-company-slowing-Puerto-Ricoaposs-path-to-solar-and-energy-resilience-after-Hurricane-Maria/","word_count":null}]