[{"ap_syndicated":null,"collect_date":"2019-03-02 14:32:31.151194","feeds":null,"guid":"SB12628526964777323356204585146400641335026","language":"en","media_id":1150,"media_name":null,"media_url":null,"processed_stories_id":null,"publish_date":"2019-03-01 13:37:42","stories_id":1212418642,"story_tags":[{"stories_id":1212418642,"tag":"geonames_2264397","tag_set":"mc-geocoder@media.mit.edu","tag_sets_id":1011,"tags_id":8878559},{"stories_id":1212418642,"tag":"nyt_labeller_v1.0.0","tag_set":"nyt_labels_version","tag_sets_id":1964,"tags_id":9360669},{"stories_id":1212418642,"tag":"environment","tag_set":"nyt_labels","tag_sets_id":1963,"tags_id":9360887},{"stories_id":1212418642,"tag":"energy and power","tag_set":"nyt_labels","tag_sets_id":1963,"tags_id":9360997},{"stories_id":1212418642,"tag":"electric light and power","tag_set":"nyt_labels","tag_sets_id":1963,"tags_id":9361013},{"stories_id":1212418642,"tag":"light","tag_set":"nyt_labels","tag_sets_id":1963,"tags_id":9361014},{"stories_id":1212418642,"tag":"cliff_clavin_v2.4.1","tag_set":"geocoder_version","tag_sets_id":1937,"tags_id":9696677},{"stories_id":1212418642,"tag":"readability-lxml-0.7","tag_set":"extractor_version","tag_sets_id":1354,"tags_id":81092444}],"title":"Would You Pay $32,709 for a Lab-Grown Diamond?","url":"https://www.wsj.com/articles/would-you-pay-32-709-for-a-lab-grown-diamond-11551464478?mod=WSJ_GoogleNews","word_count":null}]