[{"ap_syndicated":null,"collect_date":"2019-03-07 07:51:39.778286","feeds":null,"guid":"https://www.nytimes.com/interactive/2019/us/politics/2020-presidential-candidates.html?action=click&module=RelatedLinks&pgtype=Article","language":"en","media_id":1,"media_name":null,"media_url":null,"processed_stories_id":null,"publish_date":"2019-01-21 00:00:00","stories_id":1217011057,"story_tags":[{"stories_id":1217011057,"tag":"geonames_6252001","tag_set":"mc-geocoder@media.mit.edu","tag_sets_id":1011,"tags_id":8878461},{"stories_id":1217011057,"tag":"geonames_5417618","tag_set":"mc-geocoder@media.mit.edu","tag_sets_id":1011,"tags_id":8878696},{"stories_id":1217011057,"tag":"geonames_5419384","tag_set":"mc-geocoder@media.mit.edu","tag_sets_id":1011,"tags_id":8879407},{"stories_id":1217011057,"tag":"nyt_labeller_v1.0.0","tag_set":"nyt_labels_version","tag_sets_id":1964,"tags_id":9360669},{"stories_id":1217011057,"tag":"politics and government","tag_set":"nyt_labels","tag_sets_id":1963,"tags_id":9360836},{"stories_id":1217011057,"tag":"law and legislation","tag_set":"nyt_labels","tag_sets_id":1963,"tags_id":9360837},{"stories_id":1217011057,"tag":"elections","tag_set":"nyt_labels","tag_sets_id":1963,"tags_id":9360851},{"stories_id":1217011057,"tag":"homosexuality","tag_set":"nyt_labels","tag_sets_id":1963,"tags_id":9360858},{"stories_id":1217011057,"tag":"governors (us)","tag_set":"nyt_labels","tag_sets_id":1963,"tags_id":9360883},{"stories_id":1217011057,"tag":"election issues","tag_set":"nyt_labels","tag_sets_id":1963,"tags_id":9360896},{"stories_id":1217011057,"tag":"Senate","tag_set":"cliff_organizations","tag_sets_id":2388,"tags_id":9362741},{"stories_id":1217011057,"tag":"John Hickenlooper","tag_set":"cliff_people","tag_sets_id":2389,"tags_id":9421617},{"stories_id":1217011057,"tag":"Jay Inslee","tag_set":"cliff_people","tag_sets_id":2389,"tags_id":9434808},{"stories_id":1217011057,"tag":"cliff_clavin_v2.4.1","tag_set":"geocoder_version","tag_sets_id":1937,"tags_id":9696677},{"stories_id":1217011057,"tag":"guess_by_tag_meta","tag_set":"date_guess_method","tag_sets_id":508,"tags_id":50741386},{"stories_id":1217011057,"tag":"readability-lxml-0.7","tag_set":"extractor_version","tag_sets_id":1354,"tags_id":81092444}],"title":"Who’s Running for President in 2020?","url":"https://www.nytimes.com/interactive/2019/us/politics/2020-presidential-candidates.html?action=click&module=RelatedLinks&pgtype=Article","word_count":null}]