[{"ap_syndicated":null,"collect_date":"2019-04-11 00:37:51.235605","feeds":null,"guid":"https://www.nytimes.com/interactive/2019/04/09/magazine/climate-change-politics-economics.html","language":"en","media_id":1,"media_name":null,"media_url":null,"processed_stories_id":null,"publish_date":"2019-04-09 22:24:43","stories_id":1245235655,"story_tags":[{"stories_id":1245235655,"tag":"geonames_6252001","tag_set":"mc-geocoder@media.mit.edu","tag_sets_id":1011,"tags_id":8878461},{"stories_id":1245235655,"tag":"geonames_5332921","tag_set":"mc-geocoder@media.mit.edu","tag_sets_id":1011,"tags_id":8878533},{"stories_id":1245235655,"tag":"geonames_4791160","tag_set":"mc-geocoder@media.mit.edu","tag_sets_id":1011,"tags_id":8893357},{"stories_id":1245235655,"tag":"geonames_4744091","tag_set":"mc-geocoder@media.mit.edu","tag_sets_id":1011,"tags_id":8913283},{"stories_id":1245235655,"tag":"nyt_labeller_v1.0.0","tag_set":"nyt_labels_version","tag_sets_id":1964,"tags_id":9360669},{"stories_id":1245235655,"tag":"education and schools","tag_set":"nyt_labels","tag_sets_id":1963,"tags_id":9360833},{"stories_id":1245235655,"tag":"global warming","tag_set":"nyt_labels","tag_sets_id":1963,"tags_id":9360886},{"stories_id":1245235655,"tag":"Yale","tag_set":"cliff_organizations","tag_sets_id":2388,"tags_id":9362286},{"stories_id":1245235655,"tag":"Democratic Party","tag_set":"cliff_organizations","tag_sets_id":2388,"tags_id":9362724},{"stories_id":1245235655,"tag":"White House","tag_set":"cliff_organizations","tag_sets_id":2388,"tags_id":9362736},{"stories_id":1245235655,"tag":"Senate","tag_set":"cliff_organizations","tag_sets_id":2388,"tags_id":9362741},{"stories_id":1245235655,"tag":"Barack Obama","tag_set":"cliff_people","tag_sets_id":2389,"tags_id":9362763},{"stories_id":1245235655,"tag":"United Nations","tag_set":"cliff_organizations","tag_sets_id":2388,"tags_id":9362785},{"stories_id":1245235655,"tag":"Trump","tag_set":"cliff_people","tag_sets_id":2389,"tags_id":9362872},{"stories_id":1245235655,"tag":"John McCain","tag_set":"cliff_people","tag_sets_id":2389,"tags_id":9362949},{"stories_id":1245235655,"tag":"European Union","tag_set":"cliff_organizations","tag_sets_id":2388,"tags_id":9362999},{"stories_id":1245235655,"tag":"John Podesta","tag_set":"cliff_people","tag_sets_id":2389,"tags_id":9363014},{"stories_id":1245235655,"tag":"House of Representatives","tag_set":"cliff_organizations","tag_sets_id":2388,"tags_id":9363212},{"stories_id":1245235655,"tag":"Columbia","tag_set":"cliff_organizations","tag_sets_id":2388,"tags_id":9363549},{"stories_id":1245235655,"tag":"Treasury","tag_set":"cliff_organizations","tag_sets_id":2388,"tags_id":9363650},{"stories_id":1245235655,"tag":"Heritage Foundation","tag_set":"cliff_organizations","tag_sets_id":2388,"tags_id":9364476},{"stories_id":1245235655,"tag":"Times","tag_set":"cliff_organizations","tag_sets_id":2388,"tags_id":9365707},{"stories_id":1245235655,"tag":"Mitt Romney","tag_set":"cliff_people","tag_sets_id":2389,"tags_id":9365875},{"stories_id":1245235655,"tag":"Henry Waxman","tag_set":"cliff_people","tag_sets_id":2389,"tags_id":9365931},{"stories_id":1245235655,"tag":"Emmanuel Macron","tag_set":"cliff_people","tag_sets_id":2389,"tags_id":9365980},{"stories_id":1245235655,"tag":"George H.W. Bush","tag_set":"cliff_people","tag_sets_id":2389,"tags_id":9366345},{"stories_id":1245235655,"tag":"Janet Yellen","tag_set":"cliff_people","tag_sets_id":2389,"tags_id":9367882},{"stories_id":1245235655,"tag":"Republican Party","tag_set":"cliff_organizations","tag_sets_id":2388,"tags_id":9374874},{"stories_id":1245235655,"tag":"George Shultz","tag_set":"cliff_people","tag_sets_id":2389,"tags_id":9376795},{"stories_id":1245235655,"tag":"Lyndon B. Johnson","tag_set":"cliff_people","tag_sets_id":2389,"tags_id":9376939},{"stories_id":1245235655,"tag":"Ed Markey","tag_set":"cliff_people","tag_sets_id":2389,"tags_id":9387136},{"stories_id":1245235655,"tag":"Arnold Schwarzenegger","tag_set":"cliff_people","tag_sets_id":2389,"tags_id":9391108},{"stories_id":1245235655,"tag":"Environmental Defense Fund","tag_set":"cliff_organizations","tag_sets_id":2388,"tags_id":9394163},{"stories_id":1245235655,"tag":"Rick Snyder","tag_set":"cliff_people","tag_sets_id":2389,"tags_id":9394809},{"stories_id":1245235655,"tag":"Christiana Figueres","tag_set":"cliff_people","tag_sets_id":2389,"tags_id":9395551},{"stories_id":1245235655,"tag":"Capitol Hill","tag_set":"cliff_organizations","tag_sets_id":2388,"tags_id":9398750},{"stories_id":1245235655,"tag":"Alan Greenspan","tag_set":"cliff_people","tag_sets_id":2389,"tags_id":9404083},{"stories_id":1245235655,"tag":"Ben Bernanke","tag_set":"cliff_people","tag_sets_id":2389,"tags_id":9404084},{"stories_id":1245235655,"tag":"William Nordhaus","tag_set":"cliff_people","tag_sets_id":2389,"tags_id":9437058},{"stories_id":1245235655,"tag":"Stockholm University","tag_set":"cliff_organizations","tag_sets_id":2388,"tags_id":9446210},{"stories_id":1245235655,"tag":"Federal Reserve data","tag_set":"cliff_organizations","tag_sets_id":2388,"tags_id":9446515},{"stories_id":1245235655,"tag":"Tom Steyer","tag_set":"cliff_people","tag_sets_id":2389,"tags_id":9458539},{"stories_id":1245235655,"tag":"Lawrence Summers","tag_set":"cliff_people","tag_sets_id":2389,"tags_id":9478437},{"stories_id":1245235655,"tag":"G.O.P.","tag_set":"cliff_organizations","tag_sets_id":2388,"tags_id":9478632},{"stories_id":1245235655,"tag":"Jamison Foser","tag_set":"cliff_people","tag_sets_id":2389,"tags_id":9507157},{"stories_id":1245235655,"tag":"NextGen","tag_set":"cliff_people","tag_sets_id":2389,"tags_id":9599509},{"stories_id":1245235655,"tag":"cliff_clavin_v2.4.1","tag_set":"geocoder_version","tag_sets_id":1937,"tags_id":9696677},{"stories_id":1245235655,"tag":"Nathaniel Keohane","tag_set":"cliff_people","tag_sets_id":2389,"tags_id":9705739},{"stories_id":1245235655,"tag":"Rhiana Gunn-Wright","tag_set":"cliff_people","tag_sets_id":2389,"tags_id":10133750},{"stories_id":1245235655,"tag":"geonames_4988138","tag_set":"mc-geocoder@media.mit.edu","tag_sets_id":1011,"tags_id":11177424},{"stories_id":1245235655,"tag":"Federal Reserve chiefs","tag_set":"cliff_organizations","tag_sets_id":2388,"tags_id":11652534},{"stories_id":1245235655,"tag":"Jeffrey Ball","tag_set":"cliff_people","tag_sets_id":2389,"tags_id":12090412},{"stories_id":1245235655,"tag":"readability-lxml-0.7","tag_set":"extractor_version","tag_sets_id":1354,"tags_id":81092444},{"stories_id":1245235655,"tag":"Jennifer Cantley","tag_set":"cliff_people","tag_sets_id":2389,"tags_id":146033082}],"title":"The Problem With Putting a Price on the End of the World","url":"https://www.nytimes.com/interactive/2019/04/09/magazine/climate-change-politics-economics.html?partner=rss&emc=rss","word_count":null}]