[{"ap_syndicated":null,"collect_date":"2019-04-12 03:47:58.352043","feeds":null,"guid":"https://www.washingtonpost.com/business/indonesias-deja-vu-election-what-you-need-to-know/2019/04/12/37c92ad2-5cd8-11e9-98d4-844088d135f2_story.html","language":"en","media_id":2,"media_name":null,"media_url":null,"processed_stories_id":null,"publish_date":"2019-04-12 01:57:06","stories_id":1246419702,"story_tags":[{"stories_id":1246419702,"tag":"geonames_1643084","tag_set":"mc-geocoder@media.mit.edu","tag_sets_id":1011,"tags_id":8879351},{"stories_id":1246419702,"tag":"geonames_1642907","tag_set":"mc-geocoder@media.mit.edu","tag_sets_id":1011,"tags_id":8879354},{"stories_id":1246419702,"tag":"geonames_1642911","tag_set":"mc-geocoder@media.mit.edu","tag_sets_id":1011,"tags_id":8879366},{"stories_id":1246419702,"tag":"nyt_labeller_v1.0.0","tag_set":"nyt_labels_version","tag_sets_id":1964,"tags_id":9360669},{"stories_id":1246419702,"tag":"politics and government","tag_set":"nyt_labels","tag_sets_id":1963,"tags_id":9360836},{"stories_id":1246419702,"tag":"elections","tag_set":"nyt_labels","tag_sets_id":1963,"tags_id":9360851},{"stories_id":1246419702,"tag":"public opinion","tag_set":"nyt_labels","tag_sets_id":1963,"tags_id":9360864},{"stories_id":1246419702,"tag":"economic conditions and trends","tag_set":"nyt_labels","tag_sets_id":1963,"tags_id":9360989},{"stories_id":1246419702,"tag":"Facebook","tag_set":"cliff_organizations","tag_sets_id":2388,"tags_id":9362725},{"stories_id":1246419702,"tag":"Bloomberg","tag_set":"cliff_organizations","tag_sets_id":2388,"tags_id":9363116},{"stories_id":1246419702,"tag":"Clark","tag_set":"cliff_people","tag_sets_id":2389,"tags_id":9363541},{"stories_id":1246419702,"tag":"YouTube","tag_set":"cliff_organizations","tag_sets_id":2388,"tags_id":9364054},{"stories_id":1246419702,"tag":"Joko Widodo","tag_set":"cliff_people","tag_sets_id":2389,"tags_id":9376550},{"stories_id":1246419702,"tag":"Prabowo Subianto","tag_set":"cliff_people","tag_sets_id":2389,"tags_id":9380900},{"stories_id":1246419702,"tag":"Jokowi","tag_set":"cliff_people","tag_sets_id":2389,"tags_id":9380905},{"stories_id":1246419702,"tag":"Instagram","tag_set":"cliff_organizations","tag_sets_id":2388,"tags_id":9382008},{"stories_id":1246419702,"tag":"Suharto","tag_set":"cliff_people","tag_sets_id":2389,"tags_id":9383433},{"stories_id":1246419702,"tag":"Sandiaga Uno","tag_set":"cliff_people","tag_sets_id":2389,"tags_id":9420777},{"stories_id":1246419702,"tag":"Gerindra party","tag_set":"cliff_organizations","tag_sets_id":2388,"tags_id":9429788},{"stories_id":1246419702,"tag":"Bloomberg L.P.","tag_set":"cliff_organizations","tag_sets_id":2388,"tags_id":9468902},{"stories_id":1246419702,"tag":"cliff_clavin_v2.4.1","tag_set":"geocoder_version","tag_sets_id":1937,"tags_id":9696677},{"stories_id":1246419702,"tag":"Freeport-McMoRan Inc.","tag_set":"cliff_organizations","tag_sets_id":2388,"tags_id":9702343},{"stories_id":1246419702,"tag":"Jokowi","tag_set":"cliff_organizations","tag_sets_id":2388,"tags_id":9756967},{"stories_id":1246419702,"tag":"Rieka Rahadiana","tag_set":"cliff_people","tag_sets_id":2389,"tags_id":10242553},{"stories_id":1246419702,"tag":"ruf Amin","tag_set":"cliff_people","tag_sets_id":2389,"tags_id":11931783},{"stories_id":1246419702,"tag":"General Elections Commission","tag_set":"cliff_organizations","tag_sets_id":2388,"tags_id":19820534},{"stories_id":1246419702,"tag":"Thomas Kutty Abraham","tag_set":"cliff_people","tag_sets_id":2389,"tags_id":28840136},{"stories_id":1246419702,"tag":"People’s Representative Council","tag_set":"cliff_organizations","tag_sets_id":2388,"tags_id":33128419},{"stories_id":1246419702,"tag":"Stephanie Phang","tag_set":"cliff_people","tag_sets_id":2389,"tags_id":35949984},{"stories_id":1246419702,"tag":"Paul Geitner","tag_set":"cliff_people","tag_sets_id":2389,"tags_id":41065819},{"stories_id":1246419702,"tag":"readability-lxml-0.7","tag_set":"extractor_version","tag_sets_id":1354,"tags_id":81092444}],"title":"Indonesia’s Deja Vu Election: What You Need to Know","url":"https://www.washingtonpost.com/business/indonesias-deja-vu-election-what-you-need-to-know/2019/04/12/37c92ad2-5cd8-11e9-98d4-844088d135f2_story.html","word_count":null}]