[{"ap_syndicated":null,"collect_date":"2019-05-02 13:10:19.740741","feeds":null,"guid":"{A278BF73-6521-424D-90DD-51484D404E2B}","language":"en","media_id":1150,"media_name":null,"media_url":null,"processed_stories_id":null,"publish_date":"2019-05-02 13:00:01","stories_id":1272302869,"story_tags":[{"stories_id":1272302869,"tag":"geonames_6252001","tag_set":"mc-geocoder@media.mit.edu","tag_sets_id":1011,"tags_id":8878461},{"stories_id":1272302869,"tag":"geonames_5037779","tag_set":"mc-geocoder@media.mit.edu","tag_sets_id":1011,"tags_id":8878534},{"stories_id":1272302869,"tag":"geonames_5045360","tag_set":"mc-geocoder@media.mit.edu","tag_sets_id":1011,"tags_id":8878914},{"stories_id":1272302869,"tag":"geonames_2029969","tag_set":"mc-geocoder@media.mit.edu","tag_sets_id":1011,"tags_id":8880726},{"stories_id":1272302869,"tag":"nyt_labeller_v1.0.0","tag_set":"nyt_labels_version","tag_sets_id":1964,"tags_id":9360669},{"stories_id":1272302869,"tag":"medicine and health","tag_set":"nyt_labels","tag_sets_id":1963,"tags_id":9360852},{"stories_id":1272302869,"tag":"NYSE","tag_set":"cliff_organizations","tag_sets_id":2388,"tags_id":9369611},{"stories_id":1272302869,"tag":"cliff_clavin_v2.4.1","tag_set":"geocoder_version","tag_sets_id":1937,"tags_id":9696677},{"stories_id":1272302869,"tag":"John Dwan","tag_set":"cliff_people","tag_sets_id":2389,"tags_id":11951268},{"stories_id":1272302869,"tag":"Hermon W. Cable","tag_set":"cliff_organizations","tag_sets_id":2388,"tags_id":32471996},{"stories_id":1272302869,"tag":"Henry S. Bryan","tag_set":"cliff_people","tag_sets_id":2389,"tags_id":32471997},{"stories_id":1272302869,"tag":"William A. McGonagle","tag_set":"cliff_people","tag_sets_id":2389,"tags_id":32471998},{"stories_id":1272302869,"tag":"J. Danley Budd","tag_set":"cliff_people","tag_sets_id":2389,"tags_id":32471999},{"stories_id":1272302869,"tag":"MarketWatch 3M Co.","tag_set":"cliff_organizations","tag_sets_id":2388,"tags_id":33678704},{"stories_id":1272302869,"tag":"readability-lxml-0.7","tag_set":"extractor_version","tag_sets_id":1354,"tags_id":81092444}],"title":"3M stock price target cut to $195 from $205 at CFRA","url":"http://feeds.marketwatch.com/~r/marketwatch/realtimeheadlines/~3/7fKldcjVhZQ/quotes.asp","word_count":null}]