[{"ap_syndicated":null,"collect_date":"2019-08-22 15:16:20.983452","feeds":null,"guid":"{B575EB68-C4EE-11E9-9281-1A808DCFBD71}","language":"en","media_id":1150,"media_name":null,"media_url":null,"processed_stories_id":null,"publish_date":"2019-08-22 11:42:09","stories_id":1371841120,"story_tags":[{"stories_id":1371841120,"tag":"geonames_2635167","tag_set":"mc-geocoder@media.mit.edu","tag_sets_id":1011,"tags_id":8878466},{"stories_id":1371841120,"tag":"geonames_6269131","tag_set":"mc-geocoder@media.mit.edu","tag_sets_id":1011,"tags_id":8878467},{"stories_id":1371841120,"tag":"geonames_2643743","tag_set":"mc-geocoder@media.mit.edu","tag_sets_id":1011,"tags_id":8878473},{"stories_id":1371841120,"tag":"geonames_2077456","tag_set":"mc-geocoder@media.mit.edu","tag_sets_id":1011,"tags_id":8878705},{"stories_id":1371841120,"tag":"nyt_labeller_v1.0.0","tag_set":"nyt_labels_version","tag_sets_id":1964,"tags_id":9360669},{"stories_id":1371841120,"tag":"finances","tag_set":"nyt_labels","tag_sets_id":1963,"tags_id":9360840},{"stories_id":1371841120,"tag":"energy and power","tag_set":"nyt_labels","tag_sets_id":1963,"tags_id":9360997},{"stories_id":1371841120,"tag":"electric light and power","tag_set":"nyt_labels","tag_sets_id":1963,"tags_id":9361013},{"stories_id":1371841120,"tag":"light","tag_set":"nyt_labels","tag_sets_id":1963,"tags_id":9361014},{"stories_id":1371841120,"tag":"company reports","tag_set":"nyt_labels","tag_sets_id":1963,"tags_id":9361050},{"stories_id":1371841120,"tag":"corporations","tag_set":"nyt_labels","tag_sets_id":1963,"tags_id":9361051},{"stories_id":1371841120,"tag":"Aarhus University","tag_set":"cliff_organizations","tag_sets_id":2388,"tags_id":9375854},{"stories_id":1371841120,"tag":"John Laing","tag_set":"cliff_people","tag_sets_id":2389,"tags_id":9414809},{"stories_id":1371841120,"tag":"University of Sussex","tag_set":"cliff_organizations","tag_sets_id":2388,"tags_id":9429602},{"stories_id":1371841120,"tag":"cliff_clavin_v2.4.1","tag_set":"geocoder_version","tag_sets_id":1937,"tags_id":9696677},{"stories_id":1371841120,"tag":"journal Energy","tag_set":"cliff_organizations","tag_sets_id":2388,"tags_id":10035452},{"stories_id":1371841120,"tag":"JLG","tag_set":"cliff_organizations","tag_sets_id":2388,"tags_id":10172828},{"stories_id":1371841120,"tag":"Olivier Brousse","tag_set":"cliff_people","tag_sets_id":2389,"tags_id":52782698},{"stories_id":1371841120,"tag":"readability-lxml-0.7","tag_set":"extractor_version","tag_sets_id":1354,"tags_id":81092444}],"title":"Wind-farm operator reveals a problem — not enough wind","url":"http://www.marketwatch.com/news/story.asp?guid=%7BB575EB68-C4EE-11E9-9281-1A808DCFBD71%7D&siteid=rss&rss=1","word_count":null}]