[{"ap_syndicated":null,"collect_date":"2019-08-23 14:19:10.811965","feeds":null,"guid":"https://www.washingtonpost.com/business/economy/california-wildfire-plan-shows-how-we-can-adapt-to-threat-of-natural-disasters/2019/08/23/37363a1a-c47f-11e9-b5e4-54aa56d5b7ce_story.html","language":"en","media_id":2,"media_name":null,"media_url":null,"processed_stories_id":null,"publish_date":"2019-08-23 01:48:53","stories_id":1372777701,"story_tags":[{"stories_id":1372777701,"tag":"geonames_6252001","tag_set":"mc-geocoder@media.mit.edu","tag_sets_id":1011,"tags_id":8878461},{"stories_id":1372777701,"tag":"geonames_5332921","tag_set":"mc-geocoder@media.mit.edu","tag_sets_id":1011,"tags_id":8878533},{"stories_id":1372777701,"tag":"geonames_5391811","tag_set":"mc-geocoder@media.mit.edu","tag_sets_id":1011,"tags_id":8878710},{"stories_id":1372777701,"tag":"nyt_labeller_v1.0.0","tag_set":"nyt_labels_version","tag_sets_id":1964,"tags_id":9360669},{"stories_id":1372777701,"tag":"finances","tag_set":"nyt_labels","tag_sets_id":1963,"tags_id":9360840},{"stories_id":1372777701,"tag":"global warming","tag_set":"nyt_labels","tag_sets_id":1963,"tags_id":9360886},{"stories_id":1372777701,"tag":"environment","tag_set":"nyt_labels","tag_sets_id":1963,"tags_id":9360887},{"stories_id":1372777701,"tag":"editorials","tag_set":"nyt_labels","tag_sets_id":1963,"tags_id":9360894},{"stories_id":1372777701,"tag":"weather","tag_set":"nyt_labels","tag_sets_id":1963,"tags_id":9360902},{"stories_id":1372777701,"tag":"energy and power","tag_set":"nyt_labels","tag_sets_id":1963,"tags_id":9360997},{"stories_id":1372777701,"tag":"fires and firefighters","tag_set":"nyt_labels","tag_sets_id":1963,"tags_id":9361005},{"stories_id":1372777701,"tag":"air pollution","tag_set":"nyt_labels","tag_sets_id":1963,"tags_id":9361007},{"stories_id":1372777701,"tag":"electric light and power","tag_set":"nyt_labels","tag_sets_id":1963,"tags_id":9361013},{"stories_id":1372777701,"tag":"light","tag_set":"nyt_labels","tag_sets_id":1963,"tags_id":9361014},{"stories_id":1372777701,"tag":"Trump administration","tag_set":"cliff_organizations","tag_sets_id":2388,"tags_id":9362998},{"stories_id":1372777701,"tag":"legislature","tag_set":"cliff_organizations","tag_sets_id":2388,"tags_id":9364659},{"stories_id":1372777701,"tag":"Gavin Newsom","tag_set":"cliff_people","tag_sets_id":2389,"tags_id":9372682},{"stories_id":1372777701,"tag":"National Weather Service","tag_set":"cliff_organizations","tag_sets_id":2388,"tags_id":9382501},{"stories_id":1372777701,"tag":"PG&E","tag_set":"cliff_organizations","tag_sets_id":2388,"tags_id":9400031},{"stories_id":1372777701,"tag":"Hobson","tag_set":"cliff_people","tag_sets_id":2389,"tags_id":9461229},{"stories_id":1372777701,"tag":"Michael Picker","tag_set":"cliff_people","tag_sets_id":2389,"tags_id":9487140},{"stories_id":1372777701,"tag":"California Public Utilities Commission","tag_set":"cliff_organizations","tag_sets_id":2388,"tags_id":9499296},{"stories_id":1372777701,"tag":"cliff_clavin_v2.4.1","tag_set":"geocoder_version","tag_sets_id":1937,"tags_id":9696677},{"stories_id":1372777701,"tag":"SDG&E","tag_set":"cliff_organizations","tag_sets_id":2388,"tags_id":9714250},{"stories_id":1372777701,"tag":"Dianne Jacob","tag_set":"cliff_people","tag_sets_id":2389,"tags_id":9730429},{"stories_id":1372777701,"tag":"San Diego Gas & Electric","tag_set":"cliff_organizations","tag_sets_id":2388,"tags_id":9945709},{"stories_id":1372777701,"tag":"Scott Drury","tag_set":"cliff_people","tag_sets_id":2389,"tags_id":10053759},{"stories_id":1372777701,"tag":"public utilities commission","tag_set":"cliff_organizations","tag_sets_id":2388,"tags_id":10194121},{"stories_id":1372777701,"tag":"Brian D’Agostino","tag_set":"cliff_people","tag_sets_id":2389,"tags_id":34257638},{"stories_id":1372777701,"tag":"readability-lxml-0.7","tag_set":"extractor_version","tag_sets_id":1354,"tags_id":81092444}],"title":"California wildfire plan shows how we can adapt to threat of natural disasters","url":"https://www.washingtonpost.com/business/economy/california-wildfire-plan-shows-how-we-can-adapt-to-threat-of-natural-disasters/2019/08/23/37363a1a-c47f-11e9-b5e4-54aa56d5b7ce_story.html","word_count":null}]