[{"ap_syndicated":null,"collect_date":"2019-09-25 06:01:38.924312","feeds":null,"guid":"https://www.usatoday.com/story/news/2019/09/25/un-climate-report-worlds-oceans-and-mountains-big-trouble/2427654001/","language":"en","media_id":4,"media_name":null,"media_url":null,"processed_stories_id":null,"publish_date":"2019-09-25 05:01:00","stories_id":1401805400,"story_tags":[{"stories_id":1401805400,"tag":"geonames_6252001","tag_set":"mc-geocoder@media.mit.edu","tag_sets_id":1011,"tags_id":8878461},{"stories_id":1401805400,"tag":"geonames_5128638","tag_set":"mc-geocoder@media.mit.edu","tag_sets_id":1011,"tags_id":8878463},{"stories_id":1401805400,"tag":"geonames_4155751","tag_set":"mc-geocoder@media.mit.edu","tag_sets_id":1011,"tags_id":8878477},{"stories_id":1401805400,"tag":"geonames_5224323","tag_set":"mc-geocoder@media.mit.edu","tag_sets_id":1011,"tags_id":8878836},{"stories_id":1401805400,"tag":"geonames_3319178","tag_set":"mc-geocoder@media.mit.edu","tag_sets_id":1011,"tags_id":8883351},{"stories_id":1401805400,"tag":"geonames_5220669","tag_set":"mc-geocoder@media.mit.edu","tag_sets_id":1011,"tags_id":9038269},{"stories_id":1401805400,"tag":"nyt_labeller_v1.0.0","tag_set":"nyt_labels_version","tag_sets_id":1964,"tags_id":9360669},{"stories_id":1401805400,"tag":"global warming","tag_set":"nyt_labels","tag_sets_id":1963,"tags_id":9360886},{"stories_id":1401805400,"tag":"environment","tag_set":"nyt_labels","tag_sets_id":1963,"tags_id":9360887},{"stories_id":1401805400,"tag":"weather","tag_set":"nyt_labels","tag_sets_id":1963,"tags_id":9360902},{"stories_id":1401805400,"tag":"hurricanes and tropical storms","tag_set":"nyt_labels","tag_sets_id":1963,"tags_id":9360925},{"stories_id":1401805400,"tag":"Donald Trump","tag_set":"cliff_people","tag_sets_id":2389,"tags_id":9362284},{"stories_id":1401805400,"tag":"United Nations","tag_set":"cliff_organizations","tag_sets_id":2388,"tags_id":9362785},{"stories_id":1401805400,"tag":"UN","tag_set":"cliff_organizations","tag_sets_id":2388,"tags_id":9362786},{"stories_id":1401805400,"tag":"BBC","tag_set":"cliff_organizations","tag_sets_id":2388,"tags_id":9363065},{"stories_id":1401805400,"tag":"U.N.","tag_set":"cliff_organizations","tag_sets_id":2388,"tags_id":9363619},{"stories_id":1401805400,"tag":"Narendra Modi","tag_set":"cliff_people","tag_sets_id":2389,"tags_id":9365328},{"stories_id":1401805400,"tag":"Greenpeace","tag_set":"cliff_organizations","tag_sets_id":2388,"tags_id":9366431},{"stories_id":1401805400,"tag":"IPCC","tag_set":"cliff_organizations","tag_sets_id":2388,"tags_id":9377140},{"stories_id":1401805400,"tag":"NOAA","tag_set":"cliff_organizations","tag_sets_id":2388,"tags_id":9407329},{"stories_id":1401805400,"tag":"World Wildlife Fund","tag_set":"cliff_organizations","tag_sets_id":2388,"tags_id":9414171},{"stories_id":1401805400,"tag":"National Geographic Society","tag_set":"cliff_organizations","tag_sets_id":2388,"tags_id":9514896},{"stories_id":1401805400,"tag":"Christopher Furlong","tag_set":"cliff_people","tag_sets_id":2389,"tags_id":9675515},{"stories_id":1401805400,"tag":"cliff_clavin_v2.4.1","tag_set":"geocoder_version","tag_sets_id":1937,"tags_id":9696677},{"stories_id":1401805400,"tag":"Enric Sala","tag_set":"cliff_people","tag_sets_id":2389,"tags_id":9709943},{"stories_id":1401805400,"tag":"Melissa Wang","tag_set":"cliff_people","tag_sets_id":2389,"tags_id":29807673},{"stories_id":1401805400,"tag":"John Tanzer","tag_set":"cliff_people","tag_sets_id":2389,"tags_id":32447141},{"stories_id":1401805400,"tag":"Ko Barrett","tag_set":"cliff_people","tag_sets_id":2389,"tags_id":33985335},{"stories_id":1401805400,"tag":"Greta Thunberg","tag_set":"cliff_people","tag_sets_id":2389,"tags_id":73335219},{"stories_id":1401805400,"tag":"readability-lxml-0.7","tag_set":"extractor_version","tag_sets_id":1354,"tags_id":81092444}],"title":"World's oceans and mountains are in big trouble from climate change, UN report says","url":"http://rssfeeds.usatoday.com/~/607142178/0/usatoday-newstopstories~Worlds-oceans-and-mountains-are-in-big-trouble-from-climate-change-UN-report-says/","word_count":null}]