[{"ap_syndicated":null,"collect_date":"2019-09-26 08:01:50.894017","feeds":null,"guid":"https://www.washingtonpost.com/local/md-politics/a-solar-panel-for-every-house-md-suburb-to-consider-california-style-mandate/2019/09/25/2d2cfdf0-dfe2-11e9-be96-6adb81821e90_story.html","language":"en","media_id":2,"media_name":null,"media_url":null,"processed_stories_id":null,"publish_date":"2019-09-26 07:00:00","stories_id":1402938291,"story_tags":[{"stories_id":1402938291,"tag":"guess_by_tag_meta","tag_set":"date_guess_method","tag_sets_id":508,"tags_id":50741386}],"title":"A solar panel for every house? Md. suburb to consider California-style mandate.","url":"https://www.washingtonpost.com/local/md-politics/a-solar-panel-for-every-house-md-suburb-to-consider-california-style-mandate/2019/09/25/2d2cfdf0-dfe2-11e9-be96-6adb81821e90_story.html","word_count":null}]