[{"ap_syndicated":null,"collect_date":"2019-11-19 15:43:41.250470","feeds":null,"guid":"{5D154EDA-0B04-11EA-9CA6-96CF83110561}","language":"en","media_id":1150,"media_name":null,"media_url":null,"processed_stories_id":null,"publish_date":"2019-11-19 15:28:33","stories_id":1449290166,"story_tags":[{"stories_id":1449290166,"tag":"geonames_6252001","tag_set":"mc-geocoder@media.mit.edu","tag_sets_id":1011,"tags_id":8878461},{"stories_id":1449290166,"tag":"geonames_4155751","tag_set":"mc-geocoder@media.mit.edu","tag_sets_id":1011,"tags_id":8878477},{"stories_id":1449290166,"tag":"geonames_4167694","tag_set":"mc-geocoder@media.mit.edu","tag_sets_id":1011,"tags_id":8880501},{"stories_id":1449290166,"tag":"nyt_labeller_v1.0.0","tag_set":"nyt_labels_version","tag_sets_id":1964,"tags_id":9360669},{"stories_id":1449290166,"tag":"finances","tag_set":"nyt_labels","tag_sets_id":1963,"tags_id":9360840},{"stories_id":1449290166,"tag":"hurricanes and tropical storms","tag_set":"nyt_labels","tag_sets_id":1963,"tags_id":9360925},{"stories_id":1449290166,"tag":"energy and power","tag_set":"nyt_labels","tag_sets_id":1963,"tags_id":9360997},{"stories_id":1449290166,"tag":"electric light and power","tag_set":"nyt_labels","tag_sets_id":1963,"tags_id":9361013},{"stories_id":1449290166,"tag":"light","tag_set":"nyt_labels","tag_sets_id":1963,"tags_id":9361014},{"stories_id":1449290166,"tag":"S&P","tag_set":"cliff_organizations","tag_sets_id":2388,"tags_id":9368263},{"stories_id":1449290166,"tag":"Getty","tag_set":"cliff_people","tag_sets_id":2389,"tags_id":9372559},{"stories_id":1449290166,"tag":"T. Rowe Price","tag_set":"cliff_organizations","tag_sets_id":2388,"tags_id":9562343},{"stories_id":1449290166,"tag":"Xcel Energy Inc","tag_set":"cliff_organizations","tag_sets_id":2388,"tags_id":9576946},{"stories_id":1449290166,"tag":"T. Rowe","tag_set":"cliff_people","tag_sets_id":2389,"tags_id":9587548},{"stories_id":1449290166,"tag":"David Giroux","tag_set":"cliff_people","tag_sets_id":2389,"tags_id":10009094},{"stories_id":1449290166,"tag":"DTE Energy Co","tag_set":"cliff_organizations","tag_sets_id":2388,"tags_id":28432964},{"stories_id":1449290166,"tag":"readability-lxml-0.7","tag_set":"extractor_version","tag_sets_id":1354,"tags_id":81092444},{"stories_id":1449290166,"tag":"cliff_clavin_v2.6.0","tag_set":"geocoder_version","tag_sets_id":1937,"tags_id":189462640},{"stories_id":1449290166,"tag":"American Electric Power Co AEP","tag_set":"cliff_organizations","tag_sets_id":2388,"tags_id":190304230}],"title":"This is not your grandfather’s utility sector, T. Rowe Price says","url":"http://www.marketwatch.com/news/story.asp?guid=%7B5D154EDA-0B04-11EA-9CA6-96CF83110561%7D&siteid=rss&rss=1","word_count":null}]