[{"ap_syndicated":null,"collect_date":"2019-11-22 16:31:32.942854","feeds":null,"guid":"https://www.wsj.com/articles/SB122107824722120577","language":"en","media_id":1150,"media_name":null,"media_url":null,"processed_stories_id":null,"publish_date":"2019-11-22 16:31:32.942365","stories_id":1452148903,"story_tags":[{"stories_id":1452148903,"tag":"geonames_3117735","tag_set":"mc-geocoder@media.mit.edu","tag_sets_id":1011,"tags_id":8878562},{"stories_id":1452148903,"tag":"geonames_2510769","tag_set":"mc-geocoder@media.mit.edu","tag_sets_id":1011,"tags_id":8878587},{"stories_id":1452148903,"tag":"geonames_2017370","tag_set":"mc-geocoder@media.mit.edu","tag_sets_id":1011,"tags_id":8878645},{"stories_id":1452148903,"tag":"geonames_3117732","tag_set":"mc-geocoder@media.mit.edu","tag_sets_id":1011,"tags_id":8878842},{"stories_id":1452148903,"tag":"geonames_614540","tag_set":"mc-geocoder@media.mit.edu","tag_sets_id":1011,"tags_id":8881304},{"stories_id":1452148903,"tag":"nyt_labeller_v1.0.0","tag_set":"nyt_labels_version","tag_sets_id":1964,"tags_id":9360669},{"stories_id":1452148903,"tag":"oil (petroleum) and gasoline","tag_set":"nyt_labels","tag_sets_id":1963,"tags_id":9360884},{"stories_id":1452148903,"tag":"energy and power","tag_set":"nyt_labels","tag_sets_id":1963,"tags_id":9360997},{"stories_id":1452148903,"tag":"electric light and power","tag_set":"nyt_labels","tag_sets_id":1963,"tags_id":9361013},{"stories_id":1452148903,"tag":"light","tag_set":"nyt_labels","tag_sets_id":1963,"tags_id":9361014},{"stories_id":1452148903,"tag":"gas (fuel)","tag_set":"nyt_labels","tag_sets_id":1963,"tags_id":9361098},{"stories_id":1452148903,"tag":"World Petroleum Congress","tag_set":"cliff_organizations","tag_sets_id":2388,"tags_id":9645978},{"stories_id":1452148903,"tag":"date_invalid","tag_set":"date_invalid","tag_sets_id":714,"tags_id":50741422},{"stories_id":1452148903,"tag":"readability-lxml-0.7","tag_set":"extractor_version","tag_sets_id":1354,"tags_id":81092444},{"stories_id":1452148903,"tag":"cliff_clavin_v2.6.0","tag_set":"geocoder_version","tag_sets_id":1937,"tags_id":189462640}],"title":"Wind Fuels Gas","url":"https://www.wsj.com/articles/SB122107824722120577","word_count":null}]