[{"ap_syndicated":null,"collect_date":"2019-12-12 03:57:09.026495","feeds":null,"guid":"https://www.washingtonpost.com/climate-environment/2019/12/10/un-climate-talks-presidential-hopeful-michael-bloomberg-touts-his-carbon-cutting-agenda/","language":"en","media_id":2,"media_name":null,"media_url":null,"processed_stories_id":null,"publish_date":"2019-12-10 15:41:35","stories_id":1468128524,"story_tags":[{"stories_id":1468128524,"tag":"geonames_6252001","tag_set":"mc-geocoder@media.mit.edu","tag_sets_id":1011,"tags_id":8878461},{"stories_id":1468128524,"tag":"geonames_4736286","tag_set":"mc-geocoder@media.mit.edu","tag_sets_id":1011,"tags_id":8878538},{"stories_id":1468128524,"tag":"geonames_4717560","tag_set":"mc-geocoder@media.mit.edu","tag_sets_id":1011,"tags_id":8883238},{"stories_id":1468128524,"tag":"nyt_labeller_v1.0.0","tag_set":"nyt_labels_version","tag_sets_id":1964,"tags_id":9360669},{"stories_id":1468128524,"tag":"politics and government","tag_set":"nyt_labels","tag_sets_id":1963,"tags_id":9360836},{"stories_id":1468128524,"tag":"global warming","tag_set":"nyt_labels","tag_sets_id":1963,"tags_id":9360886},{"stories_id":1468128524,"tag":"environment","tag_set":"nyt_labels","tag_sets_id":1963,"tags_id":9360887},{"stories_id":1468128524,"tag":"weather","tag_set":"nyt_labels","tag_sets_id":1963,"tags_id":9360902},{"stories_id":1468128524,"tag":"energy and power","tag_set":"nyt_labels","tag_sets_id":1963,"tags_id":9360997},{"stories_id":1468128524,"tag":"air pollution","tag_set":"nyt_labels","tag_sets_id":1963,"tags_id":9361007},{"stories_id":1468128524,"tag":"Barack Obama","tag_set":"cliff_people","tag_sets_id":2389,"tags_id":9362763},{"stories_id":1468128524,"tag":"United Nations","tag_set":"cliff_organizations","tag_sets_id":2388,"tags_id":9362785},{"stories_id":1468128524,"tag":"Trump","tag_set":"cliff_people","tag_sets_id":2389,"tags_id":9362872},{"stories_id":1468128524,"tag":"Bloomberg","tag_set":"cliff_organizations","tag_sets_id":2388,"tags_id":9363116},{"stories_id":1468128524,"tag":"U.N.","tag_set":"cliff_organizations","tag_sets_id":2388,"tags_id":9363619},{"stories_id":1468128524,"tag":"Harrison Ford","tag_set":"cliff_people","tag_sets_id":2389,"tags_id":9364110},{"stories_id":1468128524,"tag":"Sierra Club","tag_set":"cliff_organizations","tag_sets_id":2388,"tags_id":9364168},{"stories_id":1468128524,"tag":"Jerry Brown","tag_set":"cliff_people","tag_sets_id":2389,"tags_id":9367511},{"stories_id":1468128524,"tag":"American Geophysical Union","tag_set":"cliff_organizations","tag_sets_id":2388,"tags_id":9396907},{"stories_id":1468128524,"tag":"United States Climate Alliance","tag_set":"cliff_organizations","tag_sets_id":2388,"tags_id":9454516},{"stories_id":1468128524,"tag":"Mike Bloomberg","tag_set":"cliff_people","tag_sets_id":2389,"tags_id":9464520},{"stories_id":1468128524,"tag":"Stu Loeser","tag_set":"cliff_people","tag_sets_id":2389,"tags_id":9677616},{"stories_id":1468128524,"tag":"Mark Watts","tag_set":"cliff_people","tag_sets_id":2389,"tags_id":10046920},{"stories_id":1468128524,"tag":"readability-lxml-0.7","tag_set":"extractor_version","tag_sets_id":1354,"tags_id":81092444},{"stories_id":1468128524,"tag":"cliff_clavin_v2.6.0","tag_set":"geocoder_version","tag_sets_id":1937,"tags_id":189462640}],"title":"At U.N. climate talks, presidential hopeful Mike Bloomberg touts his carbon-cutting agenda","url":"https://www.washingtonpost.com/climate-environment/2019/12/10/un-climate-talks-presidential-hopeful-michael-bloomberg-touts-his-carbon-cutting-agenda/","word_count":null}]