[{"ap_syndicated":null,"collect_date":"2020-04-23 05:28:47.000169","feeds":null,"guid":"https://www.washingtonpost.com/climate-environment/2020/04/21/this-coal-company-with-ties-trump-administration-just-got-10-million-small-business-loan/","language":"en","media_id":2,"media_name":null,"media_url":null,"processed_stories_id":null,"publish_date":"2020-04-21 13:19:50","stories_id":1586581520,"story_tags":[{"stories_id":1586581520,"tag":"guess_by_unknown","tag_set":"date_guess_method","tag_sets_id":508,"tags_id":50741492}],"title":"This coal company with ties to the Trump administration just got a $10 million small-business loan","url":"https://www.washingtonpost.com/climate-environment/2020/04/21/this-coal-company-with-ties-trump-administration-just-got-10-million-small-business-loan/","word_count":null}]