[{"ap_syndicated":null,"collect_date":"2020-05-22 14:47:18.211749","feeds":null,"guid":"https://www.washingtonpost.com/business/2020/05/24/energy-wont-be-the-same/?utm_source=rss&utm_medium=referral&utm_campaign=wp_homepage","language":"en","media_id":2,"media_name":null,"media_url":null,"processed_stories_id":null,"publish_date":"2020-05-22 02:07:44","stories_id":1614168626,"story_tags":[{"stories_id":1614168626,"tag":"geonames_6252001","tag_set":"mc-geocoder@media.mit.edu","tag_sets_id":1011,"tags_id":8878461},{"stories_id":1614168626,"tag":"geonames_5690763","tag_set":"mc-geocoder@media.mit.edu","tag_sets_id":1011,"tags_id":8878684},{"stories_id":1614168626,"tag":"geonames_4752186","tag_set":"mc-geocoder@media.mit.edu","tag_sets_id":1011,"tags_id":8880620},{"stories_id":1614168626,"tag":"geonames_4245509","tag_set":"mc-geocoder@media.mit.edu","tag_sets_id":1011,"tags_id":8881280},{"stories_id":1614168626,"tag":"geonames_4717560","tag_set":"mc-geocoder@media.mit.edu","tag_sets_id":1011,"tags_id":8883238},{"stories_id":1614168626,"tag":"nyt_labeller_v1.0.0","tag_set":"nyt_labels_version","tag_sets_id":1964,"tags_id":9360669},{"stories_id":1614168626,"tag":"politics and government","tag_set":"nyt_labels","tag_sets_id":1963,"tags_id":9360836},{"stories_id":1614168626,"tag":"oil (petroleum) and gasoline","tag_set":"nyt_labels","tag_sets_id":1963,"tags_id":9360884},{"stories_id":1614168626,"tag":"environment","tag_set":"nyt_labels","tag_sets_id":1963,"tags_id":9360887},{"stories_id":1614168626,"tag":"economic conditions and trends","tag_set":"nyt_labels","tag_sets_id":1963,"tags_id":9360989},{"stories_id":1614168626,"tag":"prices (fares, fees and rates)","tag_set":"nyt_labels","tag_sets_id":1963,"tags_id":9360996},{"stories_id":1614168626,"tag":"energy and power","tag_set":"nyt_labels","tag_sets_id":1963,"tags_id":9360997},{"stories_id":1614168626,"tag":"electric light and power","tag_set":"nyt_labels","tag_sets_id":1963,"tags_id":9361013},{"stories_id":1614168626,"tag":"light","tag_set":"nyt_labels","tag_sets_id":1963,"tags_id":9361014},{"stories_id":1614168626,"tag":"Trump","tag_set":"cliff_people","tag_sets_id":2389,"tags_id":9362872},{"stories_id":1614168626,"tag":"Joe Biden","tag_set":"cliff_people","tag_sets_id":2389,"tags_id":9363134},{"stories_id":1614168626,"tag":"BP","tag_set":"cliff_organizations","tag_sets_id":2388,"tags_id":9367462},{"stories_id":1614168626,"tag":"Duke","tag_set":"cliff_organizations","tag_sets_id":2388,"tags_id":9388160},{"stories_id":1614168626,"tag":"Bakken","tag_set":"cliff_people","tag_sets_id":2389,"tags_id":9393906},{"stories_id":1614168626,"tag":"AES","tag_set":"cliff_organizations","tag_sets_id":2388,"tags_id":9411088},{"stories_id":1614168626,"tag":"Daniel Yergin","tag_set":"cliff_people","tag_sets_id":2389,"tags_id":9480813},{"stories_id":1614168626,"tag":"Dan Brouillette","tag_set":"cliff_people","tag_sets_id":2389,"tags_id":9496474},{"stories_id":1614168626,"tag":"North Dakota Petroleum Council","tag_set":"cliff_organizations","tag_sets_id":2388,"tags_id":9640749},{"stories_id":1614168626,"tag":"Whiting Petroleum","tag_set":"cliff_organizations","tag_sets_id":2388,"tags_id":9641440},{"stories_id":1614168626,"tag":"Ron Ness","tag_set":"cliff_people","tag_sets_id":2389,"tags_id":9676573},{"stories_id":1614168626,"tag":"Nicholas Institute for Environmental Policy Solutions","tag_set":"cliff_organizations","tag_sets_id":2388,"tags_id":10143217},{"stories_id":1614168626,"tag":"Kate Konschnik","tag_set":"cliff_people","tag_sets_id":2389,"tags_id":28314486},{"stories_id":1614168626,"tag":"Bernard Looney","tag_set":"cliff_people","tag_sets_id":2389,"tags_id":33112319},{"stories_id":1614168626,"tag":"Andres Gluski","tag_set":"cliff_people","tag_sets_id":2389,"tags_id":38079910},{"stories_id":1614168626,"tag":"Bruno Brunetti","tag_set":"cliff_people","tag_sets_id":2389,"tags_id":40432918},{"stories_id":1614168626,"tag":"Roman Kramarchuk","tag_set":"cliff_people","tag_sets_id":2389,"tags_id":46546053},{"stories_id":1614168626,"tag":"readability-lxml-0.7","tag_set":"extractor_version","tag_sets_id":1354,"tags_id":81092444},{"stories_id":1614168626,"tag":"cliff_clavin_v2.6.0","tag_set":"geocoder_version","tag_sets_id":1937,"tags_id":189462640},{"stories_id":1614168626,"tag":"energy business Coal","tag_set":"cliff_organizations","tag_sets_id":2388,"tags_id":203954793},{"stories_id":1614168626,"tag":"global power planning for S&P Global Platts","tag_set":"cliff_organizations","tag_sets_id":2388,"tags_id":203954794},{"stories_id":1614168626,"tag":"Drew Swindell","tag_set":"cliff_people","tag_sets_id":2389,"tags_id":203954795}],"title":"Covid-19 is rewriting the future of both fossil fuels and renewables","url":"https://www.washingtonpost.com/business/2020/05/24/energy-wont-be-the-same/?utm_source=rss&utm_medium=referral&utm_campaign=wp_homepage","word_count":null}]