[{"ap_syndicated":null,"collect_date":"2020-06-03 20:55:52.117505","feeds":null,"guid":"https://www.wsj.com/articles/u-s-consumed-more-renewables-than-coal-for-first-time-in-134-years-11590691919","language":"en","media_id":1150,"media_name":null,"media_url":null,"processed_stories_id":null,"publish_date":"2020-06-03 20:55:51.725954","stories_id":1624892698,"story_tags":[{"stories_id":1624892698,"tag":"geonames_6252001","tag_set":"mc-geocoder@media.mit.edu","tag_sets_id":1011,"tags_id":8878461},{"stories_id":1624892698,"tag":"geonames_4736286","tag_set":"mc-geocoder@media.mit.edu","tag_sets_id":1011,"tags_id":8878538},{"stories_id":1624892698,"tag":"geonames_6254928","tag_set":"mc-geocoder@media.mit.edu","tag_sets_id":1011,"tags_id":8878547},{"stories_id":1624892698,"tag":"geonames_4921868","tag_set":"mc-geocoder@media.mit.edu","tag_sets_id":1011,"tags_id":8878577},{"stories_id":1624892698,"tag":"geonames_4671240","tag_set":"mc-geocoder@media.mit.edu","tag_sets_id":1011,"tags_id":8878704},{"stories_id":1624892698,"tag":"geonames_5843591","tag_set":"mc-geocoder@media.mit.edu","tag_sets_id":1011,"tags_id":8880005},{"stories_id":1624892698,"tag":"geonames_5832330","tag_set":"mc-geocoder@media.mit.edu","tag_sets_id":1011,"tags_id":8880182},{"stories_id":1624892698,"tag":"nyt_labeller_v1.0.0","tag_set":"nyt_labels_version","tag_sets_id":1964,"tags_id":9360669},{"stories_id":1624892698,"tag":"energy and power","tag_set":"nyt_labels","tag_sets_id":1963,"tags_id":9360997},{"stories_id":1624892698,"tag":"electric light and power","tag_set":"nyt_labels","tag_sets_id":1963,"tags_id":9361013},{"stories_id":1624892698,"tag":"light","tag_set":"nyt_labels","tag_sets_id":1963,"tags_id":9361014},{"stories_id":1624892698,"tag":"Ben Nelson","tag_set":"cliff_people","tag_sets_id":2389,"tags_id":9379679},{"stories_id":1624892698,"tag":"Energy Information Administration","tag_set":"cliff_organizations","tag_sets_id":2388,"tags_id":9380334},{"stories_id":1624892698,"tag":"WSJ","tag_set":"cliff_organizations","tag_sets_id":2388,"tags_id":9396028},{"stories_id":1624892698,"tag":"EIA","tag_set":"cliff_organizations","tag_sets_id":2388,"tags_id":9411071},{"stories_id":1624892698,"tag":"Enel Green Power","tag_set":"cliff_organizations","tag_sets_id":2388,"tags_id":9430122},{"stories_id":1624892698,"tag":"Enel","tag_set":"cliff_organizations","tag_sets_id":2388,"tags_id":9434285},{"stories_id":1624892698,"tag":"Southern Co.","tag_set":"cliff_organizations","tag_sets_id":2388,"tags_id":9447911},{"stories_id":1624892698,"tag":"Tom Fanning","tag_set":"cliff_people","tag_sets_id":2389,"tags_id":9495906},{"stories_id":1624892698,"tag":"Moody’s Investors Service","tag_set":"cliff_organizations","tag_sets_id":2388,"tags_id":9519557},{"stories_id":1624892698,"tag":"AES Corp.","tag_set":"cliff_organizations","tag_sets_id":2388,"tags_id":9648566},{"stories_id":1624892698,"tag":"Wood","tag_set":"cliff_people","tag_sets_id":2389,"tags_id":9742207},{"stories_id":1624892698,"tag":"Katherine Blunt","tag_set":"cliff_people","tag_sets_id":2389,"tags_id":10568371},{"stories_id":1624892698,"tag":"Andrés Gluski","tag_set":"cliff_people","tag_sets_id":2389,"tags_id":31239772},{"stories_id":1624892698,"tag":"Enel Green Power North America","tag_set":"cliff_organizations","tag_sets_id":2388,"tags_id":32575025},{"stories_id":1624892698,"tag":"Georgios Papadimitriou","tag_set":"cliff_people","tag_sets_id":2389,"tags_id":44605559},{"stories_id":1624892698,"tag":"date_invalid","tag_set":"date_invalid","tag_sets_id":714,"tags_id":50741422},{"stories_id":1624892698,"tag":"readability-lxml-0.7","tag_set":"extractor_version","tag_sets_id":1354,"tags_id":81092444},{"stories_id":1624892698,"tag":"cliff_clavin_v2.6.0","tag_set":"geocoder_version","tag_sets_id":1937,"tags_id":189462640},{"stories_id":1624892698,"tag":"Carlos Waters/WSJ","tag_set":"cliff_people","tag_sets_id":2389,"tags_id":199466575}],"title":"U.S. Consumed More Renewables Than Coal for First Time in 134 Years","url":"https://www.wsj.com/articles/u-s-consumed-more-renewables-than-coal-for-first-time-in-134-years-11590691919","word_count":null}]