[{"ap_syndicated":null,"collect_date":"2020-06-03 16:06:43.956248","feeds":null,"guid":"https://www.usatoday.com/story/news/politics/elections/2019/10/06/beto-orourke-seeks-capture-momentum-stops-phoenix-churchill-tucson/3869544002/","language":"en","media_id":4,"media_name":null,"media_url":null,"processed_stories_id":null,"publish_date":"2019-10-06 00:00:00","stories_id":1624699776,"story_tags":[{"stories_id":1624699776,"tag":"geonames_6252001","tag_set":"mc-geocoder@media.mit.edu","tag_sets_id":1011,"tags_id":8878461},{"stories_id":1624699776,"tag":"geonames_5551752","tag_set":"mc-geocoder@media.mit.edu","tag_sets_id":1011,"tags_id":8878730},{"stories_id":1624699776,"tag":"geonames_5318313","tag_set":"mc-geocoder@media.mit.edu","tag_sets_id":1011,"tags_id":8879149},{"stories_id":1624699776,"tag":"geonames_5308655","tag_set":"mc-geocoder@media.mit.edu","tag_sets_id":1011,"tags_id":8879154},{"stories_id":1624699776,"tag":"geonames_5520993","tag_set":"mc-geocoder@media.mit.edu","tag_sets_id":1011,"tags_id":8881380},{"stories_id":1624699776,"tag":"nyt_labeller_v1.0.0","tag_set":"nyt_labels_version","tag_sets_id":1964,"tags_id":9360669},{"stories_id":1624699776,"tag":"politics and government","tag_set":"nyt_labels","tag_sets_id":1963,"tags_id":9360836},{"stories_id":1624699776,"tag":"law and legislation","tag_set":"nyt_labels","tag_sets_id":1963,"tags_id":9360837},{"stories_id":1624699776,"tag":"united states politics and government","tag_set":"nyt_labels","tag_sets_id":1963,"tags_id":9360846},{"stories_id":1624699776,"tag":"elections","tag_set":"nyt_labels","tag_sets_id":1963,"tags_id":9360851},{"stories_id":1624699776,"tag":"election issues","tag_set":"nyt_labels","tag_sets_id":1963,"tags_id":9360896},{"stories_id":1624699776,"tag":"immigration and refugees","tag_set":"nyt_labels","tag_sets_id":1963,"tags_id":9360897},{"stories_id":1624699776,"tag":"Donald Trump","tag_set":"cliff_people","tag_sets_id":2389,"tags_id":9362284},{"stories_id":1624699776,"tag":"Facebook","tag_set":"cliff_organizations","tag_sets_id":2388,"tags_id":9362725},{"stories_id":1624699776,"tag":"Senate","tag_set":"cliff_organizations","tag_sets_id":2388,"tags_id":9362741},{"stories_id":1624699776,"tag":"Ted Cruz","tag_set":"cliff_people","tag_sets_id":2389,"tags_id":9362748},{"stories_id":1624699776,"tag":"Congress","tag_set":"cliff_organizations","tag_sets_id":2388,"tags_id":9362962},{"stories_id":1624699776,"tag":"Joe Biden","tag_set":"cliff_people","tag_sets_id":2389,"tags_id":9363134},{"stories_id":1624699776,"tag":"Elizabeth Warren","tag_set":"cliff_people","tag_sets_id":2389,"tags_id":9364527},{"stories_id":1624699776,"tag":"Robert","tag_set":"cliff_people","tag_sets_id":2389,"tags_id":9365217},{"stories_id":1624699776,"tag":"El Paso","tag_set":"cliff_organizations","tag_sets_id":2388,"tags_id":9376331},{"stories_id":1624699776,"tag":"Churchill","tag_set":"cliff_people","tag_sets_id":2389,"tags_id":9378590},{"stories_id":1624699776,"tag":"Beto O’Rourke","tag_set":"cliff_people","tag_sets_id":2389,"tags_id":9476803},{"stories_id":1624699776,"tag":"Hunter Biden","tag_set":"cliff_people","tag_sets_id":2389,"tags_id":9479867},{"stories_id":1624699776,"tag":"Beto O'Rourke","tag_set":"cliff_people","tag_sets_id":2389,"tags_id":9596964},{"stories_id":1624699776,"tag":"Manny Franco","tag_set":"cliff_people","tag_sets_id":2389,"tags_id":28521625},{"stories_id":1624699776,"tag":"Mary Snider","tag_set":"cliff_people","tag_sets_id":2389,"tags_id":38829433},{"stories_id":1624699776,"tag":"Volodymyr Zelensky","tag_set":"cliff_people","tag_sets_id":2389,"tags_id":40535994},{"stories_id":1624699776,"tag":"guess_by_unknown","tag_set":"date_guess_method","tag_sets_id":508,"tags_id":50741492},{"stories_id":1624699776,"tag":"readability-lxml-0.7","tag_set":"extractor_version","tag_sets_id":1354,"tags_id":81092444},{"stories_id":1624699776,"tag":"Jeremiah Kole","tag_set":"cliff_people","tag_sets_id":2389,"tags_id":187422147},{"stories_id":1624699776,"tag":"cliff_clavin_v2.6.0","tag_set":"geocoder_version","tag_sets_id":1937,"tags_id":189462640}],"title":"Beto O'Rourke seeks to capture momentum with stops in Phoenix, Tucson","url":"https://www.usatoday.com/story/news/politics/elections/2019/10/06/beto-orourke-seeks-capture-momentum-stops-phoenix-churchill-tucson/3869544002/","word_count":null}]