[{"ap_syndicated":null,"collect_date":"2020-07-08 05:53:31.746170","feeds":null,"guid":"https://www.nytimes.com/2020/07/08/opinion/us-infrastructure-plan.html","language":"en","media_id":1,"media_name":null,"media_url":null,"processed_stories_id":null,"publish_date":"2020-07-08 05:00:31","stories_id":1655970900,"story_tags":[{"stories_id":1655970900,"tag":"geonames_6252001","tag_set":"mc-geocoder@media.mit.edu","tag_sets_id":1011,"tags_id":8878461},{"stories_id":1655970900,"tag":"geonames_4155751","tag_set":"mc-geocoder@media.mit.edu","tag_sets_id":1011,"tags_id":8878477},{"stories_id":1655970900,"tag":"geonames_4167147","tag_set":"mc-geocoder@media.mit.edu","tag_sets_id":1011,"tags_id":8878792},{"stories_id":1655970900,"tag":"geonames_2192362","tag_set":"mc-geocoder@media.mit.edu","tag_sets_id":1011,"tags_id":8886132},{"stories_id":1655970900,"tag":"nyt_labeller_v1.0.0","tag_set":"nyt_labels_version","tag_sets_id":1964,"tags_id":9360669},{"stories_id":1655970900,"tag":"finances","tag_set":"nyt_labels","tag_sets_id":1963,"tags_id":9360840},{"stories_id":1655970900,"tag":"budgets and budgeting","tag_set":"nyt_labels","tag_sets_id":1963,"tags_id":9360850},{"stories_id":1655970900,"tag":"labor","tag_set":"nyt_labels","tag_sets_id":1963,"tags_id":9360859},{"stories_id":1655970900,"tag":"environment","tag_set":"nyt_labels","tag_sets_id":1963,"tags_id":9360887},{"stories_id":1655970900,"tag":"economic conditions and trends","tag_set":"nyt_labels","tag_sets_id":1963,"tags_id":9360989},{"stories_id":1655970900,"tag":"travel and vacations","tag_set":"nyt_labels","tag_sets_id":1963,"tags_id":9361022},{"stories_id":1655970900,"tag":"Air France","tag_set":"cliff_organizations","tag_sets_id":2388,"tags_id":9371518},{"stories_id":1655970900,"tag":"readability-lxml-0.7","tag_set":"extractor_version","tag_sets_id":1354,"tags_id":81092444},{"stories_id":1655970900,"tag":"cliff_clavin_v2.6.0","tag_set":"geocoder_version","tag_sets_id":1937,"tags_id":189462640}],"title":"Stop Building More Roads","url":"https://www.nytimes.com/2020/07/08/opinion/us-infrastructure-plan.html","word_count":null}]