[{"ap_syndicated":null,"collect_date":"2020-07-10 13:52:28.393018","feeds":null,"guid":"{12FB7B6C-C139-11EA-9309-095339FF535B}","language":"en","media_id":1150,"media_name":null,"media_url":null,"processed_stories_id":null,"publish_date":"2020-07-10 13:42:34","stories_id":1658432135,"story_tags":[{"stories_id":1658432135,"tag":"geonames_1814991","tag_set":"mc-geocoder@media.mit.edu","tag_sets_id":1011,"tags_id":8878478},{"stories_id":1658432135,"tag":"nyt_labeller_v1.0.0","tag_set":"nyt_labels_version","tag_sets_id":1964,"tags_id":9360669},{"stories_id":1658432135,"tag":"politics and government","tag_set":"nyt_labels","tag_sets_id":1963,"tags_id":9360836},{"stories_id":1658432135,"tag":"medicine and health","tag_set":"nyt_labels","tag_sets_id":1963,"tags_id":9360852},{"stories_id":1658432135,"tag":"international relations","tag_set":"nyt_labels","tag_sets_id":1963,"tags_id":9360934},{"stories_id":1658432135,"tag":"diseases and conditions","tag_set":"nyt_labels","tag_sets_id":1963,"tags_id":9360942},{"stories_id":1658432135,"tag":"economic conditions and trends","tag_set":"nyt_labels","tag_sets_id":1963,"tags_id":9360989},{"stories_id":1658432135,"tag":"viruses","tag_set":"nyt_labels","tag_sets_id":1963,"tags_id":9361055},{"stories_id":1658432135,"tag":"Trump","tag_set":"cliff_people","tag_sets_id":2389,"tags_id":9362872},{"stories_id":1658432135,"tag":"Huawei","tag_set":"cliff_organizations","tag_sets_id":2388,"tags_id":9378344},{"stories_id":1658432135,"tag":"Pew Foundation","tag_set":"cliff_organizations","tag_sets_id":2388,"tags_id":9462502},{"stories_id":1658432135,"tag":"McKinsey & Co.","tag_set":"cliff_organizations","tag_sets_id":2388,"tags_id":9462654},{"stories_id":1658432135,"tag":"China hawks","tag_set":"cliff_organizations","tag_sets_id":2388,"tags_id":9464409},{"stories_id":1658432135,"tag":"Peter B. Walker","tag_set":"cliff_people","tag_sets_id":2389,"tags_id":54575415},{"stories_id":1658432135,"tag":"readability-lxml-0.7","tag_set":"extractor_version","tag_sets_id":1354,"tags_id":81092444},{"stories_id":1658432135,"tag":"cliff_clavin_v2.6.0","tag_set":"geocoder_version","tag_sets_id":1937,"tags_id":189462640}],"title":"Outside the Box: What the world could use now: A reset between the U.S. and China","url":"http://www.marketwatch.com/news/story.asp?guid=%7B12FB7B6C-C139-11EA-9309-095339FF535B%7D&siteid=rss&rss=1","word_count":null}]