[{"ap_syndicated":null,"collect_date":"2020-08-18 00:20:52.825042","feeds":null,"guid":"https://www.washingtonpost.com/politics/2020/08/17/fact-checking-first-night-democratic-national-convention/?utm_source=rss&utm_medium=referral&utm_campaign=wp_politics","language":"en","media_id":2,"media_name":null,"media_url":null,"processed_stories_id":null,"publish_date":"2020-08-17 23:47:02","stories_id":1685989414,"story_tags":[{"stories_id":1685989414,"tag":"geonames_6252001","tag_set":"mc-geocoder@media.mit.edu","tag_sets_id":1011,"tags_id":8878461},{"stories_id":1685989414,"tag":"geonames_5128638","tag_set":"mc-geocoder@media.mit.edu","tag_sets_id":1011,"tags_id":8878463},{"stories_id":1685989414,"tag":"nyt_labeller_v1.0.0","tag_set":"nyt_labels_version","tag_sets_id":1964,"tags_id":9360669},{"stories_id":1685989414,"tag":"politics and government","tag_set":"nyt_labels","tag_sets_id":1963,"tags_id":9360836},{"stories_id":1685989414,"tag":"finances","tag_set":"nyt_labels","tag_sets_id":1963,"tags_id":9360840},{"stories_id":1685989414,"tag":"united states politics and government","tag_set":"nyt_labels","tag_sets_id":1963,"tags_id":9360846},{"stories_id":1685989414,"tag":"medicine and health","tag_set":"nyt_labels","tag_sets_id":1963,"tags_id":9360852},{"stories_id":1685989414,"tag":"banks and banking","tag_set":"nyt_labels","tag_sets_id":1963,"tags_id":9360943},{"stories_id":1685989414,"tag":"White House","tag_set":"cliff_organizations","tag_sets_id":2388,"tags_id":9362736},{"stories_id":1685989414,"tag":"Bernie Sanders","tag_set":"cliff_people","tag_sets_id":2389,"tags_id":9362750},{"stories_id":1685989414,"tag":"Barack Obama","tag_set":"cliff_people","tag_sets_id":2389,"tags_id":9362763},{"stories_id":1685989414,"tag":"Trump","tag_set":"cliff_people","tag_sets_id":2389,"tags_id":9362872},{"stories_id":1685989414,"tag":"Trump administration","tag_set":"cliff_organizations","tag_sets_id":2388,"tags_id":9362998},{"stories_id":1685989414,"tag":"John Bolton","tag_set":"cliff_people","tag_sets_id":2389,"tags_id":9363129},{"stories_id":1685989414,"tag":"National Security Council","tag_set":"cliff_organizations","tag_sets_id":2388,"tags_id":9363439},{"stories_id":1685989414,"tag":"Biden","tag_set":"cliff_people","tag_sets_id":2389,"tags_id":9365736},{"stories_id":1685989414,"tag":"Andrew Cuomo","tag_set":"cliff_people","tag_sets_id":2389,"tags_id":9373032},{"stories_id":1685989414,"tag":"NSC","tag_set":"cliff_organizations","tag_sets_id":2388,"tags_id":9376625},{"stories_id":1685989414,"tag":"Jared [Kushner","tag_set":"cliff_people","tag_sets_id":2389,"tags_id":9452048},{"stories_id":1685989414,"tag":"Longoria","tag_set":"cliff_people","tag_sets_id":2389,"tags_id":9468004},{"stories_id":1685989414,"tag":"Social Security","tag_set":"cliff_organizations","tag_sets_id":2388,"tags_id":9697301},{"stories_id":1685989414,"tag":"Timothy Ziemer","tag_set":"cliff_people","tag_sets_id":2389,"tags_id":11271746},{"stories_id":1685989414,"tag":"readability-lxml-0.7","tag_set":"extractor_version","tag_sets_id":1354,"tags_id":81092444},{"stories_id":1685989414,"tag":"paper Social Security","tag_set":"cliff_organizations","tag_sets_id":2388,"tags_id":142681636},{"stories_id":1685989414,"tag":"cliff_clavin_v2.6.0","tag_set":"geocoder_version","tag_sets_id":1937,"tags_id":189462640},{"stories_id":1685989414,"tag":"global health directorate","tag_set":"cliff_organizations","tag_sets_id":2388,"tags_id":199103438}],"title":"Fact-checking the first night of the Democratic National Convention","url":"https://www.washingtonpost.com/politics/2020/08/17/fact-checking-first-night-democratic-national-convention/?utm_source=rss&utm_medium=referral&utm_campaign=wp_politics","word_count":null}]