[{"ap_syndicated":null,"collect_date":"2020-08-20 20:40:30.609661","feeds":null,"guid":"https://www.washingtonpost.com/politics/2020/08/17/fact-checking-first-night-democratic-national-convention/","language":"en","media_id":2,"media_name":null,"media_url":null,"processed_stories_id":null,"publish_date":"2020-08-18 06:26:51","stories_id":1688841072,"story_tags":[{"stories_id":1688841072,"tag":"geonames_6252001","tag_set":"mc-geocoder@media.mit.edu","tag_sets_id":1011,"tags_id":8878461},{"stories_id":1688841072,"tag":"geonames_5128638","tag_set":"mc-geocoder@media.mit.edu","tag_sets_id":1011,"tags_id":8878463},{"stories_id":1688841072,"tag":"nyt_labeller_v1.0.0","tag_set":"nyt_labels_version","tag_sets_id":1964,"tags_id":9360669},{"stories_id":1688841072,"tag":"politics and government","tag_set":"nyt_labels","tag_sets_id":1963,"tags_id":9360836},{"stories_id":1688841072,"tag":"united states politics and government","tag_set":"nyt_labels","tag_sets_id":1963,"tags_id":9360846},{"stories_id":1688841072,"tag":"Eva Longoria Bastón","tag_set":"cliff_people","tag_sets_id":2389,"tags_id":36755196},{"stories_id":1688841072,"tag":"readability-lxml-0.7","tag_set":"extractor_version","tag_sets_id":1354,"tags_id":81092444},{"stories_id":1688841072,"tag":"cliff_clavin_v2.6.0","tag_set":"geocoder_version","tag_sets_id":1937,"tags_id":189462640}],"title":"Fact-checking the first night of the 2020 Democratic National Convention","url":"https://www.washingtonpost.com/politics/2020/08/17/fact-checking-first-night-democratic-national-convention/","word_count":null}]