[{"ap_syndicated":null,"collect_date":"2020-09-21 15:29:33.853313","feeds":null,"guid":"{A0D9A4B1-0D0D-468C-9BA9-03561F46C244}","language":"en","media_id":1150,"media_name":null,"media_url":null,"processed_stories_id":null,"publish_date":"2020-09-21 12:58:41","stories_id":1717421371,"story_tags":[{"stories_id":1717421371,"tag":"geonames_2017370","tag_set":"mc-geocoder@media.mit.edu","tag_sets_id":1011,"tags_id":8878645},{"stories_id":1717421371,"tag":"geonames_484048","tag_set":"mc-geocoder@media.mit.edu","tag_sets_id":1011,"tags_id":8889522},{"stories_id":1717421371,"tag":"nyt_labeller_v1.0.0","tag_set":"nyt_labels_version","tag_sets_id":1964,"tags_id":9360669},{"stories_id":1717421371,"tag":"finances","tag_set":"nyt_labels","tag_sets_id":1963,"tags_id":9360840},{"stories_id":1717421371,"tag":"energy and power","tag_set":"nyt_labels","tag_sets_id":1963,"tags_id":9360997},{"stories_id":1717421371,"tag":"stocks and bonds","tag_set":"nyt_labels","tag_sets_id":1963,"tags_id":9361012},{"stories_id":1717421371,"tag":"electric light and power","tag_set":"nyt_labels","tag_sets_id":1963,"tags_id":9361013},{"stories_id":1717421371,"tag":"light","tag_set":"nyt_labels","tag_sets_id":1963,"tags_id":9361014},{"stories_id":1717421371,"tag":"General Electric Co.","tag_set":"cliff_organizations","tag_sets_id":2388,"tags_id":9369202},{"stories_id":1717421371,"tag":"GE","tag_set":"cliff_organizations","tag_sets_id":2388,"tags_id":9369925},{"stories_id":1717421371,"tag":"Russell Stokes","tag_set":"cliff_people","tag_sets_id":2389,"tags_id":31974137},{"stories_id":1717421371,"tag":"Larry Culp","tag_set":"cliff_people","tag_sets_id":2389,"tags_id":39531275},{"stories_id":1717421371,"tag":"readability-lxml-0.7","tag_set":"extractor_version","tag_sets_id":1354,"tags_id":81092444},{"stories_id":1717421371,"tag":"GE Power Portfolio","tag_set":"cliff_organizations","tag_sets_id":2388,"tags_id":92582016},{"stories_id":1717421371,"tag":"cliff_clavin_v2.6.0","tag_set":"geocoder_version","tag_sets_id":1937,"tags_id":189462640}],"title":"GE' stock tumbles after plan to exit the new-build coal power market","url":"http://feeds.marketwatch.com/~r/marketwatch/marketpulse/~3/1dO19dVuAgk/story.aspx","word_count":null}]