[{"ap_syndicated":null,"collect_date":"2020-09-29 23:30:34.810121","feeds":null,"guid":"https://www.nytimes.com/live/2020/09/29/us/presidential-debate-trump-biden/trump-says-hes-counting-on-the-supreme-court-to-examine-the-results-of-the-presidential-election","language":"en","media_id":1,"media_name":null,"media_url":null,"processed_stories_id":null,"publish_date":"2020-09-29 23:18:54","stories_id":1724973832,"story_tags":[{"stories_id":1724973832,"tag":"geonames_6252001","tag_set":"mc-geocoder@media.mit.edu","tag_sets_id":1011,"tags_id":8878461},{"stories_id":1724973832,"tag":"geonames_5332921","tag_set":"mc-geocoder@media.mit.edu","tag_sets_id":1011,"tags_id":8878533},{"stories_id":1724973832,"tag":"geonames_6254928","tag_set":"mc-geocoder@media.mit.edu","tag_sets_id":1011,"tags_id":8878547},{"stories_id":1724973832,"tag":"geonames_5746545","tag_set":"mc-geocoder@media.mit.edu","tag_sets_id":1011,"tags_id":8878667},{"stories_id":1724973832,"tag":"geonames_5279468","tag_set":"mc-geocoder@media.mit.edu","tag_sets_id":1011,"tags_id":8878849},{"stories_id":1724973832,"tag":"geonames_5744337","tag_set":"mc-geocoder@media.mit.edu","tag_sets_id":1011,"tags_id":8879203},{"stories_id":1724973832,"tag":"geonames_5258393","tag_set":"mc-geocoder@media.mit.edu","tag_sets_id":1011,"tags_id":8899042},{"stories_id":1724973832,"tag":"nyt_labeller_v1.0.0","tag_set":"nyt_labels_version","tag_sets_id":1964,"tags_id":9360669},{"stories_id":1724973832,"tag":"politics and government","tag_set":"nyt_labels","tag_sets_id":1963,"tags_id":9360836},{"stories_id":1724973832,"tag":"united states politics and government","tag_set":"nyt_labels","tag_sets_id":1963,"tags_id":9360846},{"stories_id":1724973832,"tag":"elections","tag_set":"nyt_labels","tag_sets_id":1963,"tags_id":9360851},{"stories_id":1724973832,"tag":"medicine and health","tag_set":"nyt_labels","tag_sets_id":1963,"tags_id":9360852},{"stories_id":1724973832,"tag":"presidents and presidency (us)","tag_set":"nyt_labels","tag_sets_id":1963,"tags_id":9360853},{"stories_id":1724973832,"tag":"Supreme Court","tag_set":"cliff_organizations","tag_sets_id":2388,"tags_id":9362719},{"stories_id":1724973832,"tag":"Obama","tag_set":"cliff_people","tag_sets_id":2389,"tags_id":9362721},{"stories_id":1724973832,"tag":"White House","tag_set":"cliff_organizations","tag_sets_id":2388,"tags_id":9362736},{"stories_id":1724973832,"tag":"Senate","tag_set":"cliff_organizations","tag_sets_id":2388,"tags_id":9362741},{"stories_id":1724973832,"tag":"Hillary Clinton","tag_set":"cliff_people","tag_sets_id":2389,"tags_id":9362747},{"stories_id":1724973832,"tag":"Bernie Sanders","tag_set":"cliff_people","tag_sets_id":2389,"tags_id":9362750},{"stories_id":1724973832,"tag":"New York Times","tag_set":"cliff_organizations","tag_sets_id":2388,"tags_id":9362756},{"stories_id":1724973832,"tag":"Trump","tag_set":"cliff_people","tag_sets_id":2389,"tags_id":9362872},{"stories_id":1724973832,"tag":"F.B.I.","tag_set":"cliff_organizations","tag_sets_id":2388,"tags_id":9363279},{"stories_id":1724973832,"tag":"Fox News","tag_set":"cliff_organizations","tag_sets_id":2388,"tags_id":9364167},{"stories_id":1724973832,"tag":"Joe","tag_set":"cliff_people","tag_sets_id":2389,"tags_id":9364446},{"stories_id":1724973832,"tag":"white supremacist","tag_set":"cliff_organizations","tag_sets_id":2388,"tags_id":9378818},{"stories_id":1724973832,"tag":"Doug Mills/The","tag_set":"cliff_people","tag_sets_id":2389,"tags_id":9384267},{"stories_id":1724973832,"tag":"white supremacists","tag_set":"cliff_organizations","tag_sets_id":2388,"tags_id":9393989},{"stories_id":1724973832,"tag":"Harris","tag_set":"cliff_people","tag_sets_id":2389,"tags_id":9395691},{"stories_id":1724973832,"tag":"Chris Wallace","tag_set":"cliff_people","tag_sets_id":2389,"tags_id":9398091},{"stories_id":1724973832,"tag":"Christopher A. Wray","tag_set":"cliff_people","tag_sets_id":2389,"tags_id":9408509},{"stories_id":1724973832,"tag":"Joseph R. Biden Jr.","tag_set":"cliff_people","tag_sets_id":2389,"tags_id":9456578},{"stories_id":1724973832,"tag":"Beau Biden","tag_set":"cliff_people","tag_sets_id":2389,"tags_id":9479866},{"stories_id":1724973832,"tag":"Hunter Biden","tag_set":"cliff_people","tag_sets_id":2389,"tags_id":9479867},{"stories_id":1724973832,"tag":"antifa","tag_set":"cliff_people","tag_sets_id":2389,"tags_id":9495866},{"stories_id":1724973832,"tag":"Quinnipiac University national","tag_set":"cliff_organizations","tag_sets_id":2388,"tags_id":9643382},{"stories_id":1724973832,"tag":"White House commission on voter fraud","tag_set":"cliff_organizations","tag_sets_id":2388,"tags_id":10140373},{"stories_id":1724973832,"tag":"Jacob Blake","tag_set":"cliff_people","tag_sets_id":2389,"tags_id":32580193},{"stories_id":1724973832,"tag":"George Floyd","tag_set":"cliff_people","tag_sets_id":2389,"tags_id":37048539},{"stories_id":1724973832,"tag":"readability-lxml-0.7","tag_set":"extractor_version","tag_sets_id":1354,"tags_id":81092444},{"stories_id":1724973832,"tag":"cliff_clavin_v2.6.0","tag_set":"geocoder_version","tag_sets_id":1937,"tags_id":189462640}],"title":"Trump says he’s ‘counting’ on the Supreme Court to examine the results of the presidential election.","url":"https://www.nytimes.com/live/2020/09/29/us/presidential-debate-trump-biden/trump-says-hes-counting-on-the-supreme-court-to-examine-the-results-of-the-presidential-election","word_count":null}]