[{"ap_syndicated":null,"collect_date":"2020-09-30 00:40:56.021926","feeds":null,"guid":"https://nypost.com/2020/09/29/joe-biden-says-he-does-not-back-green-new-deal-during-presidential-debate/","language":"en","media_id":7,"media_name":null,"media_url":null,"processed_stories_id":null,"publish_date":"2020-09-29 23:39:51","stories_id":1725018961,"story_tags":[{"stories_id":1725018961,"tag":"geonames_6252001","tag_set":"mc-geocoder@media.mit.edu","tag_sets_id":1011,"tags_id":8878461},{"stories_id":1725018961,"tag":"geonames_5150529","tag_set":"mc-geocoder@media.mit.edu","tag_sets_id":1011,"tags_id":8878641},{"stories_id":1725018961,"tag":"geonames_5165418","tag_set":"mc-geocoder@media.mit.edu","tag_sets_id":1011,"tags_id":8878703},{"stories_id":1725018961,"tag":"nyt_labeller_v1.0.0","tag_set":"nyt_labels_version","tag_sets_id":1964,"tags_id":9360669},{"stories_id":1725018961,"tag":"politics and government","tag_set":"nyt_labels","tag_sets_id":1963,"tags_id":9360836},{"stories_id":1725018961,"tag":"united states politics and government","tag_set":"nyt_labels","tag_sets_id":1963,"tags_id":9360846},{"stories_id":1725018961,"tag":"elections","tag_set":"nyt_labels","tag_sets_id":1963,"tags_id":9360851},{"stories_id":1725018961,"tag":"presidents and presidency (us)","tag_set":"nyt_labels","tag_sets_id":1963,"tags_id":9360853},{"stories_id":1725018961,"tag":"environment","tag_set":"nyt_labels","tag_sets_id":1963,"tags_id":9360887},{"stories_id":1725018961,"tag":"energy and power","tag_set":"nyt_labels","tag_sets_id":1963,"tags_id":9360997},{"stories_id":1725018961,"tag":"Barack Obama","tag_set":"cliff_people","tag_sets_id":2389,"tags_id":9362763},{"stories_id":1725018961,"tag":"Trump","tag_set":"cliff_people","tag_sets_id":2389,"tags_id":9362872},{"stories_id":1725018961,"tag":"Congress","tag_set":"cliff_organizations","tag_sets_id":2388,"tags_id":9362962},{"stories_id":1725018961,"tag":"Joe Biden","tag_set":"cliff_people","tag_sets_id":2389,"tags_id":9363134},{"stories_id":1725018961,"tag":"senate","tag_set":"cliff_organizations","tag_sets_id":2388,"tags_id":9363230},{"stories_id":1725018961,"tag":"Fox News","tag_set":"cliff_organizations","tag_sets_id":2388,"tags_id":9364167},{"stories_id":1725018961,"tag":"John Kerry","tag_set":"cliff_people","tag_sets_id":2389,"tags_id":9364532},{"stories_id":1725018961,"tag":"Gavin Newsom","tag_set":"cliff_people","tag_sets_id":2389,"tags_id":9372682},{"stories_id":1725018961,"tag":"Chris Wallace","tag_set":"cliff_people","tag_sets_id":2389,"tags_id":9398091},{"stories_id":1725018961,"tag":"AOC","tag_set":"cliff_organizations","tag_sets_id":2388,"tags_id":9425892},{"stories_id":1725018961,"tag":"Alexandria Ocasio-Cortez","tag_set":"cliff_people","tag_sets_id":2389,"tags_id":44318694},{"stories_id":1725018961,"tag":"readability-lxml-0.7","tag_set":"extractor_version","tag_sets_id":1354,"tags_id":81092444},{"stories_id":1725018961,"tag":"cliff_clavin_v2.6.0","tag_set":"geocoder_version","tag_sets_id":1937,"tags_id":189462640}],"title":"Joe Biden says he does not back Green New Deal during presidential debate","url":"https://nypost.com/2020/09/29/joe-biden-says-he-does-not-back-green-new-deal-during-presidential-debate/","word_count":null}]