[{"ap_syndicated":null,"collect_date":"2020-10-11 12:21:51.599308","feeds":null,"guid":"SB12180803095940283781904587026791801935400","language":"en","media_id":1150,"media_name":null,"media_url":null,"processed_stories_id":null,"publish_date":"2020-10-11 12:00:00","stories_id":1735653428,"story_tags":[{"stories_id":1735653428,"tag":"geonames_6252001","tag_set":"mc-geocoder@media.mit.edu","tag_sets_id":1011,"tags_id":8878461},{"stories_id":1735653428,"tag":"geonames_5815135","tag_set":"mc-geocoder@media.mit.edu","tag_sets_id":1011,"tags_id":8878481},{"stories_id":1735653428,"tag":"nyt_labeller_v1.0.0","tag_set":"nyt_labels_version","tag_sets_id":1964,"tags_id":9360669},{"stories_id":1735653428,"tag":"politics and government","tag_set":"nyt_labels","tag_sets_id":1963,"tags_id":9360836},{"stories_id":1735653428,"tag":"finances","tag_set":"nyt_labels","tag_sets_id":1963,"tags_id":9360840},{"stories_id":1735653428,"tag":"economic conditions and trends","tag_set":"nyt_labels","tag_sets_id":1963,"tags_id":9360989},{"stories_id":1735653428,"tag":"stocks and bonds","tag_set":"nyt_labels","tag_sets_id":1963,"tags_id":9361012},{"stories_id":1735653428,"tag":"White House","tag_set":"cliff_organizations","tag_sets_id":2388,"tags_id":9362736},{"stories_id":1735653428,"tag":"Exxon","tag_set":"cliff_organizations","tag_sets_id":2388,"tags_id":9362930},{"stories_id":1735653428,"tag":"Joe Biden","tag_set":"cliff_people","tag_sets_id":2389,"tags_id":9363134},{"stories_id":1735653428,"tag":"Blackstone Group","tag_set":"cliff_organizations","tag_sets_id":2388,"tags_id":9364181},{"stories_id":1735653428,"tag":"S&P","tag_set":"cliff_organizations","tag_sets_id":2388,"tags_id":9368263},{"stories_id":1735653428,"tag":"OPEC","tag_set":"cliff_organizations","tag_sets_id":2388,"tags_id":9375035},{"stories_id":1735653428,"tag":"Andrew Lee","tag_set":"cliff_people","tag_sets_id":2389,"tags_id":9412443},{"stories_id":1735653428,"tag":"UBS","tag_set":"cliff_organizations","tag_sets_id":2388,"tags_id":9414541},{"stories_id":1735653428,"tag":"FactSet","tag_set":"cliff_organizations","tag_sets_id":2388,"tags_id":9419501},{"stories_id":1735653428,"tag":"Entergy","tag_set":"cliff_organizations","tag_sets_id":2388,"tags_id":9422828},{"stories_id":1735653428,"tag":"John D. Rockefeller","tag_set":"cliff_people","tag_sets_id":2389,"tags_id":9452452},{"stories_id":1735653428,"tag":"Exxon Mobil Corp.","tag_set":"cliff_organizations","tag_sets_id":2388,"tags_id":9455439},{"stories_id":1735653428,"tag":"Invesco","tag_set":"cliff_organizations","tag_sets_id":2388,"tags_id":9463473},{"stories_id":1735653428,"tag":"Mizuho","tag_set":"cliff_organizations","tag_sets_id":2388,"tags_id":9506448},{"stories_id":1735653428,"tag":"NextEra Energy Inc.","tag_set":"cliff_organizations","tag_sets_id":2388,"tags_id":9533619},{"stories_id":1735653428,"tag":"Bloomberg New Energy Finance","tag_set":"cliff_organizations","tag_sets_id":2388,"tags_id":9559396},{"stories_id":1735653428,"tag":"NextEra","tag_set":"cliff_organizations","tag_sets_id":2388,"tags_id":9594394},{"stories_id":1735653428,"tag":"Paul Vigna","tag_set":"cliff_people","tag_sets_id":2389,"tags_id":9652166},{"stories_id":1735653428,"tag":"S&P 500","tag_set":"cliff_organizations","tag_sets_id":2388,"tags_id":9697602},{"stories_id":1735653428,"tag":"Mark Haefele","tag_set":"cliff_people","tag_sets_id":2389,"tags_id":9935243},{"stories_id":1735653428,"tag":"UBS Global Wealth Management","tag_set":"cliff_organizations","tag_sets_id":2388,"tags_id":10282384},{"stories_id":1735653428,"tag":"Entergy Corp.","tag_set":"cliff_organizations","tag_sets_id":2388,"tags_id":10298199},{"stories_id":1735653428,"tag":"SolarEdge Technologies Inc.","tag_set":"cliff_organizations","tag_sets_id":2388,"tags_id":28823580},{"stories_id":1735653428,"tag":"Anthony Crowdell","tag_set":"cliff_people","tag_sets_id":2389,"tags_id":35921662},{"stories_id":1735653428,"tag":"readability-lxml-0.7","tag_set":"extractor_version","tag_sets_id":1354,"tags_id":81092444},{"stories_id":1735653428,"tag":"cliff_clavin_v2.6.0","tag_set":"geocoder_version","tag_sets_id":1937,"tags_id":189462640},{"stories_id":1735653428,"tag":"iShares Global Clean Energy GCEI","tag_set":"cliff_organizations","tag_sets_id":2388,"tags_id":217217605}],"title":"Renewable-Energy Stocks Are Getting a Biden Bump","url":"https://www.wsj.com/articles/renewable-energy-stocks-are-getting-a-biden-bump-11602432000","word_count":null}]