[{"ap_syndicated":null,"collect_date":"2020-10-23 15:35:21.111030","feeds":null,"guid":"{21004575-02D4-D4B5-4572-DAC0431E6944}","language":"en","media_id":1150,"media_name":null,"media_url":null,"processed_stories_id":null,"publish_date":"2020-10-23 15:21:00","stories_id":1748035961,"story_tags":[{"stories_id":1748035961,"tag":"geonames_6252001","tag_set":"mc-geocoder@media.mit.edu","tag_sets_id":1011,"tags_id":8878461},{"stories_id":1748035961,"tag":"geonames_6254927","tag_set":"mc-geocoder@media.mit.edu","tag_sets_id":1011,"tags_id":8878566},{"stories_id":1748035961,"tag":"geonames_4560349","tag_set":"mc-geocoder@media.mit.edu","tag_sets_id":1011,"tags_id":8878571},{"stories_id":1748035961,"tag":"nyt_labeller_v1.0.0","tag_set":"nyt_labels_version","tag_sets_id":1964,"tags_id":9360669},{"stories_id":1748035961,"tag":"politics and government","tag_set":"nyt_labels","tag_sets_id":1963,"tags_id":9360836},{"stories_id":1748035961,"tag":"united states politics and government","tag_set":"nyt_labels","tag_sets_id":1963,"tags_id":9360846},{"stories_id":1748035961,"tag":"elections","tag_set":"nyt_labels","tag_sets_id":1963,"tags_id":9360851},{"stories_id":1748035961,"tag":"presidents and presidency (us)","tag_set":"nyt_labels","tag_sets_id":1963,"tags_id":9360853},{"stories_id":1748035961,"tag":"presidential elections (us)","tag_set":"nyt_labels","tag_sets_id":1963,"tags_id":9360854},{"stories_id":1748035961,"tag":"labor","tag_set":"nyt_labels","tag_sets_id":1963,"tags_id":9360859},{"stories_id":1748035961,"tag":"election issues","tag_set":"nyt_labels","tag_sets_id":1963,"tags_id":9360896},{"stories_id":1748035961,"tag":"Donald Trump","tag_set":"cliff_people","tag_sets_id":2389,"tags_id":9362284},{"stories_id":1748035961,"tag":"Obama","tag_set":"cliff_people","tag_sets_id":2389,"tags_id":9362721},{"stories_id":1748035961,"tag":"Democratic Party","tag_set":"cliff_organizations","tag_sets_id":2388,"tags_id":9362724},{"stories_id":1748035961,"tag":"Mike Pence","tag_set":"cliff_people","tag_sets_id":2389,"tags_id":9362945},{"stories_id":1748035961,"tag":"Joe Biden","tag_set":"cliff_people","tag_sets_id":2389,"tags_id":9363134},{"stories_id":1748035961,"tag":"Facebook group","tag_set":"cliff_organizations","tag_sets_id":2388,"tags_id":9369797},{"stories_id":1748035961,"tag":"Jill Stein","tag_set":"cliff_people","tag_sets_id":2389,"tags_id":9374547},{"stories_id":1748035961,"tag":"Green Party","tag_set":"cliff_organizations","tag_sets_id":2388,"tags_id":9376712},{"stories_id":1748035961,"tag":"MarketWatch","tag_set":"cliff_organizations","tag_sets_id":2388,"tags_id":9432481},{"stories_id":1748035961,"tag":"Bureau of Labor","tag_set":"cliff_organizations","tag_sets_id":2388,"tags_id":9461267},{"stories_id":1748035961,"tag":"Keystone State","tag_set":"cliff_organizations","tag_sets_id":2388,"tags_id":9667880},{"stories_id":1748035961,"tag":"Charles Chambers","tag_set":"cliff_people","tag_sets_id":2389,"tags_id":11857528},{"stories_id":1748035961,"tag":"Jackie Erickson","tag_set":"cliff_people","tag_sets_id":2389,"tags_id":31128570},{"stories_id":1748035961,"tag":"PA Voter Information Network","tag_set":"cliff_organizations","tag_sets_id":2388,"tags_id":67822361},{"stories_id":1748035961,"tag":"Larry DeMarco","tag_set":"cliff_people","tag_sets_id":2389,"tags_id":71363056},{"stories_id":1748035961,"tag":"readability-lxml-0.7","tag_set":"extractor_version","tag_sets_id":1354,"tags_id":81092444},{"stories_id":1748035961,"tag":"cliff_clavin_v2.6.0","tag_set":"geocoder_version","tag_sets_id":1937,"tags_id":189462640},{"stories_id":1748035961,"tag":"Chris Matthews/MarketWatch","tag_set":"cliff_people","tag_sets_id":2389,"tags_id":218684618},{"stories_id":1748035961,"tag":"Tom Learn of Verona","tag_set":"cliff_people","tag_sets_id":2389,"tags_id":218684619}],"title":": Trump, Biden debate pitches fail to make mark with these Pennsylvania voters","url":"http://www.marketwatch.com/news/story.asp?guid=%7B21004575-02D4-D4B5-4572-DAC0431E6944%7D&siteid=rss&rss=1","word_count":null}]