[{"ap_syndicated":null,"collect_date":"2020-10-30 15:23:06.708570","feeds":null,"guid":"{21004575-02D4-D4B5-4572-DCB28D38248F}","language":"en","media_id":1150,"media_name":null,"media_url":null,"processed_stories_id":null,"publish_date":"2020-10-30 13:47:00","stories_id":1755063774,"story_tags":[{"stories_id":1755063774,"tag":"geonames_3144096","tag_set":"mc-geocoder@media.mit.edu","tag_sets_id":1011,"tags_id":8879521},{"stories_id":1755063774,"tag":"geonames_1862047","tag_set":"mc-geocoder@media.mit.edu","tag_sets_id":1011,"tags_id":8883940},{"stories_id":1755063774,"tag":"nyt_labeller_v1.0.0","tag_set":"nyt_labels_version","tag_sets_id":1964,"tags_id":9360669},{"stories_id":1755063774,"tag":"finances","tag_set":"nyt_labels","tag_sets_id":1963,"tags_id":9360840},{"stories_id":1755063774,"tag":"budgets and budgeting","tag_set":"nyt_labels","tag_sets_id":1963,"tags_id":9360850},{"stories_id":1755063774,"tag":"oil (petroleum) and gasoline","tag_set":"nyt_labels","tag_sets_id":1963,"tags_id":9360884},{"stories_id":1755063774,"tag":"energy and power","tag_set":"nyt_labels","tag_sets_id":1963,"tags_id":9360997},{"stories_id":1755063774,"tag":"Reuters","tag_set":"cliff_organizations","tag_sets_id":2388,"tags_id":9362267},{"stories_id":1755063774,"tag":"geonames_1865412","tag_set":"mc-geocoder@media.mit.edu","tag_sets_id":1011,"tags_id":36134729},{"stories_id":1755063774,"tag":"Nicolai Tangen","tag_set":"cliff_people","tag_sets_id":2389,"tags_id":36158357},{"stories_id":1755063774,"tag":"readability-lxml-0.7","tag_set":"extractor_version","tag_sets_id":1354,"tags_id":81092444},{"stories_id":1755063774,"tag":"cliff_clavin_v2.6.0","tag_set":"geocoder_version","tag_sets_id":1937,"tags_id":189462640}],"title":": Even with $1.1 trillion firepower, this fund is battling rivals to get its hands on green-energy opportunities","url":"http://www.marketwatch.com/news/story.asp?guid=%7B21004575-02D4-D4B5-4572-DCB28D38248F%7D&siteid=rss&rss=1","word_count":null}]