[{"ap_syndicated":null,"collect_date":"2020-11-07 05:44:34.541825","feeds":null,"guid":"https://www.nytimes.com/2020/11/07/sports/hockey/pandemic-creates-new-considerations-for-arena-construction.html","language":"en","media_id":1,"media_name":null,"media_url":null,"processed_stories_id":null,"publish_date":"2020-11-07 05:00:10","stories_id":1762589378,"story_tags":[{"stories_id":1762589378,"tag":"geonames_6252001","tag_set":"mc-geocoder@media.mit.edu","tag_sets_id":1011,"tags_id":8878461},{"stories_id":1762589378,"tag":"geonames_5815135","tag_set":"mc-geocoder@media.mit.edu","tag_sets_id":1011,"tags_id":8878481},{"stories_id":1762589378,"tag":"geonames_5809844","tag_set":"mc-geocoder@media.mit.edu","tag_sets_id":1011,"tags_id":8878694},{"stories_id":1762589378,"tag":"geonames_5327455","tag_set":"mc-geocoder@media.mit.edu","tag_sets_id":1011,"tags_id":8880410},{"stories_id":1762589378,"tag":"nyt_labeller_v1.0.0","tag_set":"nyt_labels_version","tag_sets_id":1964,"tags_id":9360669},{"stories_id":1762589378,"tag":"games","tag_set":"nyt_labels","tag_sets_id":1963,"tags_id":9361024},{"stories_id":1762589378,"tag":"hockey, ice","tag_set":"nyt_labels","tag_sets_id":1963,"tags_id":9361112},{"stories_id":1762589378,"tag":"John F. Kennedy","tag_set":"cliff_people","tag_sets_id":2389,"tags_id":9362803},{"stories_id":1762589378,"tag":"Brooklyn Dodgers","tag_set":"cliff_organizations","tag_sets_id":2388,"tags_id":9367920},{"stories_id":1762589378,"tag":"Centers for Disease Control and Prevention","tag_set":"cliff_organizations","tag_sets_id":2388,"tags_id":9368621},{"stories_id":1762589378,"tag":"Dallas Cowboys","tag_set":"cliff_organizations","tag_sets_id":2388,"tags_id":9368777},{"stories_id":1762589378,"tag":"Atlanta Falcons","tag_set":"cliff_organizations","tag_sets_id":2388,"tags_id":9370771},{"stories_id":1762589378,"tag":"Islanders","tag_set":"cliff_organizations","tag_sets_id":2388,"tags_id":9391473},{"stories_id":1762589378,"tag":"Citi","tag_set":"cliff_organizations","tag_sets_id":2388,"tags_id":9391567},{"stories_id":1762589378,"tag":"UBS","tag_set":"cliff_organizations","tag_sets_id":2388,"tags_id":9414541},{"stories_id":1762589378,"tag":"U.S. sports league","tag_set":"cliff_organizations","tag_sets_id":2388,"tags_id":9652292},{"stories_id":1762589378,"tag":"N.H.L.","tag_set":"cliff_organizations","tag_sets_id":2388,"tags_id":9726734},{"stories_id":1762589378,"tag":"Tim Leiweke","tag_set":"cliff_people","tag_sets_id":2389,"tags_id":9835918},{"stories_id":1762589378,"tag":"Oak View Group","tag_set":"cliff_organizations","tag_sets_id":2388,"tags_id":10369223},{"stories_id":1762589378,"tag":"geonames_4746535","tag_set":"mc-geocoder@media.mit.edu","tag_sets_id":1011,"tags_id":10519225},{"stories_id":1762589378,"tag":"Anders Lee","tag_set":"cliff_people","tag_sets_id":2389,"tags_id":10637194},{"stories_id":1762589378,"tag":"W.N.B.A.","tag_set":"cliff_organizations","tag_sets_id":2388,"tags_id":11095827},{"stories_id":1762589378,"tag":"Matt Goodrich","tag_set":"cliff_people","tag_sets_id":2389,"tags_id":35312226},{"stories_id":1762589378,"tag":"Seattle Kraken","tag_set":"cliff_organizations","tag_sets_id":2388,"tags_id":45354004},{"stories_id":1762589378,"tag":"readability-lxml-0.7","tag_set":"extractor_version","tag_sets_id":1354,"tags_id":81092444},{"stories_id":1762589378,"tag":"Ed Bosco","tag_set":"cliff_people","tag_sets_id":2389,"tags_id":105873120},{"stories_id":1762589378,"tag":"UBS Arena","tag_set":"cliff_organizations","tag_sets_id":2388,"tags_id":183370208},{"stories_id":1762589378,"tag":"cliff_clavin_v2.6.0","tag_set":"geocoder_version","tag_sets_id":1937,"tags_id":189462640}],"title":"Pandemic Creates New Considerations for Arena Construction","url":"https://www.nytimes.com/2020/11/07/sports/hockey/pandemic-creates-new-considerations-for-arena-construction.html","word_count":null}]