[{"ap_syndicated":null,"collect_date":"2020-11-13 22:03:36.522743","feeds":null,"guid":"https://www.washingtonpost.com/business/energy/a-better-tomorrow-wontfixindias-broken-today/2020/11/13/3a72ce04-261d-11eb-9c4a-0dc6242c4814_story.html?utm_source=rss&utm_medium=referral&utm_campaign=wp_business","language":"en","media_id":2,"media_name":null,"media_url":null,"processed_stories_id":null,"publish_date":"2020-11-13 09:23:08","stories_id":1769189514,"story_tags":[{"stories_id":1769189514,"tag":"geonames_1269750","tag_set":"mc-geocoder@media.mit.edu","tag_sets_id":1011,"tags_id":8878677},{"stories_id":1769189514,"tag":"nyt_labeller_v1.0.0","tag_set":"nyt_labels_version","tag_sets_id":1964,"tags_id":9360669},{"stories_id":1769189514,"tag":"finances","tag_set":"nyt_labels","tag_sets_id":1963,"tags_id":9360840},{"stories_id":1769189514,"tag":"international trade and world market","tag_set":"nyt_labels","tag_sets_id":1963,"tags_id":9360983},{"stories_id":1769189514,"tag":"economic conditions and trends","tag_set":"nyt_labels","tag_sets_id":1963,"tags_id":9360989},{"stories_id":1769189514,"tag":"Goldman Sachs Group Inc.","tag_set":"cliff_organizations","tag_sets_id":2388,"tags_id":9364673},{"stories_id":1769189514,"tag":"Modi","tag_set":"cliff_people","tag_sets_id":2389,"tags_id":9391283},{"stories_id":1769189514,"tag":"Moody’s Investors Service","tag_set":"cliff_organizations","tag_sets_id":2388,"tags_id":9519557},{"stories_id":1769189514,"tag":"ICRA Ltd.","tag_set":"cliff_organizations","tag_sets_id":2388,"tags_id":10555901},{"stories_id":1769189514,"tag":"Indira Rajaraman","tag_set":"cliff_people","tag_sets_id":2389,"tags_id":11785559},{"stories_id":1769189514,"tag":"readability-lxml-0.7","tag_set":"extractor_version","tag_sets_id":1354,"tags_id":81092444},{"stories_id":1769189514,"tag":"IDFC First Bank Ltd","tag_set":"cliff_organizations","tag_sets_id":2388,"tags_id":84305965},{"stories_id":1769189514,"tag":"cliff_clavin_v2.6.0","tag_set":"geocoder_version","tag_sets_id":1937,"tags_id":189462640}],"title":"A Better Tomorrow Won’t Fix India’s Broken Today","url":"https://www.washingtonpost.com/business/energy/a-better-tomorrow-wontfixindias-broken-today/2020/11/13/3a72ce04-261d-11eb-9c4a-0dc6242c4814_story.html?utm_source=rss&utm_medium=referral&utm_campaign=wp_business","word_count":null}]