[{"ap_syndicated":null,"collect_date":"2020-11-30 19:52:10.058339","feeds":null,"guid":"SB11895779673559254399004587125293369880950","language":"en","media_id":1150,"media_name":null,"media_url":null,"processed_stories_id":null,"publish_date":"2020-11-30 17:41:00","stories_id":1784247189,"story_tags":[{"stories_id":1784247189,"tag":"geonames_6252001","tag_set":"mc-geocoder@media.mit.edu","tag_sets_id":1011,"tags_id":8878461},{"stories_id":1784247189,"tag":"geonames_4896861","tag_set":"mc-geocoder@media.mit.edu","tag_sets_id":1011,"tags_id":8878482},{"stories_id":1784247189,"tag":"geonames_4887398","tag_set":"mc-geocoder@media.mit.edu","tag_sets_id":1011,"tags_id":8878485},{"stories_id":1784247189,"tag":"nyt_labeller_v1.0.0","tag_set":"nyt_labels_version","tag_sets_id":1964,"tags_id":9360669},{"stories_id":1784247189,"tag":"politics and government","tag_set":"nyt_labels","tag_sets_id":1963,"tags_id":9360836},{"stories_id":1784247189,"tag":"united states politics and government","tag_set":"nyt_labels","tag_sets_id":1963,"tags_id":9360846},{"stories_id":1784247189,"tag":"elections","tag_set":"nyt_labels","tag_sets_id":1963,"tags_id":9360851},{"stories_id":1784247189,"tag":"editorials","tag_set":"nyt_labels","tag_sets_id":1963,"tags_id":9360894},{"stories_id":1784247189,"tag":"Obama","tag_set":"cliff_people","tag_sets_id":2389,"tags_id":9362721},{"stories_id":1784247189,"tag":"White House","tag_set":"cliff_organizations","tag_sets_id":2388,"tags_id":9362736},{"stories_id":1784247189,"tag":"Senate","tag_set":"cliff_organizations","tag_sets_id":2388,"tags_id":9362741},{"stories_id":1784247189,"tag":"Trump","tag_set":"cliff_people","tag_sets_id":2389,"tags_id":9362872},{"stories_id":1784247189,"tag":"Mitch McConnell","tag_set":"cliff_people","tag_sets_id":2389,"tags_id":9362936},{"stories_id":1784247189,"tag":"Congress","tag_set":"cliff_organizations","tag_sets_id":2388,"tags_id":9362962},{"stories_id":1784247189,"tag":"Clinton","tag_set":"cliff_people","tag_sets_id":2389,"tags_id":9362980},{"stories_id":1784247189,"tag":"Joe Biden","tag_set":"cliff_people","tag_sets_id":2389,"tags_id":9363134},{"stories_id":1784247189,"tag":"House","tag_set":"cliff_organizations","tag_sets_id":2388,"tags_id":9363164},{"stories_id":1784247189,"tag":"Medicare","tag_set":"cliff_organizations","tag_sets_id":2388,"tags_id":9364657},{"stories_id":1784247189,"tag":"Emanuel","tag_set":"cliff_people","tag_sets_id":2389,"tags_id":9366814},{"stories_id":1784247189,"tag":"David Perdue","tag_set":"cliff_people","tag_sets_id":2389,"tags_id":9372370},{"stories_id":1784247189,"tag":"Mark Kelly","tag_set":"cliff_people","tag_sets_id":2389,"tags_id":9373500},{"stories_id":1784247189,"tag":"Grover Cleveland","tag_set":"cliff_people","tag_sets_id":2389,"tags_id":9379401},{"stories_id":1784247189,"tag":"social-media","tag_set":"cliff_organizations","tag_sets_id":2388,"tags_id":9385887},{"stories_id":1784247189,"tag":"Georgia Senate","tag_set":"cliff_organizations","tag_sets_id":2388,"tags_id":9455480},{"stories_id":1784247189,"tag":"Kelly Loeffler","tag_set":"cliff_people","tag_sets_id":2389,"tags_id":33709889},{"stories_id":1784247189,"tag":"readability-lxml-0.7","tag_set":"extractor_version","tag_sets_id":1354,"tags_id":81092444},{"stories_id":1784247189,"tag":"geonames_4139989","tag_set":"mc-geocoder@media.mit.edu","tag_sets_id":1011,"tags_id":187547446},{"stories_id":1784247189,"tag":"cliff_clavin_v2.6.0","tag_set":"geocoder_version","tag_sets_id":1937,"tags_id":189462640}],"title":"How Biden Can Break the Senate Stonewall","url":"https://www.wsj.com/articles/how-biden-can-break-the-senate-stonewall-11606776086","word_count":null}]