[{"ap_syndicated":null,"collect_date":"2021-01-15 12:33:45.152104","feeds":null,"guid":"https://www.nytimes.com/live/2021/01/15/business/us-economy-coronavirus/french-oil-giant-total-to-withdraw-from-us-trade-group-over-climate-change","language":"en","media_id":1,"media_name":null,"media_url":null,"processed_stories_id":null,"publish_date":"2021-01-15 12:10:49","stories_id":1824996267,"story_tags":[{"stories_id":1824996267,"tag":"geonames_6252001","tag_set":"mc-geocoder@media.mit.edu","tag_sets_id":1011,"tags_id":8878461},{"stories_id":1824996267,"tag":"geonames_4197000","tag_set":"mc-geocoder@media.mit.edu","tag_sets_id":1011,"tags_id":8878530},{"stories_id":1824996267,"tag":"geonames_2988507","tag_set":"mc-geocoder@media.mit.edu","tag_sets_id":1011,"tags_id":8878572},{"stories_id":1824996267,"tag":"geonames_4138106","tag_set":"mc-geocoder@media.mit.edu","tag_sets_id":1011,"tags_id":8878827},{"stories_id":1824996267,"tag":"nyt_labeller_v1.0.0","tag_set":"nyt_labels_version","tag_sets_id":1964,"tags_id":9360669},{"stories_id":1824996267,"tag":"politics and government","tag_set":"nyt_labels","tag_sets_id":1963,"tags_id":9360836},{"stories_id":1824996267,"tag":"finances","tag_set":"nyt_labels","tag_sets_id":1963,"tags_id":9360840},{"stories_id":1824996267,"tag":"budgets and budgeting","tag_set":"nyt_labels","tag_sets_id":1963,"tags_id":9360850},{"stories_id":1824996267,"tag":"medicine and health","tag_set":"nyt_labels","tag_sets_id":1963,"tags_id":9360852},{"stories_id":1824996267,"tag":"diseases and conditions","tag_set":"nyt_labels","tag_sets_id":1963,"tags_id":9360942},{"stories_id":1824996267,"tag":"Goldman Sachs","tag_set":"cliff_organizations","tag_sets_id":2388,"tags_id":9362730},{"stories_id":1824996267,"tag":"Senate","tag_set":"cliff_organizations","tag_sets_id":2388,"tags_id":9362741},{"stories_id":1824996267,"tag":"Trump","tag_set":"cliff_people","tag_sets_id":2389,"tags_id":9362872},{"stories_id":1824996267,"tag":"Congress","tag_set":"cliff_organizations","tag_sets_id":2388,"tags_id":9362962},{"stories_id":1824996267,"tag":"S&P","tag_set":"cliff_organizations","tag_sets_id":2388,"tags_id":9368263},{"stories_id":1824996267,"tag":"Commerce Department","tag_set":"cliff_organizations","tag_sets_id":2388,"tags_id":9368435},{"stories_id":1824996267,"tag":"Royal Dutch Shell","tag_set":"cliff_organizations","tag_sets_id":2388,"tags_id":9388915},{"stories_id":1824996267,"tag":"Joseph R. Biden Jr.","tag_set":"cliff_people","tag_sets_id":2389,"tags_id":9456578},{"stories_id":1824996267,"tag":"American Petroleum Institute","tag_set":"cliff_organizations","tag_sets_id":2388,"tags_id":9476750},{"stories_id":1824996267,"tag":"energy giants","tag_set":"cliff_organizations","tag_sets_id":2388,"tags_id":9551574},{"stories_id":1824996267,"tag":"the trade association","tag_set":"cliff_organizations","tag_sets_id":2388,"tags_id":9621738},{"stories_id":1824996267,"tag":"J. Robinson West","tag_set":"cliff_people","tag_sets_id":2389,"tags_id":10222779},{"stories_id":1824996267,"tag":"BCG Center for Energy Impact","tag_set":"cliff_organizations","tag_sets_id":2388,"tags_id":50075692},{"stories_id":1824996267,"tag":"readability-lxml-0.7","tag_set":"extractor_version","tag_sets_id":1354,"tags_id":81092444},{"stories_id":1824996267,"tag":"cliff_clavin_v2.6.0","tag_set":"geocoder_version","tag_sets_id":1937,"tags_id":189462640}],"title":"French oil giant Total to withdraw from U.S. trade group over climate change.","url":"https://www.nytimes.com/live/2021/01/15/business/us-economy-coronavirus/french-oil-giant-total-to-withdraw-from-us-trade-group-over-climate-change","word_count":null}]