[{"ap_syndicated":null,"collect_date":"2021-01-27 15:40:08.285216","feeds":null,"guid":"https://nypost.com/2021/01/27/aoc-says-bidens-2t-climate-plan-is-like-a-green-new-deal/","language":"en","media_id":7,"media_name":null,"media_url":null,"processed_stories_id":null,"publish_date":"2021-01-27 15:39:49","stories_id":1835892019,"story_tags":[{"stories_id":1835892019,"tag":"geonames_6252001","tag_set":"mc-geocoder@media.mit.edu","tag_sets_id":1011,"tags_id":8878461},{"stories_id":1835892019,"tag":"geonames_4662168","tag_set":"mc-geocoder@media.mit.edu","tag_sets_id":1011,"tags_id":8878725},{"stories_id":1835892019,"tag":"geonames_4667282","tag_set":"mc-geocoder@media.mit.edu","tag_sets_id":1011,"tags_id":8879476},{"stories_id":1835892019,"tag":"nyt_labeller_v1.0.0","tag_set":"nyt_labels_version","tag_sets_id":1964,"tags_id":9360669},{"stories_id":1835892019,"tag":"politics and government","tag_set":"nyt_labels","tag_sets_id":1963,"tags_id":9360836},{"stories_id":1835892019,"tag":"environment","tag_set":"nyt_labels","tag_sets_id":1963,"tags_id":9360887},{"stories_id":1835892019,"tag":"energy and power","tag_set":"nyt_labels","tag_sets_id":1963,"tags_id":9360997},{"stories_id":1835892019,"tag":"Bernie Sanders","tag_set":"cliff_people","tag_sets_id":2389,"tags_id":9362750},{"stories_id":1835892019,"tag":"NBC News","tag_set":"cliff_organizations","tag_sets_id":2388,"tags_id":9362992},{"stories_id":1835892019,"tag":"Biden","tag_set":"cliff_people","tag_sets_id":2389,"tags_id":9365736},{"stories_id":1835892019,"tag":"emoji","tag_set":"cliff_people","tag_sets_id":2389,"tags_id":9368797},{"stories_id":1835892019,"tag":"AOC","tag_set":"cliff_organizations","tag_sets_id":2388,"tags_id":9425892},{"stories_id":1835892019,"tag":"Geoff Bennett","tag_set":"cliff_people","tag_sets_id":2389,"tags_id":9478136},{"stories_id":1835892019,"tag":"Alexandria Ocasio-Cortez","tag_set":"cliff_people","tag_sets_id":2389,"tags_id":44318694},{"stories_id":1835892019,"tag":"readability-lxml-0.7","tag_set":"extractor_version","tag_sets_id":1354,"tags_id":81092444},{"stories_id":1835892019,"tag":"cliff_clavin_v2.6.0","tag_set":"geocoder_version","tag_sets_id":1937,"tags_id":189462640}],"title":"AOC says Biden’s $2T climate push sounds just like her ‘Green New Deal’","url":"https://nypost.com/2021/01/27/aoc-says-bidens-2t-climate-plan-is-like-a-green-new-deal/","word_count":null}]