[{"ap_syndicated":null,"collect_date":"2021-02-17 09:20:14.073443","feeds":null,"guid":"{ADEE9996-4E22-4879-82BD-AAF2D622D8D4}","language":"en","media_id":1150,"media_name":null,"media_url":null,"processed_stories_id":null,"publish_date":"2021-02-17 09:00:06","stories_id":1854902171,"story_tags":[{"stories_id":1854902171,"tag":"geonames_6252001","tag_set":"mc-geocoder@media.mit.edu","tag_sets_id":1011,"tags_id":8878461},{"stories_id":1854902171,"tag":"geonames_4736286","tag_set":"mc-geocoder@media.mit.edu","tag_sets_id":1011,"tags_id":8878538},{"stories_id":1854902171,"tag":"nyt_labeller_v1.0.0","tag_set":"nyt_labels_version","tag_sets_id":1964,"tags_id":9360669},{"stories_id":1854902171,"tag":"finances","tag_set":"nyt_labels","tag_sets_id":1963,"tags_id":9360840},{"stories_id":1854902171,"tag":"economic conditions and trends","tag_set":"nyt_labels","tag_sets_id":1963,"tags_id":9360989},{"stories_id":1854902171,"tag":"prices (fares, fees and rates)","tag_set":"nyt_labels","tag_sets_id":1963,"tags_id":9360996},{"stories_id":1854902171,"tag":"energy and power","tag_set":"nyt_labels","tag_sets_id":1963,"tags_id":9360997},{"stories_id":1854902171,"tag":"Microsoft","tag_set":"cliff_organizations","tag_sets_id":2388,"tags_id":9374723},{"stories_id":1854902171,"tag":"Bill Gates","tag_set":"cliff_people","tag_sets_id":2389,"tags_id":9390654},{"stories_id":1854902171,"tag":"Jim Rogers","tag_set":"cliff_people","tag_sets_id":2389,"tags_id":9515851},{"stories_id":1854902171,"tag":"readability-lxml-0.8.1","tag_set":"extractor_version","tag_sets_id":1354,"tags_id":228516910},{"stories_id":1854902171,"tag":"cliff_clavin_v2.6.1","tag_set":"geocoder_version","tag_sets_id":1937,"tags_id":228516911}],"title":"NewsWatch: Looking to avoid an obscenely overpriced U.S. stock market? Here’s one strategist’s advice on how to ride the inflation wave","url":"http://www.marketwatch.com/news/story.asp?guid=%7BADEE9996-4E22-4879-82BD-AAF2D622D8D4%7D&siteid=rss&rss=1","word_count":null}]