[{"ap_syndicated":null,"collect_date":"2021-02-17 11:46:32.338139","feeds":null,"guid":"{21005575-02D4-D4B5-4572-D294430B9064}","language":"en","media_id":1150,"media_name":null,"media_url":null,"processed_stories_id":null,"publish_date":"2021-02-17 11:34:00","stories_id":1855032704,"story_tags":[{"stories_id":1855032704,"tag":"geonames_6252001","tag_set":"mc-geocoder@media.mit.edu","tag_sets_id":1011,"tags_id":8878461},{"stories_id":1855032704,"tag":"geonames_4736286","tag_set":"mc-geocoder@media.mit.edu","tag_sets_id":1011,"tags_id":8878538},{"stories_id":1855032704,"tag":"geonames_5519254","tag_set":"mc-geocoder@media.mit.edu","tag_sets_id":1011,"tags_id":9027223},{"stories_id":1855032704,"tag":"nyt_labeller_v1.0.0","tag_set":"nyt_labels_version","tag_sets_id":1964,"tags_id":9360669},{"stories_id":1855032704,"tag":"politics and government","tag_set":"nyt_labels","tag_sets_id":1963,"tags_id":9360836},{"stories_id":1855032704,"tag":"energy and power","tag_set":"nyt_labels","tag_sets_id":1963,"tags_id":9360997},{"stories_id":1855032704,"tag":"electric light and power","tag_set":"nyt_labels","tag_sets_id":1963,"tags_id":9361013},{"stories_id":1855032704,"tag":"light","tag_set":"nyt_labels","tag_sets_id":1963,"tags_id":9361014},{"stories_id":1855032704,"tag":"Facebook post","tag_set":"cliff_organizations","tag_sets_id":2388,"tags_id":9363397},{"stories_id":1855032704,"tag":"CBS","tag_set":"cliff_organizations","tag_sets_id":2388,"tags_id":9363631},{"stories_id":1855032704,"tag":"Facebook FB","tag_set":"cliff_organizations","tag_sets_id":2388,"tags_id":9483716},{"stories_id":1855032704,"tag":"Tom Boyd","tag_set":"cliff_people","tag_sets_id":2389,"tags_id":10764514},{"stories_id":1855032704,"tag":"KTAB","tag_set":"cliff_organizations","tag_sets_id":2388,"tags_id":36682197},{"stories_id":1855032704,"tag":"readability-lxml-0.8.1","tag_set":"extractor_version","tag_sets_id":1354,"tags_id":228516910},{"stories_id":1855032704,"tag":"cliff_clavin_v2.6.1","tag_set":"geocoder_version","tag_sets_id":1937,"tags_id":228516911}],"title":"Key Words: Ex-Texas mayor says local government ‘owes you nothing’ as residents go days without heat or power","url":"http://www.marketwatch.com/news/story.asp?guid=%7B21005575-02D4-D4B5-4572-D294430B9064%7D&siteid=rss&rss=1","word_count":null}]