[{"ap_syndicated":null,"collect_date":"2021-03-09 19:00:06.728260","feeds":null,"guid":"https://www.washingtonpost.com/climate-solutions/2021/01/27/surge-green-financing-boosts-climate-businesses/","language":"en","media_id":2,"media_name":null,"media_url":null,"processed_stories_id":null,"publish_date":"2021-01-27 00:00:00","stories_id":1874608215,"story_tags":[{"stories_id":1874608215,"tag":"geonames_6252001","tag_set":"mc-geocoder@media.mit.edu","tag_sets_id":1011,"tags_id":8878461},{"stories_id":1874608215,"tag":"geonames_5110302","tag_set":"mc-geocoder@media.mit.edu","tag_sets_id":1011,"tags_id":8878462},{"stories_id":1874608215,"tag":"geonames_5128638","tag_set":"mc-geocoder@media.mit.edu","tag_sets_id":1011,"tags_id":8878463},{"stories_id":1874608215,"tag":"geonames_5332921","tag_set":"mc-geocoder@media.mit.edu","tag_sets_id":1011,"tags_id":8878533},{"stories_id":1874608215,"tag":"geonames_4736286","tag_set":"mc-geocoder@media.mit.edu","tag_sets_id":1011,"tags_id":8878538},{"stories_id":1874608215,"tag":"geonames_5417618","tag_set":"mc-geocoder@media.mit.edu","tag_sets_id":1011,"tags_id":8878696},{"stories_id":1874608215,"tag":"geonames_5380748","tag_set":"mc-geocoder@media.mit.edu","tag_sets_id":1011,"tags_id":8879337},{"stories_id":1874608215,"tag":"geonames_4676740","tag_set":"mc-geocoder@media.mit.edu","tag_sets_id":1011,"tags_id":8880943},{"stories_id":1874608215,"tag":"geonames_5412347","tag_set":"mc-geocoder@media.mit.edu","tag_sets_id":1011,"tags_id":8882066},{"stories_id":1874608215,"tag":"nyt_labeller_v1.0.0","tag_set":"nyt_labels_version","tag_sets_id":1964,"tags_id":9360669},{"stories_id":1874608215,"tag":"finances","tag_set":"nyt_labels","tag_sets_id":1963,"tags_id":9360840},{"stories_id":1874608215,"tag":"energy and power","tag_set":"nyt_labels","tag_sets_id":1963,"tags_id":9360997},{"stories_id":1874608215,"tag":"electric light and power","tag_set":"nyt_labels","tag_sets_id":1963,"tags_id":9361013},{"stories_id":1874608215,"tag":"light","tag_set":"nyt_labels","tag_sets_id":1963,"tags_id":9361014},{"stories_id":1874608215,"tag":"Caterpillar","tag_set":"cliff_organizations","tag_sets_id":2388,"tags_id":9371485},{"stories_id":1874608215,"tag":"General Electric","tag_set":"cliff_organizations","tag_sets_id":2388,"tags_id":9376781},{"stories_id":1874608215,"tag":"Prudential","tag_set":"cliff_organizations","tag_sets_id":2388,"tags_id":9379488},{"stories_id":1874608215,"tag":"Marcus Garvey","tag_set":"cliff_people","tag_sets_id":2389,"tags_id":9409375},{"stories_id":1874608215,"tag":"Enel","tag_set":"cliff_organizations","tag_sets_id":2388,"tags_id":9434285},{"stories_id":1874608215,"tag":"Fink","tag_set":"cliff_people","tag_sets_id":2389,"tags_id":9492436},{"stories_id":1874608215,"tag":"David Crane","tag_set":"cliff_people","tag_sets_id":2389,"tags_id":9603282},{"stories_id":1874608215,"tag":"Aurora Solar","tag_set":"cliff_organizations","tag_sets_id":2388,"tags_id":9945644},{"stories_id":1874608215,"tag":"John Tough","tag_set":"cliff_people","tag_sets_id":2389,"tags_id":10474675},{"stories_id":1874608215,"tag":"guess_by_unknown","tag_set":"date_guess_method","tag_sets_id":508,"tags_id":50741492},{"stories_id":1874608215,"tag":"Giovanni Bertolino","tag_set":"cliff_people","tag_sets_id":2389,"tags_id":117973222},{"stories_id":1874608215,"tag":"readability-lxml-0.8.1","tag_set":"extractor_version","tag_sets_id":1354,"tags_id":228516910},{"stories_id":1874608215,"tag":"cliff_clavin_v2.6.1","tag_set":"geocoder_version","tag_sets_id":1937,"tags_id":228516911}],"title":"A surge in green financing boosts climate businesses","url":"https://www.washingtonpost.com/climate-solutions/2021/01/27/surge-green-financing-boosts-climate-businesses/","word_count":null}]