[{"ap_syndicated":null,"collect_date":"2021-03-09 15:47:46.787014","feeds":null,"guid":"{21005575-02D4-D4B5-4572-D2F26E44F3B5}","language":"en","media_id":1150,"media_name":null,"media_url":null,"processed_stories_id":null,"publish_date":"2021-03-09 15:40:00","stories_id":1874479076,"story_tags":[{"stories_id":1874479076,"tag":"geonames_6252001","tag_set":"mc-geocoder@media.mit.edu","tag_sets_id":1011,"tags_id":8878461},{"stories_id":1874479076,"tag":"geonames_6269131","tag_set":"mc-geocoder@media.mit.edu","tag_sets_id":1011,"tags_id":8878467},{"stories_id":1874479076,"tag":"geonames_2655603","tag_set":"mc-geocoder@media.mit.edu","tag_sets_id":1011,"tags_id":8878672},{"stories_id":1874479076,"tag":"geonames_4717560","tag_set":"mc-geocoder@media.mit.edu","tag_sets_id":1011,"tags_id":8883238},{"stories_id":1874479076,"tag":"geonames_4880889","tag_set":"mc-geocoder@media.mit.edu","tag_sets_id":1011,"tags_id":8925312},{"stories_id":1874479076,"tag":"nyt_labeller_v1.0.0","tag_set":"nyt_labels_version","tag_sets_id":1964,"tags_id":9360669},{"stories_id":1874479076,"tag":"computers and the internet","tag_set":"nyt_labels","tag_sets_id":1963,"tags_id":9360839},{"stories_id":1874479076,"tag":"finances","tag_set":"nyt_labels","tag_sets_id":1963,"tags_id":9360840},{"stories_id":1874479076,"tag":"banks and banking","tag_set":"nyt_labels","tag_sets_id":1963,"tags_id":9360943},{"stories_id":1874479076,"tag":"economic conditions and trends","tag_set":"nyt_labels","tag_sets_id":1963,"tags_id":9360989},{"stories_id":1874479076,"tag":"stocks and bonds","tag_set":"nyt_labels","tag_sets_id":1963,"tags_id":9361012},{"stories_id":1874479076,"tag":"credit","tag_set":"nyt_labels","tag_sets_id":1963,"tags_id":9361030},{"stories_id":1874479076,"tag":"interest rates","tag_set":"nyt_labels","tag_sets_id":1963,"tags_id":9361078},{"stories_id":1874479076,"tag":"Donald Trump","tag_set":"cliff_people","tag_sets_id":2389,"tags_id":9362284},{"stories_id":1874479076,"tag":"Republican","tag_set":"cliff_organizations","tag_sets_id":2388,"tags_id":9362742},{"stories_id":1874479076,"tag":"Joe Biden","tag_set":"cliff_people","tag_sets_id":2389,"tags_id":9363134},{"stories_id":1874479076,"tag":"Google","tag_set":"cliff_organizations","tag_sets_id":2388,"tags_id":9363209},{"stories_id":1874479076,"tag":"Franklin D. Roosevelt","tag_set":"cliff_people","tag_sets_id":2389,"tags_id":9363984},{"stories_id":1874479076,"tag":"University of Cambridge","tag_set":"cliff_organizations","tag_sets_id":2388,"tags_id":9364210},{"stories_id":1874479076,"tag":"Pew Research Center","tag_set":"cliff_organizations","tag_sets_id":2388,"tags_id":9376828},{"stories_id":1874479076,"tag":"Amazon AMZN","tag_set":"cliff_organizations","tag_sets_id":2388,"tags_id":9390154},{"stories_id":1874479076,"tag":"EVs","tag_set":"cliff_organizations","tag_sets_id":2388,"tags_id":9432985},{"stories_id":1874479076,"tag":"Netflix NFLX","tag_set":"cliff_organizations","tag_sets_id":2388,"tags_id":9450546},{"stories_id":1874479076,"tag":"Apple AAPL","tag_set":"cliff_organizations","tag_sets_id":2388,"tags_id":9483715},{"stories_id":1874479076,"tag":"Facebook FB","tag_set":"cliff_organizations","tag_sets_id":2388,"tags_id":9483716},{"stories_id":1874479076,"tag":"Warburg Pincus","tag_set":"cliff_organizations","tag_sets_id":2388,"tags_id":9498687},{"stories_id":1874479076,"tag":"William H. Janeway","tag_set":"cliff_people","tag_sets_id":2389,"tags_id":29688135},{"stories_id":1874479076,"tag":"Big Tech giants","tag_set":"cliff_organizations","tag_sets_id":2388,"tags_id":59929832},{"stories_id":1874479076,"tag":"readability-lxml-0.8.1","tag_set":"extractor_version","tag_sets_id":1354,"tags_id":228516910},{"stories_id":1874479076,"tag":"cliff_clavin_v2.6.1","tag_set":"geocoder_version","tag_sets_id":1937,"tags_id":228516911}],"title":"Project Syndicate: Skittish investors in green-tech stocks could run at the first whiff of higher rates","url":"http://www.marketwatch.com/news/story.asp?guid=%7B21005575-02D4-D4B5-4572-D2F26E44F3B5%7D&siteid=rss&rss=1","word_count":null}]