[{"ap_syndicated":null,"collect_date":"2021-03-29 09:18:28.081826","feeds":null,"guid":"SB12348162024856203898604587367730186713826","language":"en","media_id":1150,"media_name":null,"media_url":null,"processed_stories_id":null,"publish_date":"2021-03-29 08:03:00","stories_id":1891305846,"story_tags":[{"stories_id":1891305846,"tag":"geonames_2635167","tag_set":"mc-geocoder@media.mit.edu","tag_sets_id":1011,"tags_id":8878466},{"stories_id":1891305846,"tag":"geonames_2750405","tag_set":"mc-geocoder@media.mit.edu","tag_sets_id":1011,"tags_id":8878859},{"stories_id":1891305846,"tag":"geonames_953987","tag_set":"mc-geocoder@media.mit.edu","tag_sets_id":1011,"tags_id":8878908},{"stories_id":1891305846,"tag":"nyt_labeller_v1.0.0","tag_set":"nyt_labels_version","tag_sets_id":1964,"tags_id":9360669},{"stories_id":1891305846,"tag":"finances","tag_set":"nyt_labels","tag_sets_id":1963,"tags_id":9360840},{"stories_id":1891305846,"tag":"labor","tag_set":"nyt_labels","tag_sets_id":1963,"tags_id":9360859},{"stories_id":1891305846,"tag":"global warming","tag_set":"nyt_labels","tag_sets_id":1963,"tags_id":9360886},{"stories_id":1891305846,"tag":"environment","tag_set":"nyt_labels","tag_sets_id":1963,"tags_id":9360887},{"stories_id":1891305846,"tag":"weather","tag_set":"nyt_labels","tag_sets_id":1963,"tags_id":9360902},{"stories_id":1891305846,"tag":"air pollution","tag_set":"nyt_labels","tag_sets_id":1963,"tags_id":9361007},{"stories_id":1891305846,"tag":"electric light and power","tag_set":"nyt_labels","tag_sets_id":1963,"tags_id":9361013},{"stories_id":1891305846,"tag":"Unilever","tag_set":"cliff_organizations","tag_sets_id":2388,"tags_id":9377391},{"stories_id":1891305846,"tag":"Henkel","tag_set":"cliff_organizations","tag_sets_id":2388,"tags_id":9410269},{"stories_id":1891305846,"tag":"Colgate","tag_set":"cliff_organizations","tag_sets_id":2388,"tags_id":9418933},{"stories_id":1891305846,"tag":"Reckitt Benckiser Group","tag_set":"cliff_organizations","tag_sets_id":2388,"tags_id":9441339},{"stories_id":1891305846,"tag":"P&G","tag_set":"cliff_organizations","tag_sets_id":2388,"tags_id":9442049},{"stories_id":1891305846,"tag":"Procter & Gamble Co","tag_set":"cliff_organizations","tag_sets_id":2388,"tags_id":9629801},{"stories_id":1891305846,"tag":"Alexandra Palt","tag_set":"cliff_people","tag_sets_id":2389,"tags_id":9685291},{"stories_id":1891305846,"tag":"Colgate-Palmolive Co","tag_set":"cliff_organizations","tag_sets_id":2388,"tags_id":9702248},{"stories_id":1891305846,"tag":"L’Oréal","tag_set":"cliff_people","tag_sets_id":2389,"tags_id":11975273},{"stories_id":1891305846,"tag":"Saabira Chaudhuri","tag_set":"cliff_people","tag_sets_id":2389,"tags_id":20919469},{"stories_id":1891305846,"tag":"Unilever UL","tag_set":"cliff_organizations","tag_sets_id":2388,"tags_id":29371021},{"stories_id":1891305846,"tag":"Thomas Lingard","tag_set":"cliff_people","tag_sets_id":2389,"tags_id":30251746},{"stories_id":1891305846,"tag":"Henkel AG","tag_set":"cliff_organizations","tag_sets_id":2388,"tags_id":33002431},{"stories_id":1891305846,"tag":"L’Oréal SA","tag_set":"cliff_organizations","tag_sets_id":2388,"tags_id":33637772},{"stories_id":1891305846,"tag":"Tyler Blint-Welsh","tag_set":"cliff_people","tag_sets_id":2389,"tags_id":33827050},{"stories_id":1891305846,"tag":"Uwe Bergmann","tag_set":"cliff_people","tag_sets_id":2389,"tags_id":33877385},{"stories_id":1891305846,"tag":"Tim Letts","tag_set":"cliff_people","tag_sets_id":2389,"tags_id":45487638},{"stories_id":1891305846,"tag":"readability-lxml-0.8.1","tag_set":"extractor_version","tag_sets_id":1354,"tags_id":228516910},{"stories_id":1891305846,"tag":"cliff_clavin_v2.6.1","tag_set":"geocoder_version","tag_sets_id":1937,"tags_id":228516911}],"title":"Companies Ask Their Customers to Help Them Cut Emissions","url":"https://www.wsj.com/articles/companies-ask-their-customers-to-help-them-cut-emissions-11617019383?mod=pls_whats_news_us_business_f","word_count":null}]