[{"ap_syndicated":null,"collect_date":"2021-03-30 18:11:16.160566","feeds":null,"guid":"{21005575-02D4-D4B5-4572-D348C180C6D1}","language":"en","media_id":1150,"media_name":null,"media_url":null,"processed_stories_id":null,"publish_date":"2021-03-30 16:27:00","stories_id":1892675857,"story_tags":[{"stories_id":1892675857,"tag":"geonames_6252001","tag_set":"mc-geocoder@media.mit.edu","tag_sets_id":1011,"tags_id":8878461},{"stories_id":1892675857,"tag":"geonames_6254927","tag_set":"mc-geocoder@media.mit.edu","tag_sets_id":1011,"tags_id":8878566},{"stories_id":1892675857,"tag":"geonames_5206379","tag_set":"mc-geocoder@media.mit.edu","tag_sets_id":1011,"tags_id":8878637},{"stories_id":1892675857,"tag":"nyt_labeller_v1.0.0","tag_set":"nyt_labels_version","tag_sets_id":1964,"tags_id":9360669},{"stories_id":1892675857,"tag":"finances","tag_set":"nyt_labels","tag_sets_id":1963,"tags_id":9360840},{"stories_id":1892675857,"tag":"telephones and telecommunications","tag_set":"nyt_labels","tag_sets_id":1963,"tags_id":9360991},{"stories_id":1892675857,"tag":"energy and power","tag_set":"nyt_labels","tag_sets_id":1963,"tags_id":9360997},{"stories_id":1892675857,"tag":"electric light and power","tag_set":"nyt_labels","tag_sets_id":1963,"tags_id":9361013},{"stories_id":1892675857,"tag":"light","tag_set":"nyt_labels","tag_sets_id":1963,"tags_id":9361014},{"stories_id":1892675857,"tag":"Joe Biden","tag_set":"cliff_people","tag_sets_id":2389,"tags_id":9363134},{"stories_id":1892675857,"tag":"ITC","tag_set":"cliff_organizations","tag_sets_id":2388,"tags_id":9432324},{"stories_id":1892675857,"tag":"MarketWatch","tag_set":"cliff_organizations","tag_sets_id":2388,"tags_id":9432481},{"stories_id":1892675857,"tag":"Stifel","tag_set":"cliff_people","tag_sets_id":2389,"tags_id":9644145},{"stories_id":1892675857,"tag":"Stifel","tag_set":"cliff_organizations","tag_sets_id":2388,"tags_id":9646334},{"stories_id":1892675857,"tag":"Andrea Riquier","tag_set":"cliff_people","tag_sets_id":2389,"tags_id":9662415},{"stories_id":1892675857,"tag":"Phil van Doorn","tag_set":"cliff_people","tag_sets_id":2389,"tags_id":11086307},{"stories_id":1892675857,"tag":"Quanta Services PWR","tag_set":"cliff_organizations","tag_sets_id":2388,"tags_id":11255071},{"stories_id":1892675857,"tag":"MasTec MTZ","tag_set":"cliff_organizations","tag_sets_id":2388,"tags_id":11255074},{"stories_id":1892675857,"tag":"Dycom","tag_set":"cliff_organizations","tag_sets_id":2388,"tags_id":33353371},{"stories_id":1892675857,"tag":"Emcor Group EME","tag_set":"cliff_organizations","tag_sets_id":2388,"tags_id":34378276},{"stories_id":1892675857,"tag":"Tetra Tech TTEK","tag_set":"cliff_organizations","tag_sets_id":2388,"tags_id":112707249},{"stories_id":1892675857,"tag":"Truist","tag_set":"cliff_organizations","tag_sets_id":2388,"tags_id":174630869},{"stories_id":1892675857,"tag":"readability-lxml-0.8.1","tag_set":"extractor_version","tag_sets_id":1354,"tags_id":228516910},{"stories_id":1892675857,"tag":"cliff_clavin_v2.6.1","tag_set":"geocoder_version","tag_sets_id":1937,"tags_id":228516911},{"stories_id":1892675857,"tag":"MYR Group MYRG","tag_set":"cliff_organizations","tag_sets_id":2388,"tags_id":231928551},{"stories_id":1892675857,"tag":"Aegion AEGN","tag_set":"cliff_organizations","tag_sets_id":2388,"tags_id":231928552},{"stories_id":1892675857,"tag":"Montrose Environmental MEG","tag_set":"cliff_organizations","tag_sets_id":2388,"tags_id":231928553}],"title":": These are the stocks for playing Biden’s infrastructure push, analysts say","url":"http://www.marketwatch.com/news/story.asp?guid=%7B21005575-02D4-D4B5-4572-D348C180C6D1%7D&siteid=rss&rss=1","word_count":null}]