[{"ap_syndicated":null,"collect_date":"2021-03-31 14:02:08.851834","feeds":null,"guid":"https://www.washingtonpost.com/opinions/2021/03/31/biden-big-bet-infrastructure-plan-trumpism/?utm_source=rss&utm_medium=referral&utm_campaign=wp_opinions","language":"en","media_id":2,"media_name":null,"media_url":null,"processed_stories_id":null,"publish_date":"2021-03-31 12:34:23","stories_id":1893444278,"story_tags":[{"stories_id":1893444278,"tag":"geonames_6252001","tag_set":"mc-geocoder@media.mit.edu","tag_sets_id":1011,"tags_id":8878461},{"stories_id":1893444278,"tag":"nyt_labeller_v1.0.0","tag_set":"nyt_labels_version","tag_sets_id":1964,"tags_id":9360669},{"stories_id":1893444278,"tag":"politics and government","tag_set":"nyt_labels","tag_sets_id":1963,"tags_id":9360836},{"stories_id":1893444278,"tag":"finances","tag_set":"nyt_labels","tag_sets_id":1963,"tags_id":9360840},{"stories_id":1893444278,"tag":"economic conditions and trends","tag_set":"nyt_labels","tag_sets_id":1963,"tags_id":9360989},{"stories_id":1893444278,"tag":"energy and power","tag_set":"nyt_labels","tag_sets_id":1963,"tags_id":9360997},{"stories_id":1893444278,"tag":"electric light and power","tag_set":"nyt_labels","tag_sets_id":1963,"tags_id":9361013},{"stories_id":1893444278,"tag":"light","tag_set":"nyt_labels","tag_sets_id":1963,"tags_id":9361014},{"stories_id":1893444278,"tag":"Washington Post","tag_set":"cliff_organizations","tag_sets_id":2388,"tags_id":9362798},{"stories_id":1893444278,"tag":"Biden","tag_set":"cliff_people","tag_sets_id":2389,"tags_id":9365736},{"stories_id":1893444278,"tag":"Mike Konczal","tag_set":"cliff_people","tag_sets_id":2389,"tags_id":9365912},{"stories_id":1893444278,"tag":"Tucker Carlson","tag_set":"cliff_people","tag_sets_id":2389,"tags_id":9368929},{"stories_id":1893444278,"tag":"Trumpism","tag_set":"cliff_people","tag_sets_id":2389,"tags_id":9382170},{"stories_id":1893444278,"tag":"Trumpism","tag_set":"cliff_organizations","tag_sets_id":2388,"tags_id":9550359},{"stories_id":1893444278,"tag":"Gabriel Winant","tag_set":"cliff_people","tag_sets_id":2389,"tags_id":10895865},{"stories_id":1893444278,"tag":"John Ganz","tag_set":"cliff_people","tag_sets_id":2389,"tags_id":35645533},{"stories_id":1893444278,"tag":"readability-lxml-0.8.1","tag_set":"extractor_version","tag_sets_id":1354,"tags_id":228516910},{"stories_id":1893444278,"tag":"cliff_clavin_v2.6.1","tag_set":"geocoder_version","tag_sets_id":1937,"tags_id":228516911}],"title":"Biden’s big bet: He’s found the kryptonite that will defeat Trumpism","url":"https://www.washingtonpost.com/opinions/2021/03/31/biden-big-bet-infrastructure-plan-trumpism/?utm_source=rss&utm_medium=referral&utm_campaign=wp_opinions","word_count":null}]