[{"ap_syndicated":null,"collect_date":"2021-04-23 12:35:07.452337","feeds":null,"guid":"https://www.washingtonpost.com/opinions/2021/04/22/bidens-climate-summit-is-full-hot-air/?utm_source=rss&utm_medium=referral&utm_campaign=wp_opinions","language":"en","media_id":2,"media_name":null,"media_url":null,"processed_stories_id":null,"publish_date":"2021-04-22 03:06:17","stories_id":1910691013,"story_tags":[{"stories_id":1910691013,"tag":"guess_by_unknown","tag_set":"date_guess_method","tag_sets_id":508,"tags_id":50741492}],"title":"Biden’s climate summit is full of hot air","url":"https://www.washingtonpost.com/opinions/2021/04/22/bidens-climate-summit-is-full-hot-air/?utm_source=rss&utm_medium=referral&utm_campaign=wp_opinions","word_count":null}]