[{"ap_syndicated":null,"collect_date":"2021-04-24 10:29:38.523373","feeds":null,"guid":"https://nypost.com/?post_type=article&p=18049355","language":"en","media_id":7,"media_name":null,"media_url":null,"processed_stories_id":null,"publish_date":"2021-04-24 10:23:01","stories_id":1911462939,"story_tags":[{"stories_id":1911462939,"tag":"geonames_6252001","tag_set":"mc-geocoder@media.mit.edu","tag_sets_id":1011,"tags_id":8878461},{"stories_id":1911462939,"tag":"geonames_5090174","tag_set":"mc-geocoder@media.mit.edu","tag_sets_id":1011,"tags_id":8879620},{"stories_id":1911462939,"tag":"nyt_labeller_v1.0.0","tag_set":"nyt_labels_version","tag_sets_id":1964,"tags_id":9360669},{"stories_id":1911462939,"tag":"global warming","tag_set":"nyt_labels","tag_sets_id":1963,"tags_id":9360886},{"stories_id":1911462939,"tag":"environment","tag_set":"nyt_labels","tag_sets_id":1963,"tags_id":9360887},{"stories_id":1911462939,"tag":"weather","tag_set":"nyt_labels","tag_sets_id":1963,"tags_id":9360902},{"stories_id":1911462939,"tag":"floods","tag_set":"nyt_labels","tag_sets_id":1963,"tags_id":9360927},{"stories_id":1911462939,"tag":"Obama","tag_set":"cliff_people","tag_sets_id":2389,"tags_id":9362721},{"stories_id":1911462939,"tag":"UN","tag_set":"cliff_organizations","tag_sets_id":2388,"tags_id":9362786},{"stories_id":1911462939,"tag":"Department of Energy","tag_set":"cliff_organizations","tag_sets_id":2388,"tags_id":9364164},{"stories_id":1911462939,"tag":"John Kerry","tag_set":"cliff_people","tag_sets_id":2389,"tags_id":9364532},{"stories_id":1911462939,"tag":"Biden","tag_set":"cliff_people","tag_sets_id":2389,"tags_id":9365736},{"stories_id":1911462939,"tag":"BP","tag_set":"cliff_organizations","tag_sets_id":2388,"tags_id":9367462},{"stories_id":1911462939,"tag":"Asahi Shimbun","tag_set":"cliff_organizations","tag_sets_id":2388,"tags_id":9380933},{"stories_id":1911462939,"tag":"U.S. Department of Energy","tag_set":"cliff_organizations","tag_sets_id":2388,"tags_id":9414255},{"stories_id":1911462939,"tag":"Richard Feynman","tag_set":"cliff_people","tag_sets_id":2389,"tags_id":9461780},{"stories_id":1911462939,"tag":"American Physical Society","tag_set":"cliff_organizations","tag_sets_id":2388,"tags_id":9502104},{"stories_id":1911462939,"tag":"Steven Koonin","tag_set":"cliff_people","tag_sets_id":2389,"tags_id":9505229},{"stories_id":1911462939,"tag":"Caltech","tag_set":"cliff_organizations","tag_sets_id":2388,"tags_id":9519343},{"stories_id":1911462939,"tag":"geonames_5086915","tag_set":"mc-geocoder@media.mit.edu","tag_sets_id":1011,"tags_id":226215708},{"stories_id":1911462939,"tag":"readability-lxml-0.8.1","tag_set":"extractor_version","tag_sets_id":1354,"tags_id":228516910},{"stories_id":1911462939,"tag":"cliff_clavin_v2.6.1","tag_set":"geocoder_version","tag_sets_id":1937,"tags_id":228516911}],"title":"Obama administration scientist says climate ‘emergency’ is based on fallacy","url":"https://nypost.com/2021/04/24/obama-admin-scientist-says-climate-emergency-is-based-on-fallacy/","word_count":null}]