[{"ap_syndicated":null,"collect_date":"2021-04-29 08:07:46.250385","feeds":null,"guid":"https://www.nytimes.com/live/2021/04/29/business/stock-market-today/stocks-rise-amid-plans-for-ample-fiscal-spending-and-central-bank-support","language":"en","media_id":1,"media_name":null,"media_url":null,"processed_stories_id":null,"publish_date":"2021-04-29 07:55:30","stories_id":1916315127,"story_tags":[{"stories_id":1916315127,"tag":"geonames_6252001","tag_set":"mc-geocoder@media.mit.edu","tag_sets_id":1011,"tags_id":8878461},{"stories_id":1916315127,"tag":"nyt_labeller_v1.0.0","tag_set":"nyt_labels_version","tag_sets_id":1964,"tags_id":9360669},{"stories_id":1916315127,"tag":"finances","tag_set":"nyt_labels","tag_sets_id":1963,"tags_id":9360840},{"stories_id":1916315127,"tag":"oil (petroleum) and gasoline","tag_set":"nyt_labels","tag_sets_id":1963,"tags_id":9360884},{"stories_id":1916315127,"tag":"energy and power","tag_set":"nyt_labels","tag_sets_id":1963,"tags_id":9360997},{"stories_id":1916315127,"tag":"stocks and bonds","tag_set":"nyt_labels","tag_sets_id":1963,"tags_id":9361012},{"stories_id":1916315127,"tag":"credit","tag_set":"nyt_labels","tag_sets_id":1963,"tags_id":9361030},{"stories_id":1916315127,"tag":"company reports","tag_set":"nyt_labels","tag_sets_id":1963,"tags_id":9361050},{"stories_id":1916315127,"tag":"interest rates","tag_set":"nyt_labels","tag_sets_id":1963,"tags_id":9361078},{"stories_id":1916315127,"tag":"Facebook","tag_set":"cliff_organizations","tag_sets_id":2388,"tags_id":9362725},{"stories_id":1916315127,"tag":"Shell","tag_set":"cliff_organizations","tag_sets_id":2388,"tags_id":9363630},{"stories_id":1916315127,"tag":"Treasury","tag_set":"cliff_organizations","tag_sets_id":2388,"tags_id":9363650},{"stories_id":1916315127,"tag":"Airbus","tag_set":"cliff_organizations","tag_sets_id":2388,"tags_id":9364154},{"stories_id":1916315127,"tag":"Biden","tag_set":"cliff_people","tag_sets_id":2389,"tags_id":9365736},{"stories_id":1916315127,"tag":"Apple","tag_set":"cliff_organizations","tag_sets_id":2388,"tags_id":9367295},{"stories_id":1916315127,"tag":"Federal Reserve","tag_set":"cliff_organizations","tag_sets_id":2388,"tags_id":9368261},{"stories_id":1916315127,"tag":"S&P","tag_set":"cliff_organizations","tag_sets_id":2388,"tags_id":9368263},{"stories_id":1916315127,"tag":"Qualcomm","tag_set":"cliff_organizations","tag_sets_id":2388,"tags_id":9401193},{"stories_id":1916315127,"tag":"Jerome H. Powell","tag_set":"cliff_people","tag_sets_id":2389,"tags_id":9482873},{"stories_id":1916315127,"tag":"Federal Reserve chair","tag_set":"cliff_organizations","tag_sets_id":2388,"tags_id":9559133},{"stories_id":1916315127,"tag":"Jessica Uhl","tag_set":"cliff_people","tag_sets_id":2389,"tags_id":9947426},{"stories_id":1916315127,"tag":"Koen Van Weel/EPA","tag_set":"cliff_people","tag_sets_id":2389,"tags_id":57091587},{"stories_id":1916315127,"tag":"readability-lxml-0.8.1","tag_set":"extractor_version","tag_sets_id":1354,"tags_id":228516910},{"stories_id":1916315127,"tag":"cliff_clavin_v2.6.1","tag_set":"geocoder_version","tag_sets_id":1937,"tags_id":228516911}],"title":"Stocks rise amid plans for ample fiscal spending and central bank support.","url":"https://www.nytimes.com/live/2021/04/29/business/stock-market-today/stocks-rise-amid-plans-for-ample-fiscal-spending-and-central-bank-support","word_count":null}]