[{"ap_syndicated":null,"collect_date":"2021-05-12 00:04:07.598358","feeds":null,"guid":"SB10411178637797994419804587455043662850390","language":"en","media_id":1150,"media_name":null,"media_url":null,"processed_stories_id":null,"publish_date":"2021-05-11 01:00:00","stories_id":1928538866,"story_tags":[{"stories_id":1928538866,"tag":"geonames_6252001","tag_set":"mc-geocoder@media.mit.edu","tag_sets_id":1011,"tags_id":8878461},{"stories_id":1928538866,"tag":"geonames_4736286","tag_set":"mc-geocoder@media.mit.edu","tag_sets_id":1011,"tags_id":8878538},{"stories_id":1928538866,"tag":"geonames_4717560","tag_set":"mc-geocoder@media.mit.edu","tag_sets_id":1011,"tags_id":8883238},{"stories_id":1928538866,"tag":"nyt_labeller_v1.0.0","tag_set":"nyt_labels_version","tag_sets_id":1964,"tags_id":9360669},{"stories_id":1928538866,"tag":"environment","tag_set":"nyt_labels","tag_sets_id":1963,"tags_id":9360887},{"stories_id":1928538866,"tag":"economic conditions and trends","tag_set":"nyt_labels","tag_sets_id":1963,"tags_id":9360989},{"stories_id":1928538866,"tag":"energy and power","tag_set":"nyt_labels","tag_sets_id":1963,"tags_id":9360997},{"stories_id":1928538866,"tag":"air pollution","tag_set":"nyt_labels","tag_sets_id":1963,"tags_id":9361007},{"stories_id":1928538866,"tag":"electric light and power","tag_set":"nyt_labels","tag_sets_id":1963,"tags_id":9361013},{"stories_id":1928538866,"tag":"light","tag_set":"nyt_labels","tag_sets_id":1963,"tags_id":9361014},{"stories_id":1928538866,"tag":"European Union","tag_set":"cliff_organizations","tag_sets_id":2388,"tags_id":9362999},{"stories_id":1928538866,"tag":"Jim","tag_set":"cliff_people","tag_sets_id":2389,"tags_id":9365339},{"stories_id":1928538866,"tag":"Biden","tag_set":"cliff_people","tag_sets_id":2389,"tags_id":9365736},{"stories_id":1928538866,"tag":"BP","tag_set":"cliff_organizations","tag_sets_id":2388,"tags_id":9367462},{"stories_id":1928538866,"tag":"International Energy Agency","tag_set":"cliff_organizations","tag_sets_id":2388,"tags_id":9387130},{"stories_id":1928538866,"tag":"Royal Dutch Shell","tag_set":"cliff_organizations","tag_sets_id":2388,"tags_id":9388915},{"stories_id":1928538866,"tag":"IEA","tag_set":"cliff_organizations","tag_sets_id":2388,"tags_id":9395763},{"stories_id":1928538866,"tag":"Green Energy","tag_set":"cliff_organizations","tag_sets_id":2388,"tags_id":9503739},{"stories_id":1928538866,"tag":"— Fatih Birol","tag_set":"cliff_people","tag_sets_id":2389,"tags_id":72848688},{"stories_id":1928538866,"tag":"readability-lxml-0.8.1","tag_set":"extractor_version","tag_sets_id":1354,"tags_id":228516910},{"stories_id":1928538866,"tag":"cliff_clavin_v2.6.1","tag_set":"geocoder_version","tag_sets_id":1937,"tags_id":228516911}],"title":"Renewable Power Capacity Jumped in 2020","url":"https://www.wsj.com/articles/wind-solar-power-made-strong-gains-in-2020-iea-says-11620709200?mod=pls_whats_news_us_business_f","word_count":null}]