[{"ap_syndicated":null,"collect_date":"2021-06-03 07:37:27.892342","feeds":null,"guid":"SB12754401139327394486504587501402723968034","language":"en","media_id":1150,"media_name":null,"media_url":null,"processed_stories_id":null,"publish_date":"2021-06-03 07:03:00","stories_id":1949961801,"story_tags":[{"stories_id":1949961801,"tag":"geonames_6252001","tag_set":"mc-geocoder@media.mit.edu","tag_sets_id":1011,"tags_id":8878461},{"stories_id":1949961801,"tag":"geonames_5128638","tag_set":"mc-geocoder@media.mit.edu","tag_sets_id":1011,"tags_id":8878463},{"stories_id":1949961801,"tag":"geonames_4736286","tag_set":"mc-geocoder@media.mit.edu","tag_sets_id":1011,"tags_id":8878538},{"stories_id":1949961801,"tag":"nyt_labeller_v1.0.0","tag_set":"nyt_labels_version","tag_sets_id":1964,"tags_id":9360669},{"stories_id":1949961801,"tag":"finances","tag_set":"nyt_labels","tag_sets_id":1963,"tags_id":9360840},{"stories_id":1949961801,"tag":"oil (petroleum) and gasoline","tag_set":"nyt_labels","tag_sets_id":1963,"tags_id":9360884},{"stories_id":1949961801,"tag":"energy and power","tag_set":"nyt_labels","tag_sets_id":1963,"tags_id":9360997},{"stories_id":1949961801,"tag":"Reuters","tag_set":"cliff_organizations","tag_sets_id":2388,"tags_id":9362267},{"stories_id":1949961801,"tag":"Goldman Sachs","tag_set":"cliff_organizations","tag_sets_id":2388,"tags_id":9362730},{"stories_id":1949961801,"tag":"Exxon","tag_set":"cliff_organizations","tag_sets_id":2388,"tags_id":9362930},{"stories_id":1949961801,"tag":"Pavel Molchanov","tag_set":"cliff_people","tag_sets_id":2389,"tags_id":9362947},{"stories_id":1949961801,"tag":"Raymond James","tag_set":"cliff_people","tag_sets_id":2389,"tags_id":9362948},{"stories_id":1949961801,"tag":"Wall Street Journal","tag_set":"cliff_organizations","tag_sets_id":2388,"tags_id":9366539},{"stories_id":1949961801,"tag":"Exxon Mobil","tag_set":"cliff_organizations","tag_sets_id":2388,"tags_id":9376186},{"stories_id":1949961801,"tag":"FactSet","tag_set":"cliff_organizations","tag_sets_id":2388,"tags_id":9419501},{"stories_id":1949961801,"tag":"Calpers","tag_set":"cliff_organizations","tag_sets_id":2388,"tags_id":9435320},{"stories_id":1949961801,"tag":"Exxon Mobil Corp.","tag_set":"cliff_organizations","tag_sets_id":2388,"tags_id":9455439},{"stories_id":1949961801,"tag":"Darren Woods","tag_set":"cliff_people","tag_sets_id":2389,"tags_id":9455447},{"stories_id":1949961801,"tag":"Neil Mehta","tag_set":"cliff_people","tag_sets_id":2389,"tags_id":9490970},{"stories_id":1949961801,"tag":"XTO Energy","tag_set":"cliff_organizations","tag_sets_id":2388,"tags_id":9508797},{"stories_id":1949961801,"tag":"Anne Simpson","tag_set":"cliff_people","tag_sets_id":2389,"tags_id":9526798},{"stories_id":1949961801,"tag":"Thomas DiNapoli","tag_set":"cliff_people","tag_sets_id":2389,"tags_id":9550634},{"stories_id":1949961801,"tag":"Paul Sankey","tag_set":"cliff_people","tag_sets_id":2389,"tags_id":10217481},{"stories_id":1949961801,"tag":"Alexander Karsner","tag_set":"cliff_people","tag_sets_id":2389,"tags_id":10770913},{"stories_id":1949961801,"tag":"Exxon management","tag_set":"cliff_organizations","tag_sets_id":2388,"tags_id":33457955},{"stories_id":1949961801,"tag":"Jinjoo Lee","tag_set":"cliff_people","tag_sets_id":2389,"tags_id":46447844},{"stories_id":1949961801,"tag":"Sankey Research","tag_set":"cliff_organizations","tag_sets_id":2388,"tags_id":206753580},{"stories_id":1949961801,"tag":"readability-lxml-0.8.1","tag_set":"extractor_version","tag_sets_id":1354,"tags_id":228516910},{"stories_id":1949961801,"tag":"cliff_clavin_v2.6.1","tag_set":"geocoder_version","tag_sets_id":1937,"tags_id":228516911},{"stories_id":1949961801,"tag":"Greg Goff Kaisa Hietala","tag_set":"cliff_people","tag_sets_id":2389,"tags_id":236364889}],"title":"Exxon Mobil Activist Victory Isn't Really All About Climate","url":"https://www.wsj.com/articles/exxon-mobil-activist-victory-isnt-really-all-about-climate-11622718180","word_count":null}]