[{"ap_syndicated":null,"collect_date":"2021-07-13 22:28:41.658757","feeds":null,"guid":"https://www.nytimes.com/2021/07/13/us/politics/democrats-economic-plan.html","language":"en","media_id":1,"media_name":null,"media_url":null,"processed_stories_id":null,"publish_date":"2021-07-13 22:19:59","stories_id":1989615929,"story_tags":[{"stories_id":1989615929,"tag":"geonames_6252001","tag_set":"mc-geocoder@media.mit.edu","tag_sets_id":1011,"tags_id":8878461},{"stories_id":1989615929,"tag":"geonames_5128638","tag_set":"mc-geocoder@media.mit.edu","tag_sets_id":1011,"tags_id":8878463},{"stories_id":1989615929,"tag":"geonames_6254928","tag_set":"mc-geocoder@media.mit.edu","tag_sets_id":1011,"tags_id":8878547},{"stories_id":1989615929,"tag":"geonames_4138106","tag_set":"mc-geocoder@media.mit.edu","tag_sets_id":1011,"tags_id":8878827},{"stories_id":1989615929,"tag":"geonames_4140963","tag_set":"mc-geocoder@media.mit.edu","tag_sets_id":1011,"tags_id":8880349},{"stories_id":1989615929,"tag":"geonames_5242283","tag_set":"mc-geocoder@media.mit.edu","tag_sets_id":1011,"tags_id":8880886},{"stories_id":1989615929,"tag":"nyt_labeller_v1.0.0","tag_set":"nyt_labels_version","tag_sets_id":1964,"tags_id":9360669},{"stories_id":1989615929,"tag":"politics and government","tag_set":"nyt_labels","tag_sets_id":1963,"tags_id":9360836},{"stories_id":1989615929,"tag":"law and legislation","tag_set":"nyt_labels","tag_sets_id":1963,"tags_id":9360837},{"stories_id":1989615929,"tag":"finances","tag_set":"nyt_labels","tag_sets_id":1963,"tags_id":9360840},{"stories_id":1989615929,"tag":"united states politics and government","tag_set":"nyt_labels","tag_sets_id":1963,"tags_id":9360846},{"stories_id":1989615929,"tag":"budgets and budgeting","tag_set":"nyt_labels","tag_sets_id":1963,"tags_id":9360850},{"stories_id":1989615929,"tag":"taxation","tag_set":"nyt_labels","tag_sets_id":1963,"tags_id":9360882},{"stories_id":1989615929,"tag":"medicare","tag_set":"nyt_labels","tag_sets_id":1963,"tags_id":9361001},{"stories_id":1989615929,"tag":"National Economic Council","tag_set":"cliff_organizations","tag_sets_id":2388,"tags_id":9362731},{"stories_id":1989615929,"tag":"Senate","tag_set":"cliff_organizations","tag_sets_id":2388,"tags_id":9362741},{"stories_id":1989615929,"tag":"Bernie Sanders","tag_set":"cliff_people","tag_sets_id":2389,"tags_id":9362750},{"stories_id":1989615929,"tag":"Congress","tag_set":"cliff_organizations","tag_sets_id":2388,"tags_id":9362962},{"stories_id":1989615929,"tag":"House","tag_set":"cliff_organizations","tag_sets_id":2388,"tags_id":9363164},{"stories_id":1989615929,"tag":"Mark Warner","tag_set":"cliff_people","tag_sets_id":2389,"tags_id":9363295},{"stories_id":1989615929,"tag":"Medicare","tag_set":"cliff_organizations","tag_sets_id":2388,"tags_id":9364657},{"stories_id":1989615929,"tag":"Chuck Schumer","tag_set":"cliff_people","tag_sets_id":2389,"tags_id":9364810},{"stories_id":1989615929,"tag":"Biden","tag_set":"cliff_people","tag_sets_id":2389,"tags_id":9365736},{"stories_id":1989615929,"tag":"Budget Committee","tag_set":"cliff_organizations","tag_sets_id":2388,"tags_id":9440487},{"stories_id":1989615929,"tag":"Jonathan Weisman","tag_set":"cliff_people","tag_sets_id":2389,"tags_id":9447413},{"stories_id":1989615929,"tag":"Brian Deese","tag_set":"cliff_people","tag_sets_id":2389,"tags_id":9489799},{"stories_id":1989615929,"tag":"Finance Committee Democrats","tag_set":"cliff_organizations","tag_sets_id":2388,"tags_id":9506620},{"stories_id":1989615929,"tag":"Louisa Terrell","tag_set":"cliff_people","tag_sets_id":2389,"tags_id":10786999},{"stories_id":1989615929,"tag":"readability-lxml-0.8.1","tag_set":"extractor_version","tag_sets_id":1354,"tags_id":228516910},{"stories_id":1989615929,"tag":"cliff_clavin_v2.6.1","tag_set":"geocoder_version","tag_sets_id":1937,"tags_id":228516911}],"title":"Democrats Propose $3.5 Trillion Budget to Advance With Infrastructure Deal","url":"https://www.nytimes.com/2021/07/13/us/politics/democrats-economic-plan.html","word_count":null}]