[{"ap_syndicated":null,"collect_date":"2021-08-07 18:36:31.283412","feeds":null,"guid":"{20C05575-04D4-B545-759C-172787C47384}","language":"en","media_id":1150,"media_name":null,"media_url":null,"processed_stories_id":null,"publish_date":"2021-08-07 16:49:00","stories_id":2013341991,"story_tags":[{"stories_id":2013341991,"tag":"geonames_6252001","tag_set":"mc-geocoder@media.mit.edu","tag_sets_id":1011,"tags_id":8878461},{"stories_id":2013341991,"tag":"geonames_4736286","tag_set":"mc-geocoder@media.mit.edu","tag_sets_id":1011,"tags_id":8878538},{"stories_id":2013341991,"tag":"geonames_4717560","tag_set":"mc-geocoder@media.mit.edu","tag_sets_id":1011,"tags_id":8883238},{"stories_id":2013341991,"tag":"nyt_labeller_v1.0.0","tag_set":"nyt_labels_version","tag_sets_id":1964,"tags_id":9360669},{"stories_id":2013341991,"tag":"politics and government","tag_set":"nyt_labels","tag_sets_id":1963,"tags_id":9360836},{"stories_id":2013341991,"tag":"finances","tag_set":"nyt_labels","tag_sets_id":1963,"tags_id":9360840},{"stories_id":2013341991,"tag":"taxation","tag_set":"nyt_labels","tag_sets_id":1963,"tags_id":9360882},{"stories_id":2013341991,"tag":"global warming","tag_set":"nyt_labels","tag_sets_id":1963,"tags_id":9360886},{"stories_id":2013341991,"tag":"environment","tag_set":"nyt_labels","tag_sets_id":1963,"tags_id":9360887},{"stories_id":2013341991,"tag":"weather","tag_set":"nyt_labels","tag_sets_id":1963,"tags_id":9360902},{"stories_id":2013341991,"tag":"energy and power","tag_set":"nyt_labels","tag_sets_id":1963,"tags_id":9360997},{"stories_id":2013341991,"tag":"air pollution","tag_set":"nyt_labels","tag_sets_id":1963,"tags_id":9361007},{"stories_id":2013341991,"tag":"University of East Anglia","tag_set":"cliff_organizations","tag_sets_id":2388,"tags_id":9362287},{"stories_id":2013341991,"tag":"United Nations","tag_set":"cliff_organizations","tag_sets_id":2388,"tags_id":9362785},{"stories_id":2013341991,"tag":"Trump","tag_set":"cliff_people","tag_sets_id":2389,"tags_id":9362872},{"stories_id":2013341991,"tag":"Congress","tag_set":"cliff_organizations","tag_sets_id":2388,"tags_id":9362962},{"stories_id":2013341991,"tag":"Joe Biden","tag_set":"cliff_people","tag_sets_id":2389,"tags_id":9363134},{"stories_id":2013341991,"tag":"U.N.","tag_set":"cliff_organizations","tag_sets_id":2388,"tags_id":9363619},{"stories_id":2013341991,"tag":"Amazon.com","tag_set":"cliff_organizations","tag_sets_id":2388,"tags_id":9375487},{"stories_id":2013341991,"tag":"IPCC","tag_set":"cliff_organizations","tag_sets_id":2388,"tags_id":9377140},{"stories_id":2013341991,"tag":"University of Richmond","tag_set":"cliff_organizations","tag_sets_id":2388,"tags_id":9384386},{"stories_id":2013341991,"tag":"Corinne Le Quéré","tag_set":"cliff_people","tag_sets_id":2389,"tags_id":9403453},{"stories_id":2013341991,"tag":"atmospheric CO","tag_set":"cliff_organizations","tag_sets_id":2388,"tags_id":9712615},{"stories_id":2013341991,"tag":"Nathan Cooper","tag_set":"cliff_people","tag_sets_id":2389,"tags_id":11477066},{"stories_id":2013341991,"tag":"Stephanie Spera","tag_set":"cliff_people","tag_sets_id":2389,"tags_id":41023755},{"stories_id":2013341991,"tag":"readability-lxml-0.8.1","tag_set":"extractor_version","tag_sets_id":1354,"tags_id":228516910},{"stories_id":2013341991,"tag":"cliff_clavin_v2.6.1","tag_set":"geocoder_version","tag_sets_id":1937,"tags_id":228516911}],"title":": ‘Don’t expect an optimistic picture’: The most influential U.N. climate report in nearly a decade hits Monday","url":"http://www.marketwatch.com/news/story.asp?guid=%7B20C05575-04D4-B545-759C-172787C47384%7D&siteid=rss&rss=1","word_count":null}]