[{"ap_syndicated":null,"collect_date":"2021-08-30 23:33:10.774829","feeds":null,"guid":"https://www.nytimes.com/live/2021/08/30/us/hurricane-ida-updates/never-again-a-mother-vows-after-the-safest-place-she-could-find-was-her-car","language":"en","media_id":1,"media_name":null,"media_url":null,"processed_stories_id":null,"publish_date":"2021-08-30 23:26:51","stories_id":2028748159,"story_tags":[{"stories_id":2028748159,"tag":"geonames_6252001","tag_set":"mc-geocoder@media.mit.edu","tag_sets_id":1011,"tags_id":8878461},{"stories_id":2028748159,"tag":"geonames_4331987","tag_set":"mc-geocoder@media.mit.edu","tag_sets_id":1011,"tags_id":8878576},{"stories_id":2028748159,"tag":"geonames_4335045","tag_set":"mc-geocoder@media.mit.edu","tag_sets_id":1011,"tags_id":8879047},{"stories_id":2028748159,"tag":"geonames_4431410","tag_set":"mc-geocoder@media.mit.edu","tag_sets_id":1011,"tags_id":8879844},{"stories_id":2028748159,"tag":"geonames_4469407","tag_set":"mc-geocoder@media.mit.edu","tag_sets_id":1011,"tags_id":8880101},{"stories_id":2028748159,"tag":"geonames_4328010","tag_set":"mc-geocoder@media.mit.edu","tag_sets_id":1011,"tags_id":8881370},{"stories_id":2028748159,"tag":"geonames_4315588","tag_set":"mc-geocoder@media.mit.edu","tag_sets_id":1011,"tags_id":8882700},{"stories_id":2028748159,"tag":"geonames_4330525","tag_set":"mc-geocoder@media.mit.edu","tag_sets_id":1011,"tags_id":8903167},{"stories_id":2028748159,"tag":"nyt_labeller_v1.0.0","tag_set":"nyt_labels_version","tag_sets_id":1964,"tags_id":9360669},{"stories_id":2028748159,"tag":"medicine and health","tag_set":"nyt_labels","tag_sets_id":1963,"tags_id":9360852},{"stories_id":2028748159,"tag":"hurricanes and tropical storms","tag_set":"nyt_labels","tag_sets_id":1963,"tags_id":9360925},{"stories_id":2028748159,"tag":"hurricane katrina","tag_set":"nyt_labels","tag_sets_id":1963,"tags_id":9360926},{"stories_id":2028748159,"tag":"energy and power","tag_set":"nyt_labels","tag_sets_id":1963,"tags_id":9360997},{"stories_id":2028748159,"tag":"electric light and power","tag_set":"nyt_labels","tag_sets_id":1963,"tags_id":9361013},{"stories_id":2028748159,"tag":"light","tag_set":"nyt_labels","tag_sets_id":1963,"tags_id":9361014},{"stories_id":2028748159,"tag":"blackouts and brownouts (electrical)","tag_set":"nyt_labels","tag_sets_id":1963,"tags_id":9361015},{"stories_id":2028748159,"tag":"White House","tag_set":"cliff_organizations","tag_sets_id":2388,"tags_id":9362736},{"stories_id":2028748159,"tag":"New York Times","tag_set":"cliff_organizations","tag_sets_id":2388,"tags_id":9362756},{"stories_id":2028748159,"tag":"Biden","tag_set":"cliff_people","tag_sets_id":2389,"tags_id":9365736},{"stories_id":2028748159,"tag":"Federal Emergency Management Agency","tag_set":"cliff_organizations","tag_sets_id":2388,"tags_id":9368312},{"stories_id":2028748159,"tag":"FEMA","tag_set":"cliff_organizations","tag_sets_id":2388,"tags_id":9368313},{"stories_id":2028748159,"tag":"Scott","tag_set":"cliff_people","tag_sets_id":2389,"tags_id":9369630},{"stories_id":2028748159,"tag":"Department of Health and Human Services","tag_set":"cliff_organizations","tag_sets_id":2388,"tags_id":9371638},{"stories_id":2028748159,"tag":"Department of Homeland Security","tag_set":"cliff_organizations","tag_sets_id":2388,"tags_id":9375584},{"stories_id":2028748159,"tag":"National Weather Service","tag_set":"cliff_organizations","tag_sets_id":2388,"tags_id":9382501},{"stories_id":2028748159,"tag":"National Hurricane Center","tag_set":"cliff_organizations","tag_sets_id":2388,"tags_id":9382502},{"stories_id":2028748159,"tag":"Juan","tag_set":"cliff_people","tag_sets_id":2389,"tags_id":9404239},{"stories_id":2028748159,"tag":"Monda","tag_set":"cliff_people","tag_sets_id":2389,"tags_id":9406819},{"stories_id":2028748159,"tag":"John Bel Edwards","tag_set":"cliff_people","tag_sets_id":2389,"tags_id":9421904},{"stories_id":2028748159,"tag":"Entergy","tag_set":"cliff_organizations","tag_sets_id":2388,"tags_id":9422828},{"stories_id":2028748159,"tag":"Cesar","tag_set":"cliff_people","tag_sets_id":2389,"tags_id":9427781},{"stories_id":2028748159,"tag":"Walgreens","tag_set":"cliff_organizations","tag_sets_id":2388,"tags_id":9428639},{"stories_id":2028748159,"tag":"Jen Psaki","tag_set":"cliff_people","tag_sets_id":2389,"tags_id":9441598},{"stories_id":2028748159,"tag":"Edmund D. Fountain","tag_set":"cliff_people","tag_sets_id":2389,"tags_id":9460536},{"stories_id":2028748159,"tag":"LaToya Cantrell","tag_set":"cliff_people","tag_sets_id":2389,"tags_id":9460664},{"stories_id":2028748159,"tag":"Premier Inc.","tag_set":"cliff_organizations","tag_sets_id":2388,"tags_id":9487522},{"stories_id":2028748159,"tag":"state department of health","tag_set":"cliff_organizations","tag_sets_id":2388,"tags_id":9510350},{"stories_id":2028748159,"tag":"Ida","tag_set":"cliff_people","tag_sets_id":2389,"tags_id":9583423},{"stories_id":2028748159,"tag":"Kerry Emanuel","tag_set":"cliff_people","tag_sets_id":2389,"tags_id":9623166},{"stories_id":2028748159,"tag":"M.I.T","tag_set":"cliff_organizations","tag_sets_id":2388,"tags_id":9633228},{"stories_id":2028748159,"tag":"Tate Reeves","tag_set":"cliff_people","tag_sets_id":2389,"tags_id":9645653},{"stories_id":2028748159,"tag":"David Sanford","tag_set":"cliff_people","tag_sets_id":2389,"tags_id":9762481},{"stories_id":2028748159,"tag":"Craig Adams","tag_set":"cliff_people","tag_sets_id":2389,"tags_id":9989338},{"stories_id":2028748159,"tag":"Susan Guidry","tag_set":"cliff_people","tag_sets_id":2389,"tags_id":10077639},{"stories_id":2028748159,"tag":"Callaghan O'Hare","tag_set":"cliff_people","tag_sets_id":2389,"tags_id":10146728},{"stories_id":2028748159,"tag":"Hannah Carter","tag_set":"cliff_people","tag_sets_id":2389,"tags_id":10576053},{"stories_id":2028748159,"tag":"Louisiana Army National Guard","tag_set":"cliff_organizations","tag_sets_id":2388,"tags_id":10578396},{"stories_id":2028748159,"tag":"William Widmer","tag_set":"cliff_people","tag_sets_id":2389,"tags_id":10628163},{"stories_id":2028748159,"tag":"Jacey Fortin","tag_set":"cliff_people","tag_sets_id":2389,"tags_id":10752127},{"stories_id":2028748159,"tag":"Deep South Center for Environmental Justice","tag_set":"cliff_organizations","tag_sets_id":2388,"tags_id":10859013},{"stories_id":2028748159,"tag":"Monique Harden","tag_set":"cliff_people","tag_sets_id":2389,"tags_id":11018683},{"stories_id":2028748159,"tag":"Johnny Diaz","tag_set":"cliff_people","tag_sets_id":2389,"tags_id":11080078},{"stories_id":2028748159,"tag":"WWL radio","tag_set":"cliff_organizations","tag_sets_id":2388,"tags_id":27695142},{"stories_id":2028748159,"tag":"Dan Anderson/EPA","tag_set":"cliff_people","tag_sets_id":2389,"tags_id":28004616},{"stories_id":2028748159,"tag":"Joseph Lopinto","tag_set":"cliff_people","tag_sets_id":2389,"tags_id":29957692},{"stories_id":2028748159,"tag":"Alejandro N. Mayorkas","tag_set":"cliff_people","tag_sets_id":2389,"tags_id":33794330},{"stories_id":2028748159,"tag":"Lee Sheng","tag_set":"cliff_people","tag_sets_id":2389,"tags_id":37086315},{"stories_id":2028748159,"tag":"Jazmine Carter","tag_set":"cliff_people","tag_sets_id":2389,"tags_id":42249382},{"stories_id":2028748159,"tag":"Derrick Bryson Taylor","tag_set":"cliff_people","tag_sets_id":2389,"tags_id":42996870},{"stories_id":2028748159,"tag":"Will Widmer","tag_set":"cliff_people","tag_sets_id":2389,"tags_id":47285265},{"stories_id":2028748159,"tag":"Deanne Criswell","tag_set":"cliff_people","tag_sets_id":2389,"tags_id":101001208},{"stories_id":2028748159,"tag":"James LaCaze","tag_set":"cliff_people","tag_sets_id":2389,"tags_id":118649578},{"stories_id":2028748159,"tag":"Lea Joseph","tag_set":"cliff_people","tag_sets_id":2389,"tags_id":217348085},{"stories_id":2028748159,"tag":"readability-lxml-0.8.1","tag_set":"extractor_version","tag_sets_id":1354,"tags_id":228516910},{"stories_id":2028748159,"tag":"cliff_clavin_v2.6.1","tag_set":"geocoder_version","tag_sets_id":1937,"tags_id":228516911},{"stories_id":2028748159,"tag":"Houma Callaghan O'Hare for The New York Times","tag_set":"cliff_organizations","tag_sets_id":2388,"tags_id":242223053},{"stories_id":2028748159,"tag":"LaPlace Emily Kask","tag_set":"cliff_people","tag_sets_id":2389,"tags_id":242223054},{"stories_id":2028748159,"tag":"Tina LaCaze","tag_set":"cliff_people","tag_sets_id":2389,"tags_id":242223055},{"stories_id":2028748159,"tag":"Shanell Short","tag_set":"cliff_people","tag_sets_id":2389,"tags_id":242223056},{"stories_id":2028748159,"tag":"Francisco Del Angel Morales","tag_set":"cliff_people","tag_sets_id":2389,"tags_id":242223057},{"stories_id":2028748159,"tag":"Clifford Conerly","tag_set":"cliff_people","tag_sets_id":2389,"tags_id":242223058},{"stories_id":2028748159,"tag":"Jean Lafitte Edmund D. Fountain","tag_set":"cliff_people","tag_sets_id":2389,"tags_id":242454615}],"title":"‘Never again,’ a mother vows, after the safest place she could find was her car.","url":"https://www.nytimes.com/live/2021/08/30/us/hurricane-ida-updates/never-again-a-mother-vows-after-the-safest-place-she-could-find-was-her-car","word_count":null}]