[{"ap_syndicated":null,"collect_date":"2021-09-08 02:40:05.707614","feeds":null,"guid":"SB10136969857128694113804588027182235509880","language":"en","media_id":1150,"media_name":null,"media_url":null,"processed_stories_id":null,"publish_date":"2021-09-07 18:07:00","stories_id":2036213498,"story_tags":[{"stories_id":2036213498,"tag":"geonames_6252001","tag_set":"mc-geocoder@media.mit.edu","tag_sets_id":1011,"tags_id":8878461},{"stories_id":2036213498,"tag":"geonames_4736286","tag_set":"mc-geocoder@media.mit.edu","tag_sets_id":1011,"tags_id":8878538},{"stories_id":2036213498,"tag":"geonames_4140963","tag_set":"mc-geocoder@media.mit.edu","tag_sets_id":1011,"tags_id":8880349},{"stories_id":2036213498,"tag":"geonames_4739078","tag_set":"mc-geocoder@media.mit.edu","tag_sets_id":1011,"tags_id":8961229},{"stories_id":2036213498,"tag":"nyt_labeller_v1.0.0","tag_set":"nyt_labels_version","tag_sets_id":1964,"tags_id":9360669},{"stories_id":2036213498,"tag":"energy and power","tag_set":"nyt_labels","tag_sets_id":1963,"tags_id":9360997},{"stories_id":2036213498,"tag":"electric light and power","tag_set":"nyt_labels","tag_sets_id":1963,"tags_id":9361013},{"stories_id":2036213498,"tag":"light","tag_set":"nyt_labels","tag_sets_id":1963,"tags_id":9361014},{"stories_id":2036213498,"tag":"Congress","tag_set":"cliff_organizations","tag_sets_id":2388,"tags_id":9362962},{"stories_id":2036213498,"tag":"Mark Kelly","tag_set":"cliff_people","tag_sets_id":2389,"tags_id":9373500},{"stories_id":2036213498,"tag":"Bryce","tag_set":"cliff_people","tag_sets_id":2389,"tags_id":9406504},{"stories_id":2036213498,"tag":"North American Electric Reliability Corporation","tag_set":"cliff_organizations","tag_sets_id":2388,"tags_id":9487123},{"stories_id":2036213498,"tag":"Generac","tag_set":"cliff_organizations","tag_sets_id":2388,"tags_id":9677447},{"stories_id":2036213498,"tag":"Generac","tag_set":"cliff_people","tag_sets_id":2389,"tags_id":9677450},{"stories_id":2036213498,"tag":"Foundation for Research on Equal Opportunity","tag_set":"cliff_organizations","tag_sets_id":2388,"tags_id":9702297},{"stories_id":2036213498,"tag":"Generac Power Systems","tag_set":"cliff_organizations","tag_sets_id":2388,"tags_id":11211996},{"stories_id":2036213498,"tag":"Emmet Penney","tag_set":"cliff_people","tag_sets_id":2389,"tags_id":35339032},{"stories_id":2036213498,"tag":"Ralph Lauer/Zuma","tag_set":"cliff_people","tag_sets_id":2389,"tags_id":79701573},{"stories_id":2036213498,"tag":"readability-lxml-0.8.1","tag_set":"extractor_version","tag_sets_id":1354,"tags_id":228516910},{"stories_id":2036213498,"tag":"cliff_clavin_v2.6.1","tag_set":"geocoder_version","tag_sets_id":1937,"tags_id":228516911}],"title":"Get Ready for the Blackouts","url":"https://www.wsj.com/articles/blackouts-generac-electric-grid-texas-california-biden-decarbonize-renewables-climate-11631043410","word_count":null}]