[{"ap_syndicated":null,"collect_date":"2021-11-30 07:25:29.894517","feeds":null,"guid":"SB11916959844825434265004588208282190913110","language":"en","media_id":1150,"media_name":null,"media_url":null,"processed_stories_id":null,"publish_date":"2021-11-30 05:30:00","stories_id":2120057209,"story_tags":[{"stories_id":2120057209,"tag":"geonames_6252001","tag_set":"mc-geocoder@media.mit.edu","tag_sets_id":1011,"tags_id":8878461},{"stories_id":2120057209,"tag":"geonames_4662168","tag_set":"mc-geocoder@media.mit.edu","tag_sets_id":1011,"tags_id":8878725},{"stories_id":2120057209,"tag":"geonames_5667009","tag_set":"mc-geocoder@media.mit.edu","tag_sets_id":1011,"tags_id":8878783},{"stories_id":2120057209,"tag":"geonames_5001836","tag_set":"mc-geocoder@media.mit.edu","tag_sets_id":1011,"tags_id":8878821},{"stories_id":2120057209,"tag":"geonames_4138106","tag_set":"mc-geocoder@media.mit.edu","tag_sets_id":1011,"tags_id":8878827},{"stories_id":2120057209,"tag":"geonames_5015618","tag_set":"mc-geocoder@media.mit.edu","tag_sets_id":1011,"tags_id":8879118},{"stories_id":2120057209,"tag":"geonames_4667282","tag_set":"mc-geocoder@media.mit.edu","tag_sets_id":1011,"tags_id":8879476},{"stories_id":2120057209,"tag":"nyt_labeller_v1.0.0","tag_set":"nyt_labels_version","tag_sets_id":1964,"tags_id":9360669},{"stories_id":2120057209,"tag":"finances","tag_set":"nyt_labels","tag_sets_id":1963,"tags_id":9360840},{"stories_id":2120057209,"tag":"prices (fares, fees and rates)","tag_set":"nyt_labels","tag_sets_id":1963,"tags_id":9360996},{"stories_id":2120057209,"tag":"energy and power","tag_set":"nyt_labels","tag_sets_id":1963,"tags_id":9360997},{"stories_id":2120057209,"tag":"electric light and power","tag_set":"nyt_labels","tag_sets_id":1963,"tags_id":9361013},{"stories_id":2120057209,"tag":"light","tag_set":"nyt_labels","tag_sets_id":1963,"tags_id":9361014},{"stories_id":2120057209,"tag":"mines and mining","tag_set":"nyt_labels","tag_sets_id":1963,"tags_id":9361146},{"stories_id":2120057209,"tag":"Richard Nixon","tag_set":"cliff_people","tag_sets_id":2389,"tags_id":9364171},{"stories_id":2120057209,"tag":"S&P","tag_set":"cliff_organizations","tag_sets_id":2388,"tags_id":9368263},{"stories_id":2120057209,"tag":"Energy Information Administration","tag_set":"cliff_organizations","tag_sets_id":2388,"tags_id":9380334},{"stories_id":2120057209,"tag":"S&P Global Platts","tag_set":"cliff_organizations","tag_sets_id":2388,"tags_id":9388911},{"stories_id":2120057209,"tag":"WSJ","tag_set":"cliff_organizations","tag_sets_id":2388,"tags_id":9396028},{"stories_id":2120057209,"tag":"EIA","tag_set":"cliff_organizations","tag_sets_id":2388,"tags_id":9411071},{"stories_id":2120057209,"tag":"Peabody Energy Corp.","tag_set":"cliff_organizations","tag_sets_id":2388,"tags_id":9479950},{"stories_id":2120057209,"tag":"PJM","tag_set":"cliff_organizations","tag_sets_id":2388,"tags_id":9509356},{"stories_id":2120057209,"tag":"PJM Interconnection LLC","tag_set":"cliff_organizations","tag_sets_id":2388,"tags_id":9703946},{"stories_id":2120057209,"tag":"Ryan Dezember","tag_set":"cliff_people","tag_sets_id":2389,"tags_id":11077669},{"stories_id":2120057209,"tag":"Consol Energy Inc.","tag_set":"cliff_organizations","tag_sets_id":2388,"tags_id":11427935},{"stories_id":2120057209,"tag":"S&P Global Platts Analytics","tag_set":"cliff_organizations","tag_sets_id":2388,"tags_id":29487493},{"stories_id":2120057209,"tag":"readability-lxml-0.8.1","tag_set":"extractor_version","tag_sets_id":1354,"tags_id":228516910},{"stories_id":2120057209,"tag":"cliff_clavin_v2.6.1","tag_set":"geocoder_version","tag_sets_id":1937,"tags_id":228516911},{"stories_id":2120057209,"tag":"Preston Jessee/WSJ","tag_set":"cliff_people","tag_sets_id":2389,"tags_id":249446611},{"stories_id":2120057209,"tag":"Wendy Schallom","tag_set":"cliff_people","tag_sets_id":2389,"tags_id":249683455}],"title":"America's Power Plants Are Low on Coal","url":"https://www.wsj.com/articles/americas-power-plants-are-low-on-coal-11638268201?mod=pls_whats_news_us_business_f","word_count":null}]