[{"ap_syndicated":null,"collect_date":"2021-12-06 02:14:46.532356","feeds":null,"guid":"https://www.nytimes.com/2021/11/15/us/politics/biden-approval-rating-infrastructure-bill.html","language":"en","media_id":1,"media_name":null,"media_url":null,"processed_stories_id":null,"publish_date":"2021-11-15 23:10:59","stories_id":2126122069,"story_tags":[{"stories_id":2126122069,"tag":"geonames_6252001","tag_set":"mc-geocoder@media.mit.edu","tag_sets_id":1011,"tags_id":8878461},{"stories_id":2126122069,"tag":"geonames_4990729","tag_set":"mc-geocoder@media.mit.edu","tag_sets_id":1011,"tags_id":8878851},{"stories_id":2126122069,"tag":"geonames_5090174","tag_set":"mc-geocoder@media.mit.edu","tag_sets_id":1011,"tags_id":8879620},{"stories_id":2126122069,"tag":"geonames_4140963","tag_set":"mc-geocoder@media.mit.edu","tag_sets_id":1011,"tags_id":8880349},{"stories_id":2126122069,"tag":"nyt_labeller_v1.0.0","tag_set":"nyt_labels_version","tag_sets_id":1964,"tags_id":9360669},{"stories_id":2126122069,"tag":"politics and government","tag_set":"nyt_labels","tag_sets_id":1963,"tags_id":9360836},{"stories_id":2126122069,"tag":"law and legislation","tag_set":"nyt_labels","tag_sets_id":1963,"tags_id":9360837},{"stories_id":2126122069,"tag":"finances","tag_set":"nyt_labels","tag_sets_id":1963,"tags_id":9360840},{"stories_id":2126122069,"tag":"united states politics and government","tag_set":"nyt_labels","tag_sets_id":1963,"tags_id":9360846},{"stories_id":2126122069,"tag":"budgets and budgeting","tag_set":"nyt_labels","tag_sets_id":1963,"tags_id":9360850},{"stories_id":2126122069,"tag":"global warming","tag_set":"nyt_labels","tag_sets_id":1963,"tags_id":9360886},{"stories_id":2126122069,"tag":"editorials","tag_set":"nyt_labels","tag_sets_id":1963,"tags_id":9360894},{"stories_id":2126122069,"tag":"weather","tag_set":"nyt_labels","tag_sets_id":1963,"tags_id":9360902},{"stories_id":2126122069,"tag":"White House","tag_set":"cliff_organizations","tag_sets_id":2388,"tags_id":9362736},{"stories_id":2126122069,"tag":"Barack Obama","tag_set":"cliff_people","tag_sets_id":2389,"tags_id":9362763},{"stories_id":2126122069,"tag":"Trump","tag_set":"cliff_people","tag_sets_id":2389,"tags_id":9362872},{"stories_id":2126122069,"tag":"Congress","tag_set":"cliff_organizations","tag_sets_id":2388,"tags_id":9362962},{"stories_id":2126122069,"tag":"Kamala Harris","tag_set":"cliff_people","tag_sets_id":2389,"tags_id":9363331},{"stories_id":2126122069,"tag":"Amtrak","tag_set":"cliff_organizations","tag_sets_id":2388,"tags_id":9364669},{"stories_id":2126122069,"tag":"Biden","tag_set":"cliff_people","tag_sets_id":2389,"tags_id":9365736},{"stories_id":2126122069,"tag":"Bureau of Indian Affairs","tag_set":"cliff_organizations","tag_sets_id":2388,"tags_id":9379572},{"stories_id":2126122069,"tag":"Jen Psaki","tag_set":"cliff_people","tag_sets_id":2389,"tags_id":9441598},{"stories_id":2126122069,"tag":"Forest Service","tag_set":"cliff_organizations","tag_sets_id":2388,"tags_id":9535778},{"stories_id":2126122069,"tag":"guess_by_tag_time","tag_set":"date_guess_method","tag_sets_id":508,"tags_id":50741428},{"stories_id":2126122069,"tag":"readability-lxml-0.8.1","tag_set":"extractor_version","tag_sets_id":1354,"tags_id":228516910},{"stories_id":2126122069,"tag":"cliff_clavin_v2.6.1","tag_set":"geocoder_version","tag_sets_id":1937,"tags_id":228516911},{"stories_id":2126122069,"tag":"General Motors electric vehicle assembly","tag_set":"cliff_organizations","tag_sets_id":2388,"tags_id":248999993}],"title":"Biden Got His Bipartisan Win. Now, Reality Sets In. - The New York Times","url":"https://www.nytimes.com/2021/11/15/us/politics/biden-approval-rating-infrastructure-bill.html","word_count":null}]