[{"ap_syndicated":null,"collect_date":"2021-12-17 11:14:08.864218","feeds":null,"guid":"SB10195743107621793341704588243911519772182","language":"en","media_id":1150,"media_name":null,"media_url":null,"processed_stories_id":null,"publish_date":"2021-12-17 10:10:00","stories_id":2139852910,"story_tags":[{"stories_id":2139852910,"tag":"geonames_1814991","tag_set":"mc-geocoder@media.mit.edu","tag_sets_id":1011,"tags_id":8878478},{"stories_id":2139852910,"tag":"nyt_labeller_v1.0.0","tag_set":"nyt_labels_version","tag_sets_id":1964,"tags_id":9360669},{"stories_id":2139852910,"tag":"computers and the internet","tag_set":"nyt_labels","tag_sets_id":1963,"tags_id":9360839},{"stories_id":2139852910,"tag":"global warming","tag_set":"nyt_labels","tag_sets_id":1963,"tags_id":9360886},{"stories_id":2139852910,"tag":"environment","tag_set":"nyt_labels","tag_sets_id":1963,"tags_id":9360887},{"stories_id":2139852910,"tag":"energy and power","tag_set":"nyt_labels","tag_sets_id":1963,"tags_id":9360997},{"stories_id":2139852910,"tag":"air pollution","tag_set":"nyt_labels","tag_sets_id":1963,"tags_id":9361007},{"stories_id":2139852910,"tag":"electric light and power","tag_set":"nyt_labels","tag_sets_id":1963,"tags_id":9361013},{"stories_id":2139852910,"tag":"light","tag_set":"nyt_labels","tag_sets_id":1963,"tags_id":9361014},{"stories_id":2139852910,"tag":"Alibaba","tag_set":"cliff_organizations","tag_sets_id":2388,"tags_id":9367280},{"stories_id":2139852910,"tag":"Apple Inc.","tag_set":"cliff_organizations","tag_sets_id":2388,"tags_id":9381405},{"stories_id":2139852910,"tag":"Microsoft Corp","tag_set":"cliff_organizations","tag_sets_id":2388,"tags_id":9401189},{"stories_id":2139852910,"tag":"Amazon.com Inc.","tag_set":"cliff_organizations","tag_sets_id":2388,"tags_id":9405783},{"stories_id":2139852910,"tag":"BABA","tag_set":"cliff_people","tag_sets_id":2389,"tags_id":9449668},{"stories_id":2139852910,"tag":"Jack Ma","tag_set":"cliff_people","tag_sets_id":2389,"tags_id":9474842},{"stories_id":2139852910,"tag":"Jerry Yang","tag_set":"cliff_people","tag_sets_id":2389,"tags_id":9562586},{"stories_id":2139852910,"tag":"Alibaba Group Holding Ltd","tag_set":"cliff_organizations","tag_sets_id":2388,"tags_id":9580344},{"stories_id":2139852910,"tag":"Yahoo Inc.","tag_set":"cliff_organizations","tag_sets_id":2388,"tags_id":9627154},{"stories_id":2139852910,"tag":"Daniel Zhang","tag_set":"cliff_people","tag_sets_id":2389,"tags_id":9747422},{"stories_id":2139852910,"tag":"Alibaba Cloud","tag_set":"cliff_organizations","tag_sets_id":2388,"tags_id":10138932},{"stories_id":2139852910,"tag":"readability-lxml-0.8.1","tag_set":"extractor_version","tag_sets_id":1354,"tags_id":228516910},{"stories_id":2139852910,"tag":"cliff_clavin_v2.6.1","tag_set":"geocoder_version","tag_sets_id":1937,"tags_id":228516911},{"stories_id":2139852910,"tag":"fintech affiliate Ant Group Co","tag_set":"cliff_organizations","tag_sets_id":2388,"tags_id":252363338}],"title":"Alibaba Pledges to Become Carbon Neutral in Its Operations by 2030","url":"https://www.wsj.com/articles/alibaba-pledges-to-become-carbon-neutral-in-its-operations-by-2030-11639753823?mod=pls_whats_news_us_business_f","word_count":null}]