[{"ap_syndicated":null,"collect_date":"2021-12-22 05:48:01.835923","feeds":null,"guid":"https://www.nytimes.com/2021/12/22/world/heat-carbon-emissions-cities.html","language":"en","media_id":1,"media_name":null,"media_url":null,"processed_stories_id":null,"publish_date":"2021-12-22 05:00:21","stories_id":2144466477,"story_tags":[{"stories_id":2144466477,"tag":"geonames_2661886","tag_set":"mc-geocoder@media.mit.edu","tag_sets_id":1011,"tags_id":8878620},{"stories_id":2144466477,"tag":"geonames_2673722","tag_set":"mc-geocoder@media.mit.edu","tag_sets_id":1011,"tags_id":8878870},{"stories_id":2144466477,"tag":"geonames_2673730","tag_set":"mc-geocoder@media.mit.edu","tag_sets_id":1011,"tags_id":8878900},{"stories_id":2144466477,"tag":"geonames_6173331","tag_set":"mc-geocoder@media.mit.edu","tag_sets_id":1011,"tags_id":8879072},{"stories_id":2144466477,"tag":"nyt_labeller_v1.0.0","tag_set":"nyt_labels_version","tag_sets_id":1964,"tags_id":9360669},{"stories_id":2144466477,"tag":"environment","tag_set":"nyt_labels","tag_sets_id":1963,"tags_id":9360887},{"stories_id":2144466477,"tag":"olympic games","tag_set":"nyt_labels","tag_sets_id":1963,"tags_id":9360952},{"stories_id":2144466477,"tag":"energy and power","tag_set":"nyt_labels","tag_sets_id":1963,"tags_id":9360997},{"stories_id":2144466477,"tag":"electric light and power","tag_set":"nyt_labels","tag_sets_id":1963,"tags_id":9361013},{"stories_id":2144466477,"tag":"light","tag_set":"nyt_labels","tag_sets_id":1963,"tags_id":9361014},{"stories_id":2144466477,"tag":"games","tag_set":"nyt_labels","tag_sets_id":1963,"tags_id":9361024},{"stories_id":2144466477,"tag":"water","tag_set":"nyt_labels","tag_sets_id":1963,"tags_id":9361151},{"stories_id":2144466477,"tag":"waste materials and disposal","tag_set":"nyt_labels","tag_sets_id":1963,"tags_id":9361189},{"stories_id":2144466477,"tag":"Erik Rylander","tag_set":"cliff_people","tag_sets_id":2389,"tags_id":32612503},{"stories_id":2144466477,"tag":"Ashley St. Clair","tag_set":"cliff_people","tag_sets_id":2389,"tags_id":66769903},{"stories_id":2144466477,"tag":"readability-lxml-0.8.1","tag_set":"extractor_version","tag_sets_id":1354,"tags_id":228516910},{"stories_id":2144466477,"tag":"cliff_clavin_v2.6.1","tag_set":"geocoder_version","tag_sets_id":1937,"tags_id":228516911}],"title":"Using a City’s Excess Heat to Reduce Emissions","url":"https://www.nytimes.com/2021/12/22/world/heat-carbon-emissions-cities.html","word_count":null}]