[{"ap_syndicated":null,"collect_date":"2022-05-07 19:45:18.530922","feeds":null,"guid":"https://www.nytimes.com/2022/05/03/business/energy-environment/high-electric-bills-summer.html","language":"en","media_id":1,"media_name":null,"media_url":null,"processed_stories_id":null,"publish_date":"2022-05-03 05:00:26","stories_id":2302055659,"story_tags":[{"stories_id":2302055659,"tag":"geonames_6252001","tag_set":"mc-geocoder@media.mit.edu","tag_sets_id":1011,"tags_id":8878461},{"stories_id":2302055659,"tag":"geonames_5746545","tag_set":"mc-geocoder@media.mit.edu","tag_sets_id":1011,"tags_id":8878667},{"stories_id":2302055659,"tag":"geonames_5744337","tag_set":"mc-geocoder@media.mit.edu","tag_sets_id":1011,"tags_id":8879203},{"stories_id":2302055659,"tag":"nyt_labeller_v1.0.0","tag_set":"nyt_labels_version","tag_sets_id":1964,"tags_id":9360669},{"stories_id":2302055659,"tag":"prices (fares, fees and rates)","tag_set":"nyt_labels","tag_sets_id":1963,"tags_id":9360996},{"stories_id":2302055659,"tag":"energy and power","tag_set":"nyt_labels","tag_sets_id":1963,"tags_id":9360997},{"stories_id":2302055659,"tag":"electric light and power","tag_set":"nyt_labels","tag_sets_id":1963,"tags_id":9361013},{"stories_id":2302055659,"tag":"light","tag_set":"nyt_labels","tag_sets_id":1963,"tags_id":9361014},{"stories_id":2302055659,"tag":"Ron DeSantis","tag_set":"cliff_people","tag_sets_id":2389,"tags_id":9453820},{"stories_id":2302055659,"tag":"Edison Electric Institute","tag_set":"cliff_organizations","tag_sets_id":2388,"tags_id":9454038},{"stories_id":2302055659,"tag":"Portland General Electric","tag_set":"cliff_organizations","tag_sets_id":2388,"tags_id":10132614},{"stories_id":2302055659,"tag":"Richard McMahon","tag_set":"cliff_people","tag_sets_id":2389,"tags_id":10135951},{"stories_id":2302055659,"tag":"Maria M. Pope","tag_set":"cliff_people","tag_sets_id":2389,"tags_id":42439652},{"stories_id":2302055659,"tag":"readability-lxml-0.8.1","tag_set":"extractor_version","tag_sets_id":1354,"tags_id":228516910},{"stories_id":2302055659,"tag":"cliff_clavin_v2.6.1","tag_set":"geocoder_version","tag_sets_id":1937,"tags_id":228516911}],"title":"High Electric Bills Get Ready for Another Energy Price Spike: High Electric Bills","url":"https://www.nytimes.com/2022/05/03/business/energy-environment/high-electric-bills-summer.html","word_count":null}]