[{"ap_syndicated":null,"collect_date":"2022-05-07 22:34:27.543521","feeds":null,"guid":"https://www.nytimes.com/2022/05/07/world/americas/un-loan-project-services.html","language":"en","media_id":1,"media_name":null,"media_url":null,"processed_stories_id":null,"publish_date":"2022-05-07 22:23:50","stories_id":2302262915,"story_tags":[{"stories_id":2302262915,"tag":"geonames_2510769","tag_set":"mc-geocoder@media.mit.edu","tag_sets_id":1011,"tags_id":8878587},{"stories_id":2302262915,"tag":"geonames_2593110","tag_set":"mc-geocoder@media.mit.edu","tag_sets_id":1011,"tags_id":8878817},{"stories_id":2302262915,"tag":"geonames_2521706","tag_set":"mc-geocoder@media.mit.edu","tag_sets_id":1011,"tags_id":8880323},{"stories_id":2302262915,"tag":"nyt_labeller_v1.0.0","tag_set":"nyt_labels_version","tag_sets_id":1964,"tags_id":9360669},{"stories_id":2302262915,"tag":"finances","tag_set":"nyt_labels","tag_sets_id":1963,"tags_id":9360840},{"stories_id":2302262915,"tag":"U.N.","tag_set":"cliff_organizations","tag_sets_id":2388,"tags_id":9363619},{"stories_id":2302262915,"tag":"Kendrick","tag_set":"cliff_people","tag_sets_id":2389,"tags_id":9536146},{"stories_id":2302262915,"tag":"Svensson","tag_set":"cliff_people","tag_sets_id":2389,"tags_id":9767407},{"stories_id":2302262915,"tag":"Faremo","tag_set":"cliff_people","tag_sets_id":2389,"tags_id":30201730},{"stories_id":2302262915,"tag":"readability-lxml-0.8.1","tag_set":"extractor_version","tag_sets_id":1354,"tags_id":228516910},{"stories_id":2302262915,"tag":"cliff_clavin_v2.6.1","tag_set":"geocoder_version","tag_sets_id":1937,"tags_id":228516911}],"title":"Why Did a U.N. Agency Give a Family $61 Million?","url":"https://www.nytimes.com/2022/05/07/world/americas/un-loan-project-services.html","word_count":null}]