[{"ap_syndicated":null,"collect_date":"2022-05-23 15:39:02.262676","feeds":null,"guid":"https://www.nytimes.com/live/2022/05/23/world/russia-ukraine-war/zelensky-says-russian-forces-killed-87-people-in-an-attack","language":"en","media_id":1,"media_name":null,"media_url":null,"processed_stories_id":null,"publish_date":"2022-05-23 15:24:35","stories_id":2317462268,"story_tags":[{"stories_id":2317462268,"tag":"geonames_2921044","tag_set":"mc-geocoder@media.mit.edu","tag_sets_id":1011,"tags_id":8878575},{"stories_id":2317462268,"tag":"geonames_2950157","tag_set":"mc-geocoder@media.mit.edu","tag_sets_id":1011,"tags_id":8878617},{"stories_id":2317462268,"tag":"geonames_2950159","tag_set":"mc-geocoder@media.mit.edu","tag_sets_id":1011,"tags_id":8878621},{"stories_id":2317462268,"tag":"geonames_3099434","tag_set":"mc-geocoder@media.mit.edu","tag_sets_id":1011,"tags_id":8884250},{"stories_id":2317462268,"tag":"nyt_labeller_v1.0.0","tag_set":"nyt_labels_version","tag_sets_id":1964,"tags_id":9360669},{"stories_id":2317462268,"tag":"oil (petroleum) and gasoline","tag_set":"nyt_labels","tag_sets_id":1963,"tags_id":9360884},{"stories_id":2317462268,"tag":"international trade and world market","tag_set":"nyt_labels","tag_sets_id":1963,"tags_id":9360983},{"stories_id":2317462268,"tag":"production","tag_set":"nyt_labels","tag_sets_id":1963,"tags_id":9361181},{"stories_id":2317462268,"tag":"New York Times","tag_set":"cliff_organizations","tag_sets_id":2388,"tags_id":9362756},{"stories_id":2317462268,"tag":"Rosneft","tag_set":"cliff_organizations","tag_sets_id":2388,"tags_id":9363369},{"stories_id":2317462268,"tag":"Shell","tag_set":"cliff_organizations","tag_sets_id":2388,"tags_id":9363630},{"stories_id":2317462268,"tag":"Intel","tag_set":"cliff_organizations","tag_sets_id":2388,"tags_id":9367220},{"stories_id":2317462268,"tag":"Olaf Scholz","tag_set":"cliff_people","tag_sets_id":2389,"tags_id":9437204},{"stories_id":2317462268,"tag":"Tesla assembly","tag_set":"cliff_organizations","tag_sets_id":2388,"tags_id":9781981},{"stories_id":2317462268,"tag":"Carsten Schneider","tag_set":"cliff_people","tag_sets_id":2389,"tags_id":10037456},{"stories_id":2317462268,"tag":"Alcmene","tag_set":"cliff_people","tag_sets_id":2389,"tags_id":10292351},{"stories_id":2317462268,"tag":"Robert Habeck","tag_set":"cliff_people","tag_sets_id":2389,"tags_id":27885505},{"stories_id":2317462268,"tag":"Zelensky","tag_set":"cliff_people","tag_sets_id":2389,"tags_id":31141602},{"stories_id":2317462268,"tag":"PCK","tag_set":"cliff_people","tag_sets_id":2389,"tags_id":33809078},{"stories_id":2317462268,"tag":"Katrin Streicher","tag_set":"cliff_people","tag_sets_id":2389,"tags_id":47543243},{"stories_id":2317462268,"tag":"Verbio","tag_set":"cliff_people","tag_sets_id":2389,"tags_id":68841865},{"stories_id":2317462268,"tag":"readability-lxml-0.8.1","tag_set":"extractor_version","tag_sets_id":1354,"tags_id":228516910},{"stories_id":2317462268,"tag":"cliff_clavin_v2.6.1","tag_set":"geocoder_version","tag_sets_id":1937,"tags_id":228516911},{"stories_id":2317462268,"tag":"Annekathrin Hoppe","tag_set":"cliff_people","tag_sets_id":2389,"tags_id":253581616},{"stories_id":2317462268,"tag":"British energy holding company Liwathon Group","tag_set":"cliff_organizations","tag_sets_id":2388,"tags_id":254848960},{"stories_id":2317462268,"tag":"forest green colors","tag_set":"cliff_organizations","tag_sets_id":2388,"tags_id":254848961},{"stories_id":2317462268,"tag":"Jens Schlueter/Agence","tag_set":"cliff_people","tag_sets_id":2389,"tags_id":254855941}],"title":"Zelensky says Russian forces killed 87 people in an attack.","url":"https://www.nytimes.com/live/2022/05/23/world/russia-ukraine-war/zelensky-says-russian-forces-killed-87-people-in-an-attack","word_count":null}]