[{"ap_syndicated":null,"collect_date":"2022-05-24 03:03:54.738400","feeds":null,"guid":"https://nypost.com/?post_type=article&p=22385251","language":"en","media_id":7,"media_name":null,"media_url":null,"processed_stories_id":null,"publish_date":"2022-05-24 02:43:13","stories_id":2317824639,"story_tags":[{"stories_id":2317824639,"tag":"geonames_6252001","tag_set":"mc-geocoder@media.mit.edu","tag_sets_id":1011,"tags_id":8878461},{"stories_id":2317824639,"tag":"geonames_4197000","tag_set":"mc-geocoder@media.mit.edu","tag_sets_id":1011,"tags_id":8878530},{"stories_id":2317824639,"tag":"geonames_4180439","tag_set":"mc-geocoder@media.mit.edu","tag_sets_id":1011,"tags_id":8878540},{"stories_id":2317824639,"tag":"nyt_labeller_v1.0.0","tag_set":"nyt_labels_version","tag_sets_id":1964,"tags_id":9360669},{"stories_id":2317824639,"tag":"politics and government","tag_set":"nyt_labels","tag_sets_id":1963,"tags_id":9360836},{"stories_id":2317824639,"tag":"elections","tag_set":"nyt_labels","tag_sets_id":1963,"tags_id":9360851},{"stories_id":2317824639,"tag":"blacks","tag_set":"nyt_labels","tag_sets_id":1963,"tags_id":9360863},{"stories_id":2317824639,"tag":"governors (us)","tag_set":"nyt_labels","tag_sets_id":1963,"tags_id":9360883},{"stories_id":2317824639,"tag":"Republican","tag_set":"cliff_organizations","tag_sets_id":2388,"tags_id":9362742},{"stories_id":2317824639,"tag":"Washington Post","tag_set":"cliff_organizations","tag_sets_id":2388,"tags_id":9362798},{"stories_id":2317824639,"tag":"AP","tag_set":"cliff_organizations","tag_sets_id":2388,"tags_id":9362920},{"stories_id":2317824639,"tag":"GOP","tag_set":"cliff_organizations","tag_sets_id":2388,"tags_id":9362923},{"stories_id":2317824639,"tag":"David Perdue","tag_set":"cliff_people","tag_sets_id":2389,"tags_id":9372370},{"stories_id":2317824639,"tag":"Stacey Abrams","tag_set":"cliff_people","tag_sets_id":2389,"tags_id":9373719},{"stories_id":2317824639,"tag":"Brian Kemp","tag_set":"cliff_people","tag_sets_id":2389,"tags_id":9483637},{"stories_id":2317824639,"tag":"Georgia House of Representatives","tag_set":"cliff_organizations","tag_sets_id":2388,"tags_id":9545904},{"stories_id":2317824639,"tag":"Spellman College","tag_set":"cliff_organizations","tag_sets_id":2388,"tags_id":9924169},{"stories_id":2317824639,"tag":"Gwinnett Daily Post","tag_set":"cliff_organizations","tag_sets_id":2388,"tags_id":10936781},{"stories_id":2317824639,"tag":"readability-lxml-0.8.1","tag_set":"extractor_version","tag_sets_id":1354,"tags_id":228516910},{"stories_id":2317824639,"tag":"cliff_clavin_v2.6.1","tag_set":"geocoder_version","tag_sets_id":1937,"tags_id":228516911},{"stories_id":2317824639,"tag":"AP Perdue","tag_set":"cliff_people","tag_sets_id":2389,"tags_id":254913002}],"title":"David Perdue accuses Stacey Abrams of ‘demeaning her own race’","url":"https://nypost.com/2022/05/24/david-perdue-accuses-stacey-abrams-of-demeaning-her-race/","word_count":null}]