[{"ap_syndicated":null,"collect_date":"2022-05-27 11:36:28.037269","feeds":null,"guid":"https://www.washingtonpost.com/climate-environment/2022/05/27/g7-coal-phaseout-fossil-fuel/?utm_source=rss&utm_medium=referral&utm_campaign=wp_climate-environment","language":"en","media_id":2,"media_name":null,"media_url":null,"processed_stories_id":null,"publish_date":"2022-05-27 08:51:22","stories_id":2321343612,"story_tags":[{"stories_id":2321343612,"tag":"geonames_6252001","tag_set":"mc-geocoder@media.mit.edu","tag_sets_id":1011,"tags_id":8878461},{"stories_id":2321343612,"tag":"geonames_6254925","tag_set":"mc-geocoder@media.mit.edu","tag_sets_id":1011,"tags_id":8878835},{"stories_id":2321343612,"tag":"geonames_4292826","tag_set":"mc-geocoder@media.mit.edu","tag_sets_id":1011,"tags_id":9026771},{"stories_id":2321343612,"tag":"nyt_labeller_v1.0.0","tag_set":"nyt_labels_version","tag_sets_id":1964,"tags_id":9360669},{"stories_id":2321343612,"tag":"finances","tag_set":"nyt_labels","tag_sets_id":1963,"tags_id":9360840},{"stories_id":2321343612,"tag":"environment","tag_set":"nyt_labels","tag_sets_id":1963,"tags_id":9360887},{"stories_id":2321343612,"tag":"automobiles","tag_set":"nyt_labels","tag_sets_id":1963,"tags_id":9360914},{"stories_id":2321343612,"tag":"economic conditions and trends","tag_set":"nyt_labels","tag_sets_id":1963,"tags_id":9360989},{"stories_id":2321343612,"tag":"energy and power","tag_set":"nyt_labels","tag_sets_id":1963,"tags_id":9360997},{"stories_id":2321343612,"tag":"air pollution","tag_set":"nyt_labels","tag_sets_id":1963,"tags_id":9361007},{"stories_id":2321343612,"tag":"electric light and power","tag_set":"nyt_labels","tag_sets_id":1963,"tags_id":9361013},{"stories_id":2321343612,"tag":"light","tag_set":"nyt_labels","tag_sets_id":1963,"tags_id":9361014},{"stories_id":2321343612,"tag":"Congress","tag_set":"cliff_organizations","tag_sets_id":2388,"tags_id":9362962},{"stories_id":2321343612,"tag":"U.N.","tag_set":"cliff_organizations","tag_sets_id":2388,"tags_id":9363619},{"stories_id":2321343612,"tag":"Biden","tag_set":"cliff_people","tag_sets_id":2389,"tags_id":9365736},{"stories_id":2321343612,"tag":"International Energy Agency","tag_set":"cliff_organizations","tag_sets_id":2388,"tags_id":9387130},{"stories_id":2321343612,"tag":"G-7","tag_set":"cliff_organizations","tag_sets_id":2388,"tags_id":9399067},{"stories_id":2321343612,"tag":"Alden Meyer","tag_set":"cliff_people","tag_sets_id":2389,"tags_id":9462974},{"stories_id":2321343612,"tag":"Bronwen Tucker","tag_set":"cliff_people","tag_sets_id":2389,"tags_id":63958213},{"stories_id":2321343612,"tag":"readability-lxml-0.8.1","tag_set":"extractor_version","tag_sets_id":1354,"tags_id":228516910},{"stories_id":2321343612,"tag":"cliff_clavin_v2.6.1","tag_set":"geocoder_version","tag_sets_id":1937,"tags_id":228516911}],"title":"Key nations agree to halt funding for new fossil fuel projects","url":"https://www.washingtonpost.com/climate-environment/2022/05/27/g7-coal-phaseout-fossil-fuel/?utm_source=rss&utm_medium=referral&utm_campaign=wp_climate-environment","word_count":null}]