[{"ap_syndicated":null,"collect_date":"2022-07-11 13:00:02.711007","feeds":null,"guid":"https://www.washingtonpost.com/business/energy/why-delaware-is-where-musk-and-twitter-will-face-off-in-court/2022/07/11/cb3ab168-0136-11ed-8beb-2b4e481b1500_story.html?utm_source=rss&utm_medium=referral&utm_campaign=wp_business","language":"en","media_id":2,"media_name":null,"media_url":null,"processed_stories_id":null,"publish_date":"2022-07-11 12:29:32","stories_id":2363047939,"story_tags":[{"stories_id":2363047939,"tag":"geonames_6252001","tag_set":"mc-geocoder@media.mit.edu","tag_sets_id":1011,"tags_id":8878461},{"stories_id":2363047939,"tag":"geonames_4142224","tag_set":"mc-geocoder@media.mit.edu","tag_sets_id":1011,"tags_id":8879385},{"stories_id":2363047939,"tag":"nyt_labeller_v1.0.0","tag_set":"nyt_labels_version","tag_sets_id":1964,"tags_id":9360669},{"stories_id":2363047939,"tag":"finances","tag_set":"nyt_labels","tag_sets_id":1963,"tags_id":9360840},{"stories_id":2363047939,"tag":"suits and litigation","tag_set":"nyt_labels","tag_sets_id":1963,"tags_id":9360860},{"stories_id":2363047939,"tag":"taxation","tag_set":"nyt_labels","tag_sets_id":1963,"tags_id":9360882},{"stories_id":2363047939,"tag":"Joe Biden","tag_set":"cliff_people","tag_sets_id":2389,"tags_id":9363134},{"stories_id":2363047939,"tag":"Twitter","tag_set":"cliff_organizations","tag_sets_id":2388,"tags_id":9363684},{"stories_id":2363047939,"tag":"Musk","tag_set":"cliff_people","tag_sets_id":2389,"tags_id":9363695},{"stories_id":2363047939,"tag":"University of Pennsylvania","tag_set":"cliff_organizations","tag_sets_id":2388,"tags_id":9364994},{"stories_id":2363047939,"tag":"Twitter Inc.","tag_set":"cliff_organizations","tag_sets_id":2388,"tags_id":9372320},{"stories_id":2363047939,"tag":"Tesla Inc.","tag_set":"cliff_organizations","tag_sets_id":2388,"tags_id":9404460},{"stories_id":2363047939,"tag":"Boston Scientific Corp.","tag_set":"cliff_organizations","tag_sets_id":2388,"tags_id":9474747},{"stories_id":2363047939,"tag":"Delaware Chancery Court","tag_set":"cliff_organizations","tag_sets_id":2388,"tags_id":9703408},{"stories_id":2363047939,"tag":"Chancery Court","tag_set":"cliff_organizations","tag_sets_id":2388,"tags_id":21080077},{"stories_id":2363047939,"tag":"Larry Hamermesh","tag_set":"cliff_people","tag_sets_id":2389,"tags_id":30197631},{"stories_id":2363047939,"tag":"readability-lxml-0.8.1","tag_set":"extractor_version","tag_sets_id":1354,"tags_id":228516910},{"stories_id":2363047939,"tag":"cliff_clavin_v2.6.1","tag_set":"geocoder_version","tag_sets_id":1937,"tags_id":228516911}],"title":"Why Delaware Is Where Musk and Twitter Will Face Off in Court","url":"https://www.washingtonpost.com/business/energy/why-delaware-is-where-musk-and-twitter-will-face-off-in-court/2022/07/11/cb3ab168-0136-11ed-8beb-2b4e481b1500_story.html?utm_source=rss&utm_medium=referral&utm_campaign=wp_business","word_count":null}]