[{"ap_syndicated":null,"collect_date":"2022-07-23 05:07:53.538813","feeds":null,"guid":"https://nypost.com/?post_type=article&p=23172798","language":"en","media_id":7,"media_name":null,"media_url":null,"processed_stories_id":null,"publish_date":"2022-07-23 04:57:21","stories_id":2374219997,"story_tags":[{"stories_id":2374219997,"tag":"geonames_6252001","tag_set":"mc-geocoder@media.mit.edu","tag_sets_id":1011,"tags_id":8878461},{"stories_id":2374219997,"tag":"geonames_4736286","tag_set":"mc-geocoder@media.mit.edu","tag_sets_id":1011,"tags_id":8878538},{"stories_id":2374219997,"tag":"nyt_labeller_v1.0.0","tag_set":"nyt_labels_version","tag_sets_id":1964,"tags_id":9360669},{"stories_id":2374219997,"tag":"energy and power","tag_set":"nyt_labels","tag_sets_id":1963,"tags_id":9360997},{"stories_id":2374219997,"tag":"fires and firefighters","tag_set":"nyt_labels","tag_sets_id":1963,"tags_id":9361005},{"stories_id":2374219997,"tag":"fires and firemen","tag_set":"nyt_labels","tag_sets_id":1963,"tags_id":9361006},{"stories_id":2374219997,"tag":"electric light and power","tag_set":"nyt_labels","tag_sets_id":1963,"tags_id":9361013},{"stories_id":2374219997,"tag":"U.S. Energy Information Administration","tag_set":"cliff_organizations","tag_sets_id":2388,"tags_id":9443978},{"stories_id":2374219997,"tag":"CROWELL","tag_set":"cliff_people","tag_sets_id":2389,"tags_id":11325456},{"stories_id":2374219997,"tag":"geonames_4684431","tag_set":"mc-geocoder@media.mit.edu","tag_sets_id":1011,"tags_id":30922712},{"stories_id":2374219997,"tag":"Innergex Renewable Energy","tag_set":"cliff_organizations","tag_sets_id":2388,"tags_id":33824567},{"stories_id":2374219997,"tag":"Perry Shaw","tag_set":"cliff_people","tag_sets_id":2389,"tags_id":59444774},{"stories_id":2374219997,"tag":"readability-lxml-0.8.1","tag_set":"extractor_version","tag_sets_id":1354,"tags_id":228516910},{"stories_id":2374219997,"tag":"cliff_clavin_v2.6.1","tag_set":"geocoder_version","tag_sets_id":1937,"tags_id":228516911}],"title":"Wind turbine disintegrates in Texas after a lightning strike","url":"https://nypost.com/2022/07/23/texas-wind-turbine-disintegrates-after-lightning-strike/","word_count":null}]