[{"ap_syndicated":null,"collect_date":"2022-07-26 11:59:01.081241","feeds":null,"guid":"SB12380215703574443577104589032810868711346","language":"en","media_id":1150,"media_name":null,"media_url":null,"processed_stories_id":null,"publish_date":"2022-07-26 10:51:00","stories_id":2376926768,"story_tags":[{"stories_id":2376926768,"tag":"nyt_labeller_v1.0.0","tag_set":"nyt_labels_version","tag_sets_id":1964,"tags_id":9360669},{"stories_id":2376926768,"tag":"finances","tag_set":"nyt_labels","tag_sets_id":1963,"tags_id":9360840},{"stories_id":2376926768,"tag":"GE","tag_set":"cliff_organizations","tag_sets_id":2388,"tags_id":9369925},{"stories_id":2376926768,"tag":"readability-lxml-0.8.1","tag_set":"extractor_version","tag_sets_id":1354,"tags_id":228516910},{"stories_id":2376926768,"tag":"cliff_clavin_v2.6.1","tag_set":"geocoder_version","tag_sets_id":1937,"tags_id":228516911},{"stories_id":2376926768,"tag":"General Electric revenue","tag_set":"cliff_organizations","tag_sets_id":2388,"tags_id":258366221}],"title":"GE Gets Lift From Aviation but Cuts Cash Flow Goals","url":"https://www.wsj.com/articles/ge-gets-lift-from-aviation-but-cuts-cash-flow-goals-11658834084?mod=pls_whats_news_us_business_f","word_count":null}]