[{"ap_syndicated":null,"collect_date":"2022-07-28 14:42:44.052601","feeds":null,"guid":"https://www.washingtonpost.com/world/2022/07/28/neom-te-line-city-saudi-arabia-mbs-khashoggi-europe/?utm_source=rss&utm_medium=referral&utm_campaign=wp_world","language":"en","media_id":2,"media_name":null,"media_url":null,"processed_stories_id":null,"publish_date":"2022-07-28 14:13:21","stories_id":2379141534,"story_tags":[{"stories_id":2379141534,"tag":"geonames_104514","tag_set":"mc-geocoder@media.mit.edu","tag_sets_id":1011,"tags_id":8878927},{"stories_id":2379141534,"tag":"geonames_102358","tag_set":"mc-geocoder@media.mit.edu","tag_sets_id":1011,"tags_id":8879002},{"stories_id":2379141534,"tag":"geonames_105343","tag_set":"mc-geocoder@media.mit.edu","tag_sets_id":1011,"tags_id":8883980},{"stories_id":2379141534,"tag":"nyt_labeller_v1.0.0","tag_set":"nyt_labels_version","tag_sets_id":1964,"tags_id":9360669},{"stories_id":2379141534,"tag":"Washington Post","tag_set":"cliff_organizations","tag_sets_id":2388,"tags_id":9362798},{"stories_id":2379141534,"tag":"Mohammed bin Salman","tag_set":"cliff_people","tag_sets_id":2389,"tags_id":9363796},{"stories_id":2379141534,"tag":"State","tag_set":"cliff_organizations","tag_sets_id":2388,"tags_id":9363944},{"stories_id":2379141534,"tag":"Biden","tag_set":"cliff_people","tag_sets_id":2389,"tags_id":9365736},{"stories_id":2379141534,"tag":"Emmanuel Macron","tag_set":"cliff_people","tag_sets_id":2389,"tags_id":9365980},{"stories_id":2379141534,"tag":"Gulf News","tag_set":"cliff_organizations","tag_sets_id":2388,"tags_id":9404179},{"stories_id":2379141534,"tag":"Antony Blinken","tag_set":"cliff_people","tag_sets_id":2389,"tags_id":9410673},{"stories_id":2379141534,"tag":"U.S. Energy Information Administration","tag_set":"cliff_organizations","tag_sets_id":2388,"tags_id":9443978},{"stories_id":2379141534,"tag":"Jamal Khashoggi","tag_set":"cliff_people","tag_sets_id":2389,"tags_id":9500308},{"stories_id":2379141534,"tag":"presidential palace","tag_set":"cliff_organizations","tag_sets_id":2388,"tags_id":9738785},{"stories_id":2379141534,"tag":"Adonis Georgiadis","tag_set":"cliff_people","tag_sets_id":2389,"tags_id":28029191},{"stories_id":2379141534,"tag":"Ali Dogan","tag_set":"cliff_people","tag_sets_id":2389,"tags_id":28715443},{"stories_id":2379141534,"tag":"Freedom Initiative","tag_set":"cliff_organizations","tag_sets_id":2388,"tags_id":48110755},{"stories_id":2379141534,"tag":"Saudi sovereign wealth fund","tag_set":"cliff_organizations","tag_sets_id":2388,"tags_id":83465566},{"stories_id":2379141534,"tag":"Khalid Aljabri","tag_set":"cliff_people","tag_sets_id":2389,"tags_id":93775609},{"stories_id":2379141534,"tag":"Bethany Alhaidari","tag_set":"cliff_people","tag_sets_id":2389,"tags_id":205993599},{"stories_id":2379141534,"tag":"Leibniz-Zentrum Moderner Orient","tag_set":"cliff_organizations","tag_sets_id":2388,"tags_id":208806774},{"stories_id":2379141534,"tag":"readability-lxml-0.8.1","tag_set":"extractor_version","tag_sets_id":1354,"tags_id":228516910},{"stories_id":2379141534,"tag":"cliff_clavin_v2.6.1","tag_set":"geocoder_version","tag_sets_id":1937,"tags_id":228516911}],"title":"Saudi crown prince wants you talking about his ‘city of the future’","url":"https://www.washingtonpost.com/world/2022/07/28/neom-te-line-city-saudi-arabia-mbs-khashoggi-europe/?utm_source=rss&utm_medium=referral&utm_campaign=wp_world","word_count":null}]