[{"ap_syndicated":null,"collect_date":"2022-08-05 17:37:02.736781","feeds":null,"guid":"https://www.nytimes.com/2022/08/05/briefing/russia-ukraine-war-nuclear-farming.html","language":"en","media_id":1,"media_name":null,"media_url":null,"processed_stories_id":null,"publish_date":"2022-08-05 17:25:25","stories_id":2386570978,"story_tags":[{"stories_id":2386570978,"tag":"geonames_4482348","tag_set":"mc-geocoder@media.mit.edu","tag_sets_id":1011,"tags_id":8878553},{"stories_id":2386570978,"tag":"geonames_2921044","tag_set":"mc-geocoder@media.mit.edu","tag_sets_id":1011,"tags_id":8878575},{"stories_id":2386570978,"tag":"geonames_690791","tag_set":"mc-geocoder@media.mit.edu","tag_sets_id":1011,"tags_id":8878855},{"stories_id":2386570978,"tag":"geonames_2951839","tag_set":"mc-geocoder@media.mit.edu","tag_sets_id":1011,"tags_id":8879152},{"stories_id":2386570978,"tag":"geonames_4499379","tag_set":"mc-geocoder@media.mit.edu","tag_sets_id":1011,"tags_id":8879531},{"stories_id":2386570978,"tag":"geonames_710403","tag_set":"mc-geocoder@media.mit.edu","tag_sets_id":1011,"tags_id":8883144},{"stories_id":2386570978,"tag":"geonames_2861650","tag_set":"mc-geocoder@media.mit.edu","tag_sets_id":1011,"tags_id":8885802},{"stories_id":2386570978,"tag":"nyt_labeller_v1.0.0","tag_set":"nyt_labels_version","tag_sets_id":1964,"tags_id":9360669},{"stories_id":2386570978,"tag":"politics and government","tag_set":"nyt_labels","tag_sets_id":1963,"tags_id":9360836},{"stories_id":2386570978,"tag":"armament, defense and military forces","tag_set":"nyt_labels","tag_sets_id":1963,"tags_id":9360868},{"stories_id":2386570978,"tag":"energy and power","tag_set":"nyt_labels","tag_sets_id":1963,"tags_id":9360997},{"stories_id":2386570978,"tag":"atomic weapons","tag_set":"nyt_labels","tag_sets_id":1963,"tags_id":9360998},{"stories_id":2386570978,"tag":"electric light and power","tag_set":"nyt_labels","tag_sets_id":1963,"tags_id":9361013},{"stories_id":2386570978,"tag":"atomic energy","tag_set":"nyt_labels","tag_sets_id":1963,"tags_id":9361077},{"stories_id":2386570978,"tag":"Angela Merkel","tag_set":"cliff_people","tag_sets_id":2389,"tags_id":9363560},{"stories_id":2386570978,"tag":"U.S. Department of Agriculture","tag_set":"cliff_organizations","tag_sets_id":2388,"tags_id":9373154},{"stories_id":2386570978,"tag":"Green Party","tag_set":"cliff_organizations","tag_sets_id":2388,"tags_id":9376712},{"stories_id":2386570978,"tag":"Olaf Scholz","tag_set":"cliff_people","tag_sets_id":2389,"tags_id":9437204},{"stories_id":2386570978,"tag":"Yana","tag_set":"cliff_people","tag_sets_id":2389,"tags_id":9676279},{"stories_id":2386570978,"tag":"@nytimes","tag_set":"cliff_organizations","tag_sets_id":2388,"tags_id":9732560},{"stories_id":2386570978,"tag":"Andrew Kramer","tag_set":"cliff_people","tag_sets_id":2389,"tags_id":10083317},{"stories_id":2386570978,"tag":"Erika Solomon","tag_set":"cliff_people","tag_sets_id":2389,"tags_id":10291146},{"stories_id":2386570978,"tag":"geonames_2112923","tag_set":"mc-geocoder@media.mit.edu","tag_sets_id":1011,"tags_id":50243217},{"stories_id":2386570978,"tag":"—Mathias","tag_set":"cliff_people","tag_sets_id":2389,"tags_id":200012989},{"stories_id":2386570978,"tag":"readability-lxml-0.8.1","tag_set":"extractor_version","tag_sets_id":1354,"tags_id":228516910},{"stories_id":2386570978,"tag":"cliff_clavin_v2.6.1","tag_set":"geocoder_version","tag_sets_id":1937,"tags_id":228516911},{"stories_id":2386570978,"tag":"Rosi Steinberger","tag_set":"cliff_people","tag_sets_id":2389,"tags_id":258515760},{"stories_id":2386570978,"tag":"Times Kyiv bureau","tag_set":"cliff_organizations","tag_sets_id":2388,"tags_id":258939454},{"stories_id":2386570978,"tag":"Robert L Welch","tag_set":"cliff_people","tag_sets_id":2389,"tags_id":258939455}],"title":"A Nuclear U-Turn","url":"https://www.nytimes.com/2022/08/05/briefing/russia-ukraine-war-nuclear-farming.html","word_count":null}]