[{"ap_syndicated":null,"collect_date":"2022-08-09 13:33:31.531699","feeds":null,"guid":"https://www.washingtonpost.com/climate-environment/2022/08/08/will-climate-package-congress-help-those-who-need-it/?utm_source=rss&utm_medium=referral&utm_campaign=wp_climate-environment","language":"en","media_id":2,"media_name":null,"media_url":null,"processed_stories_id":null,"publish_date":"2022-08-08 06:00:32","stories_id":2389482818,"story_tags":[{"stories_id":2389482818,"tag":"geonames_6252001","tag_set":"mc-geocoder@media.mit.edu","tag_sets_id":1011,"tags_id":8878461},{"stories_id":2389482818,"tag":"geonames_5128638","tag_set":"mc-geocoder@media.mit.edu","tag_sets_id":1011,"tags_id":8878463},{"stories_id":2389482818,"tag":"geonames_5125771","tag_set":"mc-geocoder@media.mit.edu","tag_sets_id":1011,"tags_id":8878499},{"stories_id":2389482818,"tag":"geonames_4140963","tag_set":"mc-geocoder@media.mit.edu","tag_sets_id":1011,"tags_id":8880349},{"stories_id":2389482818,"tag":"geonames_5391508","tag_set":"mc-geocoder@media.mit.edu","tag_sets_id":1011,"tags_id":8901043},{"stories_id":2389482818,"tag":"nyt_labeller_v1.0.0","tag_set":"nyt_labels_version","tag_sets_id":1964,"tags_id":9360669},{"stories_id":2389482818,"tag":"law and legislation","tag_set":"nyt_labels","tag_sets_id":1963,"tags_id":9360837},{"stories_id":2389482818,"tag":"finances","tag_set":"nyt_labels","tag_sets_id":1963,"tags_id":9360840},{"stories_id":2389482818,"tag":"taxation","tag_set":"nyt_labels","tag_sets_id":1963,"tags_id":9360882},{"stories_id":2389482818,"tag":"automobiles","tag_set":"nyt_labels","tag_sets_id":1963,"tags_id":9360914},{"stories_id":2389482818,"tag":"sales","tag_set":"nyt_labels","tag_sets_id":1963,"tags_id":9360995},{"stories_id":2389482818,"tag":"prices (fares, fees and rates)","tag_set":"nyt_labels","tag_sets_id":1963,"tags_id":9360996},{"stories_id":2389482818,"tag":"energy and power","tag_set":"nyt_labels","tag_sets_id":1963,"tags_id":9360997},{"stories_id":2389482818,"tag":"Senate","tag_set":"cliff_organizations","tag_sets_id":2388,"tags_id":9362741},{"stories_id":2389482818,"tag":"Barack Obama","tag_set":"cliff_people","tag_sets_id":2389,"tags_id":9362763},{"stories_id":2389482818,"tag":"Washington Post","tag_set":"cliff_organizations","tag_sets_id":2388,"tags_id":9362798},{"stories_id":2389482818,"tag":"Congress","tag_set":"cliff_organizations","tag_sets_id":2388,"tags_id":9362962},{"stories_id":2389482818,"tag":"George W. Bush","tag_set":"cliff_people","tag_sets_id":2389,"tags_id":9363130},{"stories_id":2389482818,"tag":"House","tag_set":"cliff_organizations","tag_sets_id":2388,"tags_id":9363164},{"stories_id":2389482818,"tag":"General Motors","tag_set":"cliff_organizations","tag_sets_id":2388,"tags_id":9363690},{"stories_id":2389482818,"tag":"Nancy Pelosi","tag_set":"cliff_people","tag_sets_id":2389,"tags_id":9364036},{"stories_id":2389482818,"tag":"Ford","tag_set":"cliff_organizations","tag_sets_id":2388,"tags_id":9364086},{"stories_id":2389482818,"tag":"Biden","tag_set":"cliff_people","tag_sets_id":2389,"tags_id":9365736},{"stories_id":2389482818,"tag":"GM","tag_set":"cliff_organizations","tag_sets_id":2388,"tags_id":9367378},{"stories_id":2389482818,"tag":"BP","tag_set":"cliff_organizations","tag_sets_id":2388,"tags_id":9367462},{"stories_id":2389482818,"tag":"Toyota","tag_set":"cliff_organizations","tag_sets_id":2388,"tags_id":9369599},{"stories_id":2389482818,"tag":"Volkswagen","tag_set":"cliff_organizations","tag_sets_id":2388,"tags_id":9374940},{"stories_id":2389482818,"tag":"Energy Information Administration","tag_set":"cliff_organizations","tag_sets_id":2388,"tags_id":9380334},{"stories_id":2389482818,"tag":"Council of Economic Advisers","tag_set":"cliff_organizations","tag_sets_id":2388,"tags_id":9404072},{"stories_id":2389482818,"tag":"Morgan Lewis","tag_set":"cliff_organizations","tag_sets_id":2388,"tags_id":9434642},{"stories_id":2389482818,"tag":"N. Gregory Mankiw","tag_set":"cliff_people","tag_sets_id":2389,"tags_id":9470511},{"stories_id":2389482818,"tag":"Solyndra","tag_set":"cliff_people","tag_sets_id":2389,"tags_id":9473544},{"stories_id":2389482818,"tag":"U.S. PIRG","tag_set":"cliff_organizations","tag_sets_id":2388,"tags_id":9486448},{"stories_id":2389482818,"tag":"Zoeann Murphy/The Washington Post","tag_set":"cliff_organizations","tag_sets_id":2388,"tags_id":9530356},{"stories_id":2389482818,"tag":"Lennar","tag_set":"cliff_organizations","tag_sets_id":2388,"tags_id":9557654},{"stories_id":2389482818,"tag":"Reed Hundt","tag_set":"cliff_people","tag_sets_id":2389,"tags_id":9562765},{"stories_id":2389482818,"tag":"clean energy","tag_set":"cliff_organizations","tag_sets_id":2388,"tags_id":9584691},{"stories_id":2389482818,"tag":"PSEG","tag_set":"cliff_organizations","tag_sets_id":2388,"tags_id":9760057},{"stories_id":2389482818,"tag":"Cox Automotive","tag_set":"cliff_organizations","tag_sets_id":2388,"tags_id":9792717},{"stories_id":2389482818,"tag":"Harvard University economics","tag_set":"cliff_organizations","tag_sets_id":2388,"tags_id":10192671},{"stories_id":2389482818,"tag":"Marijke Shugrue","tag_set":"cliff_people","tag_sets_id":2389,"tags_id":28028076},{"stories_id":2389482818,"tag":"Matt Casale","tag_set":"cliff_people","tag_sets_id":2389,"tags_id":28898959},{"stories_id":2389482818,"tag":"Devin Hall","tag_set":"cliff_people","tag_sets_id":2389,"tags_id":36913988},{"stories_id":2389482818,"tag":"Matt Ybarra","tag_set":"cliff_people","tag_sets_id":2389,"tags_id":36933786},{"stories_id":2389482818,"tag":"Michael Sachse","tag_set":"cliff_people","tag_sets_id":2389,"tags_id":64164505},{"stories_id":2389482818,"tag":"Carl Valenstein","tag_set":"cliff_people","tag_sets_id":2389,"tags_id":66014053},{"stories_id":2389482818,"tag":"Jeffrey Schub","tag_set":"cliff_people","tag_sets_id":2389,"tags_id":122607486},{"stories_id":2389482818,"tag":"Dandelion Energy","tag_set":"cliff_organizations","tag_sets_id":2388,"tags_id":132192471},{"stories_id":2389482818,"tag":"readability-lxml-0.8.1","tag_set":"extractor_version","tag_sets_id":1354,"tags_id":228516910},{"stories_id":2389482818,"tag":"cliff_clavin_v2.6.1","tag_set":"geocoder_version","tag_sets_id":1937,"tags_id":228516911},{"stories_id":2389482818,"tag":"Jonathan Wilcon","tag_set":"cliff_people","tag_sets_id":2389,"tags_id":259036554}],"title":"After passage of climate bill, long road awaits","url":"https://www.washingtonpost.com/climate-environment/2022/08/08/will-climate-package-congress-help-those-who-need-it/?utm_source=rss&utm_medium=referral&utm_campaign=wp_climate-environment","word_count":null}]