[{"ap_syndicated":null,"collect_date":"2022-08-10 04:49:29.033097","feeds":null,"guid":"https://www.washingtonpost.com/world/in-race-to-win-uk-conservatives-accused-of-ignoring-crises/2022/08/10/28ae259e-1881-11ed-b998-b2ab68f58468_story.html?utm_source=rss&utm_medium=referral&utm_campaign=wp_world","language":"en","media_id":2,"media_name":null,"media_url":null,"processed_stories_id":null,"publish_date":"2022-08-10 03:50:53","stories_id":2389984646,"story_tags":[{"stories_id":2389984646,"tag":"geonames_2635167","tag_set":"mc-geocoder@media.mit.edu","tag_sets_id":1011,"tags_id":8878466},{"stories_id":2389984646,"tag":"geonames_6269131","tag_set":"mc-geocoder@media.mit.edu","tag_sets_id":1011,"tags_id":8878467},{"stories_id":2389984646,"tag":"geonames_2650497","tag_set":"mc-geocoder@media.mit.edu","tag_sets_id":1011,"tags_id":8893876},{"stories_id":2389984646,"tag":"nyt_labeller_v1.0.0","tag_set":"nyt_labels_version","tag_sets_id":1964,"tags_id":9360669},{"stories_id":2389984646,"tag":"politics and government","tag_set":"nyt_labels","tag_sets_id":1963,"tags_id":9360836},{"stories_id":2389984646,"tag":"finances","tag_set":"nyt_labels","tag_sets_id":1963,"tags_id":9360840},{"stories_id":2389984646,"tag":"oil (petroleum) and gasoline","tag_set":"nyt_labels","tag_sets_id":1963,"tags_id":9360884},{"stories_id":2389984646,"tag":"economic conditions and trends","tag_set":"nyt_labels","tag_sets_id":1963,"tags_id":9360989},{"stories_id":2389984646,"tag":"energy and power","tag_set":"nyt_labels","tag_sets_id":1963,"tags_id":9360997},{"stories_id":2389984646,"tag":"Liz Truss","tag_set":"cliff_people","tag_sets_id":2389,"tags_id":9362896},{"stories_id":2389984646,"tag":"Gordon Brown","tag_set":"cliff_people","tag_sets_id":2389,"tags_id":9363072},{"stories_id":2389984646,"tag":"EU","tag_set":"cliff_organizations","tag_sets_id":2388,"tags_id":9363241},{"stories_id":2389984646,"tag":"Treasury","tag_set":"cliff_organizations","tag_sets_id":2388,"tags_id":9363650},{"stories_id":2389984646,"tag":"Boris Johnson","tag_set":"cliff_people","tag_sets_id":2389,"tags_id":9363715},{"stories_id":2389984646,"tag":"Labour Party","tag_set":"cliff_organizations","tag_sets_id":2388,"tags_id":9367396},{"stories_id":2389984646,"tag":"Conservative Party","tag_set":"cliff_organizations","tag_sets_id":2388,"tags_id":9372238},{"stories_id":2389984646,"tag":"Martin Lewis","tag_set":"cliff_people","tag_sets_id":2389,"tags_id":9431112},{"stories_id":2389984646,"tag":"Confederation of British Industry","tag_set":"cliff_organizations","tag_sets_id":2388,"tags_id":9731247},{"stories_id":2389984646,"tag":"Chris Curtis","tag_set":"cliff_people","tag_sets_id":2389,"tags_id":10443219},{"stories_id":2389984646,"tag":"Rishi Sunak","tag_set":"cliff_people","tag_sets_id":2389,"tags_id":11058084},{"stories_id":2389984646,"tag":"Max Blain","tag_set":"cliff_people","tag_sets_id":2389,"tags_id":29491984},{"stories_id":2389984646,"tag":"Tony Danker","tag_set":"cliff_people","tag_sets_id":2389,"tags_id":33624695},{"stories_id":2389984646,"tag":"broadcaster ITV","tag_set":"cliff_organizations","tag_sets_id":2388,"tags_id":36350577},{"stories_id":2389984646,"tag":"Alan Wager","tag_set":"cliff_people","tag_sets_id":2389,"tags_id":36385964},{"stories_id":2389984646,"tag":"Helen Galley","tag_set":"cliff_people","tag_sets_id":2389,"tags_id":65908794},{"stories_id":2389984646,"tag":"Robbie Lammas","tag_set":"cliff_people","tag_sets_id":2389,"tags_id":155767807},{"stories_id":2389984646,"tag":"readability-lxml-0.8.1","tag_set":"extractor_version","tag_sets_id":1354,"tags_id":228516910},{"stories_id":2389984646,"tag":"cliff_clavin_v2.6.1","tag_set":"geocoder_version","tag_sets_id":1937,"tags_id":228516911},{"stories_id":2389984646,"tag":"Wilhelmina Fermore","tag_set":"cliff_people","tag_sets_id":2389,"tags_id":259140080}],"title":"In race to win, UK Conservatives accused of ignoring crises","url":"https://www.washingtonpost.com/world/in-race-to-win-uk-conservatives-accused-of-ignoring-crises/2022/08/10/28ae259e-1881-11ed-b998-b2ab68f58468_story.html?utm_source=rss&utm_medium=referral&utm_campaign=wp_world","word_count":null}]