[{"ap_syndicated":null,"collect_date":"2022-09-02 10:31:54.516528","feeds":null,"guid":"SB10797832810030273602904589109451676378252","language":"en","media_id":1150,"media_name":null,"media_url":null,"processed_stories_id":null,"publish_date":"2022-09-02 09:30:00","stories_id":2410438375,"story_tags":[{"stories_id":2410438375,"tag":"nyt_labeller_v1.0.0","tag_set":"nyt_labels_version","tag_sets_id":1964,"tags_id":9360669},{"stories_id":2410438375,"tag":"finances","tag_set":"nyt_labels","tag_sets_id":1963,"tags_id":9360840},{"stories_id":2410438375,"tag":"energy and power","tag_set":"nyt_labels","tag_sets_id":1963,"tags_id":9360997},{"stories_id":2410438375,"tag":"air pollution","tag_set":"nyt_labels","tag_sets_id":1963,"tags_id":9361007},{"stories_id":2410438375,"tag":"electric light and power","tag_set":"nyt_labels","tag_sets_id":1963,"tags_id":9361013},{"stories_id":2410438375,"tag":"light","tag_set":"nyt_labels","tag_sets_id":1963,"tags_id":9361014},{"stories_id":2410438375,"tag":"mergers, acquisitions and divestitures","tag_set":"nyt_labels","tag_sets_id":1963,"tags_id":9361071},{"stories_id":2410438375,"tag":"Shell","tag_set":"cliff_organizations","tag_sets_id":2388,"tags_id":9363630},{"stories_id":2410438375,"tag":"Ben van Beurden","tag_set":"cliff_people","tag_sets_id":2389,"tags_id":9410490},{"stories_id":2410438375,"tag":"Shell PLC","tag_set":"cliff_organizations","tag_sets_id":2388,"tags_id":34263759},{"stories_id":2410438375,"tag":"readability-lxml-0.8.1","tag_set":"extractor_version","tag_sets_id":1354,"tags_id":228516910},{"stories_id":2410438375,"tag":"cliff_clavin_v2.6.1","tag_set":"geocoder_version","tag_sets_id":1937,"tags_id":228516911}],"title":"Shell CEO van Beurden Prepares Exit After Nine Years in Role","url":"https://www.wsj.com/articles/shell-ceo-prepares-exit-after-nine-years-in-role-11662125448?mod=pls_whats_news_us_business_f","word_count":null}]