[{"ap_syndicated":null,"collect_date":"2022-09-07 13:04:31.682477","feeds":null,"guid":"https://www.washingtonpost.com/business/2022/09/07/california-heat-wave-climate-electricity/?utm_source=rss&utm_medium=referral&utm_campaign=wp_business","language":"en","media_id":2,"media_name":null,"media_url":null,"processed_stories_id":null,"publish_date":"2022-09-07 12:14:15","stories_id":2414696940,"story_tags":[{"stories_id":2414696940,"tag":"geonames_6252001","tag_set":"mc-geocoder@media.mit.edu","tag_sets_id":1011,"tags_id":8878461},{"stories_id":2414696940,"tag":"geonames_5332921","tag_set":"mc-geocoder@media.mit.edu","tag_sets_id":1011,"tags_id":8878533},{"stories_id":2414696940,"tag":"geonames_5368361","tag_set":"mc-geocoder@media.mit.edu","tag_sets_id":1011,"tags_id":8878543},{"stories_id":2414696940,"tag":"geonames_5389489","tag_set":"mc-geocoder@media.mit.edu","tag_sets_id":1011,"tags_id":8879532},{"stories_id":2414696940,"tag":"geonames_5392171","tag_set":"mc-geocoder@media.mit.edu","tag_sets_id":1011,"tags_id":8880693},{"stories_id":2414696940,"tag":"geonames_5397717","tag_set":"mc-geocoder@media.mit.edu","tag_sets_id":1011,"tags_id":8890337},{"stories_id":2414696940,"tag":"nyt_labeller_v1.0.0","tag_set":"nyt_labels_version","tag_sets_id":1964,"tags_id":9360669},{"stories_id":2414696940,"tag":"environment","tag_set":"nyt_labels","tag_sets_id":1963,"tags_id":9360887},{"stories_id":2414696940,"tag":"energy and power","tag_set":"nyt_labels","tag_sets_id":1963,"tags_id":9360997},{"stories_id":2414696940,"tag":"electric light and power","tag_set":"nyt_labels","tag_sets_id":1963,"tags_id":9361013},{"stories_id":2414696940,"tag":"light","tag_set":"nyt_labels","tag_sets_id":1963,"tags_id":9361014},{"stories_id":2414696940,"tag":"blackouts and brownouts (electrical)","tag_set":"nyt_labels","tag_sets_id":1963,"tags_id":9361015},{"stories_id":2414696940,"tag":"atomic energy","tag_set":"nyt_labels","tag_sets_id":1963,"tags_id":9361077},{"stories_id":2414696940,"tag":"shortages","tag_set":"nyt_labels","tag_sets_id":1963,"tags_id":9361164},{"stories_id":2414696940,"tag":"legislature","tag_set":"cliff_organizations","tag_sets_id":2388,"tags_id":9364659},{"stories_id":2414696940,"tag":"Tesla","tag_set":"cliff_people","tag_sets_id":2389,"tags_id":9369660},{"stories_id":2414696940,"tag":"UCLA","tag_set":"cliff_organizations","tag_sets_id":2388,"tags_id":9370582},{"stories_id":2414696940,"tag":"Gavin Newsom","tag_set":"cliff_people","tag_sets_id":2389,"tags_id":9372682},{"stories_id":2414696940,"tag":"Rick Davis","tag_set":"cliff_people","tag_sets_id":2389,"tags_id":9378663},{"stories_id":2414696940,"tag":"Energy Commission","tag_set":"cliff_organizations","tag_sets_id":2388,"tags_id":9400478},{"stories_id":2414696940,"tag":"green energy","tag_set":"cliff_organizations","tag_sets_id":2388,"tags_id":9407584},{"stories_id":2414696940,"tag":"Pacific Gas & Electric","tag_set":"cliff_organizations","tag_sets_id":2388,"tags_id":9471803},{"stories_id":2414696940,"tag":"Haas School of Business","tag_set":"cliff_organizations","tag_sets_id":2388,"tags_id":9632881},{"stories_id":2414696940,"tag":"California Energy Commission","tag_set":"cliff_organizations","tag_sets_id":2388,"tags_id":9634587},{"stories_id":2414696940,"tag":"Energy Institute","tag_set":"cliff_organizations","tag_sets_id":2388,"tags_id":9644171},{"stories_id":2414696940,"tag":"University of California at Berkeley","tag_set":"cliff_organizations","tag_sets_id":2388,"tags_id":9706391},{"stories_id":2414696940,"tag":"Severin Borenstein","tag_set":"cliff_people","tag_sets_id":2389,"tags_id":9709484},{"stories_id":2414696940,"tag":"Bob Foster","tag_set":"cliff_people","tag_sets_id":2389,"tags_id":9844184},{"stories_id":2414696940,"tag":"sun","tag_set":"cliff_people","tag_sets_id":2389,"tags_id":10033597},{"stories_id":2414696940,"tag":"California Environmental Justice Alliance","tag_set":"cliff_organizations","tag_sets_id":2388,"tags_id":10053582},{"stories_id":2414696940,"tag":"Robert Weisenmiller","tag_set":"cliff_people","tag_sets_id":2389,"tags_id":14102955},{"stories_id":2414696940,"tag":"Rajit Gadh","tag_set":"cliff_people","tag_sets_id":2389,"tags_id":34501264},{"stories_id":2414696940,"tag":"David Plenn","tag_set":"cliff_people","tag_sets_id":2389,"tags_id":53007557},{"stories_id":2414696940,"tag":"Naomi Sussman","tag_set":"cliff_people","tag_sets_id":2389,"tags_id":54353868},{"stories_id":2414696940,"tag":"Siva Gunda","tag_set":"cliff_people","tag_sets_id":2389,"tags_id":112933512},{"stories_id":2414696940,"tag":"Ari Eisenstadt","tag_set":"cliff_people","tag_sets_id":2389,"tags_id":201052037},{"stories_id":2414696940,"tag":"readability-lxml-0.8.1","tag_set":"extractor_version","tag_sets_id":1354,"tags_id":228516910},{"stories_id":2414696940,"tag":"cliff_clavin_v2.6.1","tag_set":"geocoder_version","tag_sets_id":1937,"tags_id":228516911},{"stories_id":2414696940,"tag":"Smart Gird Energy Research Center","tag_set":"cliff_organizations","tag_sets_id":2388,"tags_id":260588548}],"title":"California scrambles to avoid blackouts as it pursues a green energy future","url":"https://www.washingtonpost.com/business/2022/09/07/california-heat-wave-climate-electricity/?utm_source=rss&utm_medium=referral&utm_campaign=wp_business","word_count":null}]