[{"ap_syndicated":null,"collect_date":"2022-09-19 07:20:17.854497","feeds":null,"guid":"https://www.washingtonpost.com/business/energy/small-town-sewers-are-getting-tech-like-premiums/2022/09/19/073d866c-380b-11ed-b8af-0a04e5dc3db6_story.html?utm_source=rss&utm_medium=referral&utm_campaign=wp_business","language":"en","media_id":2,"media_name":null,"media_url":null,"processed_stories_id":null,"publish_date":"2022-09-19 07:11:34","stories_id":2424894105,"story_tags":[{"stories_id":2424894105,"tag":"geonames_6252001","tag_set":"mc-geocoder@media.mit.edu","tag_sets_id":1011,"tags_id":8878461},{"stories_id":2424894105,"tag":"geonames_5128581","tag_set":"mc-geocoder@media.mit.edu","tag_sets_id":1011,"tags_id":8878486},{"stories_id":2424894105,"tag":"geonames_6254927","tag_set":"mc-geocoder@media.mit.edu","tag_sets_id":1011,"tags_id":8878566},{"stories_id":2424894105,"tag":"geonames_4560349","tag_set":"mc-geocoder@media.mit.edu","tag_sets_id":1011,"tags_id":8878571},{"stories_id":2424894105,"tag":"geonames_4759968","tag_set":"mc-geocoder@media.mit.edu","tag_sets_id":1011,"tags_id":8886707},{"stories_id":2424894105,"tag":"geonames_5203506","tag_set":"mc-geocoder@media.mit.edu","tag_sets_id":1011,"tags_id":8891753},{"stories_id":2424894105,"tag":"nyt_labeller_v1.0.0","tag_set":"nyt_labels_version","tag_sets_id":1964,"tags_id":9360669},{"stories_id":2424894105,"tag":"finances","tag_set":"nyt_labels","tag_sets_id":1963,"tags_id":9360840},{"stories_id":2424894105,"tag":"energy and power","tag_set":"nyt_labels","tag_sets_id":1963,"tags_id":9360997},{"stories_id":2424894105,"tag":"electric light and power","tag_set":"nyt_labels","tag_sets_id":1963,"tags_id":9361013},{"stories_id":2424894105,"tag":"light","tag_set":"nyt_labels","tag_sets_id":1963,"tags_id":9361014},{"stories_id":2424894105,"tag":"mergers, acquisitions and divestitures","tag_set":"nyt_labels","tag_sets_id":1963,"tags_id":9361071},{"stories_id":2424894105,"tag":"water","tag_set":"nyt_labels","tag_sets_id":1963,"tags_id":9361151},{"stories_id":2424894105,"tag":"Bloomberg","tag_set":"cliff_organizations","tag_sets_id":2388,"tags_id":9363116},{"stories_id":2424894105,"tag":"Financial Times","tag_set":"cliff_organizations","tag_sets_id":2388,"tags_id":9365104},{"stories_id":2424894105,"tag":"Wall Street Journal","tag_set":"cliff_organizations","tag_sets_id":2388,"tags_id":9366539},{"stories_id":2424894105,"tag":"Jackson","tag_set":"cliff_people","tag_sets_id":2389,"tags_id":9371882},{"stories_id":2424894105,"tag":"Snyder","tag_set":"cliff_organizations","tag_sets_id":2388,"tags_id":9404717},{"stories_id":2424894105,"tag":"American Society of Civil Engineers","tag_set":"cliff_organizations","tag_sets_id":2388,"tags_id":9418972},{"stories_id":2424894105,"tag":"Tim O’Brien","tag_set":"cliff_people","tag_sets_id":2389,"tags_id":9431141},{"stories_id":2424894105,"tag":"Bloomberg LP","tag_set":"cliff_organizations","tag_sets_id":2388,"tags_id":9451703},{"stories_id":2424894105,"tag":"NextEra Energy Inc.","tag_set":"cliff_organizations","tag_sets_id":2388,"tags_id":9533619},{"stories_id":2424894105,"tag":"NextEra","tag_set":"cliff_organizations","tag_sets_id":2388,"tags_id":9594394},{"stories_id":2424894105,"tag":"Liam Denning","tag_set":"cliff_people","tag_sets_id":2389,"tags_id":9601107},{"stories_id":2424894105,"tag":"Adam Minter","tag_set":"cliff_people","tag_sets_id":2389,"tags_id":9640727},{"stories_id":2424894105,"tag":"CreditSights","tag_set":"cliff_organizations","tag_sets_id":2388,"tags_id":9640904},{"stories_id":2424894105,"tag":"Matt Fabian","tag_set":"cliff_people","tag_sets_id":2389,"tags_id":9641032},{"stories_id":2424894105,"tag":"capex","tag_set":"cliff_organizations","tag_sets_id":2388,"tags_id":9644778},{"stories_id":2424894105,"tag":"geonames_4748125","tag_set":"mc-geocoder@media.mit.edu","tag_sets_id":1011,"tags_id":10531977},{"stories_id":2424894105,"tag":"Bluefield Research","tag_set":"cliff_organizations","tag_sets_id":2388,"tags_id":11013665},{"stories_id":2424894105,"tag":"Amanda Little","tag_set":"cliff_people","tag_sets_id":2389,"tags_id":28423416},{"stories_id":2424894105,"tag":"Joyce Snyder","tag_set":"cliff_people","tag_sets_id":2389,"tags_id":32887782},{"stories_id":2424894105,"tag":"Lisa Jarvis","tag_set":"cliff_people","tag_sets_id":2389,"tags_id":36493775},{"stories_id":2424894105,"tag":"Municipal Market Analytics Inc","tag_set":"cliff_organizations","tag_sets_id":2388,"tags_id":36690557},{"stories_id":2424894105,"tag":"Towamencin","tag_set":"cliff_people","tag_sets_id":2389,"tags_id":44192424},{"stories_id":2424894105,"tag":"Bloomberg Terminal","tag_set":"cliff_organizations","tag_sets_id":2388,"tags_id":69439580},{"stories_id":2424894105,"tag":"Essential Utilities Inc.","tag_set":"cliff_organizations","tag_sets_id":2388,"tags_id":194043745},{"stories_id":2424894105,"tag":"readability-lxml-0.8.1","tag_set":"extractor_version","tag_sets_id":1354,"tags_id":228516910},{"stories_id":2424894105,"tag":"cliff_clavin_v2.6.1","tag_set":"geocoder_version","tag_sets_id":1937,"tags_id":228516911}],"title":"Small-Town Sewers Are Getting Tech-Like Premiums","url":"https://www.washingtonpost.com/business/energy/small-town-sewers-are-getting-tech-like-premiums/2022/09/19/073d866c-380b-11ed-b8af-0a04e5dc3db6_story.html?utm_source=rss&utm_medium=referral&utm_campaign=wp_business","word_count":null}]