[{"ap_syndicated":null,"collect_date":"2022-10-13 06:08:46.710780","feeds":null,"guid":"https://www.nytimes.com/2022/10/13/opinion/environment/ron-desantis-hurricane-ian-climate-change.html","language":"en","media_id":1,"media_name":null,"media_url":null,"processed_stories_id":null,"publish_date":"2022-10-13 05:00:08","stories_id":2446587861,"story_tags":[{"stories_id":2446587861,"tag":"geonames_6252001","tag_set":"mc-geocoder@media.mit.edu","tag_sets_id":1011,"tags_id":8878461},{"stories_id":2446587861,"tag":"geonames_4155751","tag_set":"mc-geocoder@media.mit.edu","tag_sets_id":1011,"tags_id":8878477},{"stories_id":2446587861,"tag":"geonames_4146206","tag_set":"mc-geocoder@media.mit.edu","tag_sets_id":1011,"tags_id":9043230},{"stories_id":2446587861,"tag":"nyt_labeller_v1.0.0","tag_set":"nyt_labels_version","tag_sets_id":1964,"tags_id":9360669},{"stories_id":2446587861,"tag":"politics and government","tag_set":"nyt_labels","tag_sets_id":1963,"tags_id":9360836},{"stories_id":2446587861,"tag":"global warming","tag_set":"nyt_labels","tag_sets_id":1963,"tags_id":9360886},{"stories_id":2446587861,"tag":"environment","tag_set":"nyt_labels","tag_sets_id":1963,"tags_id":9360887},{"stories_id":2446587861,"tag":"weather","tag_set":"nyt_labels","tag_sets_id":1963,"tags_id":9360902},{"stories_id":2446587861,"tag":"hurricanes and tropical storms","tag_set":"nyt_labels","tag_sets_id":1963,"tags_id":9360925},{"stories_id":2446587861,"tag":"hurricane katrina","tag_set":"nyt_labels","tag_sets_id":1963,"tags_id":9360926},{"stories_id":2446587861,"tag":"floods","tag_set":"nyt_labels","tag_sets_id":1963,"tags_id":9360927},{"stories_id":2446587861,"tag":"Facebook","tag_set":"cliff_organizations","tag_sets_id":2388,"tags_id":9362725},{"stories_id":2446587861,"tag":"New York Times","tag_set":"cliff_organizations","tag_sets_id":2388,"tags_id":9362756},{"stories_id":2446587861,"tag":"Times","tag_set":"cliff_organizations","tag_sets_id":2388,"tags_id":9365707},{"stories_id":2446587861,"tag":"Rick Scott","tag_set":"cliff_people","tag_sets_id":2389,"tags_id":9371402},{"stories_id":2446587861,"tag":"Charlie Crist","tag_set":"cliff_people","tag_sets_id":2389,"tags_id":9375974},{"stories_id":2446587861,"tag":"Ian","tag_set":"cliff_people","tag_sets_id":2389,"tags_id":9427267},{"stories_id":2446587861,"tag":"Ron DeSantis","tag_set":"cliff_people","tag_sets_id":2389,"tags_id":9453820},{"stories_id":2446587861,"tag":"Craig Pittman","tag_set":"cliff_people","tag_sets_id":2389,"tags_id":9813406},{"stories_id":2446587861,"tag":"readability-lxml-0.8.1","tag_set":"extractor_version","tag_sets_id":1354,"tags_id":228516910},{"stories_id":2446587861,"tag":"cliff_clavin_v2.6.1","tag_set":"geocoder_version","tag_sets_id":1937,"tags_id":228516911}],"title":"Hurricane Ian Proved Why Ron DeSantis’s Version of Climate Resilience Is a Disaster","url":"https://www.nytimes.com/2022/10/13/opinion/environment/ron-desantis-hurricane-ian-climate-change.html","word_count":null}]