[{"ap_syndicated":null,"collect_date":"2022-10-18 12:46:45.330668","feeds":null,"guid":"https://www.washingtonpost.com/opinions/2022/10/18/democrats-economy-abortion-midterms/?utm_source=rss&utm_medium=referral&utm_campaign=wp_opinions","language":"en","media_id":2,"media_name":null,"media_url":null,"processed_stories_id":null,"publish_date":"2022-10-18 07:00:33","stories_id":2451394612,"story_tags":[{"stories_id":2451394612,"tag":"geonames_6252001","tag_set":"mc-geocoder@media.mit.edu","tag_sets_id":1011,"tags_id":8878461},{"stories_id":2451394612,"tag":"geonames_5128638","tag_set":"mc-geocoder@media.mit.edu","tag_sets_id":1011,"tags_id":8878463},{"stories_id":2451394612,"tag":"geonames_4273857","tag_set":"mc-geocoder@media.mit.edu","tag_sets_id":1011,"tags_id":8878634},{"stories_id":2451394612,"tag":"nyt_labeller_v1.0.0","tag_set":"nyt_labels_version","tag_sets_id":1964,"tags_id":9360669},{"stories_id":2451394612,"tag":"politics and government","tag_set":"nyt_labels","tag_sets_id":1963,"tags_id":9360836},{"stories_id":2451394612,"tag":"abortion","tag_set":"nyt_labels","tag_sets_id":1963,"tags_id":9360841},{"stories_id":2451394612,"tag":"united states politics and government","tag_set":"nyt_labels","tag_sets_id":1963,"tags_id":9360846},{"stories_id":2451394612,"tag":"elections","tag_set":"nyt_labels","tag_sets_id":1963,"tags_id":9360851},{"stories_id":2451394612,"tag":"presidents and presidency (us)","tag_set":"nyt_labels","tag_sets_id":1963,"tags_id":9360853},{"stories_id":2451394612,"tag":"presidential elections (us)","tag_set":"nyt_labels","tag_sets_id":1963,"tags_id":9360854},{"stories_id":2451394612,"tag":"public opinion","tag_set":"nyt_labels","tag_sets_id":1963,"tags_id":9360864},{"stories_id":2451394612,"tag":"women","tag_set":"nyt_labels","tag_sets_id":1963,"tags_id":9360892},{"stories_id":2451394612,"tag":"election issues","tag_set":"nyt_labels","tag_sets_id":1963,"tags_id":9360896},{"stories_id":2451394612,"tag":"Donald Trump","tag_set":"cliff_people","tag_sets_id":2389,"tags_id":9362284},{"stories_id":2451394612,"tag":"Supreme Court","tag_set":"cliff_organizations","tag_sets_id":2388,"tags_id":9362719},{"stories_id":2451394612,"tag":"Senate","tag_set":"cliff_organizations","tag_sets_id":2388,"tags_id":9362741},{"stories_id":2451394612,"tag":"Bernie Sanders","tag_set":"cliff_people","tag_sets_id":2389,"tags_id":9362750},{"stories_id":2451394612,"tag":"Washington Post","tag_set":"cliff_organizations","tag_sets_id":2388,"tags_id":9362798},{"stories_id":2451394612,"tag":"GOP","tag_set":"cliff_organizations","tag_sets_id":2388,"tags_id":9362923},{"stories_id":2451394612,"tag":"Democrats","tag_set":"cliff_organizations","tag_sets_id":2388,"tags_id":9363166},{"stories_id":2451394612,"tag":"Democratic","tag_set":"cliff_organizations","tag_sets_id":2388,"tags_id":9363325},{"stories_id":2451394612,"tag":"Medicare","tag_set":"cliff_organizations","tag_sets_id":2388,"tags_id":9364657},{"stories_id":2451394612,"tag":"Biden","tag_set":"cliff_people","tag_sets_id":2389,"tags_id":9365736},{"stories_id":2451394612,"tag":"Federal Reserve","tag_set":"cliff_organizations","tag_sets_id":2388,"tags_id":9368261},{"stories_id":2451394612,"tag":"Jamie B. Raskin","tag_set":"cliff_people","tag_sets_id":2389,"tags_id":9374833},{"stories_id":2451394612,"tag":"Stan Greenberg","tag_set":"cliff_people","tag_sets_id":2389,"tags_id":9384633},{"stories_id":2451394612,"tag":"Social Security","tag_set":"cliff_organizations","tag_sets_id":2388,"tags_id":9697301},{"stories_id":2451394612,"tag":"New York Times-Siena College","tag_set":"cliff_organizations","tag_sets_id":2388,"tags_id":35141313},{"stories_id":2451394612,"tag":"Maryland AFL-CIO","tag_set":"cliff_organizations","tag_sets_id":2388,"tags_id":49959531},{"stories_id":2451394612,"tag":"readability-lxml-0.8.1","tag_set":"extractor_version","tag_sets_id":1354,"tags_id":228516910},{"stories_id":2451394612,"tag":"cliff_clavin_v2.6.1","tag_set":"geocoder_version","tag_sets_id":1937,"tags_id":228516911}],"title":"Why the economy is the dominant issue for Democrats in the midterms","url":"https://www.washingtonpost.com/opinions/2022/10/18/democrats-economy-abortion-midterms/?utm_source=rss&utm_medium=referral&utm_campaign=wp_opinions","word_count":null}]