[{"ap_syndicated":null,"collect_date":"2022-11-02 11:04:34.357498","feeds":null,"guid":"https://www.washingtonpost.com/business/energy/windfall-taxes-are-all-the-rage-they-shouldnt-be/2022/11/02/46a6622c-5ab3-11ed-bc40-b5a130f95ee7_story.html?utm_source=rss&utm_medium=referral&utm_campaign=wp_business","language":"en","media_id":2,"media_name":null,"media_url":null,"processed_stories_id":null,"publish_date":"2022-11-02 10:50:51","stories_id":2465908893,"story_tags":[{"stories_id":2465908893,"tag":"geonames_6252001","tag_set":"mc-geocoder@media.mit.edu","tag_sets_id":1011,"tags_id":8878461},{"stories_id":2465908893,"tag":"geonames_2017370","tag_set":"mc-geocoder@media.mit.edu","tag_sets_id":1011,"tags_id":8878645},{"stories_id":2465908893,"tag":"nyt_labeller_v1.0.0","tag_set":"nyt_labels_version","tag_sets_id":1964,"tags_id":9360669},{"stories_id":2465908893,"tag":"politics and government","tag_set":"nyt_labels","tag_sets_id":1963,"tags_id":9360836},{"stories_id":2465908893,"tag":"finances","tag_set":"nyt_labels","tag_sets_id":1963,"tags_id":9360840},{"stories_id":2465908893,"tag":"taxation","tag_set":"nyt_labels","tag_sets_id":1963,"tags_id":9360882},{"stories_id":2465908893,"tag":"oil (petroleum) and gasoline","tag_set":"nyt_labels","tag_sets_id":1963,"tags_id":9360884},{"stories_id":2465908893,"tag":"international trade and world market","tag_set":"nyt_labels","tag_sets_id":1963,"tags_id":9360983},{"stories_id":2465908893,"tag":"prices (fares, fees and rates)","tag_set":"nyt_labels","tag_sets_id":1963,"tags_id":9360996},{"stories_id":2465908893,"tag":"energy and power","tag_set":"nyt_labels","tag_sets_id":1963,"tags_id":9360997},{"stories_id":2465908893,"tag":"European Union","tag_set":"cliff_organizations","tag_sets_id":2388,"tags_id":9362999},{"stories_id":2465908893,"tag":"Joe Biden","tag_set":"cliff_people","tag_sets_id":2389,"tags_id":9363134},{"stories_id":2465908893,"tag":"EU","tag_set":"cliff_organizations","tag_sets_id":2388,"tags_id":9363241},{"stories_id":2465908893,"tag":"BP Plc","tag_set":"cliff_organizations","tag_sets_id":2388,"tags_id":9549363},{"stories_id":2465908893,"tag":"ExxonMobil Corp.","tag_set":"cliff_organizations","tag_sets_id":2388,"tags_id":9578587},{"stories_id":2465908893,"tag":"Rishi Sunak","tag_set":"cliff_people","tag_sets_id":2389,"tags_id":11058084},{"stories_id":2465908893,"tag":"Shell Plc","tag_set":"cliff_organizations","tag_sets_id":2388,"tags_id":11551172},{"stories_id":2465908893,"tag":"readability-lxml-0.8.1","tag_set":"extractor_version","tag_sets_id":1354,"tags_id":228516910},{"stories_id":2465908893,"tag":"cliff_clavin_v2.6.1","tag_set":"geocoder_version","tag_sets_id":1937,"tags_id":228516911}],"title":"Windfall Taxes Are All the Rage. They Shouldn’t Be.","url":"https://www.washingtonpost.com/business/energy/windfall-taxes-are-all-the-rage-they-shouldnt-be/2022/11/02/46a6622c-5ab3-11ed-bc40-b5a130f95ee7_story.html?utm_source=rss&utm_medium=referral&utm_campaign=wp_business","word_count":null}]