[{"ap_syndicated":null,"collect_date":"2022-11-04 01:29:13.904863","feeds":null,"guid":"https://www.washingtonpost.com/world/un-chief-warns-planet-is-heading-toward-climate-chaos/2022/11/03/06efb8ce-5be2-11ed-bc40-b5a130f95ee7_story.html?utm_source=rss&utm_medium=referral&utm_campaign=wp_world","language":"en","media_id":2,"media_name":null,"media_url":null,"processed_stories_id":null,"publish_date":"2022-11-03 21:43:06","stories_id":2467608576,"story_tags":[{"stories_id":2467608576,"tag":"geonames_4736286","tag_set":"mc-geocoder@media.mit.edu","tag_sets_id":1011,"tags_id":8878538},{"stories_id":2467608576,"tag":"geonames_357994","tag_set":"mc-geocoder@media.mit.edu","tag_sets_id":1011,"tags_id":8879007},{"stories_id":2467608576,"tag":"geonames_355182","tag_set":"mc-geocoder@media.mit.edu","tag_sets_id":1011,"tags_id":8882968},{"stories_id":2467608576,"tag":"geonames_4717560","tag_set":"mc-geocoder@media.mit.edu","tag_sets_id":1011,"tags_id":8883238},{"stories_id":2467608576,"tag":"geonames_349340","tag_set":"mc-geocoder@media.mit.edu","tag_sets_id":1011,"tags_id":8892348},{"stories_id":2467608576,"tag":"nyt_labeller_v1.0.0","tag_set":"nyt_labels_version","tag_sets_id":1964,"tags_id":9360669},{"stories_id":2467608576,"tag":"politics and government","tag_set":"nyt_labels","tag_sets_id":1963,"tags_id":9360836},{"stories_id":2467608576,"tag":"global warming","tag_set":"nyt_labels","tag_sets_id":1963,"tags_id":9360886},{"stories_id":2467608576,"tag":"environment","tag_set":"nyt_labels","tag_sets_id":1963,"tags_id":9360887},{"stories_id":2467608576,"tag":"weather","tag_set":"nyt_labels","tag_sets_id":1963,"tags_id":9360902},{"stories_id":2467608576,"tag":"economic conditions and trends","tag_set":"nyt_labels","tag_sets_id":1963,"tags_id":9360989},{"stories_id":2467608576,"tag":"UN","tag_set":"cliff_organizations","tag_sets_id":2388,"tags_id":9362786},{"stories_id":2467608576,"tag":"U.N.","tag_set":"cliff_organizations","tag_sets_id":2388,"tags_id":9363619},{"stories_id":2467608576,"tag":"Antonio Guterres","tag_set":"cliff_people","tag_sets_id":2389,"tags_id":9364607},{"stories_id":2467608576,"tag":"UNITED NATIONS","tag_set":"cliff_organizations","tag_sets_id":2388,"tags_id":9366116},{"stories_id":2467608576,"tag":"solidarity","tag_set":"cliff_organizations","tag_sets_id":2388,"tags_id":9697684},{"stories_id":2467608576,"tag":"readability-lxml-0.8.1","tag_set":"extractor_version","tag_sets_id":1354,"tags_id":228516910},{"stories_id":2467608576,"tag":"cliff_clavin_v2.6.1","tag_set":"geocoder_version","tag_sets_id":1937,"tags_id":228516911}],"title":"UN chief warns planet is heading toward `climate chaos'","url":"https://www.washingtonpost.com/world/un-chief-warns-planet-is-heading-toward-climate-chaos/2022/11/03/06efb8ce-5be2-11ed-bc40-b5a130f95ee7_story.html?utm_source=rss&utm_medium=referral&utm_campaign=wp_world","word_count":null}]