[{"ap_syndicated":null,"collect_date":"2022-11-15 19:50:58.734410","feeds":null,"guid":"https://www.washingtonpost.com/opinions/2022/11/14/climate-change-loss-damage-rich-countries/","language":"en","media_id":2,"media_name":null,"media_url":null,"processed_stories_id":null,"publish_date":"2022-11-14 14:57:17","stories_id":2478927634,"story_tags":[{"stories_id":2478927634,"tag":"geonames_6252001","tag_set":"mc-geocoder@media.mit.edu","tag_sets_id":1011,"tags_id":8878461},{"stories_id":2478927634,"tag":"geonames_355182","tag_set":"mc-geocoder@media.mit.edu","tag_sets_id":1011,"tags_id":8882968},{"stories_id":2478927634,"tag":"geonames_349340","tag_set":"mc-geocoder@media.mit.edu","tag_sets_id":1011,"tags_id":8892348},{"stories_id":2478927634,"tag":"nyt_labeller_v1.0.0","tag_set":"nyt_labels_version","tag_sets_id":1964,"tags_id":9360669},{"stories_id":2478927634,"tag":"politics and government","tag_set":"nyt_labels","tag_sets_id":1963,"tags_id":9360836},{"stories_id":2478927634,"tag":"global warming","tag_set":"nyt_labels","tag_sets_id":1963,"tags_id":9360886},{"stories_id":2478927634,"tag":"weather","tag_set":"nyt_labels","tag_sets_id":1963,"tags_id":9360902},{"stories_id":2478927634,"tag":"international relations","tag_set":"nyt_labels","tag_sets_id":1963,"tags_id":9360934},{"stories_id":2478927634,"tag":"economic conditions and trends","tag_set":"nyt_labels","tag_sets_id":1963,"tags_id":9360989},{"stories_id":2478927634,"tag":"air pollution","tag_set":"nyt_labels","tag_sets_id":1963,"tags_id":9361007},{"stories_id":2478927634,"tag":"third world and developing countries","tag_set":"nyt_labels","tag_sets_id":1963,"tags_id":9361154},{"stories_id":2478927634,"tag":"Washington Post","tag_set":"cliff_organizations","tag_sets_id":2388,"tags_id":9362798},{"stories_id":2478927634,"tag":"Congress","tag_set":"cliff_organizations","tag_sets_id":2388,"tags_id":9362962},{"stories_id":2478927634,"tag":"Biden","tag_set":"cliff_people","tag_sets_id":2389,"tags_id":9365736},{"stories_id":2478927634,"tag":"Eugene Robinson","tag_set":"cliff_people","tag_sets_id":2389,"tags_id":9395755},{"stories_id":2478927634,"tag":"readability-lxml-0.8.1","tag_set":"extractor_version","tag_sets_id":1354,"tags_id":228516910},{"stories_id":2478927634,"tag":"cliff_clavin_v2.6.1","tag_set":"geocoder_version","tag_sets_id":1937,"tags_id":228516911}],"title":"Rich nations, climate disaster is coming for you","url":"https://www.washingtonpost.com/opinions/2022/11/14/climate-change-loss-damage-rich-countries/","word_count":null}]