[{"ap_syndicated":null,"collect_date":"2018-04-22 06:15:58.686827","feeds":null,"guid":"https://www.usatoday.com/story/tech/news/2018/04/22/google-amazon-push-power-companies-solar-and-wind-blow-coal/438020002/","language":"en","media_id":4,"media_name":null,"media_url":null,"processed_stories_id":null,"publish_date":"2018-04-22 06:00:05","stories_id":855668938,"story_tags":[{"stories_id":855668938,"tag":"geonames_6252001","tag_set":"mc-geocoder@media.mit.edu","tag_sets_id":1011,"tags_id":8878461},{"stories_id":855668938,"tag":"geonames_5391959","tag_set":"mc-geocoder@media.mit.edu","tag_sets_id":1011,"tags_id":8878536},{"stories_id":855668938,"tag":"geonames_6254928","tag_set":"mc-geocoder@media.mit.edu","tag_sets_id":1011,"tags_id":8878547},{"stories_id":855668938,"tag":"geonames_5809844","tag_set":"mc-geocoder@media.mit.edu","tag_sets_id":1011,"tags_id":8878694},{"stories_id":855668938,"tag":"geonames_5821086","tag_set":"mc-geocoder@media.mit.edu","tag_sets_id":1011,"tags_id":8880142},{"stories_id":855668938,"tag":"geonames_4781708","tag_set":"mc-geocoder@media.mit.edu","tag_sets_id":1011,"tags_id":8880239},{"stories_id":855668938,"tag":"geonames_5341145","tag_set":"mc-geocoder@media.mit.edu","tag_sets_id":1011,"tags_id":8886334},{"stories_id":855668938,"tag":"geonames_4801859","tag_set":"mc-geocoder@media.mit.edu","tag_sets_id":1011,"tags_id":9025835},{"stories_id":855668938,"tag":"readability-lxml-0.6.2","tag_set":"extractor_version","tag_sets_id":1354,"tags_id":9325058},{"stories_id":855668938,"tag":"nyt_labeller_v1.0.0","tag_set":"nyt_labels_version","tag_sets_id":1964,"tags_id":9360669},{"stories_id":855668938,"tag":"energy and power","tag_set":"nyt_labels","tag_sets_id":1963,"tags_id":9360997},{"stories_id":855668938,"tag":"electric light and power","tag_set":"nyt_labels","tag_sets_id":1963,"tags_id":9361013},{"stories_id":855668938,"tag":"light","tag_set":"nyt_labels","tag_sets_id":1963,"tags_id":9361014},{"stories_id":855668938,"tag":"Obama","tag_set":"cliff_people","tag_sets_id":2389,"tags_id":9362721},{"stories_id":855668938,"tag":"Trump","tag_set":"cliff_people","tag_sets_id":2389,"tags_id":9362872},{"stories_id":855668938,"tag":"Bloomberg","tag_set":"cliff_organizations","tag_sets_id":2388,"tags_id":9363116},{"stories_id":855668938,"tag":"Google","tag_set":"cliff_organizations","tag_sets_id":2388,"tags_id":9363209},{"stories_id":855668938,"tag":"General Motors","tag_set":"cliff_organizations","tag_sets_id":2388,"tags_id":9363690},{"stories_id":855668938,"tag":"Walmart","tag_set":"cliff_organizations","tag_sets_id":2388,"tags_id":9363718},{"stories_id":855668938,"tag":"Greenpeace","tag_set":"cliff_organizations","tag_sets_id":2388,"tags_id":9366431},{"stories_id":855668938,"tag":"Amazon","tag_set":"cliff_organizations","tag_sets_id":2388,"tags_id":9366535},{"stories_id":855668938,"tag":"Apple","tag_set":"cliff_organizations","tag_sets_id":2388,"tags_id":9367295},{"stories_id":855668938,"tag":"GM","tag_set":"cliff_organizations","tag_sets_id":2388,"tags_id":9367378},{"stories_id":855668938,"tag":"U.S. Environmental Protection Agency","tag_set":"cliff_organizations","tag_sets_id":2388,"tags_id":9371301},{"stories_id":855668938,"tag":"Microsoft","tag_set":"cliff_organizations","tag_sets_id":2388,"tags_id":9374723},{"stories_id":855668938,"tag":"green energy","tag_set":"cliff_organizations","tag_sets_id":2388,"tags_id":9407584},{"stories_id":855668938,"tag":"Schneider Electric","tag_set":"cliff_organizations","tag_sets_id":2388,"tags_id":9444891},{"stories_id":855668938,"tag":"Lisa Jackson","tag_set":"cliff_people","tag_sets_id":2389,"tags_id":9479926},{"stories_id":855668938,"tag":"Dominion","tag_set":"cliff_organizations","tag_sets_id":2388,"tags_id":9486980},{"stories_id":855668938,"tag":"cliff_clavin_v2.4.1","tag_set":"geocoder_version","tag_sets_id":1937,"tags_id":9696677},{"stories_id":855668938,"tag":"Greg Morgan","tag_set":"cliff_people","tag_sets_id":2389,"tags_id":9845714},{"stories_id":855668938,"tag":"Michael Terrell","tag_set":"cliff_people","tag_sets_id":2389,"tags_id":9976780},{"stories_id":855668938,"tag":"Beam","tag_set":"cliff_organizations","tag_sets_id":2388,"tags_id":10030835},{"stories_id":855668938,"tag":"ClearView Energy Partners","tag_set":"cliff_organizations","tag_sets_id":2388,"tags_id":10126832},{"stories_id":855668938,"tag":"Appalachian Power","tag_set":"cliff_organizations","tag_sets_id":2388,"tags_id":11015122},{"stories_id":855668938,"tag":"Google Energy","tag_set":"cliff_organizations","tag_sets_id":2388,"tags_id":24258259},{"stories_id":855668938,"tag":"John Hoekstra","tag_set":"cliff_people","tag_sets_id":2389,"tags_id":27800253},{"stories_id":855668938,"tag":"Timothy Fox","tag_set":"cliff_people","tag_sets_id":2389,"tags_id":30803662},{"stories_id":855668938,"tag":"Arman Shehabi","tag_set":"cliff_people","tag_sets_id":2389,"tags_id":37628999},{"stories_id":855668938,"tag":"Sam Kimmins","tag_set":"cliff_people","tag_sets_id":2389,"tags_id":40188903},{"stories_id":855668938,"tag":"Bryn Baker","tag_set":"cliff_people","tag_sets_id":2389,"tags_id":51584565},{"stories_id":855668938,"tag":"COO Chris Beam","tag_set":"cliff_organizations","tag_sets_id":2388,"tags_id":59318092},{"stories_id":855668938,"tag":"tech companies' rapid buildout of cloud","tag_set":"cliff_organizations","tag_sets_id":2388,"tags_id":59894803},{"stories_id":855668938,"tag":"Lawrence Berkeley National Laboratory 2016","tag_set":"cliff_organizations","tag_sets_id":2388,"tags_id":59894804}],"title":"Tech firms like Google, Amazon push power companies toward solar and wind, a blow to coal","url":"http://rssfeeds.usatoday.com/~/540875054/0/usatoday-newstopstories~Tech-firms-like-Google-Amazon-push-power-companies-toward-solar-and-wind-a-blow-to-coal/","word_count":null}]