[{"ap_syndicated":null,"collect_date":"2018-06-13 08:10:39.014767","feeds":null,"guid":"https://www.nytimes.com/2018/04/12/nyregion/new-jersey-renewable-energy.html?rref=collection%2Fbyline%2Fbrad-plumer&action=click&contentCollection=undefined&region=stream&module=stream_unit&version=latest&contentPlacement=1&pgtype=collection","language":"en","media_id":1,"media_name":null,"media_url":null,"processed_stories_id":null,"publish_date":"2018-04-12 00:00:00","stories_id":900716072,"story_tags":[{"stories_id":900716072,"tag":"guess_by_tag_time","tag_set":"date_guess_method","tag_sets_id":508,"tags_id":50741428}],"title":"New Jersey Takes a Big Step Toward Renewable Energy (and Nuclear Gets Help, for Now) - The New York Times","url":"https://www.nytimes.com/2018/04/12/nyregion/new-jersey-renewable-energy.html?rref=collection%2Fbyline%2Fbrad-plumer&action=click&contentCollection=undefined&region=stream&module=stream_unit&version=latest&contentPlacement=1&pgtype=collection","word_count":null}]