[{"ap_syndicated":null,"collect_date":"2018-10-10 09:03:51.057330","feeds":null,"guid":"https://www.washingtonpost.com/news/powerpost/paloma/the-energy-202/2018/10/10/the-energy-202-iowans-were-hit-hard-by-tariffs-trump-s-new-ethanol-policy-may-help-republicans-in-the-midterms/5bbcf44e1b326b7c8a8d18e2/","language":"en","media_id":2,"media_name":null,"media_url":null,"processed_stories_id":null,"publish_date":"2018-10-10 08:49:46","stories_id":1019977314,"story_tags":[{"stories_id":1019977314,"tag":"geonames_6252001","tag_set":"mc-geocoder@media.mit.edu","tag_sets_id":1011,"tags_id":8878461},{"stories_id":1019977314,"tag":"geonames_4862182","tag_set":"mc-geocoder@media.mit.edu","tag_sets_id":1011,"tags_id":8878998},{"stories_id":1019977314,"tag":"geonames_7798575","tag_set":"mc-geocoder@media.mit.edu","tag_sets_id":1011,"tags_id":8884799},{"stories_id":1019977314,"tag":"nyt_labeller_v1.0.0","tag_set":"nyt_labels_version","tag_sets_id":1964,"tags_id":9360669},{"stories_id":1019977314,"tag":"politics and government","tag_set":"nyt_labels","tag_sets_id":1963,"tags_id":9360836},{"stories_id":1019977314,"tag":"united states politics and government","tag_set":"nyt_labels","tag_sets_id":1963,"tags_id":9360846},{"stories_id":1019977314,"tag":"elections","tag_set":"nyt_labels","tag_sets_id":1963,"tags_id":9360851},{"stories_id":1019977314,"tag":"oil (petroleum) and gasoline","tag_set":"nyt_labels","tag_sets_id":1963,"tags_id":9360884},{"stories_id":1019977314,"tag":"environment","tag_set":"nyt_labels","tag_sets_id":1963,"tags_id":9360887},{"stories_id":1019977314,"tag":"election issues","tag_set":"nyt_labels","tag_sets_id":1963,"tags_id":9360896},{"stories_id":1019977314,"tag":"international trade and world market","tag_set":"nyt_labels","tag_sets_id":1963,"tags_id":9360983},{"stories_id":1019977314,"tag":"agriculture","tag_set":"nyt_labels","tag_sets_id":1963,"tags_id":9361156},{"stories_id":1019977314,"tag":"farmers","tag_set":"nyt_labels","tag_sets_id":1963,"tags_id":9361177},{"stories_id":1019977314,"tag":"Reuters","tag_set":"cliff_organizations","tag_sets_id":2388,"tags_id":9362267},{"stories_id":1019977314,"tag":"Supreme Court","tag_set":"cliff_organizations","tag_sets_id":2388,"tags_id":9362719},{"stories_id":1019977314,"tag":"Senate","tag_set":"cliff_organizations","tag_sets_id":2388,"tags_id":9362741},{"stories_id":1019977314,"tag":"Barack Obama","tag_set":"cliff_people","tag_sets_id":2389,"tags_id":9362763},{"stories_id":1019977314,"tag":"Associated Press","tag_set":"cliff_organizations","tag_sets_id":2388,"tags_id":9362784},{"stories_id":1019977314,"tag":"United Nations","tag_set":"cliff_organizations","tag_sets_id":2388,"tags_id":9362785},{"stories_id":1019977314,"tag":"Trump","tag_set":"cliff_people","tag_sets_id":2389,"tags_id":9362872},{"stories_id":1019977314,"tag":"AP","tag_set":"cliff_organizations","tag_sets_id":2388,"tags_id":9362920},{"stories_id":1019977314,"tag":"GOP","tag_set":"cliff_organizations","tag_sets_id":2388,"tags_id":9362923},{"stories_id":1019977314,"tag":"Congress","tag_set":"cliff_organizations","tag_sets_id":2388,"tags_id":9362962},{"stories_id":1019977314,"tag":"Michelle Obama","tag_set":"cliff_people","tag_sets_id":2389,"tags_id":9363126},{"stories_id":1019977314,"tag":"Post","tag_set":"cliff_organizations","tag_sets_id":2388,"tags_id":9363250},{"stories_id":1019977314,"tag":"Environmental Protection Agency","tag_set":"cliff_organizations","tag_sets_id":2388,"tags_id":9363956},{"stories_id":1019977314,"tag":"EPA","tag_set":"cliff_organizations","tag_sets_id":2388,"tags_id":9364166},{"stories_id":1019977314,"tag":"Heritage Foundation","tag_set":"cliff_organizations","tag_sets_id":2388,"tags_id":9364476},{"stories_id":1019977314,"tag":"OECD","tag_set":"cliff_organizations","tag_sets_id":2388,"tags_id":9365016},{"stories_id":1019977314,"tag":"the Associated Press","tag_set":"cliff_organizations","tag_sets_id":2388,"tags_id":9366284},{"stories_id":1019977314,"tag":"Karin Brulliard","tag_set":"cliff_people","tag_sets_id":2389,"tags_id":9366323},{"stories_id":1019977314,"tag":"Luz Lazo","tag_set":"cliff_people","tag_sets_id":2389,"tags_id":9366325},{"stories_id":1019977314,"tag":"Wall Street Journal","tag_set":"cliff_organizations","tag_sets_id":2388,"tags_id":9366539},{"stories_id":1019977314,"tag":"Obamas","tag_set":"cliff_organizations","tag_sets_id":2388,"tags_id":9367482},{"stories_id":1019977314,"tag":"Martin","tag_set":"cliff_people","tag_sets_id":2389,"tags_id":9370483},{"stories_id":1019977314,"tag":"Scott Pruitt","tag_set":"cliff_people","tag_sets_id":2389,"tags_id":9371011},{"stories_id":1019977314,"tag":"Charles E. Grassley","tag_set":"cliff_people","tag_sets_id":2389,"tags_id":9381909},{"stories_id":1019977314,"tag":"Larry","tag_set":"cliff_people","tag_sets_id":2389,"tags_id":9384126},{"stories_id":1019977314,"tag":"Florida Democratic Party","tag_set":"cliff_organizations","tag_sets_id":2388,"tags_id":9391238},{"stories_id":1019977314,"tag":"Kim Reynolds","tag_set":"cliff_people","tag_sets_id":2389,"tags_id":9391600},{"stories_id":1019977314,"tag":"D.C. Council","tag_set":"cliff_organizations","tag_sets_id":2388,"tags_id":9394788},{"stories_id":1019977314,"tag":"Mark Berman","tag_set":"cliff_people","tag_sets_id":2389,"tags_id":9401297},{"stories_id":1019977314,"tag":"David Young","tag_set":"cliff_people","tag_sets_id":2389,"tags_id":9404992},{"stories_id":1019977314,"tag":"Jason Samenow","tag_set":"cliff_people","tag_sets_id":2389,"tags_id":9410048},{"stories_id":1019977314,"tag":"Peter Jamison","tag_set":"cliff_people","tag_sets_id":2389,"tags_id":9410080},{"stories_id":1019977314,"tag":"Energy Department","tag_set":"cliff_organizations","tag_sets_id":2388,"tags_id":9415772},{"stories_id":1019977314,"tag":"Duke Energy","tag_set":"cliff_organizations","tag_sets_id":2388,"tags_id":9421844},{"stories_id":1019977314,"tag":"Iowa Democratic Party","tag_set":"cliff_organizations","tag_sets_id":2388,"tags_id":9450013},{"stories_id":1019977314,"tag":"Public Works Committee","tag_set":"cliff_organizations","tag_sets_id":2388,"tags_id":9462970},{"stories_id":1019977314,"tag":"Eli Rosenberg","tag_set":"cliff_people","tag_sets_id":2389,"tags_id":9463377},{"stories_id":1019977314,"tag":"Angela Fritz","tag_set":"cliff_people","tag_sets_id":2389,"tags_id":9467517},{"stories_id":1019977314,"tag":"Geoff Cooper","tag_set":"cliff_people","tag_sets_id":2389,"tags_id":9471607},{"stories_id":1019977314,"tag":"Peabody Energy Corp.","tag_set":"cliff_organizations","tag_sets_id":2388,"tags_id":9479950},{"stories_id":1019977314,"tag":"Jacqueline Alemany","tag_set":"cliff_people","tag_sets_id":2389,"tags_id":9487162},{"stories_id":1019977314,"tag":"Duke Energy Corp.","tag_set":"cliff_organizations","tag_sets_id":2388,"tags_id":9533077},{"stories_id":1019977314,"tag":"Mary M. Cheh","tag_set":"cliff_people","tag_sets_id":2389,"tags_id":9567024},{"stories_id":1019977314,"tag":"Brett M. Kavanaugh","tag_set":"cliff_people","tag_sets_id":2389,"tags_id":9586823},{"stories_id":1019977314,"tag":"HuffPost","tag_set":"cliff_organizations","tag_sets_id":2388,"tags_id":9608025},{"stories_id":1019977314,"tag":"Gene Green","tag_set":"cliff_people","tag_sets_id":2389,"tags_id":9620911},{"stories_id":1019977314,"tag":"Andrew Wheeler","tag_set":"cliff_people","tag_sets_id":2389,"tags_id":9686302},{"stories_id":1019977314,"tag":"cliff_clavin_v2.4.1","tag_set":"geocoder_version","tag_sets_id":1937,"tags_id":9696677},{"stories_id":1019977314,"tag":"Westmoreland Coal Co.","tag_set":"cliff_organizations","tag_sets_id":2388,"tags_id":9719880},{"stories_id":1019977314,"tag":"Space Foundation","tag_set":"cliff_organizations","tag_sets_id":2388,"tags_id":9727172},{"stories_id":1019977314,"tag":"Isaac Stanley-Becker","tag_set":"cliff_people","tag_sets_id":2389,"tags_id":9893224},{"stories_id":1019977314,"tag":"Photo/Nati Harnik","tag_set":"cliff_people","tag_sets_id":2389,"tags_id":10180599},{"stories_id":1019977314,"tag":"Fred Hubbell","tag_set":"cliff_people","tag_sets_id":2389,"tags_id":10724292},{"stories_id":1019977314,"tag":"Cindy Axne","tag_set":"cliff_people","tag_sets_id":2389,"tags_id":10733047},{"stories_id":1019977314,"tag":"— Kavanaugh","tag_set":"cliff_people","tag_sets_id":2389,"tags_id":68692023},{"stories_id":1019977314,"tag":"readability-lxml-0.7","tag_set":"extractor_version","tag_sets_id":1354,"tags_id":81092444},{"stories_id":1019977314,"tag":"Michael may trigger","tag_set":"cliff_people","tag_sets_id":2389,"tags_id":82356873}],"title":"The Energy 202: Iowans were hit hard by tariffs. Trump's new ethanol policy may help Republicans in the midterms.","url":"https://www.washingtonpost.com/news/powerpost/paloma/the-energy-202/2018/10/10/the-energy-202-iowans-were-hit-hard-by-tariffs-trump-s-new-ethanol-policy-may-help-republicans-in-the-midterms/5bbcf44e1b326b7c8a8d18e2/","word_count":null}]