[{"ap_syndicated":null,"collect_date":"2018-11-30 15:19:06.812935","feeds":null,"guid":"{6D527648-F420-11E8-B94F-73415E20B1E8}","language":"en","media_id":1150,"media_name":null,"media_url":null,"processed_stories_id":null,"publish_date":"2018-11-30 15:09:26","stories_id":1099596159,"story_tags":[{"stories_id":1099596159,"tag":"geonames_1814991","tag_set":"mc-geocoder@media.mit.edu","tag_sets_id":1011,"tags_id":8878478},{"stories_id":1099596159,"tag":"geonames_5815135","tag_set":"mc-geocoder@media.mit.edu","tag_sets_id":1011,"tags_id":8878481},{"stories_id":1099596159,"tag":"geonames_1794299","tag_set":"mc-geocoder@media.mit.edu","tag_sets_id":1011,"tags_id":8879350},{"stories_id":1099596159,"tag":"nyt_labeller_v1.0.0","tag_set":"nyt_labels_version","tag_sets_id":1964,"tags_id":9360669},{"stories_id":1099596159,"tag":"environment","tag_set":"nyt_labels","tag_sets_id":1963,"tags_id":9360887},{"stories_id":1099596159,"tag":"energy and power","tag_set":"nyt_labels","tag_sets_id":1963,"tags_id":9360997},{"stories_id":1099596159,"tag":"electric light and power","tag_set":"nyt_labels","tag_sets_id":1963,"tags_id":9361013},{"stories_id":1099596159,"tag":"light","tag_set":"nyt_labels","tag_sets_id":1963,"tags_id":9361014},{"stories_id":1099596159,"tag":"mines and mining","tag_set":"nyt_labels","tag_sets_id":1963,"tags_id":9361146},{"stories_id":1099596159,"tag":"Morgan Stanley","tag_set":"cliff_organizations","tag_sets_id":2388,"tags_id":9369614},{"stories_id":1099596159,"tag":"MarketWatch","tag_set":"cliff_people","tag_sets_id":2389,"tags_id":9390157},{"stories_id":1099596159,"tag":"bitcoin","tag_set":"cliff_people","tag_sets_id":2389,"tags_id":9412308},{"stories_id":1099596159,"tag":"cliff_clavin_v2.4.1","tag_set":"geocoder_version","tag_sets_id":1937,"tags_id":9696677},{"stories_id":1099596159,"tag":"Eugene Lim","tag_set":"cliff_people","tag_sets_id":2389,"tags_id":9770539},{"stories_id":1099596159,"tag":"Christopher Bendiksen","tag_set":"cliff_people","tag_sets_id":2389,"tags_id":30889510},{"stories_id":1099596159,"tag":"Alex de Vries","tag_set":"cliff_people","tag_sets_id":2389,"tags_id":31311322},{"stories_id":1099596159,"tag":"Samuel Gibbons","tag_set":"cliff_people","tag_sets_id":2389,"tags_id":47539308},{"stories_id":1099596159,"tag":"Fadi Aboualfa","tag_set":"cliff_people","tag_sets_id":2389,"tags_id":51958840},{"stories_id":1099596159,"tag":"Diar","tag_set":"cliff_organizations","tag_sets_id":2388,"tags_id":55552910},{"stories_id":1099596159,"tag":"CoinShares","tag_set":"cliff_people","tag_sets_id":2389,"tags_id":62318740},{"stories_id":1099596159,"tag":"readability-lxml-0.7","tag_set":"extractor_version","tag_sets_id":1354,"tags_id":81092444}],"title":"The Tell: Bitcoin mining is greener that most large-scale industries: report","url":"http://www.marketwatch.com/news/story.asp?guid=%7B6D527648-F420-11E8-B94F-73415E20B1E8%7D&siteid=rss&rss=1","word_count":null}]