[{"ap_syndicated":null,"collect_date":"2019-01-17 10:34:52.259632","feeds":null,"guid":"https://www.washingtonpost.com/news/powerpost/paloma/the-energy-202/2019/01/17/the-energy-202-potential-2020-candidates-test-climate-messages-on-trump-s-epa-pick/5c3f889d1b326b3b88fef0b3/","language":"en","media_id":2,"media_name":null,"media_url":null,"processed_stories_id":null,"publish_date":"2019-01-17 08:59:11","stories_id":1164963322,"story_tags":[{"stories_id":1164963322,"tag":"geonames_6252001","tag_set":"mc-geocoder@media.mit.edu","tag_sets_id":1011,"tags_id":8878461},{"stories_id":1164963322,"tag":"geonames_5128581","tag_set":"mc-geocoder@media.mit.edu","tag_sets_id":1011,"tags_id":8878486},{"stories_id":1164963322,"tag":"geonames_5332921","tag_set":"mc-geocoder@media.mit.edu","tag_sets_id":1011,"tags_id":8878533},{"stories_id":1164963322,"tag":"geonames_1816670","tag_set":"mc-geocoder@media.mit.edu","tag_sets_id":1011,"tags_id":8878606},{"stories_id":1164963322,"tag":"geonames_5354943","tag_set":"mc-geocoder@media.mit.edu","tag_sets_id":1011,"tags_id":8879212},{"stories_id":1164963322,"tag":"geonames_8955106","tag_set":"mc-geocoder@media.mit.edu","tag_sets_id":1011,"tags_id":8880582},{"stories_id":1164963322,"tag":"geonames_2193733","tag_set":"mc-geocoder@media.mit.edu","tag_sets_id":1011,"tags_id":8881317},{"stories_id":1164963322,"tag":"geonames_5643649","tag_set":"mc-geocoder@media.mit.edu","tag_sets_id":1011,"tags_id":8900860},{"stories_id":1164963322,"tag":"geonames_5376803","tag_set":"mc-geocoder@media.mit.edu","tag_sets_id":1011,"tags_id":9025558},{"stories_id":1164963322,"tag":"nyt_labeller_v1.0.0","tag_set":"nyt_labels_version","tag_sets_id":1964,"tags_id":9360669},{"stories_id":1164963322,"tag":"politics and government","tag_set":"nyt_labels","tag_sets_id":1963,"tags_id":9360836},{"stories_id":1164963322,"tag":"united states politics and government","tag_set":"nyt_labels","tag_sets_id":1963,"tags_id":9360846},{"stories_id":1164963322,"tag":"elections","tag_set":"nyt_labels","tag_sets_id":1963,"tags_id":9360851},{"stories_id":1164963322,"tag":"global warming","tag_set":"nyt_labels","tag_sets_id":1963,"tags_id":9360886},{"stories_id":1164963322,"tag":"environment","tag_set":"nyt_labels","tag_sets_id":1963,"tags_id":9360887},{"stories_id":1164963322,"tag":"air pollution","tag_set":"nyt_labels","tag_sets_id":1963,"tags_id":9361007},{"stories_id":1164963322,"tag":"Reuters","tag_set":"cliff_organizations","tag_sets_id":2388,"tags_id":9362267},{"stories_id":1164963322,"tag":"Obama","tag_set":"cliff_people","tag_sets_id":2389,"tags_id":9362721},{"stories_id":1164963322,"tag":"White House","tag_set":"cliff_organizations","tag_sets_id":2388,"tags_id":9362736},{"stories_id":1164963322,"tag":"Senate","tag_set":"cliff_organizations","tag_sets_id":2388,"tags_id":9362741},{"stories_id":1164963322,"tag":"Bernie Sanders","tag_set":"cliff_people","tag_sets_id":2389,"tags_id":9362750},{"stories_id":1164963322,"tag":"New York Times","tag_set":"cliff_organizations","tag_sets_id":2388,"tags_id":9362756},{"stories_id":1164963322,"tag":"Associated Press","tag_set":"cliff_organizations","tag_sets_id":2388,"tags_id":9362784},{"stories_id":1164963322,"tag":"United Nations","tag_set":"cliff_organizations","tag_sets_id":2388,"tags_id":9362785},{"stories_id":1164963322,"tag":"Trump","tag_set":"cliff_people","tag_sets_id":2389,"tags_id":9362872},{"stories_id":1164963322,"tag":"AP","tag_set":"cliff_organizations","tag_sets_id":2388,"tags_id":9362920},{"stories_id":1164963322,"tag":"Congress","tag_set":"cliff_organizations","tag_sets_id":2388,"tags_id":9362962},{"stories_id":1164963322,"tag":"Trump administration","tag_set":"cliff_organizations","tag_sets_id":2388,"tags_id":9362998},{"stories_id":1164963322,"tag":"House","tag_set":"cliff_organizations","tag_sets_id":2388,"tags_id":9363164},{"stories_id":1164963322,"tag":"Democrats","tag_set":"cliff_organizations","tag_sets_id":2388,"tags_id":9363166},{"stories_id":1164963322,"tag":"Post","tag_set":"cliff_organizations","tag_sets_id":2388,"tags_id":9363250},{"stories_id":1164963322,"tag":"Agriculture Department","tag_set":"cliff_organizations","tag_sets_id":2388,"tags_id":9363721},{"stories_id":1164963322,"tag":"Environmental Protection Agency","tag_set":"cliff_organizations","tag_sets_id":2388,"tags_id":9363956},{"stories_id":1164963322,"tag":"interior","tag_set":"cliff_organizations","tag_sets_id":2388,"tags_id":9364161},{"stories_id":1164963322,"tag":"EPA","tag_set":"cliff_organizations","tag_sets_id":2388,"tags_id":9364166},{"stories_id":1164963322,"tag":"Sierra Club","tag_set":"cliff_organizations","tag_sets_id":2388,"tags_id":9364168},{"stories_id":1164963322,"tag":"Cory Booker","tag_set":"cliff_people","tag_sets_id":2389,"tags_id":9365894},{"stories_id":1164963322,"tag":"Rick Perry","tag_set":"cliff_people","tag_sets_id":2389,"tags_id":9365900},{"stories_id":1164963322,"tag":"Kirsten Gillibrand","tag_set":"cliff_people","tag_sets_id":2389,"tags_id":9366370},{"stories_id":1164963322,"tag":"Ben Cardin","tag_set":"cliff_people","tag_sets_id":2389,"tags_id":9366680},{"stories_id":1164963322,"tag":"Los Angeles Times","tag_set":"cliff_organizations","tag_sets_id":2388,"tags_id":9366745},{"stories_id":1164963322,"tag":"Al Gore","tag_set":"cliff_people","tag_sets_id":2389,"tags_id":9367577},{"stories_id":1164963322,"tag":"Sonny Perdue","tag_set":"cliff_people","tag_sets_id":2389,"tags_id":9368160},{"stories_id":1164963322,"tag":"BLM","tag_set":"cliff_organizations","tag_sets_id":2388,"tags_id":9369326},{"stories_id":1164963322,"tag":"Scott Pruitt","tag_set":"cliff_people","tag_sets_id":2389,"tags_id":9371011},{"stories_id":1164963322,"tag":"Jeff Merkley","tag_set":"cliff_people","tag_sets_id":2389,"tags_id":9371460},{"stories_id":1164963322,"tag":"House Natural Resources Committee","tag_set":"cliff_organizations","tag_sets_id":2388,"tags_id":9371543},{"stories_id":1164963322,"tag":"Juliet Eilperin","tag_set":"cliff_people","tag_sets_id":2389,"tags_id":9374780},{"stories_id":1164963322,"tag":"Brady Dennis","tag_set":"cliff_people","tag_sets_id":2389,"tags_id":9374896},{"stories_id":1164963322,"tag":"Raúl Grijalva","tag_set":"cliff_people","tag_sets_id":2389,"tags_id":9375623},{"stories_id":1164963322,"tag":"Natural Resources Defense Council","tag_set":"cliff_organizations","tag_sets_id":2388,"tags_id":9378230},{"stories_id":1164963322,"tag":"ConocoPhillips","tag_set":"cliff_organizations","tag_sets_id":2388,"tags_id":9383602},{"stories_id":1164963322,"tag":"Thomas R. Carper","tag_set":"cliff_people","tag_sets_id":2389,"tags_id":9387356},{"stories_id":1164963322,"tag":"Department of Interior","tag_set":"cliff_organizations","tag_sets_id":2388,"tags_id":9389064},{"stories_id":1164963322,"tag":"Environmental Defense Fund","tag_set":"cliff_organizations","tag_sets_id":2388,"tags_id":9394163},{"stories_id":1164963322,"tag":"National Oceanic and Atmospheric Administration","tag_set":"cliff_organizations","tag_sets_id":2388,"tags_id":9394166},{"stories_id":1164963322,"tag":"Energy","tag_set":"cliff_organizations","tag_sets_id":2388,"tags_id":9397380},{"stories_id":1164963322,"tag":"Sarah Kaplan","tag_set":"cliff_people","tag_sets_id":2389,"tags_id":9408875},{"stories_id":1164963322,"tag":"Federal Energy Regulatory Commission","tag_set":"cliff_organizations","tag_sets_id":2388,"tags_id":9415770},{"stories_id":1164963322,"tag":"Fox Business Network","tag_set":"cliff_organizations","tag_sets_id":2388,"tags_id":9421159},{"stories_id":1164963322,"tag":"Tom Steyer","tag_set":"cliff_people","tag_sets_id":2389,"tags_id":9458539},{"stories_id":1164963322,"tag":"David Bernhardt","tag_set":"cliff_people","tag_sets_id":2389,"tags_id":9462566},{"stories_id":1164963322,"tag":"Angela Fritz","tag_set":"cliff_people","tag_sets_id":2389,"tags_id":9467517},{"stories_id":1164963322,"tag":"Betty McCollum","tag_set":"cliff_people","tag_sets_id":2389,"tags_id":9468676},{"stories_id":1164963322,"tag":"Ryan Lance","tag_set":"cliff_people","tag_sets_id":2389,"tags_id":9536396},{"stories_id":1164963322,"tag":"Aaron Davis","tag_set":"cliff_people","tag_sets_id":2389,"tags_id":9567026},{"stories_id":1164963322,"tag":"Alan Lowenthal","tag_set":"cliff_people","tag_sets_id":2389,"tags_id":9594732},{"stories_id":1164963322,"tag":"Matthew Cappucci","tag_set":"cliff_people","tag_sets_id":2389,"tags_id":9596422},{"stories_id":1164963322,"tag":"ERIK","tag_set":"cliff_people","tag_sets_id":2389,"tags_id":9626509},{"stories_id":1164963322,"tag":"Andrew Wheeler","tag_set":"cliff_people","tag_sets_id":2389,"tags_id":9686302},{"stories_id":1164963322,"tag":"cliff_clavin_v2.4.1","tag_set":"geocoder_version","tag_sets_id":1937,"tags_id":9696677},{"stories_id":1164963322,"tag":"U.S. Agriculture","tag_set":"cliff_organizations","tag_sets_id":2388,"tags_id":10256901},{"stories_id":1164963322,"tag":"Phil Walter/Getty","tag_set":"cliff_people","tag_sets_id":2389,"tags_id":10666632},{"stories_id":1164963322,"tag":"House Appropriations subcommittee","tag_set":"cliff_organizations","tag_sets_id":2388,"tags_id":11258438},{"stories_id":1164963322,"tag":"Institute of Atmospheric Physics","tag_set":"cliff_organizations","tag_sets_id":2388,"tags_id":11859110},{"stories_id":1164963322,"tag":"Christine Palm","tag_set":"cliff_people","tag_sets_id":2389,"tags_id":36106744},{"stories_id":1164963322,"tag":"Lijing Cheng","tag_set":"cliff_people","tag_sets_id":2389,"tags_id":36109660},{"stories_id":1164963322,"tag":"Public Works Committee on Capitol Hill","tag_set":"cliff_organizations","tag_sets_id":2388,"tags_id":36130144},{"stories_id":1164963322,"tag":"— Wheeler","tag_set":"cliff_people","tag_sets_id":2389,"tags_id":50388474},{"stories_id":1164963322,"tag":"readability-lxml-0.7","tag_set":"extractor_version","tag_sets_id":1354,"tags_id":81092444}],"title":"The Energy 202: Potential 2020 candidates test climate messages on Trump's EPA pick","url":"https://www.washingtonpost.com/news/powerpost/paloma/the-energy-202/2019/01/17/the-energy-202-potential-2020-candidates-test-climate-messages-on-trump-s-epa-pick/5c3f889d1b326b3b88fef0b3/","word_count":null}]