[{"ap_syndicated":null,"collect_date":"2019-03-08 08:50:12.405214","feeds":null,"guid":"https://www.washingtonpost.com/news/powerpost/paloma/the-energy-202/2019/03/08/the-energy-202-lawmakers-turn-up-heat-in-global-warming-debate-on-senate-floor/5c818bcd1b326b2d177d6020/","language":"en","media_id":2,"media_name":null,"media_url":null,"processed_stories_id":null,"publish_date":"2019-03-08 08:16:22","stories_id":1218136095,"story_tags":[{"stories_id":1218136095,"tag":"geonames_6252001","tag_set":"mc-geocoder@media.mit.edu","tag_sets_id":1011,"tags_id":8878461},{"stories_id":1218136095,"tag":"geonames_5815135","tag_set":"mc-geocoder@media.mit.edu","tag_sets_id":1011,"tags_id":8878481},{"stories_id":1218136095,"tag":"geonames_5368361","tag_set":"mc-geocoder@media.mit.edu","tag_sets_id":1011,"tags_id":8878543},{"stories_id":1218136095,"tag":"geonames_4829764","tag_set":"mc-geocoder@media.mit.edu","tag_sets_id":1011,"tags_id":8878733},{"stories_id":1218136095,"tag":"geonames_4076784","tag_set":"mc-geocoder@media.mit.edu","tag_sets_id":1011,"tags_id":8878959},{"stories_id":1218136095,"tag":"geonames_4948087","tag_set":"mc-geocoder@media.mit.edu","tag_sets_id":1011,"tags_id":8879223},{"stories_id":1218136095,"tag":"nyt_labeller_v1.0.0","tag_set":"nyt_labels_version","tag_sets_id":1964,"tags_id":9360669},{"stories_id":1218136095,"tag":"politics and government","tag_set":"nyt_labels","tag_sets_id":1963,"tags_id":9360836},{"stories_id":1218136095,"tag":"law and legislation","tag_set":"nyt_labels","tag_sets_id":1963,"tags_id":9360837},{"stories_id":1218136095,"tag":"united states politics and government","tag_set":"nyt_labels","tag_sets_id":1963,"tags_id":9360846},{"stories_id":1218136095,"tag":"elections","tag_set":"nyt_labels","tag_sets_id":1963,"tags_id":9360851},{"stories_id":1218136095,"tag":"global warming","tag_set":"nyt_labels","tag_sets_id":1963,"tags_id":9360886},{"stories_id":1218136095,"tag":"environment","tag_set":"nyt_labels","tag_sets_id":1963,"tags_id":9360887},{"stories_id":1218136095,"tag":"weather","tag_set":"nyt_labels","tag_sets_id":1963,"tags_id":9360902},{"stories_id":1218136095,"tag":"air pollution","tag_set":"nyt_labels","tag_sets_id":1963,"tags_id":9361007},{"stories_id":1218136095,"tag":"Reuters","tag_set":"cliff_organizations","tag_sets_id":2388,"tags_id":9362267},{"stories_id":1218136095,"tag":"White House","tag_set":"cliff_organizations","tag_sets_id":2388,"tags_id":9362736},{"stories_id":1218136095,"tag":"Senate","tag_set":"cliff_organizations","tag_sets_id":2388,"tags_id":9362741},{"stories_id":1218136095,"tag":"Washington Post","tag_set":"cliff_organizations","tag_sets_id":2388,"tags_id":9362798},{"stories_id":1218136095,"tag":"Trump","tag_set":"cliff_people","tag_sets_id":2389,"tags_id":9362872},{"stories_id":1218136095,"tag":"AP","tag_set":"cliff_organizations","tag_sets_id":2388,"tags_id":9362920},{"stories_id":1218136095,"tag":"GOP","tag_set":"cliff_organizations","tag_sets_id":2388,"tags_id":9362923},{"stories_id":1218136095,"tag":"Chevron","tag_set":"cliff_organizations","tag_sets_id":2388,"tags_id":9362928},{"stories_id":1218136095,"tag":"Mitch McConnell","tag_set":"cliff_people","tag_sets_id":2389,"tags_id":9362936},{"stories_id":1218136095,"tag":"Charles E. Schumer","tag_set":"cliff_people","tag_sets_id":2389,"tags_id":9362946},{"stories_id":1218136095,"tag":"Congress","tag_set":"cliff_organizations","tag_sets_id":2388,"tags_id":9362962},{"stories_id":1218136095,"tag":"Trump administration","tag_set":"cliff_organizations","tag_sets_id":2388,"tags_id":9362998},{"stories_id":1218136095,"tag":"NBC","tag_set":"cliff_organizations","tag_sets_id":2388,"tags_id":9363117},{"stories_id":1218136095,"tag":"Republicans","tag_set":"cliff_organizations","tag_sets_id":2388,"tags_id":9363163},{"stories_id":1218136095,"tag":"Post","tag_set":"cliff_organizations","tag_sets_id":2388,"tags_id":9363250},{"stories_id":1218136095,"tag":"Environmental Protection Agency","tag_set":"cliff_organizations","tag_sets_id":2388,"tags_id":9363956},{"stories_id":1218136095,"tag":"EPA","tag_set":"cliff_organizations","tag_sets_id":2388,"tags_id":9364166},{"stories_id":1218136095,"tag":"Shelley Moore Capito","tag_set":"cliff_people","tag_sets_id":2389,"tags_id":9364796},{"stories_id":1218136095,"tag":"Chuck Schumer","tag_set":"cliff_people","tag_sets_id":2389,"tags_id":9364810},{"stories_id":1218136095,"tag":"Mao","tag_set":"cliff_people","tag_sets_id":2389,"tags_id":9365112},{"stories_id":1218136095,"tag":"Wall Street Journal","tag_set":"cliff_organizations","tag_sets_id":2388,"tags_id":9366539},{"stories_id":1218136095,"tag":"Scott Pruitt","tag_set":"cliff_people","tag_sets_id":2389,"tags_id":9371011},{"stories_id":1218136095,"tag":"Darryl","tag_set":"cliff_people","tag_sets_id":2389,"tags_id":9372154},{"stories_id":1218136095,"tag":"Juliet Eilperin","tag_set":"cliff_people","tag_sets_id":2389,"tags_id":9374780},{"stories_id":1218136095,"tag":"Brady Dennis","tag_set":"cliff_people","tag_sets_id":2389,"tags_id":9374896},{"stories_id":1218136095,"tag":"Exxon Mobil","tag_set":"cliff_organizations","tag_sets_id":2388,"tags_id":9376186},{"stories_id":1218136095,"tag":"iStock","tag_set":"cliff_people","tag_sets_id":2389,"tags_id":9376414},{"stories_id":1218136095,"tag":"Bloomberg News","tag_set":"cliff_organizations","tag_sets_id":2388,"tags_id":9377578},{"stories_id":1218136095,"tag":"Martinez Monsivais","tag_set":"cliff_people","tag_sets_id":2389,"tags_id":9381438},{"stories_id":1218136095,"tag":"Charles E. Grassley","tag_set":"cliff_people","tag_sets_id":2389,"tags_id":9381909},{"stories_id":1218136095,"tag":"Ed Markey","tag_set":"cliff_people","tag_sets_id":2389,"tags_id":9387136},{"stories_id":1218136095,"tag":"National Oceanic and Atmospheric Administration","tag_set":"cliff_organizations","tag_sets_id":2388,"tags_id":9394166},{"stories_id":1218136095,"tag":"Sarah Kaplan","tag_set":"cliff_people","tag_sets_id":2389,"tags_id":9408875},{"stories_id":1218136095,"tag":"International Union","tag_set":"cliff_organizations","tag_sets_id":2388,"tags_id":9411074},{"stories_id":1218136095,"tag":"Debbie Stabenow","tag_set":"cliff_people","tag_sets_id":2389,"tags_id":9414906},{"stories_id":1218136095,"tag":"Energy Department","tag_set":"cliff_organizations","tag_sets_id":2388,"tags_id":9415772},{"stories_id":1218136095,"tag":"Jay Inslee","tag_set":"cliff_people","tag_sets_id":2389,"tags_id":9434808},{"stories_id":1218136095,"tag":"Meghan McCain","tag_set":"cliff_people","tag_sets_id":2389,"tags_id":9462705},{"stories_id":1218136095,"tag":"Kevin D. Liles","tag_set":"cliff_people","tag_sets_id":2389,"tags_id":9512618},{"stories_id":1218136095,"tag":"Matthew Cappucci","tag_set":"cliff_people","tag_sets_id":2389,"tags_id":9596422},{"stories_id":1218136095,"tag":"Joe Cunningham","tag_set":"cliff_people","tag_sets_id":2389,"tags_id":9624892},{"stories_id":1218136095,"tag":"Mandel Ngan","tag_set":"cliff_people","tag_sets_id":2389,"tags_id":9626311},{"stories_id":1218136095,"tag":"cliff_clavin_v2.4.1","tag_set":"geocoder_version","tag_sets_id":1937,"tags_id":9696677},{"stories_id":1218136095,"tag":"Office of Research and Development","tag_set":"cliff_organizations","tag_sets_id":2388,"tags_id":9701435},{"stories_id":1218136095,"tag":"Stephan Savoia/AP","tag_set":"cliff_people","tag_sets_id":2389,"tags_id":9735950},{"stories_id":1218136095,"tag":"Josh Johnson","tag_set":"cliff_people","tag_sets_id":2389,"tags_id":9984777},{"stories_id":1218136095,"tag":"Chris Oliver","tag_set":"cliff_people","tag_sets_id":2389,"tags_id":24955166},{"stories_id":1218136095,"tag":"Bobby Berk","tag_set":"cliff_people","tag_sets_id":2389,"tags_id":33362514},{"stories_id":1218136095,"tag":"Jennifer Orme-Zavaleta","tag_set":"cliff_people","tag_sets_id":2389,"tags_id":42943843},{"stories_id":1218136095,"tag":"Alexandria Ocasio-Cortez","tag_set":"cliff_people","tag_sets_id":2389,"tags_id":44318694},{"stories_id":1218136095,"tag":"readability-lxml-0.7","tag_set":"extractor_version","tag_sets_id":1354,"tags_id":81092444},{"stories_id":1218136095,"tag":"Energy Department's Bioenergy Technologies Office","tag_set":"cliff_organizations","tag_sets_id":2388,"tags_id":128051712},{"stories_id":1218136095,"tag":"Ken Moman","tag_set":"cliff_people","tag_sets_id":2389,"tags_id":135712117},{"stories_id":1218136095,"tag":"united bureau","tag_set":"cliff_organizations","tag_sets_id":2388,"tags_id":135774857}],"title":"The Energy 202: Lawmakers turn up heat in global warming debate on Senate floor","url":"https://www.washingtonpost.com/news/powerpost/paloma/the-energy-202/2019/03/08/the-energy-202-lawmakers-turn-up-heat-in-global-warming-debate-on-senate-floor/5c818bcd1b326b2d177d6020/","word_count":null}]