[{"ap_syndicated":null,"collect_date":"2019-04-10 09:24:18.094943","feeds":null,"guid":"http://rssfeeds.usatoday.com/~/598386288/0/usatoday-newstopstories~Washington-state-lawmakers-seek-to-approve-nationaposs-first-carbon-fee/","language":"en","media_id":4,"media_name":null,"media_url":null,"processed_stories_id":null,"publish_date":"2019-02-21 22:51:10","stories_id":1244435962,"story_tags":[{"stories_id":1244435962,"tag":"geonames_6252001","tag_set":"mc-geocoder@media.mit.edu","tag_sets_id":1011,"tags_id":8878461},{"stories_id":1244435962,"tag":"geonames_5815135","tag_set":"mc-geocoder@media.mit.edu","tag_sets_id":1011,"tags_id":8878481},{"stories_id":1244435962,"tag":"nyt_labeller_v1.0.0","tag_set":"nyt_labels_version","tag_sets_id":1964,"tags_id":9360669},{"stories_id":1244435962,"tag":"law and legislation","tag_set":"nyt_labels","tag_sets_id":1963,"tags_id":9360837},{"stories_id":1244435962,"tag":"medicine and health","tag_set":"nyt_labels","tag_sets_id":1963,"tags_id":9360852},{"stories_id":1244435962,"tag":"taxation","tag_set":"nyt_labels","tag_sets_id":1963,"tags_id":9360882},{"stories_id":1244435962,"tag":"oil (petroleum) and gasoline","tag_set":"nyt_labels","tag_sets_id":1963,"tags_id":9360884},{"stories_id":1244435962,"tag":"global warming","tag_set":"nyt_labels","tag_sets_id":1963,"tags_id":9360886},{"stories_id":1244435962,"tag":"environment","tag_set":"nyt_labels","tag_sets_id":1963,"tags_id":9360887},{"stories_id":1244435962,"tag":"weather","tag_set":"nyt_labels","tag_sets_id":1963,"tags_id":9360902},{"stories_id":1244435962,"tag":"prices (fares, fees and rates)","tag_set":"nyt_labels","tag_sets_id":1963,"tags_id":9360996},{"stories_id":1244435962,"tag":"energy and power","tag_set":"nyt_labels","tag_sets_id":1963,"tags_id":9360997},{"stories_id":1244435962,"tag":"air pollution","tag_set":"nyt_labels","tag_sets_id":1963,"tags_id":9361007},{"stories_id":1244435962,"tag":"chemistry","tag_set":"nyt_labels","tag_sets_id":1963,"tags_id":9361262},{"stories_id":1244435962,"tag":"Senate","tag_set":"cliff_organizations","tag_sets_id":2388,"tags_id":9362741},{"stories_id":1244435962,"tag":"USA TODAY","tag_set":"cliff_organizations","tag_sets_id":2388,"tags_id":9382850},{"stories_id":1244435962,"tag":"Jay Inslee","tag_set":"cliff_people","tag_sets_id":2389,"tags_id":9434808},{"stories_id":1244435962,"tag":"Washington state","tag_set":"cliff_organizations","tag_sets_id":2388,"tags_id":9473310},{"stories_id":1244435962,"tag":"Tim Sheldon","tag_set":"cliff_people","tag_sets_id":2389,"tags_id":9483026},{"stories_id":1244435962,"tag":"Curtis King","tag_set":"cliff_people","tag_sets_id":2389,"tags_id":9683274},{"stories_id":1244435962,"tag":"cliff_clavin_v2.4.1","tag_set":"geocoder_version","tag_sets_id":1937,"tags_id":9696677},{"stories_id":1244435962,"tag":"Steve Hobbs","tag_set":"cliff_people","tag_sets_id":2389,"tags_id":10386432},{"stories_id":1244435962,"tag":"Nick Abraham","tag_set":"cliff_people","tag_sets_id":2389,"tags_id":36502949},{"stories_id":1244435962,"tag":"Senate Transportation committee","tag_set":"cliff_organizations","tag_sets_id":2388,"tags_id":42234498},{"stories_id":1244435962,"tag":"readability-lxml-0.7","tag_set":"extractor_version","tag_sets_id":1354,"tags_id":81092444},{"stories_id":1244435962,"tag":"Washington Environmental Council communications","tag_set":"cliff_organizations","tag_sets_id":2388,"tags_id":133493137}],"title":"Washington state lawmakers seek to approve nation&apos;s first carbon fee","url":"http://rssfeeds.usatoday.com/~/598386288/0/usatoday-newstopstories~Washington-state-lawmakers-seek-to-approve-nationaposs-first-carbon-fee/","word_count":null}]