[{"ap_syndicated":null,"collect_date":"2019-04-12 19:39:33.224062","feeds":null,"guid":"https://www.usatoday.com/story/life/2019/04/12/historic-home-improvement-go-green-lower-energy-bill/3445427002/","language":"en","media_id":4,"media_name":null,"media_url":null,"processed_stories_id":null,"publish_date":"2019-04-12 11:14:19","stories_id":1247260536,"story_tags":[{"stories_id":1247260536,"tag":"geonames_6252001","tag_set":"mc-geocoder@media.mit.edu","tag_sets_id":1011,"tags_id":8878461},{"stories_id":1247260536,"tag":"geonames_4597040","tag_set":"mc-geocoder@media.mit.edu","tag_sets_id":1011,"tags_id":8878556},{"stories_id":1247260536,"tag":"geonames_4574324","tag_set":"mc-geocoder@media.mit.edu","tag_sets_id":1011,"tags_id":8880200},{"stories_id":1247260536,"tag":"nyt_labeller_v1.0.0","tag_set":"nyt_labels_version","tag_sets_id":1964,"tags_id":9360669},{"stories_id":1247260536,"tag":"environment","tag_set":"nyt_labels","tag_sets_id":1963,"tags_id":9360887},{"stories_id":1247260536,"tag":"energy and power","tag_set":"nyt_labels","tag_sets_id":1963,"tags_id":9360997},{"stories_id":1247260536,"tag":"house","tag_set":"cliff_organizations","tag_sets_id":2388,"tags_id":9362752},{"stories_id":1247260536,"tag":"General Services Administration","tag_set":"cliff_organizations","tag_sets_id":2388,"tags_id":9398492},{"stories_id":1247260536,"tag":"National Trust","tag_set":"cliff_organizations","tag_sets_id":2388,"tags_id":9436540},{"stories_id":1247260536,"tag":"Carl Elefante","tag_set":"cliff_people","tag_sets_id":2389,"tags_id":9653538},{"stories_id":1247260536,"tag":"cliff_clavin_v2.4.1","tag_set":"geocoder_version","tag_sets_id":1937,"tags_id":9696677},{"stories_id":1247260536,"tag":"readability-lxml-0.7","tag_set":"extractor_version","tag_sets_id":1354,"tags_id":81092444},{"stories_id":1247260536,"tag":"National Trust’s Research & Policy Lab","tag_set":"cliff_organizations","tag_sets_id":2388,"tags_id":124030519},{"stories_id":1247260536,"tag":"bill Meghan White","tag_set":"cliff_people","tag_sets_id":2389,"tags_id":147537657}],"title":"Historic home improvement: 8 ways to go green and lower your energy bill","url":"http://rssfeeds.usatoday.com/~/600764662/0/usatoday-lifetopstories~Historic-home-improvement-ways-to-go-green-and-lower-your-energy-bill/","word_count":null}]