[{"ap_syndicated":null,"collect_date":"2019-05-17 21:26:18.843075","feeds":null,"guid":"https://www.washingtonpost.com/dc-md-va/2019/02/14/greenpeace-report-questions-amazons-commitment-renewable-energy/?utm_term=.02d645721a24","language":"en","media_id":2,"media_name":null,"media_url":null,"processed_stories_id":null,"publish_date":"2019-02-14 00:00:00","stories_id":1286226190,"story_tags":[{"stories_id":1286226190,"tag":"guess_by_unknown","tag_set":"date_guess_method","tag_sets_id":508,"tags_id":50741492}],"title":"Greenpeace report: Amazon is wavering on its commitment to renewable energy","url":"https://www.washingtonpost.com/dc-md-va/2019/02/14/greenpeace-report-questions-amazons-commitment-renewable-energy/?utm_term=.02d645721a24","word_count":null}]