[{"ap_syndicated":null,"collect_date":"2019-06-10 19:25:48.658336","feeds":null,"guid":"https://www.usatoday.com/story/opinion/2019/06/10/joe-biden-democrats-give-climate-change-crucial-attention-editorials-debates/1406822001/","language":"en","media_id":4,"media_name":null,"media_url":null,"processed_stories_id":null,"publish_date":"2019-06-10 18:26:24","stories_id":1307747746,"story_tags":[{"stories_id":1307747746,"tag":"geonames_6252001","tag_set":"mc-geocoder@media.mit.edu","tag_sets_id":1011,"tags_id":8878461},{"stories_id":1307747746,"tag":"geonames_5815135","tag_set":"mc-geocoder@media.mit.edu","tag_sets_id":1011,"tags_id":8878481},{"stories_id":1307747746,"tag":"geonames_5332921","tag_set":"mc-geocoder@media.mit.edu","tag_sets_id":1011,"tags_id":8878533},{"stories_id":1307747746,"tag":"geonames_5391959","tag_set":"mc-geocoder@media.mit.edu","tag_sets_id":1011,"tags_id":8878536},{"stories_id":1307747746,"tag":"geonames_4662168","tag_set":"mc-geocoder@media.mit.edu","tag_sets_id":1011,"tags_id":8878725},{"stories_id":1307747746,"tag":"geonames_4667282","tag_set":"mc-geocoder@media.mit.edu","tag_sets_id":1011,"tags_id":8879476},{"stories_id":1307747746,"tag":"geonames_5832330","tag_set":"mc-geocoder@media.mit.edu","tag_sets_id":1011,"tags_id":8880182},{"stories_id":1307747746,"tag":"geonames_4647963","tag_set":"mc-geocoder@media.mit.edu","tag_sets_id":1011,"tags_id":9025469},{"stories_id":1307747746,"tag":"nyt_labeller_v1.0.0","tag_set":"nyt_labels_version","tag_sets_id":1964,"tags_id":9360669},{"stories_id":1307747746,"tag":"politics and government","tag_set":"nyt_labels","tag_sets_id":1963,"tags_id":9360836},{"stories_id":1307747746,"tag":"united states politics and government","tag_set":"nyt_labels","tag_sets_id":1963,"tags_id":9360846},{"stories_id":1307747746,"tag":"elections","tag_set":"nyt_labels","tag_sets_id":1963,"tags_id":9360851},{"stories_id":1307747746,"tag":"global warming","tag_set":"nyt_labels","tag_sets_id":1963,"tags_id":9360886},{"stories_id":1307747746,"tag":"environment","tag_set":"nyt_labels","tag_sets_id":1963,"tags_id":9360887},{"stories_id":1307747746,"tag":"weather","tag_set":"nyt_labels","tag_sets_id":1963,"tags_id":9360902},{"stories_id":1307747746,"tag":"air pollution","tag_set":"nyt_labels","tag_sets_id":1963,"tags_id":9361007},{"stories_id":1307747746,"tag":"Donald Trump","tag_set":"cliff_people","tag_sets_id":2389,"tags_id":9362284},{"stories_id":1307747746,"tag":"GOP","tag_set":"cliff_organizations","tag_sets_id":2388,"tags_id":9362923},{"stories_id":1307747746,"tag":"Democratic National Committee","tag_set":"cliff_organizations","tag_sets_id":2388,"tags_id":9363009},{"stories_id":1307747746,"tag":"Joe Biden","tag_set":"cliff_people","tag_sets_id":2389,"tags_id":9363134},{"stories_id":1307747746,"tag":"Elizabeth Warren","tag_set":"cliff_people","tag_sets_id":2389,"tags_id":9364527},{"stories_id":1307747746,"tag":"Justin","tag_set":"cliff_people","tag_sets_id":2389,"tags_id":9366361},{"stories_id":1307747746,"tag":"Charles","tag_set":"cliff_people","tag_sets_id":2389,"tags_id":9369005},{"stories_id":1307747746,"tag":"Republican Party","tag_set":"cliff_organizations","tag_sets_id":2388,"tags_id":9374874},{"stories_id":1307747746,"tag":"USA TODAY","tag_set":"cliff_organizations","tag_sets_id":2388,"tags_id":9382850},{"stories_id":1307747746,"tag":"Ed Markey","tag_set":"cliff_people","tag_sets_id":2389,"tags_id":9387136},{"stories_id":1307747746,"tag":"Jay Inslee","tag_set":"cliff_people","tag_sets_id":2389,"tags_id":9434808},{"stories_id":1307747746,"tag":"Beto O'Rourke","tag_set":"cliff_people","tag_sets_id":2389,"tags_id":9596964},{"stories_id":1307747746,"tag":"cliff_clavin_v2.4.1","tag_set":"geocoder_version","tag_sets_id":1937,"tags_id":9696677},{"stories_id":1307747746,"tag":"interviewer Piers Morgan","tag_set":"cliff_organizations","tag_sets_id":2388,"tags_id":10543373},{"stories_id":1307747746,"tag":"Alexandria Ocasio-Cortez","tag_set":"cliff_people","tag_sets_id":2389,"tags_id":44318694},{"stories_id":1307747746,"tag":"readability-lxml-0.7","tag_set":"extractor_version","tag_sets_id":1354,"tags_id":81092444}],"title":"Joe Biden and other 2020 Democrats give climate change the attention it deserves","url":"http://rssfeeds.usatoday.com/~/602935834/0/usatoday-newstopstories~Joe-Biden-and-other-Democrats-give-climate-change-the-attention-it-deserves/","word_count":null}]