[{"ap_syndicated":null,"collect_date":"2019-06-20 10:58:58.730739","feeds":null,"guid":"https://www.nytimes.com/2019/06/20/nyregion/greenhouse-gases-ny.html","language":"en","media_id":1,"media_name":null,"media_url":null,"processed_stories_id":null,"publish_date":"2019-06-20 14:43:24","stories_id":1317060990,"story_tags":[{"stories_id":1317060990,"tag":"geonames_6252001","tag_set":"mc-geocoder@media.mit.edu","tag_sets_id":1011,"tags_id":8878461},{"stories_id":1317060990,"tag":"geonames_5128638","tag_set":"mc-geocoder@media.mit.edu","tag_sets_id":1011,"tags_id":8878463},{"stories_id":1317060990,"tag":"geonames_5128581","tag_set":"mc-geocoder@media.mit.edu","tag_sets_id":1011,"tags_id":8878486},{"stories_id":1317060990,"tag":"nyt_labeller_v1.0.0","tag_set":"nyt_labels_version","tag_sets_id":1964,"tags_id":9360669},{"stories_id":1317060990,"tag":"law and legislation","tag_set":"nyt_labels","tag_sets_id":1963,"tags_id":9360837},{"stories_id":1317060990,"tag":"finances","tag_set":"nyt_labels","tag_sets_id":1963,"tags_id":9360840},{"stories_id":1317060990,"tag":"oil (petroleum) and gasoline","tag_set":"nyt_labels","tag_sets_id":1963,"tags_id":9360884},{"stories_id":1317060990,"tag":"global warming","tag_set":"nyt_labels","tag_sets_id":1963,"tags_id":9360886},{"stories_id":1317060990,"tag":"environment","tag_set":"nyt_labels","tag_sets_id":1963,"tags_id":9360887},{"stories_id":1317060990,"tag":"automobiles","tag_set":"nyt_labels","tag_sets_id":1963,"tags_id":9360914},{"stories_id":1317060990,"tag":"energy and power","tag_set":"nyt_labels","tag_sets_id":1963,"tags_id":9360997},{"stories_id":1317060990,"tag":"air pollution","tag_set":"nyt_labels","tag_sets_id":1963,"tags_id":9361007},{"stories_id":1317060990,"tag":"electric light and power","tag_set":"nyt_labels","tag_sets_id":1963,"tags_id":9361013},{"stories_id":1317060990,"tag":"light","tag_set":"nyt_labels","tag_sets_id":1963,"tags_id":9361014},{"stories_id":1317060990,"tag":"Peter Iwanowicz","tag_set":"cliff_people","tag_sets_id":2389,"tags_id":9597739},{"stories_id":1317060990,"tag":"cliff_clavin_v2.4.1","tag_set":"geocoder_version","tag_sets_id":1937,"tags_id":9696677},{"stories_id":1317060990,"tag":"Costa Constantinides","tag_set":"cliff_people","tag_sets_id":2389,"tags_id":9756994},{"stories_id":1317060990,"tag":"Empire Center for Public Policy","tag_set":"cliff_organizations","tag_sets_id":2388,"tags_id":9934570},{"stories_id":1317060990,"tag":"Walter Hang","tag_set":"cliff_people","tag_sets_id":2389,"tags_id":11117128},{"stories_id":1317060990,"tag":"Business Council of New York State","tag_set":"cliff_organizations","tag_sets_id":2388,"tags_id":11149472},{"stories_id":1317060990,"tag":"Pete Sikora","tag_set":"cliff_people","tag_sets_id":2389,"tags_id":11722893},{"stories_id":1317060990,"tag":"Barbara Lifton","tag_set":"cliff_people","tag_sets_id":2389,"tags_id":11987765},{"stories_id":1317060990,"tag":"Steve Englebright","tag_set":"cliff_people","tag_sets_id":2389,"tags_id":16299929},{"stories_id":1317060990,"tag":"Darren Suarez","tag_set":"cliff_people","tag_sets_id":2389,"tags_id":27358985},{"stories_id":1317060990,"tag":"readability-lxml-0.7","tag_set":"extractor_version","tag_sets_id":1354,"tags_id":81092444}],"title":"The Demise of Gasoline Cars? What We Know About N.Y.’s Climate Plan","url":"https://www.nytimes.com/2019/06/20/nyregion/greenhouse-gases-ny.html","word_count":null}]