[{"ap_syndicated":null,"collect_date":"2019-07-05 07:47:00.606758","feeds":null,"guid":"https://www.usatoday.com/story/tech/gaming/2019/07/05/most-popular-video-games-of-all-time/39651661/","language":"en","media_id":4,"media_name":null,"media_url":null,"processed_stories_id":null,"publish_date":"2019-07-05 07:26:03","stories_id":1330403118,"story_tags":[{"stories_id":1330403118,"tag":"geonames_6252001","tag_set":"mc-geocoder@media.mit.edu","tag_sets_id":1011,"tags_id":8878461},{"stories_id":1330403118,"tag":"geonames_5332921","tag_set":"mc-geocoder@media.mit.edu","tag_sets_id":1011,"tags_id":8878533},{"stories_id":1330403118,"tag":"geonames_5391597","tag_set":"mc-geocoder@media.mit.edu","tag_sets_id":1011,"tags_id":8887288},{"stories_id":1330403118,"tag":"nyt_labeller_v1.0.0","tag_set":"nyt_labels_version","tag_sets_id":1964,"tags_id":9360669},{"stories_id":1330403118,"tag":"recordings (audio)","tag_set":"nyt_labels","tag_sets_id":1963,"tags_id":9360856},{"stories_id":1330403118,"tag":"computer and video games","tag_set":"nyt_labels","tag_sets_id":1963,"tags_id":9360971},{"stories_id":1330403118,"tag":"games","tag_set":"nyt_labels","tag_sets_id":1963,"tags_id":9361024},{"stories_id":1330403118,"tag":"NASA","tag_set":"cliff_organizations","tag_sets_id":2388,"tags_id":9364494},{"stories_id":1330403118,"tag":"Amazon","tag_set":"cliff_organizations","tag_sets_id":2388,"tags_id":9366535},{"stories_id":1330403118,"tag":"Kevin Spacey","tag_set":"cliff_people","tag_sets_id":2389,"tags_id":9370040},{"stories_id":1330403118,"tag":"Microsoft","tag_set":"cliff_organizations","tag_sets_id":2388,"tags_id":9374723},{"stories_id":1330403118,"tag":"Nintendo","tag_set":"cliff_organizations","tag_sets_id":2388,"tags_id":9379364},{"stories_id":1330403118,"tag":"Delta","tag_set":"cliff_organizations","tag_sets_id":2388,"tags_id":9381122},{"stories_id":1330403118,"tag":"Kevin Durant","tag_set":"cliff_people","tag_sets_id":2389,"tags_id":9385290},{"stories_id":1330403118,"tag":"Luigi","tag_set":"cliff_people","tag_sets_id":2389,"tags_id":9385566},{"stories_id":1330403118,"tag":"Atari","tag_set":"cliff_organizations","tag_sets_id":2388,"tags_id":9392324},{"stories_id":1330403118,"tag":"Bowser","tag_set":"cliff_people","tag_sets_id":2389,"tags_id":9406995},{"stories_id":1330403118,"tag":"Yoshi","tag_set":"cliff_people","tag_sets_id":2389,"tags_id":9427792},{"stories_id":1330403118,"tag":"Daisy","tag_set":"cliff_people","tag_sets_id":2389,"tags_id":9438041},{"stories_id":1330403118,"tag":"Activision","tag_set":"cliff_organizations","tag_sets_id":2388,"tags_id":9445924},{"stories_id":1330403118,"tag":"Bethesda Softworks","tag_set":"cliff_organizations","tag_sets_id":2388,"tags_id":9499652},{"stories_id":1330403118,"tag":"Malibu beach house","tag_set":"cliff_organizations","tag_sets_id":2388,"tags_id":9603314},{"stories_id":1330403118,"tag":"cliff_clavin_v2.4.1","tag_set":"geocoder_version","tag_sets_id":1937,"tags_id":9696677},{"stories_id":1330403118,"tag":"Mario Kart Wii","tag_set":"cliff_people","tag_sets_id":2389,"tags_id":9704958},{"stories_id":1330403118,"tag":"Pokémon games","tag_set":"cliff_people","tag_sets_id":2389,"tags_id":9737662},{"stories_id":1330403118,"tag":"Niko Bellic","tag_set":"cliff_people","tag_sets_id":2389,"tags_id":9971591},{"stories_id":1330403118,"tag":"VGChartz","tag_set":"cliff_people","tag_sets_id":2389,"tags_id":10314389},{"stories_id":1330403118,"tag":"Mario Kart DS","tag_set":"cliff_people","tag_sets_id":2389,"tags_id":10690227},{"stories_id":1330403118,"tag":"Super Mario Bros.","tag_set":"cliff_organizations","tag_sets_id":2388,"tags_id":10763994},{"stories_id":1330403118,"tag":"Jonathan Irons","tag_set":"cliff_people","tag_sets_id":2389,"tags_id":11887269},{"stories_id":1330403118,"tag":"Tommy Vercetti","tag_set":"cliff_people","tag_sets_id":2389,"tags_id":28080810},{"stories_id":1330403118,"tag":"Ryuta Kawashima","tag_set":"cliff_people","tag_sets_id":2389,"tags_id":28288502},{"stories_id":1330403118,"tag":"VGChartz","tag_set":"cliff_organizations","tag_sets_id":2388,"tags_id":30047757},{"stories_id":1330403118,"tag":"Tatanga","tag_set":"cliff_people","tag_sets_id":2389,"tags_id":36469517},{"stories_id":1330403118,"tag":"Bethesda Game Studios","tag_set":"cliff_organizations","tag_sets_id":2388,"tags_id":45463907},{"stories_id":1330403118,"tag":"readability-lxml-0.7","tag_set":"extractor_version","tag_sets_id":1354,"tags_id":81092444},{"stories_id":1330403118,"tag":"Nintendo &nbsp; &nbsp; &bull","tag_set":"cliff_organizations","tag_sets_id":2388,"tags_id":179860109}],"title":"From Tetris to Call of Duty: The most popular video games of all time","url":"http://rssfeeds.usatoday.com/~/604108318/0/usatodaycommoney-topstories~From-Tetris-to-Call-of-Duty-The-most-popular-video-games-of-all-time/","word_count":null}]