[{"ap_syndicated":null,"collect_date":"2019-08-08 14:18:24.524106","feeds":null,"guid":"SB11893583478138063569904585474053569627436","language":"en","media_id":1150,"media_name":null,"media_url":null,"processed_stories_id":null,"publish_date":"2019-08-08 12:06:00","stories_id":1360334702,"story_tags":[{"stories_id":1360334702,"tag":"guess_by_tag_meta","tag_set":"date_guess_method","tag_sets_id":508,"tags_id":50741386}],"title":"The Leaks That Threaten the Clean Image of Natural Gas","url":"https://www.wsj.com/articles/the-leaks-that-threaten-the-clean-image-of-natural-gas-11565280375?mod=pls_whats_news_us_business_f","word_count":null}]