[{"ap_syndicated":null,"collect_date":"2019-08-22 13:46:17.049087","feeds":null,"guid":"{714DC12E-C4EC-11E9-839F-B6A7BC3F2202}","language":"en","media_id":1150,"media_name":null,"media_url":null,"processed_stories_id":null,"publish_date":"2019-08-22 13:37:30","stories_id":1371770643,"story_tags":[{"stories_id":1371770643,"tag":"geonames_6252001","tag_set":"mc-geocoder@media.mit.edu","tag_sets_id":1011,"tags_id":8878461},{"stories_id":1371770643,"tag":"geonames_5332921","tag_set":"mc-geocoder@media.mit.edu","tag_sets_id":1011,"tags_id":8878533},{"stories_id":1371770643,"tag":"nyt_labeller_v1.0.0","tag_set":"nyt_labels_version","tag_sets_id":1964,"tags_id":9360669},{"stories_id":1371770643,"tag":"global warming","tag_set":"nyt_labels","tag_sets_id":1963,"tags_id":9360886},{"stories_id":1371770643,"tag":"environment","tag_set":"nyt_labels","tag_sets_id":1963,"tags_id":9360887},{"stories_id":1371770643,"tag":"energy and power","tag_set":"nyt_labels","tag_sets_id":1963,"tags_id":9360997},{"stories_id":1371770643,"tag":"electric light and power","tag_set":"nyt_labels","tag_sets_id":1963,"tags_id":9361013},{"stories_id":1371770643,"tag":"light","tag_set":"nyt_labels","tag_sets_id":1963,"tags_id":9361014},{"stories_id":1371770643,"tag":"Harry Reid","tag_set":"cliff_people","tag_sets_id":2389,"tags_id":9363374},{"stories_id":1371770643,"tag":"Tesla","tag_set":"cliff_people","tag_sets_id":2389,"tags_id":9369660},{"stories_id":1371770643,"tag":"University of Massachusetts Boston","tag_set":"cliff_organizations","tag_sets_id":2388,"tags_id":9530599},{"stories_id":1371770643,"tag":"cliff_clavin_v2.4.1","tag_set":"geocoder_version","tag_sets_id":1937,"tags_id":9696677},{"stories_id":1371770643,"tag":"Sunrun","tag_set":"cliff_people","tag_sets_id":2389,"tags_id":11974403},{"stories_id":1371770643,"tag":"David Timmons","tag_set":"cliff_people","tag_sets_id":2389,"tags_id":32444950},{"stories_id":1371770643,"tag":"readability-lxml-0.7","tag_set":"extractor_version","tag_sets_id":1354,"tags_id":81092444}],"title":"The Conversation: We now have the technology to create a grid of cheap fully renewable electricity","url":"http://www.marketwatch.com/news/story.asp?guid=%7B714DC12E-C4EC-11E9-839F-B6A7BC3F2202%7D&siteid=rss&rss=1","word_count":null}]