[{"ap_syndicated":null,"collect_date":"2019-09-14 03:31:19.241750","feeds":null,"guid":"https://www.nytimes.com/2019/09/14/nyregion/hamptons-wind-farm.html","language":"en","media_id":1,"media_name":null,"media_url":null,"processed_stories_id":null,"publish_date":"2019-09-14 07:01:38","stories_id":1392036141,"story_tags":[{"stories_id":1392036141,"tag":"geonames_6252001","tag_set":"mc-geocoder@media.mit.edu","tag_sets_id":1011,"tags_id":8878461},{"stories_id":1392036141,"tag":"geonames_5128638","tag_set":"mc-geocoder@media.mit.edu","tag_sets_id":1011,"tags_id":8878463},{"stories_id":1392036141,"tag":"geonames_4970331","tag_set":"mc-geocoder@media.mit.edu","tag_sets_id":1011,"tags_id":8878497},{"stories_id":1392036141,"tag":"geonames_5127321","tag_set":"mc-geocoder@media.mit.edu","tag_sets_id":1011,"tags_id":8879279},{"stories_id":1392036141,"tag":"geonames_5115871","tag_set":"mc-geocoder@media.mit.edu","tag_sets_id":1011,"tags_id":9025433},{"stories_id":1392036141,"tag":"nyt_labeller_v1.0.0","tag_set":"nyt_labels_version","tag_sets_id":1964,"tags_id":9360669},{"stories_id":1392036141,"tag":"energy and power","tag_set":"nyt_labels","tag_sets_id":1963,"tags_id":9360997},{"stories_id":1392036141,"tag":"land use policies","tag_set":"nyt_labels","tag_sets_id":1963,"tags_id":9361316},{"stories_id":1392036141,"tag":"Blackstone Group","tag_set":"cliff_organizations","tag_sets_id":2388,"tags_id":9364181},{"stories_id":1392036141,"tag":"Calvin Klein","tag_set":"cliff_people","tag_sets_id":2389,"tags_id":9364615},{"stories_id":1392036141,"tag":"Jessica James","tag_set":"cliff_people","tag_sets_id":2389,"tags_id":9391204},{"stories_id":1392036141,"tag":"Ronald Lauder","tag_set":"cliff_people","tag_sets_id":2389,"tags_id":9424410},{"stories_id":1392036141,"tag":"McKinsey & Company","tag_set":"cliff_organizations","tag_sets_id":2388,"tags_id":9455005},{"stories_id":1392036141,"tag":"Marci Klein","tag_set":"cliff_people","tag_sets_id":2389,"tags_id":9476707},{"stories_id":1392036141,"tag":"Michael Hansen","tag_set":"cliff_people","tag_sets_id":2389,"tags_id":9503868},{"stories_id":1392036141,"tag":"cliff_clavin_v2.4.1","tag_set":"geocoder_version","tag_sets_id":1937,"tags_id":9696677},{"stories_id":1392036141,"tag":"Wainscott","tag_set":"cliff_people","tag_sets_id":2389,"tags_id":10113904},{"stories_id":1392036141,"tag":"John Finley","tag_set":"cliff_people","tag_sets_id":2389,"tags_id":10183161},{"stories_id":1392036141,"tag":"David Gruber","tag_set":"cliff_people","tag_sets_id":2389,"tags_id":10197448},{"stories_id":1392036141,"tag":"geonames_5143046","tag_set":"mc-geocoder@media.mit.edu","tag_sets_id":1011,"tags_id":10582219},{"stories_id":1392036141,"tag":"Peter Van Scoyoc","tag_set":"cliff_people","tag_sets_id":2389,"tags_id":10935408},{"stories_id":1392036141,"tag":"Clint Plummer","tag_set":"cliff_people","tag_sets_id":2389,"tags_id":11594134},{"stories_id":1392036141,"tag":"Paul Monte","tag_set":"cliff_people","tag_sets_id":2389,"tags_id":28401439},{"stories_id":1392036141,"tag":"Montauk Chamber of Commerce","tag_set":"cliff_organizations","tag_sets_id":2388,"tags_id":29037723},{"stories_id":1392036141,"tag":"Alex Edlich","tag_set":"cliff_people","tag_sets_id":2389,"tags_id":60019997},{"stories_id":1392036141,"tag":"readability-lxml-0.7","tag_set":"extractor_version","tag_sets_id":1354,"tags_id":81092444},{"stories_id":1392036141,"tag":"Gouri Orekondy Edlich","tag_set":"cliff_people","tag_sets_id":2389,"tags_id":182813530}],"title":"The Hamptons Love Green Energy. But That Wind Farm?","url":"https://www.nytimes.com/2019/09/14/nyregion/hamptons-wind-farm.html","word_count":null}]