[{"ap_syndicated":null,"collect_date":"2019-09-26 12:14:20.906740","feeds":null,"guid":"https://www.usatoday.com/story/news/politics/2019/09/26/who-hunter-biden-joe-biden-son-ukraine-call/3773527002/","language":"en","media_id":4,"media_name":null,"media_url":null,"processed_stories_id":null,"publish_date":"2019-09-26 11:18:57","stories_id":1403184870,"story_tags":[{"stories_id":1403184870,"tag":"geonames_6252001","tag_set":"mc-geocoder@media.mit.edu","tag_sets_id":1011,"tags_id":8878461},{"stories_id":1403184870,"tag":"geonames_4482348","tag_set":"mc-geocoder@media.mit.edu","tag_sets_id":1011,"tags_id":8878553},{"stories_id":1403184870,"tag":"geonames_4499379","tag_set":"mc-geocoder@media.mit.edu","tag_sets_id":1011,"tags_id":8879531},{"stories_id":1403184870,"tag":"nyt_labeller_v1.0.0","tag_set":"nyt_labels_version","tag_sets_id":1964,"tags_id":9360669},{"stories_id":1403184870,"tag":"politics and government","tag_set":"nyt_labels","tag_sets_id":1963,"tags_id":9360836},{"stories_id":1403184870,"tag":"biographical information","tag_set":"nyt_labels","tag_sets_id":1963,"tags_id":9360968},{"stories_id":1403184870,"tag":"weddings and engagements","tag_set":"nyt_labels","tag_sets_id":1963,"tags_id":9361135},{"stories_id":1403184870,"tag":"Donald Trump","tag_set":"cliff_people","tag_sets_id":2389,"tags_id":9362284},{"stories_id":1403184870,"tag":"White House","tag_set":"cliff_organizations","tag_sets_id":2388,"tags_id":9362736},{"stories_id":1403184870,"tag":"New York Times","tag_set":"cliff_organizations","tag_sets_id":2388,"tags_id":9362756},{"stories_id":1403184870,"tag":"Washington Post","tag_set":"cliff_organizations","tag_sets_id":2388,"tags_id":9362798},{"stories_id":1403184870,"tag":"CNN","tag_set":"cliff_organizations","tag_sets_id":2388,"tags_id":9362932},{"stories_id":1403184870,"tag":"Congress","tag_set":"cliff_organizations","tag_sets_id":2388,"tags_id":9362962},{"stories_id":1403184870,"tag":"Bloomberg","tag_set":"cliff_organizations","tag_sets_id":2388,"tags_id":9363116},{"stories_id":1403184870,"tag":"Joe Biden","tag_set":"cliff_people","tag_sets_id":2389,"tags_id":9363134},{"stories_id":1403184870,"tag":"Yale Law School","tag_set":"cliff_organizations","tag_sets_id":2388,"tags_id":9363743},{"stories_id":1403184870,"tag":"Georgetown University","tag_set":"cliff_organizations","tag_sets_id":2388,"tags_id":9366294},{"stories_id":1403184870,"tag":"Ashley","tag_set":"cliff_people","tag_sets_id":2389,"tags_id":9367177},{"stories_id":1403184870,"tag":"Naomi","tag_set":"cliff_people","tag_sets_id":2389,"tags_id":9374018},{"stories_id":1403184870,"tag":"Joseph Biden","tag_set":"cliff_people","tag_sets_id":2389,"tags_id":9380431},{"stories_id":1403184870,"tag":"USA TODAY","tag_set":"cliff_organizations","tag_sets_id":2388,"tags_id":9382850},{"stories_id":1403184870,"tag":"Vanity Fair","tag_set":"cliff_organizations","tag_sets_id":2388,"tags_id":9416276},{"stories_id":1403184870,"tag":"Yuriy Lutsenko","tag_set":"cliff_people","tag_sets_id":2389,"tags_id":9458400},{"stories_id":1403184870,"tag":"Jill Biden","tag_set":"cliff_people","tag_sets_id":2389,"tags_id":9463407},{"stories_id":1403184870,"tag":"Hunter Biden","tag_set":"cliff_people","tag_sets_id":2389,"tags_id":9479867},{"stories_id":1403184870,"tag":"Walter Reed","tag_set":"cliff_people","tag_sets_id":2389,"tags_id":9489438},{"stories_id":1403184870,"tag":"Finnegan Biden","tag_set":"cliff_people","tag_sets_id":2389,"tags_id":9507278},{"stories_id":1403184870,"tag":"Beau","tag_set":"cliff_people","tag_sets_id":2389,"tags_id":9511192},{"stories_id":1403184870,"tag":"Archmere Academy","tag_set":"cliff_organizations","tag_sets_id":2388,"tags_id":9548819},{"stories_id":1403184870,"tag":"Neilia Hunter","tag_set":"cliff_people","tag_sets_id":2389,"tags_id":9548823},{"stories_id":1403184870,"tag":"Bidens","tag_set":"cliff_people","tag_sets_id":2389,"tags_id":9628033},{"stories_id":1403184870,"tag":"Bloomberg News Service","tag_set":"cliff_organizations","tag_sets_id":2388,"tags_id":9678149},{"stories_id":1403184870,"tag":"cliff_clavin_v2.4.1","tag_set":"geocoder_version","tag_sets_id":1937,"tags_id":9696677},{"stories_id":1403184870,"tag":"Delaware News Journal","tag_set":"cliff_organizations","tag_sets_id":2388,"tags_id":9735617},{"stories_id":1403184870,"tag":"Meredith Newman","tag_set":"cliff_people","tag_sets_id":2389,"tags_id":9751109},{"stories_id":1403184870,"tag":"Bart Jansen","tag_set":"cliff_people","tag_sets_id":2389,"tags_id":9981394},{"stories_id":1403184870,"tag":"Viktor Shokin","tag_set":"cliff_people","tag_sets_id":2389,"tags_id":10021783},{"stories_id":1403184870,"tag":"Burisma Holdings","tag_set":"cliff_organizations","tag_sets_id":2388,"tags_id":10106259},{"stories_id":1403184870,"tag":"Ng Han Guan","tag_set":"cliff_people","tag_sets_id":2389,"tags_id":10659315},{"stories_id":1403184870,"tag":"Andrew Sharp","tag_set":"cliff_people","tag_sets_id":2389,"tags_id":10838429},{"stories_id":1403184870,"tag":"Melissa Cohen","tag_set":"cliff_people","tag_sets_id":2389,"tags_id":10950980},{"stories_id":1403184870,"tag":"Hallie Biden","tag_set":"cliff_people","tag_sets_id":2389,"tags_id":11812524},{"stories_id":1403184870,"tag":"Eudora Global","tag_set":"cliff_organizations","tag_sets_id":2388,"tags_id":11831968},{"stories_id":1403184870,"tag":"Adele Starr","tag_set":"cliff_people","tag_sets_id":2389,"tags_id":18931016},{"stories_id":1403184870,"tag":"Zelensky","tag_set":"cliff_people","tag_sets_id":2389,"tags_id":31141602},{"stories_id":1403184870,"tag":"University of Delaware baseball","tag_set":"cliff_organizations","tag_sets_id":2388,"tags_id":56016327},{"stories_id":1403184870,"tag":"readability-lxml-0.7","tag_set":"extractor_version","tag_sets_id":1354,"tags_id":81092444},{"stories_id":1403184870,"tag":"Kathleen Buhle","tag_set":"cliff_people","tag_sets_id":2389,"tags_id":151085882}],"title":"Hunter Biden: Who is former Vice President Joe Biden's son mentioned in Ukraine-Trump call?","url":"http://rssfeeds.usatoday.com/~/607191458/0/usatodaycomwashington-topstories~Hunter-Biden-Who-is-former-Vice-President-Joe-Bidens-son-mentioned-in-UkraineTrump-call/","word_count":null}]