[{"ap_syndicated":null,"collect_date":"2020-01-24 09:21:43.887405","feeds":null,"guid":"https://www.nytimes.com/2020/01/24/business/green-investments-climate-change.html","language":"en","media_id":1,"media_name":null,"media_url":null,"processed_stories_id":null,"publish_date":"2020-01-24 09:00:09","stories_id":1503776951,"story_tags":[{"stories_id":1503776951,"tag":"geonames_2658434","tag_set":"mc-geocoder@media.mit.edu","tag_sets_id":1011,"tags_id":8879101},{"stories_id":1503776951,"tag":"geonames_2661039","tag_set":"mc-geocoder@media.mit.edu","tag_sets_id":1011,"tags_id":8882296},{"stories_id":1503776951,"tag":"geonames_2660522","tag_set":"mc-geocoder@media.mit.edu","tag_sets_id":1011,"tags_id":8884436},{"stories_id":1503776951,"tag":"nyt_labeller_v1.0.0","tag_set":"nyt_labels_version","tag_sets_id":1964,"tags_id":9360669},{"stories_id":1503776951,"tag":"finances","tag_set":"nyt_labels","tag_sets_id":1963,"tags_id":9360840},{"stories_id":1503776951,"tag":"telephones and telecommunications","tag_set":"nyt_labels","tag_sets_id":1963,"tags_id":9360991},{"stories_id":1503776951,"tag":"stocks and bonds","tag_set":"nyt_labels","tag_sets_id":1963,"tags_id":9361012},{"stories_id":1503776951,"tag":"UBS","tag_set":"cliff_organizations","tag_sets_id":2388,"tags_id":9414541},{"stories_id":1503776951,"tag":"S.A.","tag_set":"cliff_organizations","tag_sets_id":2388,"tags_id":9590320},{"stories_id":1503776951,"tag":"CMS Energy","tag_set":"cliff_organizations","tag_sets_id":2388,"tags_id":9657146},{"stories_id":1503776951,"tag":"Wilmington Trust","tag_set":"cliff_organizations","tag_sets_id":2388,"tags_id":9759652},{"stories_id":1503776951,"tag":"Mark Haefele","tag_set":"cliff_people","tag_sets_id":2389,"tags_id":9935243},{"stories_id":1503776951,"tag":"UBS Global Wealth Management","tag_set":"cliff_organizations","tag_sets_id":2388,"tags_id":10282384},{"stories_id":1503776951,"tag":"Vanneman","tag_set":"cliff_people","tag_sets_id":2389,"tags_id":10425724},{"stories_id":1503776951,"tag":"Steve Norcini","tag_set":"cliff_people","tag_sets_id":2389,"tags_id":67773299},{"stories_id":1503776951,"tag":"readability-lxml-0.7","tag_set":"extractor_version","tag_sets_id":1354,"tags_id":81092444},{"stories_id":1503776951,"tag":"cliff_clavin_v2.6.0","tag_set":"geocoder_version","tag_sets_id":1937,"tags_id":189462640}],"title":"A Call for Investors to Put Their Money Toward a Green Future","url":"https://www.nytimes.com/2020/01/24/business/green-investments-climate-change.html","word_count":null}]