[{"ap_syndicated":null,"collect_date":"2020-03-05 01:47:13.684170","feeds":null,"guid":"https://www.newsweek.com/leonardo-dicaprio-climate-change-private-jet-yacht-global-citizen-1461990","language":"en","media_id":2,"media_name":null,"media_url":null,"processed_stories_id":null,"publish_date":"2019-09-30 08:10:59","stories_id":1539072060,"story_tags":[{"stories_id":1539072060,"tag":"geonames_6252001","tag_set":"mc-geocoder@media.mit.edu","tag_sets_id":1011,"tags_id":8878461},{"stories_id":1539072060,"tag":"geonames_5332921","tag_set":"mc-geocoder@media.mit.edu","tag_sets_id":1011,"tags_id":8878533},{"stories_id":1539072060,"tag":"geonames_5357527","tag_set":"mc-geocoder@media.mit.edu","tag_sets_id":1011,"tags_id":8878850},{"stories_id":1539072060,"tag":"geonames_5789668","tag_set":"mc-geocoder@media.mit.edu","tag_sets_id":1011,"tags_id":8879157},{"stories_id":1539072060,"tag":"nyt_labeller_v1.0.0","tag_set":"nyt_labels_version","tag_sets_id":1964,"tags_id":9360669},{"stories_id":1539072060,"tag":"motion pictures","tag_set":"nyt_labels","tag_sets_id":1963,"tags_id":9360845},{"stories_id":1539072060,"tag":"labor","tag_set":"nyt_labels","tag_sets_id":1963,"tags_id":9360859},{"stories_id":1539072060,"tag":"festivals","tag_set":"nyt_labels","tag_sets_id":1963,"tags_id":9361096},{"stories_id":1539072060,"tag":"Harry","tag_set":"cliff_people","tag_sets_id":2389,"tags_id":9376502},{"stories_id":1539072060,"tag":"Leonardo DiCaprio","tag_set":"cliff_people","tag_sets_id":2389,"tags_id":9380126},{"stories_id":1539072060,"tag":"Meghan Markle","tag_set":"cliff_people","tag_sets_id":2389,"tags_id":9388076},{"stories_id":1539072060,"tag":"guess_by_tag_meta","tag_set":"date_guess_method","tag_sets_id":508,"tags_id":50741386},{"stories_id":1539072060,"tag":"Greta Thunberg","tag_set":"cliff_people","tag_sets_id":2389,"tags_id":73335219},{"stories_id":1539072060,"tag":"readability-lxml-0.7","tag_set":"extractor_version","tag_sets_id":1354,"tags_id":81092444},{"stories_id":1539072060,"tag":"cliff_clavin_v2.6.0","tag_set":"geocoder_version","tag_sets_id":1937,"tags_id":189462640}],"title":"Leonardo DiCaprio Criticized for Private Jet Use After Calling Out Climate Change Deniers at Global Citizen Festival","url":"https://www.newsweek.com/leonardo-dicaprio-climate-change-private-jet-yacht-global-citizen-1461990","word_count":null}]