[{"ap_syndicated":null,"collect_date":"2020-03-13 17:17:28.040080","feeds":null,"guid":"https://www.usatoday.com/story/news/nation/2020/03/13/climate-point-mining-lead-bullets-and-coronavirus-arctic/5029630002/","language":"en","media_id":4,"media_name":null,"media_url":null,"processed_stories_id":null,"publish_date":"2020-03-13 16:47:49","stories_id":1547652747,"story_tags":[{"stories_id":1547652747,"tag":"geonames_6252001","tag_set":"mc-geocoder@media.mit.edu","tag_sets_id":1011,"tags_id":8878461},{"stories_id":1547652747,"tag":"geonames_5332921","tag_set":"mc-geocoder@media.mit.edu","tag_sets_id":1011,"tags_id":8878533},{"stories_id":1547652747,"tag":"geonames_5856195","tag_set":"mc-geocoder@media.mit.edu","tag_sets_id":1011,"tags_id":8880446},{"stories_id":1547652747,"tag":"nyt_labeller_v1.0.0","tag_set":"nyt_labels_version","tag_sets_id":1964,"tags_id":9360669},{"stories_id":1547652747,"tag":"finances","tag_set":"nyt_labels","tag_sets_id":1963,"tags_id":9360840},{"stories_id":1547652747,"tag":"oil (petroleum) and gasoline","tag_set":"nyt_labels","tag_sets_id":1963,"tags_id":9360884},{"stories_id":1547652747,"tag":"prices (fares, fees and rates)","tag_set":"nyt_labels","tag_sets_id":1963,"tags_id":9360996},{"stories_id":1547652747,"tag":"Reuters","tag_set":"cliff_organizations","tag_sets_id":2388,"tags_id":9362267},{"stories_id":1547652747,"tag":"Washington Post","tag_set":"cliff_organizations","tag_sets_id":2388,"tags_id":9362798},{"stories_id":1547652747,"tag":"Trump","tag_set":"cliff_people","tag_sets_id":2389,"tags_id":9362872},{"stories_id":1547652747,"tag":"Exxon","tag_set":"cliff_organizations","tag_sets_id":2388,"tags_id":9362930},{"stories_id":1547652747,"tag":"Trump administration","tag_set":"cliff_organizations","tag_sets_id":2388,"tags_id":9362998},{"stories_id":1547652747,"tag":"Shell","tag_set":"cliff_organizations","tag_sets_id":2388,"tags_id":9363630},{"stories_id":1547652747,"tag":"Times","tag_set":"cliff_organizations","tag_sets_id":2388,"tags_id":9365707},{"stories_id":1547652747,"tag":"BP","tag_set":"cliff_organizations","tag_sets_id":2388,"tags_id":9367462},{"stories_id":1547652747,"tag":"HuffPost","tag_set":"cliff_people","tag_sets_id":2389,"tags_id":9370012},{"stories_id":1547652747,"tag":"USA Today","tag_set":"cliff_organizations","tag_sets_id":2388,"tags_id":9373383},{"stories_id":1547652747,"tag":"Bureau of Land Management","tag_set":"cliff_organizations","tag_sets_id":2388,"tags_id":9373685},{"stories_id":1547652747,"tag":"OPEC","tag_set":"cliff_organizations","tag_sets_id":2388,"tags_id":9375035},{"stories_id":1547652747,"tag":"GAO","tag_set":"cliff_organizations","tag_sets_id":2388,"tags_id":9396523},{"stories_id":1547652747,"tag":"Amazon rain forest","tag_set":"cliff_organizations","tag_sets_id":2388,"tags_id":9402877},{"stories_id":1547652747,"tag":"Heartland Institute","tag_set":"cliff_organizations","tag_sets_id":2388,"tags_id":9405349},{"stories_id":1547652747,"tag":"U.S. Government Accountability Office","tag_set":"cliff_organizations","tag_sets_id":2388,"tags_id":9449031},{"stories_id":1547652747,"tag":"Dylan Brown","tag_set":"cliff_people","tag_sets_id":2389,"tags_id":9632844},{"stories_id":1547652747,"tag":"buckshot","tag_set":"cliff_people","tag_sets_id":2389,"tags_id":9640529},{"stories_id":1547652747,"tag":"AFP","tag_set":"cliff_organizations","tag_sets_id":2388,"tags_id":9696691},{"stories_id":1547652747,"tag":"GAO","tag_set":"cliff_people","tag_sets_id":2389,"tags_id":9698054},{"stories_id":1547652747,"tag":"E&E","tag_set":"cliff_organizations","tag_sets_id":2388,"tags_id":9704232},{"stories_id":1547652747,"tag":"Reno Gazette Journal","tag_set":"cliff_organizations","tag_sets_id":2388,"tags_id":9709038},{"stories_id":1547652747,"tag":"Maui County Council","tag_set":"cliff_organizations","tag_sets_id":2388,"tags_id":10788582},{"stories_id":1547652747,"tag":"Sarah Bowman","tag_set":"cliff_people","tag_sets_id":2389,"tags_id":11559899},{"stories_id":1547652747,"tag":"Mark Olalde","tag_set":"cliff_people","tag_sets_id":2389,"tags_id":28124548},{"stories_id":1547652747,"tag":"Hawai'i Public Radio","tag_set":"cliff_organizations","tag_sets_id":2388,"tags_id":43279359},{"stories_id":1547652747,"tag":"readability-lxml-0.7","tag_set":"extractor_version","tag_sets_id":1354,"tags_id":81092444},{"stories_id":1547652747,"tag":"cliff_clavin_v2.6.0","tag_set":"geocoder_version","tag_sets_id":1937,"tags_id":189462640},{"stories_id":1547652747,"tag":"O'ahu First Circuit Court","tag_set":"cliff_organizations","tag_sets_id":2388,"tags_id":198714269}],"title":"Climate Point: Mining lead bullets, and coronavirus in the Arctic","url":"http://rssfeeds.usatoday.com/~/619797504/0/usatodaycomnation-topstories~Climate-Point-Mining-lead-bullets-and-coronavirus-in-the-Arctic/","word_count":null}]