[{"ap_syndicated":null,"collect_date":"2020-04-30 13:24:39.080903","feeds":null,"guid":"https://www.usatoday.com/story/news/world/2020/04/30/global-carbon-dioxide-emissions-decline-coronavirus-lockdowns/3055323001/","language":"en","media_id":4,"media_name":null,"media_url":null,"processed_stories_id":null,"publish_date":"2020-04-30 13:09:09","stories_id":1593528456,"story_tags":[{"stories_id":1593528456,"tag":"geonames_6252001","tag_set":"mc-geocoder@media.mit.edu","tag_sets_id":1011,"tags_id":8878461},{"stories_id":1593528456,"tag":"geonames_4736286","tag_set":"mc-geocoder@media.mit.edu","tag_sets_id":1011,"tags_id":8878538},{"stories_id":1593528456,"tag":"geonames_4717560","tag_set":"mc-geocoder@media.mit.edu","tag_sets_id":1011,"tags_id":8883238},{"stories_id":1593528456,"tag":"nyt_labeller_v1.0.0","tag_set":"nyt_labels_version","tag_sets_id":1964,"tags_id":9360669},{"stories_id":1593528456,"tag":"oil (petroleum) and gasoline","tag_set":"nyt_labels","tag_sets_id":1963,"tags_id":9360884},{"stories_id":1593528456,"tag":"global warming","tag_set":"nyt_labels","tag_sets_id":1963,"tags_id":9360886},{"stories_id":1593528456,"tag":"environment","tag_set":"nyt_labels","tag_sets_id":1963,"tags_id":9360887},{"stories_id":1593528456,"tag":"weather","tag_set":"nyt_labels","tag_sets_id":1963,"tags_id":9360902},{"stories_id":1593528456,"tag":"energy and power","tag_set":"nyt_labels","tag_sets_id":1963,"tags_id":9360997},{"stories_id":1593528456,"tag":"air pollution","tag_set":"nyt_labels","tag_sets_id":1963,"tags_id":9361007},{"stories_id":1593528456,"tag":"electric light and power","tag_set":"nyt_labels","tag_sets_id":1963,"tags_id":9361013},{"stories_id":1593528456,"tag":"light","tag_set":"nyt_labels","tag_sets_id":1963,"tags_id":9361014},{"stories_id":1593528456,"tag":"chemistry","tag_set":"nyt_labels","tag_sets_id":1963,"tags_id":9361262},{"stories_id":1593528456,"tag":"New York Times","tag_set":"cliff_organizations","tag_sets_id":2388,"tags_id":9362756},{"stories_id":1593528456,"tag":"NASA","tag_set":"cliff_organizations","tag_sets_id":2388,"tags_id":9364494},{"stories_id":1593528456,"tag":"International Energy Agency","tag_set":"cliff_organizations","tag_sets_id":2388,"tags_id":9387130},{"stories_id":1593528456,"tag":"National Oceanic and Atmospheric Administration","tag_set":"cliff_organizations","tag_sets_id":2388,"tags_id":9394166},{"stories_id":1593528456,"tag":"IEA","tag_set":"cliff_organizations","tag_sets_id":2388,"tags_id":9395763},{"stories_id":1593528456,"tag":"Fatih Birol","tag_set":"cliff_people","tag_sets_id":2389,"tags_id":9395764},{"stories_id":1593528456,"tag":"Glen Peters","tag_set":"cliff_people","tag_sets_id":2389,"tags_id":9437068},{"stories_id":1593528456,"tag":"Zeke Hausfather","tag_set":"cliff_people","tag_sets_id":2389,"tags_id":9453981},{"stories_id":1593528456,"tag":"Center for International Climate Research","tag_set":"cliff_organizations","tag_sets_id":2388,"tags_id":18711757},{"stories_id":1593528456,"tag":"readability-lxml-0.7","tag_set":"extractor_version","tag_sets_id":1354,"tags_id":81092444},{"stories_id":1593528456,"tag":"cliff_clavin_v2.6.0","tag_set":"geocoder_version","tag_sets_id":1937,"tags_id":189462640}],"title":"Will an 'unprecedented decline' in carbon emissions help limit climate change?","url":"http://rssfeeds.usatoday.com/~/622820778/0/usatoday-newstopstories~Will-an-unprecedented-decline-in-carbon-emissions-help-limit-climate-change/","word_count":null}]