[{"ap_syndicated":null,"collect_date":"2020-06-03 15:25:40.648081","feeds":null,"guid":"https://www.wsj.com/articles/dealing-with-the-coronavirus-11584656767","language":"en","media_id":1150,"media_name":null,"media_url":null,"processed_stories_id":null,"publish_date":"2020-06-03 15:25:40.561585","stories_id":1624663103,"story_tags":[{"stories_id":1624663103,"tag":"geonames_6252001","tag_set":"mc-geocoder@media.mit.edu","tag_sets_id":1011,"tags_id":8878461},{"stories_id":1624663103,"tag":"geonames_5110302","tag_set":"mc-geocoder@media.mit.edu","tag_sets_id":1011,"tags_id":8878462},{"stories_id":1624663103,"tag":"geonames_5128638","tag_set":"mc-geocoder@media.mit.edu","tag_sets_id":1011,"tags_id":8878463},{"stories_id":1624663103,"tag":"geonames_4887398","tag_set":"mc-geocoder@media.mit.edu","tag_sets_id":1011,"tags_id":8878485},{"stories_id":1624663103,"tag":"geonames_5128581","tag_set":"mc-geocoder@media.mit.edu","tag_sets_id":1011,"tags_id":8878486},{"stories_id":1624663103,"tag":"geonames_5125771","tag_set":"mc-geocoder@media.mit.edu","tag_sets_id":1011,"tags_id":8878499},{"stories_id":1624663103,"tag":"geonames_5391959","tag_set":"mc-geocoder@media.mit.edu","tag_sets_id":1011,"tags_id":8878536},{"stories_id":1624663103,"tag":"geonames_5368361","tag_set":"mc-geocoder@media.mit.edu","tag_sets_id":1011,"tags_id":8878543},{"stories_id":1624663103,"tag":"geonames_5206379","tag_set":"mc-geocoder@media.mit.edu","tag_sets_id":1011,"tags_id":8878637},{"stories_id":1624663103,"tag":"geonames_5809844","tag_set":"mc-geocoder@media.mit.edu","tag_sets_id":1011,"tags_id":8878694},{"stories_id":1624663103,"tag":"geonames_4335045","tag_set":"mc-geocoder@media.mit.edu","tag_sets_id":1011,"tags_id":8879047},{"stories_id":1624663103,"tag":"geonames_5174035","tag_set":"mc-geocoder@media.mit.edu","tag_sets_id":1011,"tags_id":8879375},{"stories_id":1624663103,"tag":"geonames_5110266","tag_set":"mc-geocoder@media.mit.edu","tag_sets_id":1011,"tags_id":8894411},{"stories_id":1624663103,"tag":"geonames_5263397","tag_set":"mc-geocoder@media.mit.edu","tag_sets_id":1011,"tags_id":9037361},{"stories_id":1624663103,"tag":"nyt_labeller_v1.0.0","tag_set":"nyt_labels_version","tag_sets_id":1964,"tags_id":9360669},{"stories_id":1624663103,"tag":"medicine and health","tag_set":"nyt_labels","tag_sets_id":1963,"tags_id":9360852},{"stories_id":1624663103,"tag":"diseases and conditions","tag_set":"nyt_labels","tag_sets_id":1963,"tags_id":9360942},{"stories_id":1624663103,"tag":"Google","tag_set":"cliff_organizations","tag_sets_id":2388,"tags_id":9363209},{"stories_id":1624663103,"tag":"Brooklyn College","tag_set":"cliff_organizations","tag_sets_id":2388,"tags_id":9365686},{"stories_id":1624663103,"tag":"Starbucks","tag_set":"cliff_organizations","tag_sets_id":2388,"tags_id":9367894},{"stories_id":1624663103,"tag":"Harrison","tag_set":"cliff_people","tag_sets_id":2389,"tags_id":9370935},{"stories_id":1624663103,"tag":"CVS","tag_set":"cliff_organizations","tag_sets_id":2388,"tags_id":9374223},{"stories_id":1624663103,"tag":"Clayton","tag_set":"cliff_people","tag_sets_id":2389,"tags_id":9374767},{"stories_id":1624663103,"tag":"Isaac","tag_set":"cliff_people","tag_sets_id":2389,"tags_id":9383298},{"stories_id":1624663103,"tag":"Bob","tag_set":"cliff_people","tag_sets_id":2389,"tags_id":9388251},{"stories_id":1624663103,"tag":"YouTube channel","tag_set":"cliff_organizations","tag_sets_id":2388,"tags_id":9394250},{"stories_id":1624663103,"tag":"MTA","tag_set":"cliff_organizations","tag_sets_id":2388,"tags_id":9395021},{"stories_id":1624663103,"tag":"Chloe","tag_set":"cliff_people","tag_sets_id":2389,"tags_id":9397282},{"stories_id":1624663103,"tag":"Mainuddin","tag_set":"cliff_people","tag_sets_id":2389,"tags_id":9407573},{"stories_id":1624663103,"tag":"Dartmouth College","tag_set":"cliff_organizations","tag_sets_id":2388,"tags_id":9413816},{"stories_id":1624663103,"tag":"Collin","tag_set":"cliff_people","tag_sets_id":2389,"tags_id":9416243},{"stories_id":1624663103,"tag":"cook","tag_set":"cliff_people","tag_sets_id":2389,"tags_id":9416494},{"stories_id":1624663103,"tag":"Clarke","tag_set":"cliff_people","tag_sets_id":2389,"tags_id":9429786},{"stories_id":1624663103,"tag":"Valerie","tag_set":"cliff_people","tag_sets_id":2389,"tags_id":9444528},{"stories_id":1624663103,"tag":"Trinity College","tag_set":"cliff_organizations","tag_sets_id":2388,"tags_id":9462219},{"stories_id":1624663103,"tag":"Vassar College","tag_set":"cliff_organizations","tag_sets_id":2388,"tags_id":9483351},{"stories_id":1624663103,"tag":"Junior","tag_set":"cliff_people","tag_sets_id":2389,"tags_id":9485593},{"stories_id":1624663103,"tag":"BJ","tag_set":"cliff_organizations","tag_sets_id":2388,"tags_id":9503560},{"stories_id":1624663103,"tag":"Liv","tag_set":"cliff_people","tag_sets_id":2389,"tags_id":9506469},{"stories_id":1624663103,"tag":"Long Island University","tag_set":"cliff_organizations","tag_sets_id":2388,"tags_id":9515092},{"stories_id":1624663103,"tag":"University of North Texas","tag_set":"cliff_organizations","tag_sets_id":2388,"tags_id":9523865},{"stories_id":1624663103,"tag":"Charles Sumner","tag_set":"cliff_people","tag_sets_id":2389,"tags_id":9524803},{"stories_id":1624663103,"tag":"Salem State University","tag_set":"cliff_organizations","tag_sets_id":2388,"tags_id":9598531},{"stories_id":1624663103,"tag":"St. Anne","tag_set":"cliff_people","tag_sets_id":2389,"tags_id":9619172},{"stories_id":1624663103,"tag":"Lincoln Park","tag_set":"cliff_people","tag_sets_id":2389,"tags_id":9634126},{"stories_id":1624663103,"tag":"Alvin Chang","tag_set":"cliff_people","tag_sets_id":2389,"tags_id":9635971},{"stories_id":1624663103,"tag":"Matteson","tag_set":"cliff_people","tag_sets_id":2389,"tags_id":9652066},{"stories_id":1624663103,"tag":"RAs","tag_set":"cliff_people","tag_sets_id":2389,"tags_id":9715449},{"stories_id":1624663103,"tag":"Jessica Allen","tag_set":"cliff_people","tag_sets_id":2389,"tags_id":9718091},{"stories_id":1624663103,"tag":"West Virginia University College of Law","tag_set":"cliff_organizations","tag_sets_id":2388,"tags_id":9745813},{"stories_id":1624663103,"tag":"Santa Anna","tag_set":"cliff_people","tag_sets_id":2389,"tags_id":9889945},{"stories_id":1624663103,"tag":"brutal Khmer Rouge","tag_set":"cliff_organizations","tag_sets_id":2388,"tags_id":9942984},{"stories_id":1624663103,"tag":"Parsons School of Design","tag_set":"cliff_organizations","tag_sets_id":2388,"tags_id":10039186},{"stories_id":1624663103,"tag":"corona","tag_set":"cliff_people","tag_sets_id":2389,"tags_id":10102373},{"stories_id":1624663103,"tag":"Kyle Evans","tag_set":"cliff_people","tag_sets_id":2389,"tags_id":10363238},{"stories_id":1624663103,"tag":"J.J. McCorvey","tag_set":"cliff_people","tag_sets_id":2389,"tags_id":10574554},{"stories_id":1624663103,"tag":"Harry Wood","tag_set":"cliff_people","tag_sets_id":2389,"tags_id":11653428},{"stories_id":1624663103,"tag":"Ben Robbins","tag_set":"cliff_people","tag_sets_id":2389,"tags_id":11872155},{"stories_id":1624663103,"tag":"Nate Morris","tag_set":"cliff_people","tag_sets_id":2389,"tags_id":17883238},{"stories_id":1624663103,"tag":"Zamariah Smith","tag_set":"cliff_people","tag_sets_id":2389,"tags_id":21657215},{"stories_id":1624663103,"tag":"Devon Kurtz","tag_set":"cliff_people","tag_sets_id":2389,"tags_id":22279508},{"stories_id":1624663103,"tag":"Deborah Acosta","tag_set":"cliff_people","tag_sets_id":2389,"tags_id":24162204},{"stories_id":1624663103,"tag":"Calc","tag_set":"cliff_organizations","tag_sets_id":2388,"tags_id":28042363},{"stories_id":1624663103,"tag":"Manhattan hospital","tag_set":"cliff_organizations","tag_sets_id":2388,"tags_id":28176367},{"stories_id":1624663103,"tag":"Bushra Rehman","tag_set":"cliff_people","tag_sets_id":2389,"tags_id":28325659},{"stories_id":1624663103,"tag":"Alex Priest","tag_set":"cliff_people","tag_sets_id":2389,"tags_id":28494494},{"stories_id":1624663103,"tag":"St. Anne Hospital","tag_set":"cliff_organizations","tag_sets_id":2388,"tags_id":28613589},{"stories_id":1624663103,"tag":"Kristen Jones","tag_set":"cliff_people","tag_sets_id":2389,"tags_id":29549674},{"stories_id":1624663103,"tag":"Jonathan Shen","tag_set":"cliff_people","tag_sets_id":2389,"tags_id":31094137},{"stories_id":1624663103,"tag":"Nick Constantino","tag_set":"cliff_people","tag_sets_id":2389,"tags_id":31867312},{"stories_id":1624663103,"tag":"Deshawn Johnson","tag_set":"cliff_people","tag_sets_id":2389,"tags_id":34848223},{"stories_id":1624663103,"tag":"self-quarantine","tag_set":"cliff_people","tag_sets_id":2389,"tags_id":35748299},{"stories_id":1624663103,"tag":"Ali Salahi","tag_set":"cliff_people","tag_sets_id":2389,"tags_id":35987112},{"stories_id":1624663103,"tag":"Hebrew Academy of Orange County","tag_set":"cliff_organizations","tag_sets_id":2388,"tags_id":40498986},{"stories_id":1624663103,"tag":"Ivan Varela","tag_set":"cliff_people","tag_sets_id":2389,"tags_id":45959404},{"stories_id":1624663103,"tag":"Carlynn Greene","tag_set":"cliff_people","tag_sets_id":2389,"tags_id":46823373},{"stories_id":1624663103,"tag":"Yoni Sheleg","tag_set":"cliff_people","tag_sets_id":2389,"tags_id":48042749},{"stories_id":1624663103,"tag":"Alexandra Schinasi","tag_set":"cliff_people","tag_sets_id":2389,"tags_id":48308477},{"stories_id":1624663103,"tag":"Julia Masnik","tag_set":"cliff_people","tag_sets_id":2389,"tags_id":48755682},{"stories_id":1624663103,"tag":"date_invalid","tag_set":"date_invalid","tag_sets_id":714,"tags_id":50741422},{"stories_id":1624663103,"tag":"Nico Gendron","tag_set":"cliff_people","tag_sets_id":2389,"tags_id":52518170},{"stories_id":1624663103,"tag":"Rachel Farrow","tag_set":"cliff_people","tag_sets_id":2389,"tags_id":52568824},{"stories_id":1624663103,"tag":"— Allison Pohle","tag_set":"cliff_people","tag_sets_id":2389,"tags_id":53007465},{"stories_id":1624663103,"tag":"Chavon Smith","tag_set":"cliff_people","tag_sets_id":2389,"tags_id":57217550},{"stories_id":1624663103,"tag":"Jonathon Hanson","tag_set":"cliff_people","tag_sets_id":2389,"tags_id":62207531},{"stories_id":1624663103,"tag":"Li Hsing","tag_set":"cliff_people","tag_sets_id":2389,"tags_id":68918638},{"stories_id":1624663103,"tag":"Adria Robinson","tag_set":"cliff_people","tag_sets_id":2389,"tags_id":70286837},{"stories_id":1624663103,"tag":"Kimarlee Nguyen","tag_set":"cliff_people","tag_sets_id":2389,"tags_id":71491684},{"stories_id":1624663103,"tag":"Rebecca Fritz","tag_set":"cliff_people","tag_sets_id":2389,"tags_id":72430998},{"stories_id":1624663103,"tag":"Robert Olejarz","tag_set":"cliff_people","tag_sets_id":2389,"tags_id":77304652},{"stories_id":1624663103,"tag":"readability-lxml-0.7","tag_set":"extractor_version","tag_sets_id":1354,"tags_id":81092444},{"stories_id":1624663103,"tag":"Hannah Oxley","tag_set":"cliff_people","tag_sets_id":2389,"tags_id":94399829},{"stories_id":1624663103,"tag":"Alex Janin","tag_set":"cliff_people","tag_sets_id":2389,"tags_id":103928861},{"stories_id":1624663103,"tag":"Ngoc Cindy Pham","tag_set":"cliff_people","tag_sets_id":2389,"tags_id":133481573},{"stories_id":1624663103,"tag":"Kenya Capers","tag_set":"cliff_people","tag_sets_id":2389,"tags_id":148157442},{"stories_id":1624663103,"tag":"Dana Chan","tag_set":"cliff_people","tag_sets_id":2389,"tags_id":148608005},{"stories_id":1624663103,"tag":"Kara Frey","tag_set":"cliff_people","tag_sets_id":2389,"tags_id":172907522},{"stories_id":1624663103,"tag":"Sulagna Sarkar","tag_set":"cliff_people","tag_sets_id":2389,"tags_id":173697815},{"stories_id":1624663103,"tag":"Bryan Philip Cruz","tag_set":"cliff_people","tag_sets_id":2389,"tags_id":186513049},{"stories_id":1624663103,"tag":"geonames_5109797","tag_set":"mc-geocoder@media.mit.edu","tag_sets_id":1011,"tags_id":187516780},{"stories_id":1624663103,"tag":"cliff_clavin_v2.6.0","tag_set":"geocoder_version","tag_sets_id":1937,"tags_id":189462640},{"stories_id":1624663103,"tag":"Michelle de la Guardia","tag_set":"cliff_people","tag_sets_id":2389,"tags_id":202045884},{"stories_id":1624663103,"tag":"Angel Volquez","tag_set":"cliff_people","tag_sets_id":2389,"tags_id":202524119},{"stories_id":1624663103,"tag":"Brooklyn School for Collaborative studies","tag_set":"cliff_organizations","tag_sets_id":2388,"tags_id":202581226},{"stories_id":1624663103,"tag":"St. Andrew’s Episopal School","tag_set":"cliff_organizations","tag_sets_id":2388,"tags_id":202581227},{"stories_id":1624663103,"tag":"— Tyler Blint-Welsh","tag_set":"cliff_people","tag_sets_id":2389,"tags_id":202581228},{"stories_id":1624663103,"tag":"Martine De Matteo","tag_set":"cliff_people","tag_sets_id":2389,"tags_id":202581229},{"stories_id":1624663103,"tag":"Matthew Campoli","tag_set":"cliff_people","tag_sets_id":2389,"tags_id":202581230},{"stories_id":1624663103,"tag":"Matt Campoli","tag_set":"cliff_people","tag_sets_id":2389,"tags_id":202581231},{"stories_id":1624663103,"tag":"Lindsey Leder","tag_set":"cliff_people","tag_sets_id":2389,"tags_id":202581232},{"stories_id":1624663103,"tag":"Robin Tubby logs","tag_set":"cliff_people","tag_sets_id":2389,"tags_id":202581233},{"stories_id":1624663103,"tag":"Enita Dafinone","tag_set":"cliff_people","tag_sets_id":2389,"tags_id":202581234},{"stories_id":1624663103,"tag":"Darling Hernandez Ureña","tag_set":"cliff_people","tag_sets_id":2389,"tags_id":202581235},{"stories_id":1624663103,"tag":"Asha Yarrell","tag_set":"cliff_people","tag_sets_id":2389,"tags_id":202581236},{"stories_id":1624663103,"tag":"Noam Gabriel Sheleg","tag_set":"cliff_people","tag_sets_id":2389,"tags_id":202581237},{"stories_id":1624663103,"tag":"Chyna Dayne","tag_set":"cliff_people","tag_sets_id":2389,"tags_id":202581238},{"stories_id":1624663103,"tag":"Laura Kermezian","tag_set":"cliff_people","tag_sets_id":2389,"tags_id":202581239},{"stories_id":1624663103,"tag":"Catherine Langmack","tag_set":"cliff_people","tag_sets_id":2389,"tags_id":202581240},{"stories_id":1624663103,"tag":"Stevean","tag_set":"cliff_people","tag_sets_id":2389,"tags_id":204663592},{"stories_id":1624663103,"tag":"Kharma Lundy","tag_set":"cliff_people","tag_sets_id":2389,"tags_id":204663599},{"stories_id":1624663103,"tag":"Chaoli","tag_set":"cliff_people","tag_sets_id":2389,"tags_id":204663602}],"title":"Dealing With the Coronavirus","url":"https://www.wsj.com/articles/dealing-with-the-coronavirus-11584656767","word_count":null}]