[{"ap_syndicated":null,"collect_date":"2020-07-29 17:29:48.340243","feeds":null,"guid":"https://www.washingtonpost.com/politics/2020/07/29/energy-202-us-coal-production-hit-its-lowest-point-last-four-decades/","language":"en","media_id":2,"media_name":null,"media_url":null,"processed_stories_id":null,"publish_date":"2020-07-29 08:08:41","stories_id":1671667681,"story_tags":[{"stories_id":1671667681,"tag":"geonames_6252001","tag_set":"mc-geocoder@media.mit.edu","tag_sets_id":1011,"tags_id":8878461},{"stories_id":1671667681,"tag":"geonames_4662168","tag_set":"mc-geocoder@media.mit.edu","tag_sets_id":1011,"tags_id":8878725},{"stories_id":1671667681,"tag":"geonames_4642988","tag_set":"mc-geocoder@media.mit.edu","tag_sets_id":1011,"tags_id":9027602},{"stories_id":1671667681,"tag":"nyt_labeller_v1.0.0","tag_set":"nyt_labels_version","tag_sets_id":1964,"tags_id":9360669},{"stories_id":1671667681,"tag":"politics and government","tag_set":"nyt_labels","tag_sets_id":1963,"tags_id":9360836},{"stories_id":1671667681,"tag":"finances","tag_set":"nyt_labels","tag_sets_id":1963,"tags_id":9360840},{"stories_id":1671667681,"tag":"united states politics and government","tag_set":"nyt_labels","tag_sets_id":1963,"tags_id":9360846},{"stories_id":1671667681,"tag":"elections","tag_set":"nyt_labels","tag_sets_id":1963,"tags_id":9360851},{"stories_id":1671667681,"tag":"environment","tag_set":"nyt_labels","tag_sets_id":1963,"tags_id":9360887},{"stories_id":1671667681,"tag":"economic conditions and trends","tag_set":"nyt_labels","tag_sets_id":1963,"tags_id":9360989},{"stories_id":1671667681,"tag":"air pollution","tag_set":"nyt_labels","tag_sets_id":1963,"tags_id":9361007},{"stories_id":1671667681,"tag":"mines and mining","tag_set":"nyt_labels","tag_sets_id":1963,"tags_id":9361146},{"stories_id":1671667681,"tag":"Vladimir Putin","tag_set":"cliff_people","tag_sets_id":2389,"tags_id":9362290},{"stories_id":1671667681,"tag":"White House","tag_set":"cliff_organizations","tag_sets_id":2388,"tags_id":9362736},{"stories_id":1671667681,"tag":"Barack Obama","tag_set":"cliff_people","tag_sets_id":2389,"tags_id":9362763},{"stories_id":1671667681,"tag":"Trump","tag_set":"cliff_people","tag_sets_id":2389,"tags_id":9362872},{"stories_id":1671667681,"tag":"Bloomberg","tag_set":"cliff_organizations","tag_sets_id":2388,"tags_id":9363116},{"stories_id":1671667681,"tag":"Joe Biden","tag_set":"cliff_people","tag_sets_id":2389,"tags_id":9363134},{"stories_id":1671667681,"tag":"Post","tag_set":"cliff_organizations","tag_sets_id":2388,"tags_id":9363250},{"stories_id":1671667681,"tag":"Environmental Protection Agency","tag_set":"cliff_organizations","tag_sets_id":2388,"tags_id":9363956},{"stories_id":1671667681,"tag":"EPA","tag_set":"cliff_organizations","tag_sets_id":2388,"tags_id":9364166},{"stories_id":1671667681,"tag":"Sierra Club","tag_set":"cliff_organizations","tag_sets_id":2388,"tags_id":9364168},{"stories_id":1671667681,"tag":"John Coequyt","tag_set":"cliff_people","tag_sets_id":2389,"tags_id":9364172},{"stories_id":1671667681,"tag":"Rick Perry","tag_set":"cliff_people","tag_sets_id":2389,"tags_id":9365900},{"stories_id":1671667681,"tag":"Wall Street Journal","tag_set":"cliff_organizations","tag_sets_id":2388,"tags_id":9366539},{"stories_id":1671667681,"tag":"Politico","tag_set":"cliff_organizations","tag_sets_id":2388,"tags_id":9369771},{"stories_id":1671667681,"tag":"Deutsche Bank","tag_set":"cliff_organizations","tag_sets_id":2388,"tags_id":9376405},{"stories_id":1671667681,"tag":"Bloomberg News","tag_set":"cliff_organizations","tag_sets_id":2388,"tags_id":9377578},{"stories_id":1671667681,"tag":"Energy Information Administration","tag_set":"cliff_organizations","tag_sets_id":2388,"tags_id":9380334},{"stories_id":1671667681,"tag":"Irene","tag_set":"cliff_people","tag_sets_id":2389,"tags_id":9382639},{"stories_id":1671667681,"tag":"Thomas R. Carper","tag_set":"cliff_people","tag_sets_id":2389,"tags_id":9387356},{"stories_id":1671667681,"tag":"Isabelle Khurshudyan","tag_set":"cliff_people","tag_sets_id":2389,"tags_id":9394820},{"stories_id":1671667681,"tag":"Dan Sullivan","tag_set":"cliff_people","tag_sets_id":2389,"tags_id":9412848},{"stories_id":1671667681,"tag":"Federal Energy Regulatory Commission","tag_set":"cliff_organizations","tag_sets_id":2388,"tags_id":9415770},{"stories_id":1671667681,"tag":"Energy Department","tag_set":"cliff_organizations","tag_sets_id":2388,"tags_id":9415772},{"stories_id":1671667681,"tag":"U.S. Energy Information Administration","tag_set":"cliff_organizations","tag_sets_id":2388,"tags_id":9443978},{"stories_id":1671667681,"tag":"Andrew Freedman","tag_set":"cliff_people","tag_sets_id":2389,"tags_id":9447070},{"stories_id":1671667681,"tag":"National Mining Association","tag_set":"cliff_organizations","tag_sets_id":2388,"tags_id":9455525},{"stories_id":1671667681,"tag":"Mike Bloomberg","tag_set":"cliff_people","tag_sets_id":2389,"tags_id":9464520},{"stories_id":1671667681,"tag":"Murray Energy Corp.","tag_set":"cliff_organizations","tag_sets_id":2388,"tags_id":9549365},{"stories_id":1671667681,"tag":"Matthew Cappucci","tag_set":"cliff_people","tag_sets_id":2389,"tags_id":9596422},{"stories_id":1671667681,"tag":"Ian Livingston","tag_set":"cliff_people","tag_sets_id":2389,"tags_id":9621824},{"stories_id":1671667681,"tag":"Brian Brooks","tag_set":"cliff_people","tag_sets_id":2389,"tags_id":9645828},{"stories_id":1671667681,"tag":"clean energy jobs","tag_set":"cliff_organizations","tag_sets_id":2388,"tags_id":24310933},{"stories_id":1671667681,"tag":"Navajo Generating Station","tag_set":"cliff_organizations","tag_sets_id":2388,"tags_id":32606882},{"stories_id":1671667681,"tag":"Alachua County Environmental Protection Department","tag_set":"cliff_organizations","tag_sets_id":2388,"tags_id":40215305},{"stories_id":1671667681,"tag":"Stacie Greco","tag_set":"cliff_people","tag_sets_id":2389,"tags_id":57479805},{"stories_id":1671667681,"tag":"readability-lxml-0.7","tag_set":"extractor_version","tag_sets_id":1354,"tags_id":81092444},{"stories_id":1671667681,"tag":"Conor Bernstein","tag_set":"cliff_people","tag_sets_id":2389,"tags_id":81597488},{"stories_id":1671667681,"tag":"cliff_clavin_v2.6.0","tag_set":"geocoder_version","tag_sets_id":1937,"tags_id":189462640}],"title":"The Energy 202: U.S. coal production hit its lowest point in last four decades","url":"https://www.washingtonpost.com/politics/2020/07/29/energy-202-us-coal-production-hit-its-lowest-point-last-four-decades/","word_count":null}]