[{"ap_syndicated":null,"collect_date":"2020-07-29 16:55:22.560598","feeds":null,"guid":"{D1855220-A11E-459B-A241-F70F7A8CD9BF}","language":"en","media_id":1150,"media_name":null,"media_url":null,"processed_stories_id":null,"publish_date":"2020-07-29 11:25:12","stories_id":1671610154,"story_tags":[{"stories_id":1671610154,"tag":"nyt_labeller_v1.0.0","tag_set":"nyt_labels_version","tag_sets_id":1964,"tags_id":9360669},{"stories_id":1671610154,"tag":"finances","tag_set":"nyt_labels","tag_sets_id":1963,"tags_id":9360840},{"stories_id":1671610154,"tag":"energy and power","tag_set":"nyt_labels","tag_sets_id":1963,"tags_id":9360997},{"stories_id":1671610154,"tag":"electric light and power","tag_set":"nyt_labels","tag_sets_id":1963,"tags_id":9361013},{"stories_id":1671610154,"tag":"light","tag_set":"nyt_labels","tag_sets_id":1963,"tags_id":9361014},{"stories_id":1671610154,"tag":"company reports","tag_set":"nyt_labels","tag_sets_id":1963,"tags_id":9361050},{"stories_id":1671610154,"tag":"corporations","tag_set":"nyt_labels","tag_sets_id":1963,"tags_id":9361051},{"stories_id":1671610154,"tag":"General Electric Co.","tag_set":"cliff_organizations","tag_sets_id":2388,"tags_id":9369202},{"stories_id":1671610154,"tag":"GE","tag_set":"cliff_organizations","tag_sets_id":2388,"tags_id":9369925},{"stories_id":1671610154,"tag":"FactSet","tag_set":"cliff_organizations","tag_sets_id":2388,"tags_id":9419501},{"stories_id":1671610154,"tag":"FCF","tag_set":"cliff_organizations","tag_sets_id":2388,"tags_id":9454177},{"stories_id":1671610154,"tag":"Larry Culp","tag_set":"cliff_people","tag_sets_id":2389,"tags_id":39531275},{"stories_id":1671610154,"tag":"readability-lxml-0.7","tag_set":"extractor_version","tag_sets_id":1354,"tags_id":81092444},{"stories_id":1671610154,"tag":"cliff_clavin_v2.6.0","tag_set":"geocoder_version","tag_sets_id":1937,"tags_id":189462640},{"stories_id":1671610154,"tag":"Healthcare revenue","tag_set":"cliff_organizations","tag_sets_id":2388,"tags_id":208703661}],"title":"GE's stock reverses lower after wider-than-expected loss, while revenue and FCF beat forecasts","url":"http://feeds.marketwatch.com/~r/marketwatch/marketpulse/~3/sP9af-KWMf4/story.aspx","word_count":null}]