[{"ap_syndicated":null,"collect_date":"2020-08-31 07:53:55.394379","feeds":null,"guid":"https://www.nytimes.com/2020/08/31/briefing/trump-portland-coronavirus-your-monday-briefing.html","language":"en","media_id":1,"media_name":null,"media_url":null,"processed_stories_id":null,"publish_date":"2020-08-31 06:45:25","stories_id":1697768271,"story_tags":[{"stories_id":1697768271,"tag":"geonames_6252001","tag_set":"mc-geocoder@media.mit.edu","tag_sets_id":1011,"tags_id":8878461},{"stories_id":1697768271,"tag":"geonames_5746545","tag_set":"mc-geocoder@media.mit.edu","tag_sets_id":1011,"tags_id":8878667},{"stories_id":1697768271,"tag":"geonames_5744337","tag_set":"mc-geocoder@media.mit.edu","tag_sets_id":1011,"tags_id":8879203},{"stories_id":1697768271,"tag":"nyt_labeller_v1.0.0","tag_set":"nyt_labels_version","tag_sets_id":1964,"tags_id":9360669},{"stories_id":1697768271,"tag":"politics and government","tag_set":"nyt_labels","tag_sets_id":1963,"tags_id":9360836},{"stories_id":1697768271,"tag":"finances","tag_set":"nyt_labels","tag_sets_id":1963,"tags_id":9360840},{"stories_id":1697768271,"tag":"united states politics and government","tag_set":"nyt_labels","tag_sets_id":1963,"tags_id":9360846},{"stories_id":1697768271,"tag":"elections","tag_set":"nyt_labels","tag_sets_id":1963,"tags_id":9360851},{"stories_id":1697768271,"tag":"medicine and health","tag_set":"nyt_labels","tag_sets_id":1963,"tags_id":9360852},{"stories_id":1697768271,"tag":"presidents and presidency (us)","tag_set":"nyt_labels","tag_sets_id":1963,"tags_id":9360853},{"stories_id":1697768271,"tag":"presidential elections (us)","tag_set":"nyt_labels","tag_sets_id":1963,"tags_id":9360854},{"stories_id":1697768271,"tag":"presidential election of 2004","tag_set":"nyt_labels","tag_sets_id":1963,"tags_id":9360963},{"stories_id":1697768271,"tag":"conventions and conferences","tag_set":"nyt_labels","tag_sets_id":1963,"tags_id":9361009},{"stories_id":1697768271,"tag":"Donald Trump","tag_set":"cliff_people","tag_sets_id":2389,"tags_id":9362284},{"stories_id":1697768271,"tag":"ABC","tag_set":"cliff_organizations","tag_sets_id":2388,"tags_id":9362473},{"stories_id":1697768271,"tag":"Nate Silver","tag_set":"cliff_people","tag_sets_id":2389,"tags_id":9363013},{"stories_id":1697768271,"tag":"Joe Biden","tag_set":"cliff_people","tag_sets_id":2389,"tags_id":9363134},{"stories_id":1697768271,"tag":"F.B.I.","tag_set":"cliff_organizations","tag_sets_id":2388,"tags_id":9363279},{"stories_id":1697768271,"tag":"Ford","tag_set":"cliff_organizations","tag_sets_id":2388,"tags_id":9364086},{"stories_id":1697768271,"tag":"Robert Mueller","tag_set":"cliff_people","tag_sets_id":2389,"tags_id":9364937},{"stories_id":1697768271,"tag":"Times","tag_set":"cliff_organizations","tag_sets_id":2388,"tags_id":9365707},{"stories_id":1697768271,"tag":"University of Southern California","tag_set":"cliff_organizations","tag_sets_id":2388,"tags_id":9369690},{"stories_id":1697768271,"tag":"Chadwick Boseman","tag_set":"cliff_people","tag_sets_id":2389,"tags_id":9372353},{"stories_id":1697768271,"tag":"The Times","tag_set":"cliff_organizations","tag_sets_id":2388,"tags_id":9373993},{"stories_id":1697768271,"tag":"FiveThirtyEight","tag_set":"cliff_people","tag_sets_id":2389,"tags_id":9378377},{"stories_id":1697768271,"tag":"Rod Rosenstein","tag_set":"cliff_people","tag_sets_id":2389,"tags_id":9387090},{"stories_id":1697768271,"tag":"Michael Schmidt","tag_set":"cliff_people","tag_sets_id":2389,"tags_id":9399761},{"stories_id":1697768271,"tag":"Ted Wheeler","tag_set":"cliff_people","tag_sets_id":2389,"tags_id":9441285},{"stories_id":1697768271,"tag":"Nate Cohn","tag_set":"cliff_people","tag_sets_id":2389,"tags_id":9451878},{"stories_id":1697768271,"tag":"Daniel Kahneman","tag_set":"cliff_people","tag_sets_id":2389,"tags_id":9516922},{"stories_id":1697768271,"tag":"Amos Tversky","tag_set":"cliff_people","tag_sets_id":2389,"tags_id":9563951},{"stories_id":1697768271,"tag":"G. Elliott Morris","tag_set":"cliff_people","tag_sets_id":2389,"tags_id":10446716},{"stories_id":1697768271,"tag":"Ian Prasad Philbrick","tag_set":"cliff_people","tag_sets_id":2389,"tags_id":11837674},{"stories_id":1697768271,"tag":"readability-lxml-0.7","tag_set":"extractor_version","tag_sets_id":1354,"tags_id":81092444},{"stories_id":1697768271,"tag":"cliff_clavin_v2.6.0","tag_set":"geocoder_version","tag_sets_id":1937,"tags_id":189462640},{"stories_id":1697768271,"tag":"Phil Bandwagon","tag_set":"cliff_people","tag_sets_id":2389,"tags_id":213792537}],"title":"The Rush to Polling Judgment","url":"https://www.nytimes.com/2020/08/31/briefing/trump-portland-coronavirus-your-monday-briefing.html","word_count":null}]