[{"ap_syndicated":null,"collect_date":"2020-09-03 00:38:10.153959","feeds":null,"guid":"https://www.washingtonpost.com/business/energy/why-carbon-neutral-is-the-new-climate-change-mantra/2020/09/03/2289f880-ed9c-11ea-bd08-1b10132b458f_story.html?utm_source=rss&utm_medium=referral&utm_campaign=wp_business","language":"en","media_id":2,"media_name":null,"media_url":null,"processed_stories_id":null,"publish_date":"2020-09-03 12:20:01","stories_id":1700618169,"story_tags":[{"stories_id":1700618169,"tag":"guess_by_tag_meta","tag_set":"date_guess_method","tag_sets_id":508,"tags_id":50741386}],"title":"Why ‘Carbon Neutral’ Is the New Climate Change Mantra","url":"https://www.washingtonpost.com/business/energy/why-carbon-neutral-is-the-new-climate-change-mantra/2020/09/03/2289f880-ed9c-11ea-bd08-1b10132b458f_story.html?utm_source=rss&utm_medium=referral&utm_campaign=wp_business","word_count":null}]