[{"ap_syndicated":null,"collect_date":"2020-09-14 10:43:55.816039","feeds":null,"guid":"https://www.usatoday.com/story/entertainment/books/2020/09/14/review-new-map-daniel-yergin-sobering-take-state-energy/5764296002/","language":"en","media_id":4,"media_name":null,"media_url":null,"processed_stories_id":null,"publish_date":"2020-09-14 07:01:05","stories_id":1710898983,"story_tags":[{"stories_id":1710898983,"tag":"geonames_1814991","tag_set":"mc-geocoder@media.mit.edu","tag_sets_id":1011,"tags_id":8878478},{"stories_id":1710898983,"tag":"nyt_labeller_v1.0.0","tag_set":"nyt_labels_version","tag_sets_id":1964,"tags_id":9360669},{"stories_id":1710898983,"tag":"books and literature","tag_set":"nyt_labels","tag_sets_id":1963,"tags_id":9360844},{"stories_id":1710898983,"tag":"oil (petroleum) and gasoline","tag_set":"nyt_labels","tag_sets_id":1963,"tags_id":9360884},{"stories_id":1710898983,"tag":"reviews","tag_set":"nyt_labels","tag_sets_id":1963,"tags_id":9360921},{"stories_id":1710898983,"tag":"European Union","tag_set":"cliff_organizations","tag_sets_id":2388,"tags_id":9362999},{"stories_id":1710898983,"tag":"Steph Curry","tag_set":"cliff_people","tag_sets_id":2389,"tags_id":9364830},{"stories_id":1710898983,"tag":"Malala Yousafzai","tag_set":"cliff_people","tag_sets_id":2389,"tags_id":9366095},{"stories_id":1710898983,"tag":"Richard Branson","tag_set":"cliff_people","tag_sets_id":2389,"tags_id":9366764},{"stories_id":1710898983,"tag":"Jane Fonda","tag_set":"cliff_people","tag_sets_id":2389,"tags_id":9384588},{"stories_id":1710898983,"tag":"Daniel Yergin","tag_set":"cliff_people","tag_sets_id":2389,"tags_id":9480813},{"stories_id":1710898983,"tag":"readability-lxml-0.7","tag_set":"extractor_version","tag_sets_id":1354,"tags_id":81092444},{"stories_id":1710898983,"tag":"cliff_clavin_v2.6.0","tag_set":"geocoder_version","tag_sets_id":1937,"tags_id":189462640}],"title":"'The New Map': Daniel Yergin's sobering and smart take on the global state of energy","url":"http://rssfeeds.usatoday.com/~/635549044/0/usatodaycombooks-topstories~The-New-Map-Daniel-Yergins-sobering-and-smart-take-on-the-global-state-of-energy/","word_count":null}]