[{"ap_syndicated":null,"collect_date":"2020-09-23 14:29:09.970951","feeds":null,"guid":"{21004575-02D4-D4B5-4572-D4A10A76C3B7}","language":"en","media_id":1150,"media_name":null,"media_url":null,"processed_stories_id":null,"publish_date":"2020-09-23 14:11:00","stories_id":1719382451,"story_tags":[{"stories_id":1719382451,"tag":"geonames_6252001","tag_set":"mc-geocoder@media.mit.edu","tag_sets_id":1011,"tags_id":8878461},{"stories_id":1719382451,"tag":"geonames_5332921","tag_set":"mc-geocoder@media.mit.edu","tag_sets_id":1011,"tags_id":8878533},{"stories_id":1719382451,"tag":"geonames_5389489","tag_set":"mc-geocoder@media.mit.edu","tag_sets_id":1011,"tags_id":8879532},{"stories_id":1719382451,"tag":"nyt_labeller_v1.0.0","tag_set":"nyt_labels_version","tag_sets_id":1964,"tags_id":9360669},{"stories_id":1719382451,"tag":"law and legislation","tag_set":"nyt_labels","tag_sets_id":1963,"tags_id":9360837},{"stories_id":1719382451,"tag":"global warming","tag_set":"nyt_labels","tag_sets_id":1963,"tags_id":9360886},{"stories_id":1719382451,"tag":"environment","tag_set":"nyt_labels","tag_sets_id":1963,"tags_id":9360887},{"stories_id":1719382451,"tag":"automobiles","tag_set":"nyt_labels","tag_sets_id":1963,"tags_id":9360914},{"stories_id":1719382451,"tag":"sales","tag_set":"nyt_labels","tag_sets_id":1963,"tags_id":9360995},{"stories_id":1719382451,"tag":"air pollution","tag_set":"nyt_labels","tag_sets_id":1963,"tags_id":9361007},{"stories_id":1719382451,"tag":"trucks and trucking","tag_set":"nyt_labels","tag_sets_id":1963,"tags_id":9361281},{"stories_id":1719382451,"tag":"Donald Trump","tag_set":"cliff_people","tag_sets_id":2389,"tags_id":9362284},{"stories_id":1719382451,"tag":"AP","tag_set":"cliff_organizations","tag_sets_id":2388,"tags_id":9362920},{"stories_id":1719382451,"tag":"Gavin Newsom","tag_set":"cliff_people","tag_sets_id":2389,"tags_id":9372682},{"stories_id":1719382451,"tag":"California Air Resources Board","tag_set":"cliff_organizations","tag_sets_id":2388,"tags_id":9486264},{"stories_id":1719382451,"tag":"readability-lxml-0.7","tag_set":"extractor_version","tag_sets_id":1354,"tags_id":81092444},{"stories_id":1719382451,"tag":"cliff_clavin_v2.6.0","tag_set":"geocoder_version","tag_sets_id":1937,"tags_id":189462640}],"title":": California aims to halt sales of new gas-powered cars","url":"http://www.marketwatch.com/news/story.asp?guid=%7B21004575-02D4-D4B5-4572-D4A10A76C3B7%7D&siteid=rss&rss=1","word_count":null}]