[{"ap_syndicated":null,"collect_date":"2020-09-25 14:03:45.633044","feeds":null,"guid":"https://www.washingtonpost.com/politics/2020/09/25/energy-202-trumps-offshore-drilling-ban-wont-stop-air-gun-blasts-that-may-harm-sea-life/?utm_source=rss&utm_medium=referral&utm_campaign=wp_homepage","language":"en","media_id":2,"media_name":null,"media_url":null,"processed_stories_id":null,"publish_date":"2020-09-25 14:00:38.955370","stories_id":1721380466,"story_tags":[{"stories_id":1721380466,"tag":"guess_by_tag_meta","tag_set":"date_guess_method","tag_sets_id":508,"tags_id":50741386}],"title":"Trump’s offshore drilling ban won't stop air gun blasts that may harm sea life","url":"https://www.washingtonpost.com/politics/2020/09/25/energy-202-trumps-offshore-drilling-ban-wont-stop-air-gun-blasts-that-may-harm-sea-life/?utm_source=rss&utm_medium=referral&utm_campaign=wp_homepage","word_count":null}]