[{"ap_syndicated":null,"collect_date":"2020-10-22 22:29:46.276777","feeds":null,"guid":"https://www.nytimes.com/live/2020/10/22/us/fact-check-debate-trump-biden/china-is-paying-they-are-paying-billions-and-billions-of-dollars","language":"en","media_id":1,"media_name":null,"media_url":null,"processed_stories_id":null,"publish_date":"2020-10-22 21:55:10","stories_id":1747212076,"story_tags":[{"stories_id":1747212076,"tag":"geonames_6252001","tag_set":"mc-geocoder@media.mit.edu","tag_sets_id":1011,"tags_id":8878461},{"stories_id":1747212076,"tag":"geonames_5128638","tag_set":"mc-geocoder@media.mit.edu","tag_sets_id":1011,"tags_id":8878463},{"stories_id":1747212076,"tag":"nyt_labeller_v1.0.0","tag_set":"nyt_labels_version","tag_sets_id":1964,"tags_id":9360669},{"stories_id":1747212076,"tag":"politics and government","tag_set":"nyt_labels","tag_sets_id":1963,"tags_id":9360836},{"stories_id":1747212076,"tag":"finances","tag_set":"nyt_labels","tag_sets_id":1963,"tags_id":9360840},{"stories_id":1747212076,"tag":"labor","tag_set":"nyt_labels","tag_sets_id":1963,"tags_id":9360859},{"stories_id":1747212076,"tag":"blacks","tag_set":"nyt_labels","tag_sets_id":1963,"tags_id":9360863},{"stories_id":1747212076,"tag":"wages and salaries","tag_set":"nyt_labels","tag_sets_id":1963,"tags_id":9360984},{"stories_id":1747212076,"tag":"economic conditions and trends","tag_set":"nyt_labels","tag_sets_id":1963,"tags_id":9360989},{"stories_id":1747212076,"tag":"Supreme Court","tag_set":"cliff_organizations","tag_sets_id":2388,"tags_id":9362719},{"stories_id":1747212076,"tag":"Barack Obama","tag_set":"cliff_people","tag_sets_id":2389,"tags_id":9362763},{"stories_id":1747212076,"tag":"Trump","tag_set":"cliff_people","tag_sets_id":2389,"tags_id":9362872},{"stories_id":1747212076,"tag":"Kremlin","tag_set":"cliff_organizations","tag_sets_id":2388,"tags_id":9362931},{"stories_id":1747212076,"tag":"CNN","tag_set":"cliff_organizations","tag_sets_id":2388,"tags_id":9362932},{"stories_id":1747212076,"tag":"Congress","tag_set":"cliff_organizations","tag_sets_id":2388,"tags_id":9362962},{"stories_id":1747212076,"tag":"Paul Manafort","tag_set":"cliff_people","tag_sets_id":2389,"tags_id":9362983},{"stories_id":1747212076,"tag":"Kamala Harris","tag_set":"cliff_people","tag_sets_id":2389,"tags_id":9363331},{"stories_id":1747212076,"tag":"Robert S. Mueller III","tag_set":"cliff_people","tag_sets_id":2389,"tags_id":9363790},{"stories_id":1747212076,"tag":"Elizabeth Warren","tag_set":"cliff_people","tag_sets_id":2389,"tags_id":9364527},{"stories_id":1747212076,"tag":"Medicare","tag_set":"cliff_organizations","tag_sets_id":2388,"tags_id":9364657},{"stories_id":1747212076,"tag":"Biden","tag_set":"cliff_people","tag_sets_id":2389,"tags_id":9365736},{"stories_id":1747212076,"tag":"I.R.S.","tag_set":"cliff_organizations","tag_sets_id":2388,"tags_id":9370174},{"stories_id":1747212076,"tag":"Lyndon B. Johnson","tag_set":"cliff_people","tag_sets_id":2389,"tags_id":9376939},{"stories_id":1747212076,"tag":"Sanders","tag_set":"cliff_people","tag_sets_id":2389,"tags_id":9378384},{"stories_id":1747212076,"tag":"Federal Reserve Bank of New York","tag_set":"cliff_organizations","tag_sets_id":2388,"tags_id":9456995},{"stories_id":1747212076,"tag":"National Federation of Independent Business","tag_set":"cliff_organizations","tag_sets_id":2388,"tags_id":9499085},{"stories_id":1747212076,"tag":"GovTrack","tag_set":"cliff_people","tag_sets_id":2389,"tags_id":9679429},{"stories_id":1747212076,"tag":"Social Security","tag_set":"cliff_organizations","tag_sets_id":2388,"tags_id":9697301},{"stories_id":1747212076,"tag":"Joshua Tauber","tag_set":"cliff_people","tag_sets_id":2389,"tags_id":57772006},{"stories_id":1747212076,"tag":"readability-lxml-0.7","tag_set":"extractor_version","tag_sets_id":1354,"tags_id":81092444},{"stories_id":1747212076,"tag":"cliff_clavin_v2.6.0","tag_set":"geocoder_version","tag_sets_id":1937,"tags_id":189462640}],"title":"Fact-Checking Trump on Tariffs","url":"https://www.nytimes.com/live/2020/10/22/us/fact-check-debate-trump-biden/china-is-paying-they-are-paying-billions-and-billions-of-dollars","word_count":null}]