[{"ap_syndicated":null,"collect_date":"2020-10-28 14:07:58.500592","feeds":null,"guid":"https://www.usatoday.com/story/opinion/2020/10/28/trump-oil-gas-focus-misreads-texas-renewable-energy-shift-column/3746161001/","language":"en","media_id":4,"media_name":null,"media_url":null,"processed_stories_id":null,"publish_date":"2020-10-28 13:00:11","stories_id":1752785118,"story_tags":[{"stories_id":1752785118,"tag":"geonames_6252001","tag_set":"mc-geocoder@media.mit.edu","tag_sets_id":1011,"tags_id":8878461},{"stories_id":1752785118,"tag":"geonames_4736286","tag_set":"mc-geocoder@media.mit.edu","tag_sets_id":1011,"tags_id":8878538},{"stories_id":1752785118,"tag":"geonames_4684888","tag_set":"mc-geocoder@media.mit.edu","tag_sets_id":1011,"tags_id":8878901},{"stories_id":1752785118,"tag":"nyt_labeller_v1.0.0","tag_set":"nyt_labels_version","tag_sets_id":1964,"tags_id":9360669},{"stories_id":1752785118,"tag":"politics and government","tag_set":"nyt_labels","tag_sets_id":1963,"tags_id":9360836},{"stories_id":1752785118,"tag":"united states politics and government","tag_set":"nyt_labels","tag_sets_id":1963,"tags_id":9360846},{"stories_id":1752785118,"tag":"elections","tag_set":"nyt_labels","tag_sets_id":1963,"tags_id":9360851},{"stories_id":1752785118,"tag":"oil (petroleum) and gasoline","tag_set":"nyt_labels","tag_sets_id":1963,"tags_id":9360884},{"stories_id":1752785118,"tag":"energy and power","tag_set":"nyt_labels","tag_sets_id":1963,"tags_id":9360997},{"stories_id":1752785118,"tag":"gas (fuel)","tag_set":"nyt_labels","tag_sets_id":1963,"tags_id":9361098},{"stories_id":1752785118,"tag":"Donald Trump","tag_set":"cliff_people","tag_sets_id":2389,"tags_id":9362284},{"stories_id":1752785118,"tag":"Yale","tag_set":"cliff_organizations","tag_sets_id":2388,"tags_id":9362286},{"stories_id":1752785118,"tag":"Trump administration","tag_set":"cliff_organizations","tag_sets_id":2388,"tags_id":9362998},{"stories_id":1752785118,"tag":"Joe Biden","tag_set":"cliff_people","tag_sets_id":2389,"tags_id":9363134},{"stories_id":1752785118,"tag":"Army Corps of Engineers","tag_set":"cliff_organizations","tag_sets_id":2388,"tags_id":9370748},{"stories_id":1752785118,"tag":"Wood Mackenzie","tag_set":"cliff_people","tag_sets_id":2389,"tags_id":9388159},{"stories_id":1752785118,"tag":"U.S. Department of Energy","tag_set":"cliff_organizations","tag_sets_id":2388,"tags_id":9414255},{"stories_id":1752785118,"tag":"Dan Pickering","tag_set":"cliff_people","tag_sets_id":2389,"tags_id":10658955},{"stories_id":1752785118,"tag":"Katie Mehnert","tag_set":"cliff_people","tag_sets_id":2389,"tags_id":11050837},{"stories_id":1752785118,"tag":"Pickering Energy Partners","tag_set":"cliff_organizations","tag_sets_id":2388,"tags_id":26904387},{"stories_id":1752785118,"tag":"Pink Petro","tag_set":"cliff_people","tag_sets_id":2389,"tags_id":35349011},{"stories_id":1752785118,"tag":"readability-lxml-0.7","tag_set":"extractor_version","tag_sets_id":1354,"tags_id":81092444},{"stories_id":1752785118,"tag":"cliff_clavin_v2.6.0","tag_set":"geocoder_version","tag_sets_id":1937,"tags_id":189462640}],"title":"Memo to Trump, Biden and political pundits: Texas is not all about oil and gas anymore","url":"http://rssfeeds.usatoday.com/~/637827678/0/usatoday-newstopstories~Memo-to-Trump-Biden-and-political-pundits-Texas-is-not-all-about-oil-and-gas-anymore/","word_count":null}]