[{"ap_syndicated":null,"collect_date":"2020-11-10 13:22:42.468297","feeds":null,"guid":"{21004575-02D4-D4B5-4572-DF9957FE784E}","language":"en","media_id":1150,"media_name":null,"media_url":null,"processed_stories_id":null,"publish_date":"2020-11-10 13:11:00","stories_id":1765706009,"story_tags":[{"stories_id":1765706009,"tag":"geonames_6252001","tag_set":"mc-geocoder@media.mit.edu","tag_sets_id":1011,"tags_id":8878461},{"stories_id":1765706009,"tag":"geonames_5744337","tag_set":"mc-geocoder@media.mit.edu","tag_sets_id":1011,"tags_id":8879203},{"stories_id":1765706009,"tag":"nyt_labeller_v1.0.0","tag_set":"nyt_labels_version","tag_sets_id":1964,"tags_id":9360669},{"stories_id":1765706009,"tag":"politics and government","tag_set":"nyt_labels","tag_sets_id":1963,"tags_id":9360836},{"stories_id":1765706009,"tag":"global warming","tag_set":"nyt_labels","tag_sets_id":1963,"tags_id":9360886},{"stories_id":1765706009,"tag":"environment","tag_set":"nyt_labels","tag_sets_id":1963,"tags_id":9360887},{"stories_id":1765706009,"tag":"weather","tag_set":"nyt_labels","tag_sets_id":1963,"tags_id":9360902},{"stories_id":1765706009,"tag":"energy and power","tag_set":"nyt_labels","tag_sets_id":1963,"tags_id":9360997},{"stories_id":1765706009,"tag":"air pollution","tag_set":"nyt_labels","tag_sets_id":1963,"tags_id":9361007},{"stories_id":1765706009,"tag":"electric light and power","tag_set":"nyt_labels","tag_sets_id":1963,"tags_id":9361013},{"stories_id":1765706009,"tag":"light","tag_set":"nyt_labels","tag_sets_id":1963,"tags_id":9361014},{"stories_id":1765706009,"tag":"European Union","tag_set":"cliff_organizations","tag_sets_id":2388,"tags_id":9362999},{"stories_id":1765706009,"tag":"Joe Biden","tag_set":"cliff_people","tag_sets_id":2389,"tags_id":9363134},{"stories_id":1765706009,"tag":"Tesla","tag_set":"cliff_people","tag_sets_id":2389,"tags_id":9369660},{"stories_id":1765706009,"tag":"International Energy Agency","tag_set":"cliff_organizations","tag_sets_id":2388,"tags_id":9387130},{"stories_id":1765706009,"tag":"IEA","tag_set":"cliff_organizations","tag_sets_id":2388,"tags_id":9395763},{"stories_id":1765706009,"tag":"Fatih Birol","tag_set":"cliff_people","tag_sets_id":2389,"tags_id":9395764},{"stories_id":1765706009,"tag":"Bloom Energy","tag_set":"cliff_organizations","tag_sets_id":2388,"tags_id":9740356},{"stories_id":1765706009,"tag":"readability-lxml-0.7","tag_set":"extractor_version","tag_sets_id":1354,"tags_id":81092444},{"stories_id":1765706009,"tag":"cliff_clavin_v2.6.0","tag_set":"geocoder_version","tag_sets_id":1937,"tags_id":189462640}],"title":": Renewable electricity will hit a record this year and knock off coal’s 50-year reign by 2025: IEA","url":"http://www.marketwatch.com/news/story.asp?guid=%7B21004575-02D4-D4B5-4572-DF9957FE784E%7D&siteid=rss&rss=1","word_count":null}]