[{"ap_syndicated":null,"collect_date":"2020-11-27 18:31:27.252704","feeds":null,"guid":"SB11057783252167604239504587125223758074182","language":"en","media_id":1150,"media_name":null,"media_url":null,"processed_stories_id":null,"publish_date":"2020-11-27 18:09:00","stories_id":1781934184,"story_tags":[{"stories_id":1781934184,"tag":"geonames_6252001","tag_set":"mc-geocoder@media.mit.edu","tag_sets_id":1011,"tags_id":8878461},{"stories_id":1781934184,"tag":"geonames_5128638","tag_set":"mc-geocoder@media.mit.edu","tag_sets_id":1011,"tags_id":8878463},{"stories_id":1781934184,"tag":"geonames_5125771","tag_set":"mc-geocoder@media.mit.edu","tag_sets_id":1011,"tags_id":8878499},{"stories_id":1781934184,"tag":"nyt_labeller_v1.0.0","tag_set":"nyt_labels_version","tag_sets_id":1964,"tags_id":9360669},{"stories_id":1781934184,"tag":"finances","tag_set":"nyt_labels","tag_sets_id":1963,"tags_id":9360840},{"stories_id":1781934184,"tag":"medicine and health","tag_set":"nyt_labels","tag_sets_id":1963,"tags_id":9360852},{"stories_id":1781934184,"tag":"Exxon","tag_set":"cliff_organizations","tag_sets_id":2388,"tags_id":9362930},{"stories_id":1781934184,"tag":"CBS","tag_set":"cliff_organizations","tag_sets_id":2388,"tags_id":9363631},{"stories_id":1781934184,"tag":"Navy","tag_set":"cliff_organizations","tag_sets_id":2388,"tags_id":9364399},{"stories_id":1781934184,"tag":"University of Oxford","tag_set":"cliff_organizations","tag_sets_id":2388,"tags_id":9369237},{"stories_id":1781934184,"tag":"Pfizer","tag_set":"cliff_organizations","tag_sets_id":2388,"tags_id":9373934},{"stories_id":1781934184,"tag":"Microsoft","tag_set":"cliff_organizations","tag_sets_id":2388,"tags_id":9374723},{"stories_id":1781934184,"tag":"Delta Air Lines Inc.","tag_set":"cliff_organizations","tag_sets_id":2388,"tags_id":9375957},{"stories_id":1781934184,"tag":"Delta","tag_set":"cliff_organizations","tag_sets_id":2388,"tags_id":9381122},{"stories_id":1781934184,"tag":"Gap Inc.","tag_set":"cliff_organizations","tag_sets_id":2388,"tags_id":9381406},{"stories_id":1781934184,"tag":"AstraZeneca","tag_set":"cliff_organizations","tag_sets_id":2388,"tags_id":9386761},{"stories_id":1781934184,"tag":"Simon & Schuster","tag_set":"cliff_organizations","tag_sets_id":2388,"tags_id":9404560},{"stories_id":1781934184,"tag":"Delta Air Lines","tag_set":"cliff_organizations","tag_sets_id":2388,"tags_id":9414741},{"stories_id":1781934184,"tag":"Microsoft Corp.","tag_set":"cliff_organizations","tag_sets_id":2388,"tags_id":9446829},{"stories_id":1781934184,"tag":"American Airlines Group Inc.","tag_set":"cliff_organizations","tag_sets_id":2388,"tags_id":9453541},{"stories_id":1781934184,"tag":"Exxon Mobil Corp.","tag_set":"cliff_organizations","tag_sets_id":2388,"tags_id":9455439},{"stories_id":1781934184,"tag":"Penguin Random House","tag_set":"cliff_organizations","tag_sets_id":2388,"tags_id":9478053},{"stories_id":1781934184,"tag":"Bertelsmann","tag_set":"cliff_organizations","tag_sets_id":2388,"tags_id":9552774},{"stories_id":1781934184,"tag":"Salesforce.com Inc","tag_set":"cliff_organizations","tag_sets_id":2388,"tags_id":9564592},{"stories_id":1781934184,"tag":"AstraZeneca PLC","tag_set":"cliff_organizations","tag_sets_id":2388,"tags_id":9703231},{"stories_id":1781934184,"tag":"Slack Technologies Inc","tag_set":"cliff_organizations","tag_sets_id":2388,"tags_id":9750332},{"stories_id":1781934184,"tag":"Moderna","tag_set":"cliff_people","tag_sets_id":2389,"tags_id":11338404},{"stories_id":1781934184,"tag":"Sonia Syngal","tag_set":"cliff_people","tag_sets_id":2389,"tags_id":32967386},{"stories_id":1781934184,"tag":"Francesca Fontana","tag_set":"cliff_people","tag_sets_id":2389,"tags_id":33452257},{"stories_id":1781934184,"tag":"readability-lxml-0.7","tag_set":"extractor_version","tag_sets_id":1354,"tags_id":81092444},{"stories_id":1781934184,"tag":"United Airlines Holdings Inc.","tag_set":"cliff_organizations","tag_sets_id":2388,"tags_id":133090387},{"stories_id":1781934184,"tag":"ViacomCBS Inc.","tag_set":"cliff_organizations","tag_sets_id":2388,"tags_id":182939327},{"stories_id":1781934184,"tag":"ViacomCBS","tag_set":"cliff_organizations","tag_sets_id":2388,"tags_id":182939399},{"stories_id":1781934184,"tag":"cliff_clavin_v2.6.0","tag_set":"geocoder_version","tag_sets_id":1937,"tags_id":189462640}],"title":"Salesforce, Delta Air Lines, Best Buy: Stocks That Defined the Week","url":"https://www.wsj.com/articles/salesforce-delta-air-lines-best-buy-stocks-that-defined-the-week-11606518558?mod=pls_whats_news_us_business_f","word_count":null}]