[{"ap_syndicated":null,"collect_date":"2021-01-18 07:46:28.190004","feeds":null,"guid":"https://www.washingtonpost.com/politics/biden-names-deputy-secretaries/2021/01/17/05172da4-5917-11eb-a976-bad6431e03e2_story.html?utm_source=rss&utm_medium=referral&utm_campaign=wp_politics","language":"en","media_id":2,"media_name":null,"media_url":null,"processed_stories_id":null,"publish_date":"2021-01-18 06:00:00","stories_id":1827065091,"story_tags":[{"stories_id":1827065091,"tag":"guess_by_tag_meta","tag_set":"date_guess_method","tag_sets_id":508,"tags_id":50741386}],"title":"Biden, filling out his government, to name five women as deputy secretaries","url":"https://www.washingtonpost.com/politics/biden-names-deputy-secretaries/2021/01/17/05172da4-5917-11eb-a976-bad6431e03e2_story.html?utm_source=rss&utm_medium=referral&utm_campaign=wp_politics","word_count":null}]