[{"ap_syndicated":null,"collect_date":"2021-01-19 13:17:26.738478","feeds":null,"guid":"https://www.nytimes.com/2021/01/19/business/biden-economy-pandemic.html","language":"en","media_id":1,"media_name":null,"media_url":null,"processed_stories_id":null,"publish_date":"2021-01-19 12:58:18","stories_id":1828294970,"story_tags":[{"stories_id":1828294970,"tag":"geonames_1814991","tag_set":"mc-geocoder@media.mit.edu","tag_sets_id":1011,"tags_id":8878478},{"stories_id":1828294970,"tag":"geonames_5332921","tag_set":"mc-geocoder@media.mit.edu","tag_sets_id":1011,"tags_id":8878533},{"stories_id":1828294970,"tag":"nyt_labeller_v1.0.0","tag_set":"nyt_labels_version","tag_sets_id":1964,"tags_id":9360669},{"stories_id":1828294970,"tag":"politics and government","tag_set":"nyt_labels","tag_sets_id":1963,"tags_id":9360836},{"stories_id":1828294970,"tag":"law and legislation","tag_set":"nyt_labels","tag_sets_id":1963,"tags_id":9360837},{"stories_id":1828294970,"tag":"finances","tag_set":"nyt_labels","tag_sets_id":1963,"tags_id":9360840},{"stories_id":1828294970,"tag":"united states politics and government","tag_set":"nyt_labels","tag_sets_id":1963,"tags_id":9360846},{"stories_id":1828294970,"tag":"medicine and health","tag_set":"nyt_labels","tag_sets_id":1963,"tags_id":9360852},{"stories_id":1828294970,"tag":"international trade and world market","tag_set":"nyt_labels","tag_sets_id":1963,"tags_id":9360983},{"stories_id":1828294970,"tag":"economic conditions and trends","tag_set":"nyt_labels","tag_sets_id":1963,"tags_id":9360989},{"stories_id":1828294970,"tag":"united states economy","tag_set":"nyt_labels","tag_sets_id":1963,"tags_id":9360990},{"stories_id":1828294970,"tag":"Donald Trump","tag_set":"cliff_people","tag_sets_id":2389,"tags_id":9362284},{"stories_id":1828294970,"tag":"Facebook","tag_set":"cliff_organizations","tag_sets_id":2388,"tags_id":9362725},{"stories_id":1828294970,"tag":"Barack Obama","tag_set":"cliff_people","tag_sets_id":2389,"tags_id":9362763},{"stories_id":1828294970,"tag":"Congress","tag_set":"cliff_organizations","tag_sets_id":2388,"tags_id":9362962},{"stories_id":1828294970,"tag":"European Union","tag_set":"cliff_organizations","tag_sets_id":2388,"tags_id":9362999},{"stories_id":1828294970,"tag":"Google","tag_set":"cliff_organizations","tag_sets_id":2388,"tags_id":9363209},{"stories_id":1828294970,"tag":"Boeing","tag_set":"cliff_organizations","tag_sets_id":2388,"tags_id":9364153},{"stories_id":1828294970,"tag":"Joseph R. Biden Jr.","tag_set":"cliff_people","tag_sets_id":2389,"tags_id":9456578},{"stories_id":1828294970,"tag":"Ben Casselman","tag_set":"cliff_people","tag_sets_id":2389,"tags_id":9459724},{"stories_id":1828294970,"tag":"Stacy Cowley","tag_set":"cliff_people","tag_sets_id":2389,"tags_id":9609800},{"stories_id":1828294970,"tag":"— Emily Flitter","tag_set":"cliff_people","tag_sets_id":2389,"tags_id":9701677},{"stories_id":1828294970,"tag":"Niraj Chokshi","tag_set":"cliff_people","tag_sets_id":2389,"tags_id":9745695},{"stories_id":1828294970,"tag":"Peter Eavis","tag_set":"cliff_people","tag_sets_id":2389,"tags_id":9758658},{"stories_id":1828294970,"tag":"Keith Bradsher","tag_set":"cliff_people","tag_sets_id":2389,"tags_id":9866020},{"stories_id":1828294970,"tag":"— Jim Tankersley","tag_set":"cliff_people","tag_sets_id":2389,"tags_id":10185049},{"stories_id":1828294970,"tag":"Ivan Penn","tag_set":"cliff_people","tag_sets_id":2389,"tags_id":10242671},{"stories_id":1828294970,"tag":"— Cecilia Kang","tag_set":"cliff_people","tag_sets_id":2389,"tags_id":31144869},{"stories_id":1828294970,"tag":"— Ana Swanson","tag_set":"cliff_people","tag_sets_id":2389,"tags_id":49440238},{"stories_id":1828294970,"tag":"— Clifford Krauss","tag_set":"cliff_people","tag_sets_id":2389,"tags_id":69997839},{"stories_id":1828294970,"tag":"readability-lxml-0.7","tag_set":"extractor_version","tag_sets_id":1354,"tags_id":81092444},{"stories_id":1828294970,"tag":"cliff_clavin_v2.6.0","tag_set":"geocoder_version","tag_sets_id":1937,"tags_id":189462640}],"title":"10 Challenges Biden Faces in Righting the Economy","url":"https://www.nytimes.com/2021/01/19/business/biden-economy-pandemic.html","word_count":null}]