[{"ap_syndicated":null,"collect_date":"2021-01-26 01:59:42.993500","feeds":null,"guid":"https://www.washingtonpost.com/climate-environment/2021/01/25/manchin-climate-congress/?utm_source=rss&utm_medium=referral&utm_campaign=wp_homepage","language":"en","media_id":2,"media_name":null,"media_url":null,"processed_stories_id":null,"publish_date":"2021-01-26 01:52:34.162828","stories_id":1834083264,"story_tags":[{"stories_id":1834083264,"tag":"geonames_6252001","tag_set":"mc-geocoder@media.mit.edu","tag_sets_id":1011,"tags_id":8878461},{"stories_id":1834083264,"tag":"geonames_4826850","tag_set":"mc-geocoder@media.mit.edu","tag_sets_id":1011,"tags_id":8878580},{"stories_id":1834083264,"tag":"geonames_4140963","tag_set":"mc-geocoder@media.mit.edu","tag_sets_id":1011,"tags_id":8880349},{"stories_id":1834083264,"tag":"nyt_labeller_v1.0.0","tag_set":"nyt_labels_version","tag_sets_id":1964,"tags_id":9360669},{"stories_id":1834083264,"tag":"politics and government","tag_set":"nyt_labels","tag_sets_id":1963,"tags_id":9360836},{"stories_id":1834083264,"tag":"law and legislation","tag_set":"nyt_labels","tag_sets_id":1963,"tags_id":9360837},{"stories_id":1834083264,"tag":"finances","tag_set":"nyt_labels","tag_sets_id":1963,"tags_id":9360840},{"stories_id":1834083264,"tag":"united states politics and government","tag_set":"nyt_labels","tag_sets_id":1963,"tags_id":9360846},{"stories_id":1834083264,"tag":"taxation","tag_set":"nyt_labels","tag_sets_id":1963,"tags_id":9360882},{"stories_id":1834083264,"tag":"oil (petroleum) and gasoline","tag_set":"nyt_labels","tag_sets_id":1963,"tags_id":9360884},{"stories_id":1834083264,"tag":"global warming","tag_set":"nyt_labels","tag_sets_id":1963,"tags_id":9360886},{"stories_id":1834083264,"tag":"environment","tag_set":"nyt_labels","tag_sets_id":1963,"tags_id":9360887},{"stories_id":1834083264,"tag":"international trade and world market","tag_set":"nyt_labels","tag_sets_id":1963,"tags_id":9360983},{"stories_id":1834083264,"tag":"united states economy","tag_set":"nyt_labels","tag_sets_id":1963,"tags_id":9360990},{"stories_id":1834083264,"tag":"energy and power","tag_set":"nyt_labels","tag_sets_id":1963,"tags_id":9360997},{"stories_id":1834083264,"tag":"air pollution","tag_set":"nyt_labels","tag_sets_id":1963,"tags_id":9361007},{"stories_id":1834083264,"tag":"Donald Trump","tag_set":"cliff_people","tag_sets_id":2389,"tags_id":9362284},{"stories_id":1834083264,"tag":"White House","tag_set":"cliff_organizations","tag_sets_id":2388,"tags_id":9362736},{"stories_id":1834083264,"tag":"Senate","tag_set":"cliff_organizations","tag_sets_id":2388,"tags_id":9362741},{"stories_id":1834083264,"tag":"Republican","tag_set":"cliff_organizations","tag_sets_id":2388,"tags_id":9362742},{"stories_id":1834083264,"tag":"Barack Obama","tag_set":"cliff_people","tag_sets_id":2389,"tags_id":9362763},{"stories_id":1834083264,"tag":"GOP","tag_set":"cliff_organizations","tag_sets_id":2388,"tags_id":9362923},{"stories_id":1834083264,"tag":"James Lankford","tag_set":"cliff_people","tag_sets_id":2389,"tags_id":9362943},{"stories_id":1834083264,"tag":"Congress","tag_set":"cliff_organizations","tag_sets_id":2388,"tags_id":9362962},{"stories_id":1834083264,"tag":"George W. Bush","tag_set":"cliff_people","tag_sets_id":2389,"tags_id":9363130},{"stories_id":1834083264,"tag":"EPA","tag_set":"cliff_organizations","tag_sets_id":2388,"tags_id":9364166},{"stories_id":1834083264,"tag":"Brian Schatz","tag_set":"cliff_people","tag_sets_id":2389,"tags_id":9364207},{"stories_id":1834083264,"tag":"Biden","tag_set":"cliff_people","tag_sets_id":2389,"tags_id":9365736},{"stories_id":1834083264,"tag":"Lisa Murkowski","tag_set":"cliff_people","tag_sets_id":2389,"tags_id":9368354},{"stories_id":1834083264,"tag":"electoral college","tag_set":"cliff_organizations","tag_sets_id":2388,"tags_id":9381978},{"stories_id":1834083264,"tag":"Joe Manchin III","tag_set":"cliff_people","tag_sets_id":2389,"tags_id":9385885},{"stories_id":1834083264,"tag":"Sheldon Whitehouse","tag_set":"cliff_people","tag_sets_id":2389,"tags_id":9404082},{"stories_id":1834083264,"tag":"Steve Daines","tag_set":"cliff_people","tag_sets_id":2389,"tags_id":9409981},{"stories_id":1834083264,"tag":"Senate Energy and Natural Resources Committee","tag_set":"cliff_organizations","tag_sets_id":2388,"tags_id":9416098},{"stories_id":1834083264,"tag":"Jay Inslee","tag_set":"cliff_people","tag_sets_id":2389,"tags_id":9434808},{"stories_id":1834083264,"tag":"National Wildlife Federation","tag_set":"cliff_organizations","tag_sets_id":2388,"tags_id":9455537},{"stories_id":1834083264,"tag":"American Petroleum Institute","tag_set":"cliff_organizations","tag_sets_id":2388,"tags_id":9476750},{"stories_id":1834083264,"tag":"Collin O’Mara","tag_set":"cliff_people","tag_sets_id":2389,"tags_id":9551009},{"stories_id":1834083264,"tag":"Frank Macchiarola","tag_set":"cliff_people","tag_sets_id":2389,"tags_id":9645192},{"stories_id":1834083264,"tag":"Energy Committee","tag_set":"cliff_organizations","tag_sets_id":2388,"tags_id":10097301},{"stories_id":1834083264,"tag":"West Virginia University Mountaineers","tag_set":"cliff_organizations","tag_sets_id":2388,"tags_id":10414928},{"stories_id":1834083264,"tag":"Garrett Blad","tag_set":"cliff_people","tag_sets_id":2389,"tags_id":20691994},{"stories_id":1834083264,"tag":"Angie Rosser","tag_set":"cliff_people","tag_sets_id":2389,"tags_id":28289850},{"stories_id":1834083264,"tag":"Capitol Hill dynamics","tag_set":"cliff_organizations","tag_sets_id":2388,"tags_id":36608936},{"stories_id":1834083264,"tag":"readability-lxml-0.7","tag_set":"extractor_version","tag_sets_id":1354,"tags_id":81092444},{"stories_id":1834083264,"tag":"cliff_clavin_v2.6.0","tag_set":"geocoder_version","tag_sets_id":1937,"tags_id":189462640},{"stories_id":1834083264,"tag":"Mason jar of moonshine","tag_set":"cliff_organizations","tag_sets_id":2388,"tags_id":227258822}],"title":"One coal state senator holds the key to Biden’s ambitious climate agenda. And it’s not Mitch McConnell.","url":"https://www.washingtonpost.com/climate-environment/2021/01/25/manchin-climate-congress/?utm_source=rss&utm_medium=referral&utm_campaign=wp_homepage","word_count":null}]