[{"ap_syndicated":null,"collect_date":"2021-01-26 10:29:03.708746","feeds":null,"guid":"https://www.nytimes.com/live/2021/01/26/business/us-economy-coronavirus/gina-m-raimondo-bidens-nominee-for-commerce-secretary-testifies-before-the-senate","language":"en","media_id":1,"media_name":null,"media_url":null,"processed_stories_id":null,"publish_date":"2021-01-26 10:04:15","stories_id":1834517671,"story_tags":[{"stories_id":1834517671,"tag":"geonames_6252001","tag_set":"mc-geocoder@media.mit.edu","tag_sets_id":1011,"tags_id":8878461},{"stories_id":1834517671,"tag":"geonames_5224323","tag_set":"mc-geocoder@media.mit.edu","tag_sets_id":1011,"tags_id":8878836},{"stories_id":1834517671,"tag":"geonames_4140963","tag_set":"mc-geocoder@media.mit.edu","tag_sets_id":1011,"tags_id":8880349},{"stories_id":1834517671,"tag":"nyt_labeller_v1.0.0","tag_set":"nyt_labels_version","tag_sets_id":1964,"tags_id":9360669},{"stories_id":1834517671,"tag":"politics and government","tag_set":"nyt_labels","tag_sets_id":1963,"tags_id":9360836},{"stories_id":1834517671,"tag":"finances","tag_set":"nyt_labels","tag_sets_id":1963,"tags_id":9360840},{"stories_id":1834517671,"tag":"medicine and health","tag_set":"nyt_labels","tag_sets_id":1963,"tags_id":9360852},{"stories_id":1834517671,"tag":"labor","tag_set":"nyt_labels","tag_sets_id":1963,"tags_id":9360859},{"stories_id":1834517671,"tag":"New York Times","tag_set":"cliff_organizations","tag_sets_id":2388,"tags_id":9362756},{"stories_id":1834517671,"tag":"Maria Cantwell","tag_set":"cliff_people","tag_sets_id":2389,"tags_id":9363177},{"stories_id":1834517671,"tag":"Commerce","tag_set":"cliff_organizations","tag_sets_id":2388,"tags_id":9365611},{"stories_id":1834517671,"tag":"Biden","tag_set":"cliff_people","tag_sets_id":2389,"tags_id":9365736},{"stories_id":1834517671,"tag":"S&P","tag_set":"cliff_organizations","tag_sets_id":2388,"tags_id":9368263},{"stories_id":1834517671,"tag":"McDonald","tag_set":"cliff_organizations","tag_sets_id":2388,"tags_id":9376221},{"stories_id":1834517671,"tag":"PepsiCo","tag_set":"cliff_organizations","tag_sets_id":2388,"tags_id":9384276},{"stories_id":1834517671,"tag":"Roger Wicker","tag_set":"cliff_people","tag_sets_id":2389,"tags_id":9405944},{"stories_id":1834517671,"tag":"Senate Commerce Committee","tag_set":"cliff_organizations","tag_sets_id":2388,"tags_id":9472801},{"stories_id":1834517671,"tag":"Gina M. Raimondo","tag_set":"cliff_people","tag_sets_id":2389,"tags_id":9483241},{"stories_id":1834517671,"tag":"Gina Raimondo","tag_set":"cliff_people","tag_sets_id":2389,"tags_id":9506141},{"stories_id":1834517671,"tag":"Factset","tag_set":"cliff_organizations","tag_sets_id":2388,"tags_id":9557507},{"stories_id":1834517671,"tag":"GameStop","tag_set":"cliff_organizations","tag_sets_id":2388,"tags_id":9644370},{"stories_id":1834517671,"tag":"IFM","tag_set":"cliff_organizations","tag_sets_id":2388,"tags_id":9763092},{"stories_id":1834517671,"tag":"Commerce department","tag_set":"cliff_organizations","tag_sets_id":2388,"tags_id":10179535},{"stories_id":1834517671,"tag":"Julie Denesha","tag_set":"cliff_people","tag_sets_id":2389,"tags_id":11719883},{"stories_id":1834517671,"tag":"Exeter Property Group","tag_set":"cliff_organizations","tag_sets_id":2388,"tags_id":25053171},{"stories_id":1834517671,"tag":"Kriston Jae Bethel","tag_set":"cliff_people","tag_sets_id":2389,"tags_id":71191694},{"stories_id":1834517671,"tag":"readability-lxml-0.7","tag_set":"extractor_version","tag_sets_id":1354,"tags_id":81092444},{"stories_id":1834517671,"tag":"Naturgy Energy","tag_set":"cliff_organizations","tag_sets_id":2388,"tags_id":136236952},{"stories_id":1834517671,"tag":"cliff_clavin_v2.6.0","tag_set":"geocoder_version","tag_sets_id":1937,"tags_id":189462640}],"title":"Gina M. Raimondo, Biden’s nominee for commerce secretary, testifies before the Senate.","url":"https://www.nytimes.com/live/2021/01/26/business/us-economy-coronavirus/gina-m-raimondo-bidens-nominee-for-commerce-secretary-testifies-before-the-senate","word_count":null}]