[{"ap_syndicated":null,"collect_date":"2021-02-02 12:57:21.405307","feeds":null,"guid":"https://www.nytimes.com/live/2021/02/02/business/stock-market-today/amazon-agrees-to-62-million-settlement-for-withholding-tips-to-delivery-drivers","language":"en","media_id":1,"media_name":null,"media_url":null,"processed_stories_id":null,"publish_date":"2021-02-02 12:27:25","stories_id":1840393144,"story_tags":[{"stories_id":1840393144,"tag":"geonames_3469034","tag_set":"mc-geocoder@media.mit.edu","tag_sets_id":1011,"tags_id":8878586},{"stories_id":1840393144,"tag":"geonames_5809844","tag_set":"mc-geocoder@media.mit.edu","tag_sets_id":1011,"tags_id":8878694},{"stories_id":1840393144,"tag":"geonames_3393129","tag_set":"mc-geocoder@media.mit.edu","tag_sets_id":1011,"tags_id":8888266},{"stories_id":1840393144,"tag":"nyt_labeller_v1.0.0","tag_set":"nyt_labels_version","tag_sets_id":1964,"tags_id":9360669},{"stories_id":1840393144,"tag":"finances","tag_set":"nyt_labels","tag_sets_id":1963,"tags_id":9360840},{"stories_id":1840393144,"tag":"stocks and bonds","tag_set":"nyt_labels","tag_sets_id":1963,"tags_id":9361012},{"stories_id":1840393144,"tag":"mergers, acquisitions and divestitures","tag_set":"nyt_labels","tag_sets_id":1963,"tags_id":9361071},{"stories_id":1840393144,"tag":"Facebook","tag_set":"cliff_organizations","tag_sets_id":2388,"tags_id":9362725},{"stories_id":1840393144,"tag":"New York Times","tag_set":"cliff_organizations","tag_sets_id":2388,"tags_id":9362756},{"stories_id":1840393144,"tag":"Google","tag_set":"cliff_organizations","tag_sets_id":2388,"tags_id":9363209},{"stories_id":1840393144,"tag":"Amazon","tag_set":"cliff_organizations","tag_sets_id":2388,"tags_id":9366535},{"stories_id":1840393144,"tag":"BP","tag_set":"cliff_organizations","tag_sets_id":2388,"tags_id":9367462},{"stories_id":1840393144,"tag":"Federal Trade Commission","tag_set":"cliff_organizations","tag_sets_id":2388,"tags_id":9367616},{"stories_id":1840393144,"tag":"S&P","tag_set":"cliff_organizations","tag_sets_id":2388,"tags_id":9368263},{"stories_id":1840393144,"tag":"Karsten Moran","tag_set":"cliff_people","tag_sets_id":2389,"tags_id":9379089},{"stories_id":1840393144,"tag":"AMC","tag_set":"cliff_organizations","tag_sets_id":2388,"tags_id":9388367},{"stories_id":1840393144,"tag":"Expedia","tag_set":"cliff_organizations","tag_sets_id":2388,"tags_id":9391265},{"stories_id":1840393144,"tag":"AMC Entertainment","tag_set":"cliff_organizations","tag_sets_id":2388,"tags_id":9638906},{"stories_id":1840393144,"tag":"GameStop","tag_set":"cliff_organizations","tag_sets_id":2388,"tags_id":9644370},{"stories_id":1840393144,"tag":"Rohit Chopra","tag_set":"cliff_people","tag_sets_id":2389,"tags_id":9677421},{"stories_id":1840393144,"tag":"Daniel Kaufman","tag_set":"cliff_people","tag_sets_id":2389,"tags_id":10942361},{"stories_id":1840393144,"tag":"Stuart Joyner","tag_set":"cliff_people","tag_sets_id":2389,"tags_id":27940450},{"stories_id":1840393144,"tag":"Bernard Looney","tag_set":"cliff_people","tag_sets_id":2389,"tags_id":33112319},{"stories_id":1840393144,"tag":"Redburn","tag_set":"cliff_organizations","tag_sets_id":2388,"tags_id":34371514},{"stories_id":1840393144,"tag":"readability-lxml-0.7","tag_set":"extractor_version","tag_sets_id":1354,"tags_id":81092444},{"stories_id":1840393144,"tag":"cliff_clavin_v2.6.0","tag_set":"geocoder_version","tag_sets_id":1937,"tags_id":189462640}],"title":"Amazon agrees to $62 million settlement for withholding tips to delivery drivers.","url":"https://www.nytimes.com/live/2021/02/02/business/stock-market-today/amazon-agrees-to-62-million-settlement-for-withholding-tips-to-delivery-drivers","word_count":null}]