[{"ap_syndicated":null,"collect_date":"2021-02-11 14:28:16.473651","feeds":null,"guid":"https://www.nytimes.com/2021/02/11/climate/biden-climate-change.html","language":"en","media_id":1,"media_name":null,"media_url":null,"processed_stories_id":null,"publish_date":"2021-02-11 14:00:07","stories_id":1849410169,"story_tags":[{"stories_id":1849410169,"tag":"geonames_6252001","tag_set":"mc-geocoder@media.mit.edu","tag_sets_id":1011,"tags_id":8878461},{"stories_id":1849410169,"tag":"geonames_4662168","tag_set":"mc-geocoder@media.mit.edu","tag_sets_id":1011,"tags_id":8878725},{"stories_id":1849410169,"tag":"geonames_4647963","tag_set":"mc-geocoder@media.mit.edu","tag_sets_id":1011,"tags_id":9025469},{"stories_id":1849410169,"tag":"nyt_labeller_v1.0.0","tag_set":"nyt_labels_version","tag_sets_id":1964,"tags_id":9360669},{"stories_id":1849410169,"tag":"politics and government","tag_set":"nyt_labels","tag_sets_id":1963,"tags_id":9360836},{"stories_id":1849410169,"tag":"global warming","tag_set":"nyt_labels","tag_sets_id":1963,"tags_id":9360886},{"stories_id":1849410169,"tag":"environment","tag_set":"nyt_labels","tag_sets_id":1963,"tags_id":9360887},{"stories_id":1849410169,"tag":"weather","tag_set":"nyt_labels","tag_sets_id":1963,"tags_id":9360902},{"stories_id":1849410169,"tag":"energy and power","tag_set":"nyt_labels","tag_sets_id":1963,"tags_id":9360997},{"stories_id":1849410169,"tag":"air pollution","tag_set":"nyt_labels","tag_sets_id":1963,"tags_id":9361007},{"stories_id":1849410169,"tag":"Obama","tag_set":"cliff_people","tag_sets_id":2389,"tags_id":9362721},{"stories_id":1849410169,"tag":"White House","tag_set":"cliff_organizations","tag_sets_id":2388,"tags_id":9362736},{"stories_id":1849410169,"tag":"Senate","tag_set":"cliff_organizations","tag_sets_id":2388,"tags_id":9362741},{"stories_id":1849410169,"tag":"Donald J. Trump","tag_set":"cliff_people","tag_sets_id":2389,"tags_id":9362749},{"stories_id":1849410169,"tag":"Kamala Harris","tag_set":"cliff_people","tag_sets_id":2389,"tags_id":9363331},{"stories_id":1849410169,"tag":"Treasury","tag_set":"cliff_organizations","tag_sets_id":2388,"tags_id":9363650},{"stories_id":1849410169,"tag":"State","tag_set":"cliff_organizations","tag_sets_id":2388,"tags_id":9363944},{"stories_id":1849410169,"tag":"Environmental Protection Agency","tag_set":"cliff_organizations","tag_sets_id":2388,"tags_id":9363956},{"stories_id":1849410169,"tag":"John Kerry","tag_set":"cliff_people","tag_sets_id":2389,"tags_id":9364532},{"stories_id":1849410169,"tag":"Biden","tag_set":"cliff_people","tag_sets_id":2389,"tags_id":9365736},{"stories_id":1849410169,"tag":"Interior Department","tag_set":"cliff_organizations","tag_sets_id":2388,"tags_id":9367363},{"stories_id":1849410169,"tag":"Janet Yellen","tag_set":"cliff_people","tag_sets_id":2389,"tags_id":9367882},{"stories_id":1849410169,"tag":"Transportation","tag_set":"cliff_organizations","tag_sets_id":2388,"tags_id":9375351},{"stories_id":1849410169,"tag":"Transportation Department","tag_set":"cliff_organizations","tag_sets_id":2388,"tags_id":9384559},{"stories_id":1849410169,"tag":"Gina McCarthy","tag_set":"cliff_people","tag_sets_id":2389,"tags_id":9399505},{"stories_id":1849410169,"tag":"Pete Buttigieg","tag_set":"cliff_people","tag_sets_id":2389,"tags_id":9504322},{"stories_id":1849410169,"tag":"readability-lxml-0.7","tag_set":"extractor_version","tag_sets_id":1354,"tags_id":81092444},{"stories_id":1849410169,"tag":"Ali A. Zaidi","tag_set":"cliff_people","tag_sets_id":2389,"tags_id":97145189},{"stories_id":1849410169,"tag":"cliff_clavin_v2.6.0","tag_set":"geocoder_version","tag_sets_id":1937,"tags_id":189462640}],"title":"Biden’s Climate Task Force Opens for Business, Aiming to Restore ‘Credibility’","url":"https://www.nytimes.com/2021/02/11/climate/biden-climate-change.html","word_count":null}]