[{"ap_syndicated":null,"collect_date":"2021-02-18 10:27:01.663673","feeds":null,"guid":"https://www.washingtonpost.com/opinions/2021/02/18/bitcoin-emissions-pollution-tesla/?utm_source=rss&utm_medium=referral&utm_campaign=wp_opinions","language":"en","media_id":2,"media_name":null,"media_url":null,"processed_stories_id":null,"publish_date":"2021-02-18 09:09:59","stories_id":1856092766,"story_tags":[{"stories_id":1856092766,"tag":"geonames_6252001","tag_set":"mc-geocoder@media.mit.edu","tag_sets_id":1011,"tags_id":8878461},{"stories_id":1856092766,"tag":"nyt_labeller_v1.0.0","tag_set":"nyt_labels_version","tag_sets_id":1964,"tags_id":9360669},{"stories_id":1856092766,"tag":"finances","tag_set":"nyt_labels","tag_sets_id":1963,"tags_id":9360840},{"stories_id":1856092766,"tag":"environment","tag_set":"nyt_labels","tag_sets_id":1963,"tags_id":9360887},{"stories_id":1856092766,"tag":"prices (fares, fees and rates)","tag_set":"nyt_labels","tag_sets_id":1963,"tags_id":9360996},{"stories_id":1856092766,"tag":"energy and power","tag_set":"nyt_labels","tag_sets_id":1963,"tags_id":9360997},{"stories_id":1856092766,"tag":"mines and mining","tag_set":"nyt_labels","tag_sets_id":1963,"tags_id":9361146},{"stories_id":1856092766,"tag":"Washington Post","tag_set":"cliff_organizations","tag_sets_id":2388,"tags_id":9362798},{"stories_id":1856092766,"tag":"University of Cambridge","tag_set":"cliff_organizations","tag_sets_id":2388,"tags_id":9364210},{"stories_id":1856092766,"tag":"Biden","tag_set":"cliff_people","tag_sets_id":2389,"tags_id":9365736},{"stories_id":1856092766,"tag":"Tesla","tag_set":"cliff_people","tag_sets_id":2389,"tags_id":9369660},{"stories_id":1856092766,"tag":"Tesla","tag_set":"cliff_organizations","tag_sets_id":2388,"tags_id":9370176},{"stories_id":1856092766,"tag":"Elon Musk","tag_set":"cliff_people","tag_sets_id":2389,"tags_id":9384651},{"stories_id":1856092766,"tag":"bitcoin","tag_set":"cliff_people","tag_sets_id":2389,"tags_id":9412308},{"stories_id":1856092766,"tag":"crypto","tag_set":"cliff_organizations","tag_sets_id":2388,"tags_id":9491867},{"stories_id":1856092766,"tag":"Arabesque","tag_set":"cliff_people","tag_sets_id":2389,"tags_id":10483887},{"stories_id":1856092766,"tag":"readability-lxml-0.8.1","tag_set":"extractor_version","tag_sets_id":1354,"tags_id":228516910},{"stories_id":1856092766,"tag":"cliff_clavin_v2.6.1","tag_set":"geocoder_version","tag_sets_id":1937,"tags_id":228516911}],"title":"Why buying a Tesla with bitcoin would be environmentally unfriendly","url":"https://www.washingtonpost.com/opinions/2021/02/18/bitcoin-emissions-pollution-tesla/?utm_source=rss&utm_medium=referral&utm_campaign=wp_opinions","word_count":null}]