[{"ap_syndicated":null,"collect_date":"2021-03-06 10:57:02.466056","feeds":null,"guid":"https://www.usatoday.com/story/opinion/2021/03/06/climate-change-answer-cant-include-gas-risky-column/6910793002/","language":"en","media_id":4,"media_name":null,"media_url":null,"processed_stories_id":null,"publish_date":"2021-03-06 05:00:04","stories_id":1871751030,"story_tags":[{"stories_id":1871751030,"tag":"geonames_6252001","tag_set":"mc-geocoder@media.mit.edu","tag_sets_id":1011,"tags_id":8878461},{"stories_id":1871751030,"tag":"geonames_4853828","tag_set":"mc-geocoder@media.mit.edu","tag_sets_id":1011,"tags_id":8878584},{"stories_id":1871751030,"tag":"geonames_4862182","tag_set":"mc-geocoder@media.mit.edu","tag_sets_id":1011,"tags_id":8878998},{"stories_id":1871751030,"tag":"nyt_labeller_v1.0.0","tag_set":"nyt_labels_version","tag_sets_id":1964,"tags_id":9360669},{"stories_id":1871751030,"tag":"oil (petroleum) and gasoline","tag_set":"nyt_labels","tag_sets_id":1963,"tags_id":9360884},{"stories_id":1871751030,"tag":"global warming","tag_set":"nyt_labels","tag_sets_id":1963,"tags_id":9360886},{"stories_id":1871751030,"tag":"environment","tag_set":"nyt_labels","tag_sets_id":1963,"tags_id":9360887},{"stories_id":1871751030,"tag":"weather","tag_set":"nyt_labels","tag_sets_id":1963,"tags_id":9360902},{"stories_id":1871751030,"tag":"energy and power","tag_set":"nyt_labels","tag_sets_id":1963,"tags_id":9360997},{"stories_id":1871751030,"tag":"electric light and power","tag_set":"nyt_labels","tag_sets_id":1963,"tags_id":9361013},{"stories_id":1871751030,"tag":"light","tag_set":"nyt_labels","tag_sets_id":1963,"tags_id":9361014},{"stories_id":1871751030,"tag":"gas (fuel)","tag_set":"nyt_labels","tag_sets_id":1963,"tags_id":9361098},{"stories_id":1871751030,"tag":"Iowa Legislature","tag_set":"cliff_organizations","tag_sets_id":2388,"tags_id":9401559},{"stories_id":1871751030,"tag":"Capito","tag_set":"cliff_people","tag_sets_id":2389,"tags_id":9452389},{"stories_id":1871751030,"tag":"Katie Rock","tag_set":"cliff_people","tag_sets_id":2389,"tags_id":18620305},{"stories_id":1871751030,"tag":"readability-lxml-0.8.1","tag_set":"extractor_version","tag_sets_id":1354,"tags_id":228516910},{"stories_id":1871751030,"tag":"cliff_clavin_v2.6.1","tag_set":"geocoder_version","tag_sets_id":1937,"tags_id":228516911}],"title":"Fracking gas is too risky for our climate future","url":"https://feeds.feedblitz.com/~/645811864/0/usatoday-newstopstories~Fracking-gas-is-too-risky-for-our-climate-future/","word_count":null}]