[{"ap_syndicated":null,"collect_date":"2021-03-29 14:08:36.029017","feeds":null,"guid":"https://www.nytimes.com/live/2021/03/29/us/biden-news-today/bidens-lesson-from-the-2009-stimulus-bill-go-bigger-and-go-greener","language":"en","media_id":1,"media_name":null,"media_url":null,"processed_stories_id":null,"publish_date":"2021-03-29 13:28:54","stories_id":1891481221,"story_tags":[{"stories_id":1891481221,"tag":"geonames_6252001","tag_set":"mc-geocoder@media.mit.edu","tag_sets_id":1011,"tags_id":8878461},{"stories_id":1891481221,"tag":"geonames_4155751","tag_set":"mc-geocoder@media.mit.edu","tag_sets_id":1011,"tags_id":8878477},{"stories_id":1891481221,"tag":"nyt_labeller_v1.0.0","tag_set":"nyt_labels_version","tag_sets_id":1964,"tags_id":9360669},{"stories_id":1891481221,"tag":"politics and government","tag_set":"nyt_labels","tag_sets_id":1963,"tags_id":9360836},{"stories_id":1891481221,"tag":"energy and power","tag_set":"nyt_labels","tag_sets_id":1963,"tags_id":9360997},{"stories_id":1891481221,"tag":"electric light and power","tag_set":"nyt_labels","tag_sets_id":1963,"tags_id":9361013},{"stories_id":1891481221,"tag":"light","tag_set":"nyt_labels","tag_sets_id":1963,"tags_id":9361014},{"stories_id":1891481221,"tag":"Biden","tag_set":"cliff_people","tag_sets_id":2389,"tags_id":9365736},{"stories_id":1891481221,"tag":"Interior Department","tag_set":"cliff_organizations","tag_sets_id":2388,"tags_id":9367363},{"stories_id":1891481221,"tag":"readability-lxml-0.8.1","tag_set":"extractor_version","tag_sets_id":1354,"tags_id":228516910},{"stories_id":1891481221,"tag":"cliff_clavin_v2.6.1","tag_set":"geocoder_version","tag_sets_id":1937,"tags_id":228516911}],"title":"Biden’s lesson from the 2009 stimulus bill? Go bigger, and go greener.","url":"https://www.nytimes.com/live/2021/03/29/us/biden-news-today/bidens-lesson-from-the-2009-stimulus-bill-go-bigger-and-go-greener","word_count":null}]