[{"ap_syndicated":null,"collect_date":"2021-04-06 14:51:37.673581","feeds":null,"guid":"{21005575-02D4-D4B5-4572-D3644451F4C9}","language":"en","media_id":1150,"media_name":null,"media_url":null,"processed_stories_id":null,"publish_date":"2021-04-06 14:45:00","stories_id":1898948428,"story_tags":[{"stories_id":1898948428,"tag":"geonames_6252001","tag_set":"mc-geocoder@media.mit.edu","tag_sets_id":1011,"tags_id":8878461},{"stories_id":1898948428,"tag":"geonames_4736286","tag_set":"mc-geocoder@media.mit.edu","tag_sets_id":1011,"tags_id":8878538},{"stories_id":1898948428,"tag":"geonames_4717560","tag_set":"mc-geocoder@media.mit.edu","tag_sets_id":1011,"tags_id":8883238},{"stories_id":1898948428,"tag":"nyt_labeller_v1.0.0","tag_set":"nyt_labels_version","tag_sets_id":1964,"tags_id":9360669},{"stories_id":1898948428,"tag":"finances","tag_set":"nyt_labels","tag_sets_id":1963,"tags_id":9360840},{"stories_id":1898948428,"tag":"budgets and budgeting","tag_set":"nyt_labels","tag_sets_id":1963,"tags_id":9360850},{"stories_id":1898948428,"tag":"taxation","tag_set":"nyt_labels","tag_sets_id":1963,"tags_id":9360882},{"stories_id":1898948428,"tag":"economic conditions and trends","tag_set":"nyt_labels","tag_sets_id":1963,"tags_id":9360989},{"stories_id":1898948428,"tag":"united states economy","tag_set":"nyt_labels","tag_sets_id":1963,"tags_id":9360990},{"stories_id":1898948428,"tag":"energy and power","tag_set":"nyt_labels","tag_sets_id":1963,"tags_id":9360997},{"stories_id":1898948428,"tag":"electric light and power","tag_set":"nyt_labels","tag_sets_id":1963,"tags_id":9361013},{"stories_id":1898948428,"tag":"light","tag_set":"nyt_labels","tag_sets_id":1963,"tags_id":9361014},{"stories_id":1898948428,"tag":"Trump","tag_set":"cliff_people","tag_sets_id":2389,"tags_id":9362872},{"stories_id":1898948428,"tag":"Congress","tag_set":"cliff_organizations","tag_sets_id":2388,"tags_id":9362962},{"stories_id":1898948428,"tag":"International Monetary Fund","tag_set":"cliff_organizations","tag_sets_id":2388,"tags_id":9363248},{"stories_id":1898948428,"tag":"Treasury","tag_set":"cliff_organizations","tag_sets_id":2388,"tags_id":9363650},{"stories_id":1898948428,"tag":"World Bank","tag_set":"cliff_organizations","tag_sets_id":2388,"tags_id":9363853},{"stories_id":1898948428,"tag":"Biden","tag_set":"cliff_people","tag_sets_id":2389,"tags_id":9365736},{"stories_id":1898948428,"tag":"IMF","tag_set":"cliff_organizations","tag_sets_id":2388,"tags_id":9367709},{"stories_id":1898948428,"tag":"Janet Yellen","tag_set":"cliff_people","tag_sets_id":2389,"tags_id":9367882},{"stories_id":1898948428,"tag":"U.S. Treasury","tag_set":"cliff_organizations","tag_sets_id":2388,"tags_id":9386013},{"stories_id":1898948428,"tag":"Chicago Council on Global Affairs","tag_set":"cliff_organizations","tag_sets_id":2388,"tags_id":9386392},{"stories_id":1898948428,"tag":"Baker Hughes","tag_set":"cliff_organizations","tag_sets_id":2388,"tags_id":9387691},{"stories_id":1898948428,"tag":"David Malpass","tag_set":"cliff_people","tag_sets_id":2389,"tags_id":9408515},{"stories_id":1898948428,"tag":"Kristalina Georgieva","tag_set":"cliff_people","tag_sets_id":2389,"tags_id":9415312},{"stories_id":1898948428,"tag":"readability-lxml-0.8.1","tag_set":"extractor_version","tag_sets_id":1354,"tags_id":228516910},{"stories_id":1898948428,"tag":"cliff_clavin_v2.6.1","tag_set":"geocoder_version","tag_sets_id":1937,"tags_id":228516911}],"title":"Capitol Report: Government can leverage private spending to fight climate change, says Yellen","url":"http://www.marketwatch.com/news/story.asp?guid=%7B21005575-02D4-D4B5-4572-D3644451F4C9%7D&siteid=rss&rss=1","word_count":null}]