[{"ap_syndicated":null,"collect_date":"2021-04-07 12:58:48.793889","feeds":null,"guid":"SB11846872648745274142104587388350338263764","language":"en","media_id":1150,"media_name":null,"media_url":null,"processed_stories_id":null,"publish_date":"2021-04-07 12:13:00","stories_id":1899949461,"story_tags":[{"stories_id":1899949461,"tag":"geonames_6252001","tag_set":"mc-geocoder@media.mit.edu","tag_sets_id":1011,"tags_id":8878461},{"stories_id":1899949461,"tag":"geonames_4829764","tag_set":"mc-geocoder@media.mit.edu","tag_sets_id":1011,"tags_id":8878733},{"stories_id":1899949461,"tag":"nyt_labeller_v1.0.0","tag_set":"nyt_labels_version","tag_sets_id":1964,"tags_id":9360669},{"stories_id":1899949461,"tag":"finances","tag_set":"nyt_labels","tag_sets_id":1963,"tags_id":9360840},{"stories_id":1899949461,"tag":"taxation","tag_set":"nyt_labels","tag_sets_id":1963,"tags_id":9360882},{"stories_id":1899949461,"tag":"tax credits","tag_set":"nyt_labels","tag_sets_id":1963,"tags_id":9361254},{"stories_id":1899949461,"tag":"Treasury Department","tag_set":"cliff_organizations","tag_sets_id":2388,"tags_id":9362735},{"stories_id":1899949461,"tag":"Congress","tag_set":"cliff_organizations","tag_sets_id":2388,"tags_id":9362962},{"stories_id":1899949461,"tag":"Treasury","tag_set":"cliff_organizations","tag_sets_id":2388,"tags_id":9363650},{"stories_id":1899949461,"tag":"Biden","tag_set":"cliff_people","tag_sets_id":2389,"tags_id":9365736},{"stories_id":1899949461,"tag":"S&P","tag_set":"cliff_organizations","tag_sets_id":2388,"tags_id":9368263},{"stories_id":1899949461,"tag":"Yellen","tag_set":"cliff_people","tag_sets_id":2389,"tags_id":9395656},{"stories_id":1899949461,"tag":"Amazon.com Inc.","tag_set":"cliff_organizations","tag_sets_id":2388,"tags_id":9405783},{"stories_id":1899949461,"tag":"Richard Rubin","tag_set":"cliff_people","tag_sets_id":2389,"tags_id":9456363},{"stories_id":1899949461,"tag":"Kate Davidson","tag_set":"cliff_people","tag_sets_id":2389,"tags_id":9639215},{"stories_id":1899949461,"tag":"Office of Tax Analysis","tag_set":"cliff_organizations","tag_sets_id":2388,"tags_id":9728937},{"stories_id":1899949461,"tag":"—Theo Francis","tag_set":"cliff_people","tag_sets_id":2389,"tags_id":40891364},{"stories_id":1899949461,"tag":"geonames_4047799","tag_set":"mc-geocoder@media.mit.edu","tag_sets_id":1011,"tags_id":226218191},{"stories_id":1899949461,"tag":"readability-lxml-0.8.1","tag_set":"extractor_version","tag_sets_id":1354,"tags_id":228516910},{"stories_id":1899949461,"tag":"cliff_clavin_v2.6.1","tag_set":"geocoder_version","tag_sets_id":1937,"tags_id":228516911}],"title":"Biden Softens Tax Proposal Aimed at Profitable Companies That Pay Little","url":"https://www.wsj.com/articles/biden-softens-tax-proposal-aimed-at-profitable-companies-that-pay-little-11617809422?mod=pls_whats_news_us_business_f","word_count":null}]