[{"ap_syndicated":null,"collect_date":"2021-04-20 17:58:52.734919","feeds":null,"guid":"https://www.nytimes.com/2021/04/20/climate/coal-climate-change.html","language":"en","media_id":1,"media_name":null,"media_url":null,"processed_stories_id":null,"publish_date":"2021-04-20 17:19:52","stories_id":1907660422,"story_tags":[{"stories_id":1907660422,"tag":"geonames_1814991","tag_set":"mc-geocoder@media.mit.edu","tag_sets_id":1011,"tags_id":8878478},{"stories_id":1907660422,"tag":"geonames_1269750","tag_set":"mc-geocoder@media.mit.edu","tag_sets_id":1011,"tags_id":8878677},{"stories_id":1907660422,"tag":"geonames_1642669","tag_set":"mc-geocoder@media.mit.edu","tag_sets_id":1011,"tags_id":8879356},{"stories_id":1907660422,"tag":"geonames_1261481","tag_set":"mc-geocoder@media.mit.edu","tag_sets_id":1011,"tags_id":8879597},{"stories_id":1907660422,"tag":"nyt_labeller_v1.0.0","tag_set":"nyt_labels_version","tag_sets_id":1964,"tags_id":9360669},{"stories_id":1907660422,"tag":"global warming","tag_set":"nyt_labels","tag_sets_id":1963,"tags_id":9360886},{"stories_id":1907660422,"tag":"environment","tag_set":"nyt_labels","tag_sets_id":1963,"tags_id":9360887},{"stories_id":1907660422,"tag":"weather","tag_set":"nyt_labels","tag_sets_id":1963,"tags_id":9360902},{"stories_id":1907660422,"tag":"economic conditions and trends","tag_set":"nyt_labels","tag_sets_id":1963,"tags_id":9360989},{"stories_id":1907660422,"tag":"energy and power","tag_set":"nyt_labels","tag_sets_id":1963,"tags_id":9360997},{"stories_id":1907660422,"tag":"air pollution","tag_set":"nyt_labels","tag_sets_id":1963,"tags_id":9361007},{"stories_id":1907660422,"tag":"electric light and power","tag_set":"nyt_labels","tag_sets_id":1963,"tags_id":9361013},{"stories_id":1907660422,"tag":"light","tag_set":"nyt_labels","tag_sets_id":1963,"tags_id":9361014},{"stories_id":1907660422,"tag":"chemistry","tag_set":"nyt_labels","tag_sets_id":1963,"tags_id":9361262},{"stories_id":1907660422,"tag":"Columbia University","tag_set":"cliff_organizations","tag_sets_id":2388,"tags_id":9363347},{"stories_id":1907660422,"tag":"Xi Jinping","tag_set":"cliff_people","tag_sets_id":2389,"tags_id":9363823},{"stories_id":1907660422,"tag":"Biden","tag_set":"cliff_people","tag_sets_id":2389,"tags_id":9365736},{"stories_id":1907660422,"tag":"Yoshihide Suga","tag_set":"cliff_people","tag_sets_id":2389,"tags_id":9366827},{"stories_id":1907660422,"tag":"International Energy Agency","tag_set":"cliff_organizations","tag_sets_id":2388,"tags_id":9387130},{"stories_id":1907660422,"tag":"Fatih Birol","tag_set":"cliff_people","tag_sets_id":2389,"tags_id":9395764},{"stories_id":1907660422,"tag":"World Resources Institute","tag_set":"cliff_organizations","tag_sets_id":2388,"tags_id":9421796},{"stories_id":1907660422,"tag":"Manish Bapna","tag_set":"cliff_people","tag_sets_id":2389,"tags_id":9457706},{"stories_id":1907660422,"tag":"Fitch Solutions","tag_set":"cliff_organizations","tag_sets_id":2388,"tags_id":9733938},{"stories_id":1907660422,"tag":"Hiroko Tabuchi","tag_set":"cliff_people","tag_sets_id":2389,"tags_id":11022875},{"stories_id":1907660422,"tag":"Julfikar Ali Manik","tag_set":"cliff_people","tag_sets_id":2389,"tags_id":12572488},{"stories_id":1907660422,"tag":"Energy & Resources Institute","tag_set":"cliff_organizations","tag_sets_id":2388,"tags_id":28705429},{"stories_id":1907660422,"tag":"Melissa C. Lott","tag_set":"cliff_people","tag_sets_id":2389,"tags_id":30567281},{"stories_id":1907660422,"tag":"Ritu Mathur","tag_set":"cliff_people","tag_sets_id":2389,"tags_id":36499315},{"stories_id":1907660422,"tag":"Daine Loh","tag_set":"cliff_people","tag_sets_id":2389,"tags_id":179153540},{"stories_id":1907660422,"tag":"geonames_1964179","tag_set":"mc-geocoder@media.mit.edu","tag_sets_id":1011,"tags_id":226214232},{"stories_id":1907660422,"tag":"readability-lxml-0.8.1","tag_set":"extractor_version","tag_sets_id":1354,"tags_id":228516910},{"stories_id":1907660422,"tag":"cliff_clavin_v2.6.1","tag_set":"geocoder_version","tag_sets_id":1937,"tags_id":228516911},{"stories_id":1907660422,"tag":"Center for Global Energy Research","tag_set":"cliff_organizations","tag_sets_id":2388,"tags_id":229417665}],"title":"Coal Is Set to Roar Back, and So Are Its Climate Risks","url":"https://www.nytimes.com/2021/04/20/climate/coal-climate-change.html","word_count":null}]