[{"ap_syndicated":null,"collect_date":"2021-04-21 06:02:34.650859","feeds":null,"guid":"https://www.usatoday.com/story/opinion/2021/04/21/climate-change-summit-why-america-falling-behind-clean-energy-column/7298798002/","language":"en","media_id":4,"media_name":null,"media_url":null,"processed_stories_id":null,"publish_date":"2021-04-21 06:00:06","stories_id":1908135897,"story_tags":[{"stories_id":1908135897,"tag":"geonames_6252001","tag_set":"mc-geocoder@media.mit.edu","tag_sets_id":1011,"tags_id":8878461},{"stories_id":1908135897,"tag":"nyt_labeller_v1.0.0","tag_set":"nyt_labels_version","tag_sets_id":1964,"tags_id":9360669},{"stories_id":1908135897,"tag":"politics and government","tag_set":"nyt_labels","tag_sets_id":1963,"tags_id":9360836},{"stories_id":1908135897,"tag":"global warming","tag_set":"nyt_labels","tag_sets_id":1963,"tags_id":9360886},{"stories_id":1908135897,"tag":"environment","tag_set":"nyt_labels","tag_sets_id":1963,"tags_id":9360887},{"stories_id":1908135897,"tag":"energy and power","tag_set":"nyt_labels","tag_sets_id":1963,"tags_id":9360997},{"stories_id":1908135897,"tag":"air pollution","tag_set":"nyt_labels","tag_sets_id":1963,"tags_id":9361007},{"stories_id":1908135897,"tag":"electric light and power","tag_set":"nyt_labels","tag_sets_id":1963,"tags_id":9361013},{"stories_id":1908135897,"tag":"White House","tag_set":"cliff_organizations","tag_sets_id":2388,"tags_id":9362736},{"stories_id":1908135897,"tag":"Joe Biden","tag_set":"cliff_people","tag_sets_id":2389,"tags_id":9363134},{"stories_id":1908135897,"tag":"Xi Jinping","tag_set":"cliff_people","tag_sets_id":2389,"tags_id":9363823},{"stories_id":1908135897,"tag":"Ford","tag_set":"cliff_organizations","tag_sets_id":2388,"tags_id":9364086},{"stories_id":1908135897,"tag":"GM","tag_set":"cliff_organizations","tag_sets_id":2388,"tags_id":9367378},{"stories_id":1908135897,"tag":"VW","tag_set":"cliff_organizations","tag_sets_id":2388,"tags_id":9367672},{"stories_id":1908135897,"tag":"Tesla","tag_set":"cliff_people","tag_sets_id":2389,"tags_id":9369660},{"stories_id":1908135897,"tag":"BMW","tag_set":"cliff_organizations","tag_sets_id":2388,"tags_id":9382631},{"stories_id":1908135897,"tag":"EVs","tag_set":"cliff_organizations","tag_sets_id":2388,"tags_id":9432985},{"stories_id":1908135897,"tag":"Brian Menell","tag_set":"cliff_people","tag_sets_id":2389,"tags_id":10579246},{"stories_id":1908135897,"tag":"U.S. International Development Finance Corporation","tag_set":"cliff_organizations","tag_sets_id":2388,"tags_id":51921029},{"stories_id":1908135897,"tag":"readability-lxml-0.8.1","tag_set":"extractor_version","tag_sets_id":1354,"tags_id":228516910},{"stories_id":1908135897,"tag":"cliff_clavin_v2.6.1","tag_set":"geocoder_version","tag_sets_id":1937,"tags_id":228516911}],"title":"Ahead of Biden's climate change summit, America is losing vital ground on clean energy","url":"http://rssfeeds.usatoday.com/~/649686804/0/news-opinion~Ahead-of-Bidens-climate-change-summit-America-is-losing-vital-ground-on-clean-energy/","word_count":null}]