[{"ap_syndicated":null,"collect_date":"2021-05-12 07:40:36.354253","feeds":null,"guid":"https://www.nytimes.com/2021/05/12/business/dealbook/softbank-profit-record.html","language":"en","media_id":1,"media_name":null,"media_url":null,"processed_stories_id":null,"publish_date":"2021-05-12 07:19:18","stories_id":1928907953,"story_tags":[{"stories_id":1928907953,"tag":"geonames_6252001","tag_set":"mc-geocoder@media.mit.edu","tag_sets_id":1011,"tags_id":8878461},{"stories_id":1928907953,"tag":"geonames_5110302","tag_set":"mc-geocoder@media.mit.edu","tag_sets_id":1011,"tags_id":8878462},{"stories_id":1928907953,"tag":"geonames_5128638","tag_set":"mc-geocoder@media.mit.edu","tag_sets_id":1011,"tags_id":8878463},{"stories_id":1928907953,"tag":"geonames_5357527","tag_set":"mc-geocoder@media.mit.edu","tag_sets_id":1011,"tags_id":8878850},{"stories_id":1928907953,"tag":"nyt_labeller_v1.0.0","tag_set":"nyt_labels_version","tag_sets_id":1964,"tags_id":9360669},{"stories_id":1928907953,"tag":"finances","tag_set":"nyt_labels","tag_sets_id":1963,"tags_id":9360840},{"stories_id":1928907953,"tag":"company reports","tag_set":"nyt_labels","tag_sets_id":1963,"tags_id":9361050},{"stories_id":1928907953,"tag":"corporations","tag_set":"nyt_labels","tag_sets_id":1963,"tags_id":9361051},{"stories_id":1928907953,"tag":"Reuters","tag_set":"cliff_organizations","tag_sets_id":2388,"tags_id":9362267},{"stories_id":1928907953,"tag":"White House","tag_set":"cliff_organizations","tag_sets_id":2388,"tags_id":9362736},{"stories_id":1928907953,"tag":"Senate","tag_set":"cliff_organizations","tag_sets_id":2388,"tags_id":9362741},{"stories_id":1928907953,"tag":"Bloomberg","tag_set":"cliff_organizations","tag_sets_id":2388,"tags_id":9363116},{"stories_id":1928907953,"tag":"David Cameron","tag_set":"cliff_people","tag_sets_id":2389,"tags_id":9363420},{"stories_id":1928907953,"tag":"Peter Thiel","tag_set":"cliff_people","tag_sets_id":2389,"tags_id":9363692},{"stories_id":1928907953,"tag":"Times","tag_set":"cliff_organizations","tag_sets_id":2388,"tags_id":9365707},{"stories_id":1928907953,"tag":"Biden","tag_set":"cliff_people","tag_sets_id":2389,"tags_id":9365736},{"stories_id":1928907953,"tag":"Didi","tag_set":"cliff_people","tag_sets_id":2389,"tags_id":9369580},{"stories_id":1928907953,"tag":"Citigroup","tag_set":"cliff_organizations","tag_sets_id":2388,"tags_id":9377230},{"stories_id":1928907953,"tag":"James Murdoch","tag_set":"cliff_people","tag_sets_id":2389,"tags_id":9377544},{"stories_id":1928907953,"tag":"SoftBank","tag_set":"cliff_organizations","tag_sets_id":2388,"tags_id":9388833},{"stories_id":1928907953,"tag":"Christie","tag_set":"cliff_people","tag_sets_id":2389,"tags_id":9389244},{"stories_id":1928907953,"tag":"SPAC","tag_set":"cliff_organizations","tag_sets_id":2388,"tags_id":9390766},{"stories_id":1928907953,"tag":"green energy","tag_set":"cliff_organizations","tag_sets_id":2388,"tags_id":9407584},{"stories_id":1928907953,"tag":"Wayne LaPierre","tag_set":"cliff_people","tag_sets_id":2389,"tags_id":9412440},{"stories_id":1928907953,"tag":"M.I.T.","tag_set":"cliff_organizations","tag_sets_id":2388,"tags_id":9430660},{"stories_id":1928907953,"tag":"BlackRock","tag_set":"cliff_organizations","tag_sets_id":2388,"tags_id":9433756},{"stories_id":1928907953,"tag":"Brookfield Asset Management","tag_set":"cliff_organizations","tag_sets_id":2388,"tags_id":9444191},{"stories_id":1928907953,"tag":"N.R.A.","tag_set":"cliff_organizations","tag_sets_id":2388,"tags_id":9453965},{"stories_id":1928907953,"tag":"Gary Gensler","tag_set":"cliff_people","tag_sets_id":2389,"tags_id":9461506},{"stories_id":1928907953,"tag":"Mike Bloomberg","tag_set":"cliff_people","tag_sets_id":2389,"tags_id":9464520},{"stories_id":1928907953,"tag":"Carlyle Group","tag_set":"cliff_organizations","tag_sets_id":2388,"tags_id":9468358},{"stories_id":1928907953,"tag":"VanEck","tag_set":"cliff_people","tag_sets_id":2389,"tags_id":9475210},{"stories_id":1928907953,"tag":"crypto","tag_set":"cliff_organizations","tag_sets_id":2388,"tags_id":9491867},{"stories_id":1928907953,"tag":"Andrew Yang","tag_set":"cliff_people","tag_sets_id":2389,"tags_id":9501840},{"stories_id":1928907953,"tag":"S.E.C.","tag_set":"cliff_organizations","tag_sets_id":2388,"tags_id":9524144},{"stories_id":1928907953,"tag":"TIAA","tag_set":"cliff_organizations","tag_sets_id":2388,"tags_id":9636632},{"stories_id":1928907953,"tag":"Louis Bacon","tag_set":"cliff_people","tag_sets_id":2389,"tags_id":9648431},{"stories_id":1928907953,"tag":"Harry Sloan","tag_set":"cliff_people","tag_sets_id":2389,"tags_id":9659848},{"stories_id":1928907953,"tag":"crypto exchange","tag_set":"cliff_organizations","tag_sets_id":2388,"tags_id":9672794},{"stories_id":1928907953,"tag":"Coinbase","tag_set":"cliff_people","tag_sets_id":2389,"tags_id":9733179},{"stories_id":1928907953,"tag":"Thasunda Brown Duckett","tag_set":"cliff_people","tag_sets_id":2389,"tags_id":9746721},{"stories_id":1928907953,"tag":"Noam Scheiber","tag_set":"cliff_people","tag_sets_id":2389,"tags_id":10022511},{"stories_id":1928907953,"tag":"Alan Howard","tag_set":"cliff_people","tag_sets_id":2389,"tags_id":10411288},{"stories_id":1928907953,"tag":"federal health agency","tag_set":"cliff_organizations","tag_sets_id":2388,"tags_id":10927994},{"stories_id":1928907953,"tag":"Rochelle Walensky","tag_set":"cliff_people","tag_sets_id":2389,"tags_id":28073071},{"stories_id":1928907953,"tag":"NY mag","tag_set":"cliff_organizations","tag_sets_id":2388,"tags_id":33004881},{"stories_id":1928907953,"tag":"Lex Greensill","tag_set":"cliff_people","tag_sets_id":2389,"tags_id":35784320},{"stories_id":1928907953,"tag":"first Vision Fund","tag_set":"cliff_organizations","tag_sets_id":2388,"tags_id":44721524},{"stories_id":1928907953,"tag":"Greensill Capital","tag_set":"cliff_organizations","tag_sets_id":2388,"tags_id":62551196},{"stories_id":1928907953,"tag":"Nick Liolis","tag_set":"cliff_people","tag_sets_id":2389,"tags_id":208252545},{"stories_id":1928907953,"tag":"SPAC news","tag_set":"cliff_organizations","tag_sets_id":2388,"tags_id":226111473},{"stories_id":1928907953,"tag":"readability-lxml-0.8.1","tag_set":"extractor_version","tag_sets_id":1354,"tags_id":228516910},{"stories_id":1928907953,"tag":"cliff_clavin_v2.6.1","tag_set":"geocoder_version","tag_sets_id":1937,"tags_id":228516911},{"stories_id":1928907953,"tag":"—Ray McGuire","tag_set":"cliff_people","tag_sets_id":2389,"tags_id":234680706}],"title":"SoftBank Breaks Records, But Can It Last?","url":"https://www.nytimes.com/2021/05/12/business/dealbook/softbank-profit-record.html","word_count":null}]