[{"ap_syndicated":null,"collect_date":"2021-05-13 02:00:44.399822","feeds":null,"guid":"{20C05575-04D4-B545-7416-0EDC70B8BC24}","language":"en","media_id":1150,"media_name":null,"media_url":null,"processed_stories_id":null,"publish_date":"2021-05-13 00:12:00","stories_id":1929739918,"story_tags":[{"stories_id":1929739918,"tag":"geonames_6252001","tag_set":"mc-geocoder@media.mit.edu","tag_sets_id":1011,"tags_id":8878461},{"stories_id":1929739918,"tag":"geonames_1814991","tag_set":"mc-geocoder@media.mit.edu","tag_sets_id":1011,"tags_id":8878478},{"stories_id":1929739918,"tag":"nyt_labeller_v1.0.0","tag_set":"nyt_labels_version","tag_sets_id":1964,"tags_id":9360669},{"stories_id":1929739918,"tag":"computers and the internet","tag_set":"nyt_labels","tag_sets_id":1963,"tags_id":9360839},{"stories_id":1929739918,"tag":"New York Times","tag_set":"cliff_organizations","tag_sets_id":2388,"tags_id":9362756},{"stories_id":1929739918,"tag":"University of Cambridge","tag_set":"cliff_organizations","tag_sets_id":2388,"tags_id":9364210},{"stories_id":1929739918,"tag":"Elon Musk","tag_set":"cliff_organizations","tag_sets_id":2388,"tags_id":9365056},{"stories_id":1929739918,"tag":"Tesla","tag_set":"cliff_people","tag_sets_id":2389,"tags_id":9369660},{"stories_id":1929739918,"tag":"Jack Dorsey","tag_set":"cliff_people","tag_sets_id":2389,"tags_id":9376820},{"stories_id":1929739918,"tag":"Elon Musk","tag_set":"cliff_people","tag_sets_id":2389,"tags_id":9384651},{"stories_id":1929739918,"tag":"International Energy Agency","tag_set":"cliff_organizations","tag_sets_id":2388,"tags_id":9387130},{"stories_id":1929739918,"tag":"Tesla Inc.","tag_set":"cliff_organizations","tag_sets_id":2388,"tags_id":9404460},{"stories_id":1929739918,"tag":"bitcoin","tag_set":"cliff_people","tag_sets_id":2389,"tags_id":9412308},{"stories_id":1929739918,"tag":"Amazon.com AMZN","tag_set":"cliff_organizations","tag_sets_id":2388,"tags_id":9483717},{"stories_id":1929739918,"tag":"crypto","tag_set":"cliff_organizations","tag_sets_id":2388,"tags_id":9491867},{"stories_id":1929739918,"tag":"Anthony Pompliano","tag_set":"cliff_people","tag_sets_id":2389,"tags_id":9644990},{"stories_id":1929739918,"tag":"Michael Saylor","tag_set":"cliff_people","tag_sets_id":2389,"tags_id":11458643},{"stories_id":1929739918,"tag":"Bitcoin bulls","tag_set":"cliff_organizations","tag_sets_id":2388,"tags_id":29805933},{"stories_id":1929739918,"tag":"CoinShares","tag_set":"cliff_organizations","tag_sets_id":2388,"tags_id":40018950},{"stories_id":1929739918,"tag":"Morgan Creek Digital","tag_set":"cliff_organizations","tag_sets_id":2388,"tags_id":64579434},{"stories_id":1929739918,"tag":"Aimee Boulanger","tag_set":"cliff_people","tag_sets_id":2389,"tags_id":67460551},{"stories_id":1929739918,"tag":"pioneer MicroStrategy Inc.","tag_set":"cliff_organizations","tag_sets_id":2388,"tags_id":146829768},{"stories_id":1929739918,"tag":"readability-lxml-0.8.1","tag_set":"extractor_version","tag_sets_id":1354,"tags_id":228516910},{"stories_id":1929739918,"tag":"cliff_clavin_v2.6.1","tag_set":"geocoder_version","tag_sets_id":1937,"tags_id":228516911},{"stories_id":1929739918,"tag":"crypto bona fides","tag_set":"cliff_organizations","tag_sets_id":2388,"tags_id":234746786}],"title":"Cryptos: Bitcoin bulls on social media reject Musk’s reasoning for halting crypto-based car sales","url":"http://www.marketwatch.com/news/story.asp?guid=%7B20C05575-04D4-B545-7416-0EDC70B8BC24%7D&siteid=rss&rss=1","word_count":null}]