[{"ap_syndicated":null,"collect_date":"2021-05-25 13:05:10.238819","feeds":null,"guid":"https://www.nytimes.com/live/2021/05/25/business/economy-stock-market-news/exxon-mobil-will-face-off-on-climate-change-against-activist-investors-on-wednesday","language":"en","media_id":1,"media_name":null,"media_url":null,"processed_stories_id":null,"publish_date":"2021-05-25 12:50:18","stories_id":1941805183,"story_tags":[{"stories_id":1941805183,"tag":"geonames_6252001","tag_set":"mc-geocoder@media.mit.edu","tag_sets_id":1011,"tags_id":8878461},{"stories_id":1941805183,"tag":"geonames_4699066","tag_set":"mc-geocoder@media.mit.edu","tag_sets_id":1011,"tags_id":8878528},{"stories_id":1941805183,"tag":"geonames_4138106","tag_set":"mc-geocoder@media.mit.edu","tag_sets_id":1011,"tags_id":8878827},{"stories_id":1941805183,"tag":"geonames_4140963","tag_set":"mc-geocoder@media.mit.edu","tag_sets_id":1011,"tags_id":8880349},{"stories_id":1941805183,"tag":"geonames_2704372","tag_set":"mc-geocoder@media.mit.edu","tag_sets_id":1011,"tags_id":8881464},{"stories_id":1941805183,"tag":"nyt_labeller_v1.0.0","tag_set":"nyt_labels_version","tag_sets_id":1964,"tags_id":9360669},{"stories_id":1941805183,"tag":"computers and the internet","tag_set":"nyt_labels","tag_sets_id":1963,"tags_id":9360839},{"stories_id":1941805183,"tag":"suits and litigation","tag_set":"nyt_labels","tag_sets_id":1963,"tags_id":9360860},{"stories_id":1941805183,"tag":"prices (fares, fees and rates)","tag_set":"nyt_labels","tag_sets_id":1963,"tags_id":9360996},{"stories_id":1941805183,"tag":"retail stores and trade","tag_set":"nyt_labels","tag_sets_id":1963,"tags_id":9361069},{"stories_id":1941805183,"tag":"antitrust actions and laws","tag_set":"nyt_labels","tag_sets_id":1963,"tags_id":9361284},{"stories_id":1941805183,"tag":"Exxon","tag_set":"cliff_organizations","tag_sets_id":2388,"tags_id":9362930},{"stories_id":1941805183,"tag":"Netflix","tag_set":"cliff_organizations","tag_sets_id":2388,"tags_id":9363592},{"stories_id":1941805183,"tag":"Walmart","tag_set":"cliff_organizations","tag_sets_id":2388,"tags_id":9363718},{"stories_id":1941805183,"tag":"House Judiciary Committee","tag_set":"cliff_organizations","tag_sets_id":2388,"tags_id":9363808},{"stories_id":1941805183,"tag":"Allen","tag_set":"cliff_people","tag_sets_id":2389,"tags_id":9364979},{"stories_id":1941805183,"tag":"Richard Blumenthal","tag_set":"cliff_people","tag_sets_id":2389,"tags_id":9366371},{"stories_id":1941805183,"tag":"Amazon","tag_set":"cliff_organizations","tag_sets_id":2388,"tags_id":9366535},{"stories_id":1941805183,"tag":"BP","tag_set":"cliff_organizations","tag_sets_id":2388,"tags_id":9367462},{"stories_id":1941805183,"tag":"Federal Trade Commission","tag_set":"cliff_organizations","tag_sets_id":2388,"tags_id":9367616},{"stories_id":1941805183,"tag":"S&P","tag_set":"cliff_organizations","tag_sets_id":2388,"tags_id":9368263},{"stories_id":1941805183,"tag":"Exxon Mobil","tag_set":"cliff_organizations","tag_sets_id":2388,"tags_id":9376186},{"stories_id":1941805183,"tag":"tech giants","tag_set":"cliff_organizations","tag_sets_id":2388,"tags_id":9376410},{"stories_id":1941805183,"tag":"New York State","tag_set":"cliff_organizations","tag_sets_id":2388,"tags_id":9381707},{"stories_id":1941805183,"tag":"D.C. Superior Court","tag_set":"cliff_organizations","tag_sets_id":2388,"tags_id":9415758},{"stories_id":1941805183,"tag":"Morningstar","tag_set":"cliff_organizations","tag_sets_id":2388,"tags_id":9416234},{"stories_id":1941805183,"tag":"Darren Woods","tag_set":"cliff_people","tag_sets_id":2389,"tags_id":9455447},{"stories_id":1941805183,"tag":"Conference Board","tag_set":"cliff_organizations","tag_sets_id":2388,"tags_id":9461126},{"stories_id":1941805183,"tag":"Karl Racine","tag_set":"cliff_people","tag_sets_id":2389,"tags_id":9537364},{"stories_id":1941805183,"tag":"Brendan Mcdermid/Reuters","tag_set":"cliff_people","tag_sets_id":2389,"tags_id":10133381},{"stories_id":1941805183,"tag":"Jodi Seth","tag_set":"cliff_people","tag_sets_id":2389,"tags_id":10149449},{"stories_id":1941805183,"tag":"ifo Institute","tag_set":"cliff_organizations","tag_sets_id":2388,"tags_id":31077385},{"stories_id":1941805183,"tag":"Lordstown Motors","tag_set":"cliff_organizations","tag_sets_id":2388,"tags_id":182160497},{"stories_id":1941805183,"tag":"readability-lxml-0.8.1","tag_set":"extractor_version","tag_sets_id":1354,"tags_id":228516910},{"stories_id":1941805183,"tag":"cliff_clavin_v2.6.1","tag_set":"geocoder_version","tag_sets_id":1937,"tags_id":228516911}],"title":"Exxon Mobil will face off on climate change against activist investors on Wednesday.","url":"https://www.nytimes.com/live/2021/05/25/business/economy-stock-market-news/exxon-mobil-will-face-off-on-climate-change-against-activist-investors-on-wednesday","word_count":null}]