[{"ap_syndicated":null,"collect_date":"2021-06-06 19:25:38.562652","feeds":null,"guid":"SB12754401139327394486504587503052330771554","language":"en","media_id":1150,"media_name":null,"media_url":null,"processed_stories_id":null,"publish_date":"2021-06-06 08:00:00","stories_id":1953076880,"story_tags":[{"stories_id":1953076880,"tag":"geonames_6252001","tag_set":"mc-geocoder@media.mit.edu","tag_sets_id":1011,"tags_id":8878461},{"stories_id":1953076880,"tag":"geonames_5073708","tag_set":"mc-geocoder@media.mit.edu","tag_sets_id":1011,"tags_id":8879105},{"stories_id":1953076880,"tag":"geonames_5071348","tag_set":"mc-geocoder@media.mit.edu","tag_sets_id":1011,"tags_id":8885286},{"stories_id":1953076880,"tag":"geonames_500075","tag_set":"mc-geocoder@media.mit.edu","tag_sets_id":1011,"tags_id":8953609},{"stories_id":1953076880,"tag":"geonames_5069802","tag_set":"mc-geocoder@media.mit.edu","tag_sets_id":1011,"tags_id":8956178},{"stories_id":1953076880,"tag":"nyt_labeller_v1.0.0","tag_set":"nyt_labels_version","tag_sets_id":1964,"tags_id":9360669},{"stories_id":1953076880,"tag":"finances","tag_set":"nyt_labels","tag_sets_id":1963,"tags_id":9360840},{"stories_id":1953076880,"tag":"oil (petroleum) and gasoline","tag_set":"nyt_labels","tag_sets_id":1963,"tags_id":9360884},{"stories_id":1953076880,"tag":"international trade and world market","tag_set":"nyt_labels","tag_sets_id":1963,"tags_id":9360983},{"stories_id":1953076880,"tag":"prices (fares, fees and rates)","tag_set":"nyt_labels","tag_sets_id":1963,"tags_id":9360996},{"stories_id":1953076880,"tag":"food","tag_set":"nyt_labels","tag_sets_id":1963,"tags_id":9361010},{"stories_id":1953076880,"tag":"agriculture","tag_set":"nyt_labels","tag_sets_id":1963,"tags_id":9361156},{"stories_id":1953076880,"tag":"futures and options trading","tag_set":"nyt_labels","tag_sets_id":1963,"tags_id":9361222},{"stories_id":1953076880,"tag":"Agriculture Department","tag_set":"cliff_organizations","tag_sets_id":2388,"tags_id":9363721},{"stories_id":1953076880,"tag":"Biden","tag_set":"cliff_people","tag_sets_id":2389,"tags_id":9365736},{"stories_id":1953076880,"tag":"Wall Street Journal","tag_set":"cliff_organizations","tag_sets_id":2388,"tags_id":9366539},{"stories_id":1953076880,"tag":"Chicago Board of Trade","tag_set":"cliff_organizations","tag_sets_id":2388,"tags_id":9373153},{"stories_id":1953076880,"tag":"IHS","tag_set":"cliff_organizations","tag_sets_id":2388,"tags_id":9385972},{"stories_id":1953076880,"tag":"ADM","tag_set":"cliff_organizations","tag_sets_id":2388,"tags_id":9461036},{"stories_id":1953076880,"tag":"Cargill","tag_set":"cliff_organizations","tag_sets_id":2388,"tags_id":9480958},{"stories_id":1953076880,"tag":"Greg Morris","tag_set":"cliff_people","tag_sets_id":2389,"tags_id":9613175},{"stories_id":1953076880,"tag":"U.S. Agriculture Department","tag_set":"cliff_organizations","tag_sets_id":2388,"tags_id":9644061},{"stories_id":1953076880,"tag":"Archer Daniels Midland Co.","tag_set":"cliff_organizations","tag_sets_id":2388,"tags_id":9657378},{"stories_id":1953076880,"tag":"Kyle Holland","tag_set":"cliff_people","tag_sets_id":2389,"tags_id":10192197},{"stories_id":1953076880,"tag":"Arlan Suderman","tag_set":"cliff_people","tag_sets_id":2389,"tags_id":11347005},{"stories_id":1953076880,"tag":"Phillips 66 Co.","tag_set":"cliff_organizations","tag_sets_id":2388,"tags_id":28457928},{"stories_id":1953076880,"tag":"Alan Weber","tag_set":"cliff_people","tag_sets_id":2389,"tags_id":33858465},{"stories_id":1953076880,"tag":"IHS Markit Inc","tag_set":"cliff_organizations","tag_sets_id":2388,"tags_id":35447624},{"stories_id":1953076880,"tag":"Kirk Maltais","tag_set":"cliff_people","tag_sets_id":2389,"tags_id":44207634},{"stories_id":1953076880,"tag":"Roger Watchorn","tag_set":"cliff_people","tag_sets_id":2389,"tags_id":63047741},{"stories_id":1953076880,"tag":"Mintec Ltd.","tag_set":"cliff_organizations","tag_sets_id":2388,"tags_id":66075177},{"stories_id":1953076880,"tag":"Juan Sacoto","tag_set":"cliff_people","tag_sets_id":2389,"tags_id":72754430},{"stories_id":1953076880,"tag":"Rory Doyle/Bloomberg","tag_set":"cliff_people","tag_sets_id":2389,"tags_id":200738458},{"stories_id":1953076880,"tag":"StoneX Group","tag_set":"cliff_organizations","tag_sets_id":2388,"tags_id":206328612},{"stories_id":1953076880,"tag":"readability-lxml-0.8.1","tag_set":"extractor_version","tag_sets_id":1354,"tags_id":228516910},{"stories_id":1953076880,"tag":"cliff_clavin_v2.6.1","tag_set":"geocoder_version","tag_sets_id":1937,"tags_id":228516911}],"title":"Renewable-Fuel Push Drives Soyoil Prices to Record High","url":"https://www.wsj.com/articles/renewable-fuel-push-drives-soyoil-prices-to-record-high-11622980800?mod=pls_whats_news_us_business_f","word_count":null}]