[{"ap_syndicated":null,"collect_date":"2021-07-07 05:58:09.444851","feeds":null,"guid":"SB12603141381593803866504587569570430240102","language":"en","media_id":1150,"media_name":null,"media_url":null,"processed_stories_id":null,"publish_date":"2021-07-07 05:33:00","stories_id":1983124412,"story_tags":[{"stories_id":1983124412,"tag":"geonames_6252001","tag_set":"mc-geocoder@media.mit.edu","tag_sets_id":1011,"tags_id":8878461},{"stories_id":1983124412,"tag":"geonames_5843591","tag_set":"mc-geocoder@media.mit.edu","tag_sets_id":1011,"tags_id":8880005},{"stories_id":1983124412,"tag":"geonames_5832330","tag_set":"mc-geocoder@media.mit.edu","tag_sets_id":1011,"tags_id":8880182},{"stories_id":1983124412,"tag":"geonames_1809935","tag_set":"mc-geocoder@media.mit.edu","tag_sets_id":1011,"tags_id":8881889},{"stories_id":1983124412,"tag":"nyt_labeller_v1.0.0","tag_set":"nyt_labels_version","tag_sets_id":1964,"tags_id":9360669},{"stories_id":1983124412,"tag":"economic conditions and trends","tag_set":"nyt_labels","tag_sets_id":1963,"tags_id":9360989},{"stories_id":1983124412,"tag":"prices (fares, fees and rates)","tag_set":"nyt_labels","tag_sets_id":1963,"tags_id":9360996},{"stories_id":1983124412,"tag":"energy and power","tag_set":"nyt_labels","tag_sets_id":1963,"tags_id":9360997},{"stories_id":1983124412,"tag":"electric light and power","tag_set":"nyt_labels","tag_sets_id":1963,"tags_id":9361013},{"stories_id":1983124412,"tag":"light","tag_set":"nyt_labels","tag_sets_id":1963,"tags_id":9361014},{"stories_id":1983124412,"tag":"International Monetary Fund","tag_set":"cliff_organizations","tag_sets_id":2388,"tags_id":9363248},{"stories_id":1983124412,"tag":"Georgia Power","tag_set":"cliff_organizations","tag_sets_id":2388,"tags_id":9366666},{"stories_id":1983124412,"tag":"IMF","tag_set":"cliff_organizations","tag_sets_id":2388,"tags_id":9367709},{"stories_id":1983124412,"tag":"Energy Information Administration","tag_set":"cliff_organizations","tag_sets_id":2388,"tags_id":9380334},{"stories_id":1983124412,"tag":"International Energy Agency","tag_set":"cliff_organizations","tag_sets_id":2388,"tags_id":9387130},{"stories_id":1983124412,"tag":"Katherine","tag_set":"cliff_people","tag_sets_id":2389,"tags_id":9393764},{"stories_id":1983124412,"tag":"EIA","tag_set":"cliff_organizations","tag_sets_id":2388,"tags_id":9411071},{"stories_id":1983124412,"tag":"National Development and Reform Commission","tag_set":"cliff_organizations","tag_sets_id":2388,"tags_id":9419329},{"stories_id":1983124412,"tag":"NDRC","tag_set":"cliff_organizations","tag_sets_id":2388,"tags_id":9449212},{"stories_id":1983124412,"tag":"Peabody Energy Corp","tag_set":"cliff_organizations","tag_sets_id":2388,"tags_id":9471884},{"stories_id":1983124412,"tag":"Moody’s Investors Service","tag_set":"cliff_organizations","tag_sets_id":2388,"tags_id":9519557},{"stories_id":1983124412,"tag":"Iberdrola","tag_set":"cliff_organizations","tag_sets_id":2388,"tags_id":9520938},{"stories_id":1983124412,"tag":"Southern Co","tag_set":"cliff_organizations","tag_sets_id":2388,"tags_id":9608824},{"stories_id":1983124412,"tag":"Iberdrola SA","tag_set":"cliff_organizations","tag_sets_id":2388,"tags_id":10066708},{"stories_id":1983124412,"tag":"Jonathan Cole","tag_set":"cliff_people","tag_sets_id":2389,"tags_id":10112678},{"stories_id":1983124412,"tag":"Sarah McFarlane","tag_set":"cliff_people","tag_sets_id":2389,"tags_id":11741154},{"stories_id":1983124412,"tag":"Jacob Reynolds","tag_set":"cliff_people","tag_sets_id":2389,"tags_id":28405345},{"stories_id":1983124412,"tag":"Kathryn Porter","tag_set":"cliff_people","tag_sets_id":2389,"tags_id":29547532},{"stories_id":1983124412,"tag":"christopher aluka","tag_set":"cliff_people","tag_sets_id":2389,"tags_id":72309458},{"stories_id":1983124412,"tag":"Reactive Technologies Ltd.","tag_set":"cliff_organizations","tag_sets_id":2388,"tags_id":201615085},{"stories_id":1983124412,"tag":"Chris Kimmett","tag_set":"cliff_people","tag_sets_id":2389,"tags_id":201615086},{"stories_id":1983124412,"tag":"Arch Resources Inc.","tag_set":"cliff_organizations","tag_sets_id":2388,"tags_id":204603449},{"stories_id":1983124412,"tag":"—Sha Hua","tag_set":"cliff_people","tag_sets_id":2389,"tags_id":225387306},{"stories_id":1983124412,"tag":"readability-lxml-0.8.1","tag_set":"extractor_version","tag_sets_id":1354,"tags_id":228516910},{"stories_id":1983124412,"tag":"cliff_clavin_v2.6.1","tag_set":"geocoder_version","tag_sets_id":1937,"tags_id":228516911}],"title":"Coal Shows Its Staying Power as Economies Bounce Back","url":"https://www.wsj.com/articles/coal-shows-its-staying-power-as-economies-bounce-back-11625650381?mod=pls_whats_news_us_business_f","word_count":null}]