[{"ap_syndicated":null,"collect_date":"2021-07-19 13:34:29.018517","feeds":null,"guid":"{20C05575-04D4-B545-7537-489E3131F78D}","language":"en","media_id":1150,"media_name":null,"media_url":null,"processed_stories_id":null,"publish_date":"2021-07-19 13:22:00","stories_id":1994892309,"story_tags":[{"stories_id":1994892309,"tag":"geonames_6252001","tag_set":"mc-geocoder@media.mit.edu","tag_sets_id":1011,"tags_id":8878461},{"stories_id":1994892309,"tag":"geonames_4736286","tag_set":"mc-geocoder@media.mit.edu","tag_sets_id":1011,"tags_id":8878538},{"stories_id":1994892309,"tag":"geonames_4717560","tag_set":"mc-geocoder@media.mit.edu","tag_sets_id":1011,"tags_id":8883238},{"stories_id":1994892309,"tag":"geonames_4671576","tag_set":"mc-geocoder@media.mit.edu","tag_sets_id":1011,"tags_id":9025394},{"stories_id":1994892309,"tag":"nyt_labeller_v1.0.0","tag_set":"nyt_labels_version","tag_sets_id":1964,"tags_id":9360669},{"stories_id":1994892309,"tag":"finances","tag_set":"nyt_labels","tag_sets_id":1963,"tags_id":9360840},{"stories_id":1994892309,"tag":"oil (petroleum) and gasoline","tag_set":"nyt_labels","tag_sets_id":1963,"tags_id":9360884},{"stories_id":1994892309,"tag":"global warming","tag_set":"nyt_labels","tag_sets_id":1963,"tags_id":9360886},{"stories_id":1994892309,"tag":"environment","tag_set":"nyt_labels","tag_sets_id":1963,"tags_id":9360887},{"stories_id":1994892309,"tag":"weather","tag_set":"nyt_labels","tag_sets_id":1963,"tags_id":9360902},{"stories_id":1994892309,"tag":"banks and banking","tag_set":"nyt_labels","tag_sets_id":1963,"tags_id":9360943},{"stories_id":1994892309,"tag":"economic conditions and trends","tag_set":"nyt_labels","tag_sets_id":1963,"tags_id":9360989},{"stories_id":1994892309,"tag":"united states economy","tag_set":"nyt_labels","tag_sets_id":1963,"tags_id":9360990},{"stories_id":1994892309,"tag":"prices (fares, fees and rates)","tag_set":"nyt_labels","tag_sets_id":1963,"tags_id":9360996},{"stories_id":1994892309,"tag":"energy and power","tag_set":"nyt_labels","tag_sets_id":1963,"tags_id":9360997},{"stories_id":1994892309,"tag":"air pollution","tag_set":"nyt_labels","tag_sets_id":1963,"tags_id":9361007},{"stories_id":1994892309,"tag":"electric light and power","tag_set":"nyt_labels","tag_sets_id":1963,"tags_id":9361013},{"stories_id":1994892309,"tag":"light","tag_set":"nyt_labels","tag_sets_id":1963,"tags_id":9361014},{"stories_id":1994892309,"tag":"credit","tag_set":"nyt_labels","tag_sets_id":1963,"tags_id":9361030},{"stories_id":1994892309,"tag":"Biden","tag_set":"cliff_people","tag_sets_id":2389,"tags_id":9365736},{"stories_id":1994892309,"tag":"Georgia State University","tag_set":"cliff_organizations","tag_sets_id":2388,"tags_id":9365929},{"stories_id":1994892309,"tag":"Bank of England","tag_set":"cliff_organizations","tag_sets_id":2388,"tags_id":9366780},{"stories_id":1994892309,"tag":"Federal Reserve","tag_set":"cliff_organizations","tag_sets_id":2388,"tags_id":9368261},{"stories_id":1994892309,"tag":"Bank of Japan","tag_set":"cliff_organizations","tag_sets_id":2388,"tags_id":9372709},{"stories_id":1994892309,"tag":"European Commission","tag_set":"cliff_organizations","tag_sets_id":2388,"tags_id":9374069},{"stories_id":1994892309,"tag":"Mark Carney","tag_set":"cliff_people","tag_sets_id":2389,"tags_id":9383398},{"stories_id":1994892309,"tag":"Joseph Stiglitz","tag_set":"cliff_people","tag_sets_id":2389,"tags_id":9468940},{"stories_id":1994892309,"tag":"Stefano Carattini","tag_set":"cliff_people","tag_sets_id":2389,"tags_id":40972761},{"stories_id":1994892309,"tag":"Garth Heutel","tag_set":"cliff_people","tag_sets_id":2389,"tags_id":45311851},{"stories_id":1994892309,"tag":"readability-lxml-0.8.1","tag_set":"extractor_version","tag_sets_id":1354,"tags_id":228516910},{"stories_id":1994892309,"tag":"cliff_clavin_v2.6.1","tag_set":"geocoder_version","tag_sets_id":1937,"tags_id":228516911},{"stories_id":1994892309,"tag":"Givi Melkadze","tag_set":"cliff_people","tag_sets_id":2389,"tags_id":239525175}],"title":"The Conversation: ‘Green quantitative easing’ and stress-testing banks for climate change could protect the economy from the looming environmental crisis","url":"http://www.marketwatch.com/news/story.asp?guid=%7B20C05575-04D4-B545-7537-489E3131F78D%7D&siteid=rss&rss=1","word_count":null}]