[{"ap_syndicated":null,"collect_date":"2021-08-09 15:57:23.836142","feeds":null,"guid":"https://nypost.com/2021/08/09/schumer-unveils-budget-resolution-for-3-5t-infrastructure-bill/","language":"en","media_id":7,"media_name":null,"media_url":null,"processed_stories_id":null,"publish_date":"2021-08-09 15:50:47","stories_id":2014468957,"story_tags":[{"stories_id":2014468957,"tag":"geonames_6252001","tag_set":"mc-geocoder@media.mit.edu","tag_sets_id":1011,"tags_id":8878461},{"stories_id":2014468957,"tag":"geonames_5128638","tag_set":"mc-geocoder@media.mit.edu","tag_sets_id":1011,"tags_id":8878463},{"stories_id":2014468957,"tag":"geonames_5815135","tag_set":"mc-geocoder@media.mit.edu","tag_sets_id":1011,"tags_id":8878481},{"stories_id":2014468957,"tag":"geonames_6254928","tag_set":"mc-geocoder@media.mit.edu","tag_sets_id":1011,"tags_id":8878547},{"stories_id":2014468957,"tag":"geonames_4138106","tag_set":"mc-geocoder@media.mit.edu","tag_sets_id":1011,"tags_id":8878827},{"stories_id":2014468957,"tag":"geonames_4140963","tag_set":"mc-geocoder@media.mit.edu","tag_sets_id":1011,"tags_id":8880349},{"stories_id":2014468957,"tag":"nyt_labeller_v1.0.0","tag_set":"nyt_labels_version","tag_sets_id":1964,"tags_id":9360669},{"stories_id":2014468957,"tag":"politics and government","tag_set":"nyt_labels","tag_sets_id":1963,"tags_id":9360836},{"stories_id":2014468957,"tag":"law and legislation","tag_set":"nyt_labels","tag_sets_id":1963,"tags_id":9360837},{"stories_id":2014468957,"tag":"finances","tag_set":"nyt_labels","tag_sets_id":1963,"tags_id":9360840},{"stories_id":2014468957,"tag":"budgets and budgeting","tag_set":"nyt_labels","tag_sets_id":1963,"tags_id":9360850},{"stories_id":2014468957,"tag":"taxation","tag_set":"nyt_labels","tag_sets_id":1963,"tags_id":9360882},{"stories_id":2014468957,"tag":"editorials","tag_set":"nyt_labels","tag_sets_id":1963,"tags_id":9360894},{"stories_id":2014468957,"tag":"White House","tag_set":"cliff_organizations","tag_sets_id":2388,"tags_id":9362736},{"stories_id":2014468957,"tag":"Senate","tag_set":"cliff_organizations","tag_sets_id":2388,"tags_id":9362741},{"stories_id":2014468957,"tag":"Bernie Sanders","tag_set":"cliff_people","tag_sets_id":2389,"tags_id":9362750},{"stories_id":2014468957,"tag":"Mitch McConnell","tag_set":"cliff_people","tag_sets_id":2389,"tags_id":9362936},{"stories_id":2014468957,"tag":"House","tag_set":"cliff_organizations","tag_sets_id":2388,"tags_id":9363164},{"stories_id":2014468957,"tag":"Nancy Pelosi","tag_set":"cliff_people","tag_sets_id":2389,"tags_id":9364036},{"stories_id":2014468957,"tag":"Chuck Schumer","tag_set":"cliff_people","tag_sets_id":2389,"tags_id":9364810},{"stories_id":2014468957,"tag":"Biden","tag_set":"cliff_people","tag_sets_id":2389,"tags_id":9365736},{"stories_id":2014468957,"tag":"Joe Manchin","tag_set":"cliff_people","tag_sets_id":2389,"tags_id":9374828},{"stories_id":2014468957,"tag":"Scott Applewhite","tag_set":"cliff_people","tag_sets_id":2389,"tags_id":9381758},{"stories_id":2014468957,"tag":"Kyrsten Sinema","tag_set":"cliff_people","tag_sets_id":2389,"tags_id":9381771},{"stories_id":2014468957,"tag":"clean energy","tag_set":"cliff_organizations","tag_sets_id":2388,"tags_id":9584691},{"stories_id":2014468957,"tag":"REUTERS/Evelyn Hockstein","tag_set":"cliff_people","tag_sets_id":2389,"tags_id":67475626},{"stories_id":2014468957,"tag":"readability-lxml-0.8.1","tag_set":"extractor_version","tag_sets_id":1354,"tags_id":228516910},{"stories_id":2014468957,"tag":"cliff_clavin_v2.6.1","tag_set":"geocoder_version","tag_sets_id":1937,"tags_id":228516911},{"stories_id":2014468957,"tag":"REUTERS/Gabrielle Crockett","tag_set":"cliff_people","tag_sets_id":2389,"tags_id":240775230},{"stories_id":2014468957,"tag":"S. Warren Top","tag_set":"cliff_people","tag_sets_id":2389,"tags_id":241023750}],"title":"Schumer unveils $3.5T bill to hike social and climate spending, raise taxes and give green cards","url":"https://nypost.com/2021/08/09/schumer-unveils-budget-resolution-for-3-5t-infrastructure-bill/","word_count":null}]