[{"ap_syndicated":null,"collect_date":"2021-08-11 20:23:01.987010","feeds":null,"guid":"https://nypost.com/?post_type=article&p=19100214","language":"en","media_id":7,"media_name":null,"media_url":null,"processed_stories_id":null,"publish_date":"2021-08-11 20:06:05","stories_id":2016779820,"story_tags":[{"stories_id":2016779820,"tag":"geonames_6252001","tag_set":"mc-geocoder@media.mit.edu","tag_sets_id":1011,"tags_id":8878461},{"stories_id":2016779820,"tag":"geonames_5332921","tag_set":"mc-geocoder@media.mit.edu","tag_sets_id":1011,"tags_id":8878533},{"stories_id":2016779820,"tag":"geonames_5391959","tag_set":"mc-geocoder@media.mit.edu","tag_sets_id":1011,"tags_id":8878536},{"stories_id":2016779820,"tag":"nyt_labeller_v1.0.0","tag_set":"nyt_labels_version","tag_sets_id":1964,"tags_id":9360669},{"stories_id":2016779820,"tag":"politics and government","tag_set":"nyt_labels","tag_sets_id":1963,"tags_id":9360836},{"stories_id":2016779820,"tag":"united states politics and government","tag_set":"nyt_labels","tag_sets_id":1963,"tags_id":9360846},{"stories_id":2016779820,"tag":"medicine and health","tag_set":"nyt_labels","tag_sets_id":1963,"tags_id":9360852},{"stories_id":2016779820,"tag":"drug abuse and traffic","tag_set":"nyt_labels","tag_sets_id":1963,"tags_id":9360890},{"stories_id":2016779820,"tag":"Barack Obama","tag_set":"cliff_people","tag_sets_id":2389,"tags_id":9362763},{"stories_id":2016779820,"tag":"Anderson","tag_set":"cliff_people","tag_sets_id":2389,"tags_id":9364966},{"stories_id":2016779820,"tag":"Reagan","tag_set":"cliff_people","tag_sets_id":2389,"tags_id":9365068},{"stories_id":2016779820,"tag":"Gavin Newsom","tag_set":"cliff_people","tag_sets_id":2389,"tags_id":9372682},{"stories_id":2016779820,"tag":"Rosie","tag_set":"cliff_people","tag_sets_id":2389,"tags_id":9409049},{"stories_id":2016779820,"tag":"Michael Shellenberger","tag_set":"cliff_people","tag_sets_id":2389,"tags_id":9452018},{"stories_id":2016779820,"tag":"Richard Betts","tag_set":"cliff_people","tag_sets_id":2389,"tags_id":9463310},{"stories_id":2016779820,"tag":"Capitol","tag_set":"cliff_organizations","tag_sets_id":2388,"tags_id":9465255},{"stories_id":2016779820,"tag":"National Academies of Science","tag_set":"cliff_organizations","tag_sets_id":2388,"tags_id":9590339},{"stories_id":2016779820,"tag":"United States Post","tag_set":"cliff_organizations","tag_sets_id":2388,"tags_id":9886160},{"stories_id":2016779820,"tag":"JOSH EDELSON/AFP","tag_set":"cliff_people","tag_sets_id":2389,"tags_id":56837419},{"stories_id":2016779820,"tag":"universal psychiatric care","tag_set":"cliff_organizations","tag_sets_id":2388,"tags_id":99434889},{"stories_id":2016779820,"tag":"readability-lxml-0.8.1","tag_set":"extractor_version","tag_sets_id":1354,"tags_id":228516910},{"stories_id":2016779820,"tag":"cliff_clavin_v2.6.1","tag_set":"geocoder_version","tag_sets_id":1937,"tags_id":228516911},{"stories_id":2016779820,"tag":"REUTERS/David Swanson","tag_set":"cliff_people","tag_sets_id":2389,"tags_id":229151148}],"title":"What happened to ‘Yes we can’? Politics of victimhood has replaced hope and optimism","url":"https://nypost.com/2021/08/11/politics-of-victimhood-has-replaced-hope-and-optimism/","word_count":null}]