[{"ap_syndicated":null,"collect_date":"2021-09-08 09:07:19.125533","feeds":null,"guid":"https://www.nytimes.com/2021/09/08/business/biden-solar-energy-climate-change.html","language":"en","media_id":1,"media_name":null,"media_url":null,"processed_stories_id":null,"publish_date":"2021-09-08 09:00:12","stories_id":2036560201,"story_tags":[{"stories_id":2036560201,"tag":"geonames_6252001","tag_set":"mc-geocoder@media.mit.edu","tag_sets_id":1011,"tags_id":8878461},{"stories_id":2036560201,"tag":"geonames_5332921","tag_set":"mc-geocoder@media.mit.edu","tag_sets_id":1011,"tags_id":8878533},{"stories_id":2036560201,"tag":"geonames_1529047","tag_set":"mc-geocoder@media.mit.edu","tag_sets_id":1011,"tags_id":8879919},{"stories_id":2036560201,"tag":"nyt_labeller_v1.0.0","tag_set":"nyt_labels_version","tag_sets_id":1964,"tags_id":9360669},{"stories_id":2036560201,"tag":"global warming","tag_set":"nyt_labels","tag_sets_id":1963,"tags_id":9360886},{"stories_id":2036560201,"tag":"environment","tag_set":"nyt_labels","tag_sets_id":1963,"tags_id":9360887},{"stories_id":2036560201,"tag":"weather","tag_set":"nyt_labels","tag_sets_id":1963,"tags_id":9360902},{"stories_id":2036560201,"tag":"energy and power","tag_set":"nyt_labels","tag_sets_id":1963,"tags_id":9360997},{"stories_id":2036560201,"tag":"electric light and power","tag_set":"nyt_labels","tag_sets_id":1963,"tags_id":9361013},{"stories_id":2036560201,"tag":"light","tag_set":"nyt_labels","tag_sets_id":1963,"tags_id":9361014},{"stories_id":2036560201,"tag":"Congress","tag_set":"cliff_organizations","tag_sets_id":2388,"tags_id":9362962},{"stories_id":2036560201,"tag":"Biden","tag_set":"cliff_people","tag_sets_id":2389,"tags_id":9365736},{"stories_id":2036560201,"tag":"Energy Department","tag_set":"cliff_organizations","tag_sets_id":2388,"tags_id":9415772},{"stories_id":2036560201,"tag":"Solar Energy Industries Association","tag_set":"cliff_organizations","tag_sets_id":2388,"tags_id":9433633},{"stories_id":2036560201,"tag":"Abigail Ross Hopper","tag_set":"cliff_people","tag_sets_id":2389,"tags_id":9493575},{"stories_id":2036560201,"tag":"Brad Plumer","tag_set":"cliff_people","tag_sets_id":2389,"tags_id":9556912},{"stories_id":2036560201,"tag":"Ida","tag_set":"cliff_people","tag_sets_id":2389,"tags_id":9583423},{"stories_id":2036560201,"tag":"D.O.E.","tag_set":"cliff_organizations","tag_sets_id":2388,"tags_id":9729447},{"stories_id":2036560201,"tag":"Jennifer M. Granholm","tag_set":"cliff_people","tag_sets_id":2389,"tags_id":10089106},{"stories_id":2036560201,"tag":"Solar Energy Technology Office","tag_set":"cliff_organizations","tag_sets_id":2388,"tags_id":11253754},{"stories_id":2036560201,"tag":"Bernadette Del Chiaro","tag_set":"cliff_people","tag_sets_id":2389,"tags_id":31785636},{"stories_id":2036560201,"tag":"Becca Jones-Albertus","tag_set":"cliff_people","tag_sets_id":2389,"tags_id":33253413},{"stories_id":2036560201,"tag":"California Solar and Storage Association","tag_set":"cliff_organizations","tag_sets_id":2388,"tags_id":49286199},{"stories_id":2036560201,"tag":"readability-lxml-0.8.1","tag_set":"extractor_version","tag_sets_id":1354,"tags_id":228516910},{"stories_id":2036560201,"tag":"cliff_clavin_v2.6.1","tag_set":"geocoder_version","tag_sets_id":1937,"tags_id":228516911}],"title":"From 4% to 45%: Biden Sets an Ambitious Goal for Solar Energy","url":"https://www.nytimes.com/2021/09/08/business/biden-solar-energy-climate-change.html","word_count":null}]