[{"ap_syndicated":null,"collect_date":"2021-12-15 10:43:22.082386","feeds":null,"guid":"SB12464888970831153411704588230014211245652","language":"en","media_id":1150,"media_name":null,"media_url":null,"processed_stories_id":null,"publish_date":"2021-12-15 08:00:00","stories_id":2137439562,"story_tags":[{"stories_id":2137439562,"tag":"geonames_1269750","tag_set":"mc-geocoder@media.mit.edu","tag_sets_id":1011,"tags_id":8878677},{"stories_id":2137439562,"tag":"geonames_1267701","tag_set":"mc-geocoder@media.mit.edu","tag_sets_id":1011,"tags_id":8883410},{"stories_id":2137439562,"tag":"geonames_4292826","tag_set":"mc-geocoder@media.mit.edu","tag_sets_id":1011,"tags_id":9026771},{"stories_id":2137439562,"tag":"nyt_labeller_v1.0.0","tag_set":"nyt_labels_version","tag_sets_id":1964,"tags_id":9360669},{"stories_id":2137439562,"tag":"oil (petroleum) and gasoline","tag_set":"nyt_labels","tag_sets_id":1963,"tags_id":9360884},{"stories_id":2137439562,"tag":"environment","tag_set":"nyt_labels","tag_sets_id":1963,"tags_id":9360887},{"stories_id":2137439562,"tag":"international trade and world market","tag_set":"nyt_labels","tag_sets_id":1963,"tags_id":9360983},{"stories_id":2137439562,"tag":"energy and power","tag_set":"nyt_labels","tag_sets_id":1963,"tags_id":9360997},{"stories_id":2137439562,"tag":"electric light and power","tag_set":"nyt_labels","tag_sets_id":1963,"tags_id":9361013},{"stories_id":2137439562,"tag":"light","tag_set":"nyt_labels","tag_sets_id":1963,"tags_id":9361014},{"stories_id":2137439562,"tag":"Goldman Sachs","tag_set":"cliff_organizations","tag_sets_id":2388,"tags_id":9362730},{"stories_id":2137439562,"tag":"Wood Mackenzie","tag_set":"cliff_people","tag_sets_id":2389,"tags_id":9388159},{"stories_id":2137439562,"tag":"Tim Buckley","tag_set":"cliff_people","tag_sets_id":2389,"tags_id":9401041},{"stories_id":2137439562,"tag":"Mukesh Ambani","tag_set":"cliff_people","tag_sets_id":2389,"tags_id":9419103},{"stories_id":2137439562,"tag":"Reliance Industries","tag_set":"cliff_organizations","tag_sets_id":2388,"tags_id":9432323},{"stories_id":2137439562,"tag":"Adani Group","tag_set":"cliff_organizations","tag_sets_id":2388,"tags_id":9438840},{"stories_id":2137439562,"tag":"First Solar Inc.","tag_set":"cliff_organizations","tag_sets_id":2388,"tags_id":9445563},{"stories_id":2137439562,"tag":"U.S. Commerce Department","tag_set":"cliff_organizations","tag_sets_id":2388,"tags_id":9475326},{"stories_id":2137439562,"tag":"Vijay Kumar Saraswat","tag_set":"cliff_people","tag_sets_id":2389,"tags_id":9505911},{"stories_id":2137439562,"tag":"NITI Aayog","tag_set":"cliff_people","tag_sets_id":2389,"tags_id":9574175},{"stories_id":2137439562,"tag":"Mark Widmar","tag_set":"cliff_people","tag_sets_id":2389,"tags_id":11183392},{"stories_id":2137439562,"tag":"Sumant Sinha","tag_set":"cliff_people","tag_sets_id":2389,"tags_id":11214851},{"stories_id":2137439562,"tag":"Mercom Capital Group","tag_set":"cliff_organizations","tag_sets_id":2388,"tags_id":11413122},{"stories_id":2137439562,"tag":"Coal India Ltd.","tag_set":"cliff_organizations","tag_sets_id":2388,"tags_id":11830246},{"stories_id":2137439562,"tag":"Phred Dvorak","tag_set":"cliff_people","tag_sets_id":2389,"tags_id":33761339},{"stories_id":2137439562,"tag":"Manoj Upadhyay","tag_set":"cliff_people","tag_sets_id":2389,"tags_id":37074853},{"stories_id":2137439562,"tag":"U.S. International Development Finance Corporation","tag_set":"cliff_organizations","tag_sets_id":2388,"tags_id":51921029},{"stories_id":2137439562,"tag":"Acme Solar Holdings Ltd.","tag_set":"cliff_organizations","tag_sets_id":2388,"tags_id":65992705},{"stories_id":2137439562,"tag":"nonprofit Institute for Energy Economics","tag_set":"cliff_organizations","tag_sets_id":2388,"tags_id":75106503},{"stories_id":2137439562,"tag":"readability-lxml-0.8.1","tag_set":"extractor_version","tag_sets_id":1354,"tags_id":228516910},{"stories_id":2137439562,"tag":"cliff_clavin_v2.6.1","tag_set":"geocoder_version","tag_sets_id":1937,"tags_id":228516911},{"stories_id":2137439562,"tag":"Abhishek Chinnappa/Getty","tag_set":"cliff_people","tag_sets_id":2389,"tags_id":233736781},{"stories_id":2137439562,"tag":"Preston Jessee/WSJ","tag_set":"cliff_people","tag_sets_id":2389,"tags_id":249446611},{"stories_id":2137439562,"tag":"solar-manufacturing association","tag_set":"cliff_organizations","tag_sets_id":2388,"tags_id":252088071}],"title":"India Seeks Its Own Solar Industry to Counter China","url":"https://www.wsj.com/articles/india-seeks-its-own-solar-industry-to-counter-china-11639573204?mod=rss_Technology","word_count":null}]