[{"ap_syndicated":null,"collect_date":"2022-05-07 12:53:58.150694","feeds":null,"guid":"https://www.washingtonpost.com/business/2022/05/07/auxin-solar-projects-frozen/?utm_source=rss&utm_medium=referral&utm_campaign=wp_climate-environment","language":"en","media_id":2,"media_name":null,"media_url":null,"processed_stories_id":null,"publish_date":"2022-05-07 10:05:09","stories_id":2301480590,"story_tags":[{"stories_id":2301480590,"tag":"geonames_6252001","tag_set":"mc-geocoder@media.mit.edu","tag_sets_id":1011,"tags_id":8878461},{"stories_id":2301480590,"tag":"geonames_5332921","tag_set":"mc-geocoder@media.mit.edu","tag_sets_id":1011,"tags_id":8878533},{"stories_id":2301480590,"tag":"geonames_5392171","tag_set":"mc-geocoder@media.mit.edu","tag_sets_id":1011,"tags_id":8880693},{"stories_id":2301480590,"tag":"nyt_labeller_v1.0.0","tag_set":"nyt_labels_version","tag_sets_id":1964,"tags_id":9360669},{"stories_id":2301480590,"tag":"politics and government","tag_set":"nyt_labels","tag_sets_id":1963,"tags_id":9360836},{"stories_id":2301480590,"tag":"united states politics and government","tag_set":"nyt_labels","tag_sets_id":1963,"tags_id":9360846},{"stories_id":2301480590,"tag":"international relations","tag_set":"nyt_labels","tag_sets_id":1963,"tags_id":9360934},{"stories_id":2301480590,"tag":"international trade and world market","tag_set":"nyt_labels","tag_sets_id":1963,"tags_id":9360983},{"stories_id":2301480590,"tag":"customs (tariff)","tag_set":"nyt_labels","tag_sets_id":1963,"tags_id":9361176},{"stories_id":2301480590,"tag":"Obama","tag_set":"cliff_people","tag_sets_id":2389,"tags_id":9362721},{"stories_id":2301480590,"tag":"White House","tag_set":"cliff_organizations","tag_sets_id":2388,"tags_id":9362736},{"stories_id":2301480590,"tag":"Congress","tag_set":"cliff_organizations","tag_sets_id":2388,"tags_id":9362962},{"stories_id":2301480590,"tag":"Commerce","tag_set":"cliff_organizations","tag_sets_id":2388,"tags_id":9365611},{"stories_id":2301480590,"tag":"Biden","tag_set":"cliff_people","tag_sets_id":2389,"tags_id":9365736},{"stories_id":2301480590,"tag":"Martin Heinrich","tag_set":"cliff_people","tag_sets_id":2389,"tags_id":9366368},{"stories_id":2301480590,"tag":"John F. Kerry","tag_set":"cliff_people","tag_sets_id":2389,"tags_id":9366716},{"stories_id":2301480590,"tag":"Commerce Department","tag_set":"cliff_organizations","tag_sets_id":2388,"tags_id":9368435},{"stories_id":2301480590,"tag":"Gavin Newsom","tag_set":"cliff_people","tag_sets_id":2389,"tags_id":9372682},{"stories_id":2301480590,"tag":"Heather Zichal","tag_set":"cliff_people","tag_sets_id":2389,"tags_id":9378496},{"stories_id":2301480590,"tag":"Peterson Institute for International Economics","tag_set":"cliff_organizations","tag_sets_id":2388,"tags_id":9381412},{"stories_id":2301480590,"tag":"Joe Manchin III","tag_set":"cliff_people","tag_sets_id":2389,"tags_id":9385885},{"stories_id":2301480590,"tag":"Jennifer Granholm","tag_set":"cliff_people","tag_sets_id":2389,"tags_id":9396975},{"stories_id":2301480590,"tag":"Energy","tag_set":"cliff_organizations","tag_sets_id":2388,"tags_id":9397380},{"stories_id":2301480590,"tag":"Senate Energy and Natural Resources Committee","tag_set":"cliff_organizations","tag_sets_id":2388,"tags_id":9416098},{"stories_id":2301480590,"tag":"Solar Energy Industries Association","tag_set":"cliff_organizations","tag_sets_id":2388,"tags_id":9433633},{"stories_id":2301480590,"tag":"Jacky Rosen","tag_set":"cliff_people","tag_sets_id":2389,"tags_id":9456548},{"stories_id":2301480590,"tag":"Abigail Ross Hopper","tag_set":"cliff_people","tag_sets_id":2389,"tags_id":9493575},{"stories_id":2301480590,"tag":"Gina Raimondo","tag_set":"cliff_people","tag_sets_id":2389,"tags_id":9506141},{"stories_id":2301480590,"tag":"Mary Lovely","tag_set":"cliff_people","tag_sets_id":2389,"tags_id":9512538},{"stories_id":2301480590,"tag":"Bloomberg television","tag_set":"cliff_organizations","tag_sets_id":2388,"tags_id":9546622},{"stories_id":2301480590,"tag":"Lori Wallach","tag_set":"cliff_people","tag_sets_id":2389,"tags_id":9550051},{"stories_id":2301480590,"tag":"Andrew Bates","tag_set":"cliff_people","tag_sets_id":2389,"tags_id":9966070},{"stories_id":2301480590,"tag":"ClearView Energy Partners","tag_set":"cliff_organizations","tag_sets_id":2388,"tags_id":10126832},{"stories_id":2301480590,"tag":"Mamun Rashid","tag_set":"cliff_people","tag_sets_id":2389,"tags_id":32665254},{"stories_id":2301480590,"tag":"American Clean Power Association","tag_set":"cliff_organizations","tag_sets_id":2388,"tags_id":214507529},{"stories_id":2301480590,"tag":"readability-lxml-0.8.1","tag_set":"extractor_version","tag_sets_id":1354,"tags_id":228516910},{"stories_id":2301480590,"tag":"cliff_clavin_v2.6.1","tag_set":"geocoder_version","tag_sets_id":1937,"tags_id":228516911}],"title":"White House alarmed that Commerce probe is ‘smothering’ solar industry","url":"https://www.washingtonpost.com/business/2022/05/07/auxin-solar-projects-frozen/?utm_source=rss&utm_medium=referral&utm_campaign=wp_climate-environment","word_count":null}]