[{"ap_syndicated":null,"collect_date":"2022-05-29 05:57:14.789688","feeds":null,"guid":"https://www.nytimes.com/2022/05/29/world/europe/labour-struggles-rust-belt-britain.html","language":"en","media_id":1,"media_name":null,"media_url":null,"processed_stories_id":null,"publish_date":"2022-05-29 05:34:52","stories_id":2322667273,"story_tags":[{"stories_id":2322667273,"tag":"geonames_2635167","tag_set":"mc-geocoder@media.mit.edu","tag_sets_id":1011,"tags_id":8878466},{"stories_id":2322667273,"tag":"geonames_6269131","tag_set":"mc-geocoder@media.mit.edu","tag_sets_id":1011,"tags_id":8878467},{"stories_id":2322667273,"tag":"geonames_2643743","tag_set":"mc-geocoder@media.mit.edu","tag_sets_id":1011,"tags_id":8878473},{"stories_id":2322667273,"tag":"geonames_2654264","tag_set":"mc-geocoder@media.mit.edu","tag_sets_id":1011,"tags_id":8891721},{"stories_id":2322667273,"tag":"nyt_labeller_v1.0.0","tag_set":"nyt_labels_version","tag_sets_id":1964,"tags_id":9360669},{"stories_id":2322667273,"tag":"politics and government","tag_set":"nyt_labels","tag_sets_id":1963,"tags_id":9360836},{"stories_id":2322667273,"tag":"finances","tag_set":"nyt_labels","tag_sets_id":1963,"tags_id":9360840},{"stories_id":2322667273,"tag":"taxation","tag_set":"nyt_labels","tag_sets_id":1963,"tags_id":9360882},{"stories_id":2322667273,"tag":"economic conditions and trends","tag_set":"nyt_labels","tag_sets_id":1963,"tags_id":9360989},{"stories_id":2322667273,"tag":"Donald J. Trump","tag_set":"cliff_people","tag_sets_id":2389,"tags_id":9362749},{"stories_id":2322667273,"tag":"NATO","tag_set":"cliff_organizations","tag_sets_id":2388,"tags_id":9362843},{"stories_id":2322667273,"tag":"Labour","tag_set":"cliff_organizations","tag_sets_id":2388,"tags_id":9363654},{"stories_id":2322667273,"tag":"Jeremy Corbyn","tag_set":"cliff_people","tag_sets_id":2389,"tags_id":9363655},{"stories_id":2322667273,"tag":"Boris Johnson","tag_set":"cliff_people","tag_sets_id":2389,"tags_id":9363715},{"stories_id":2322667273,"tag":"Keir Starmer","tag_set":"cliff_people","tag_sets_id":2389,"tags_id":9365096},{"stories_id":2322667273,"tag":"Lisa Nandy","tag_set":"cliff_people","tag_sets_id":2389,"tags_id":9365597},{"stories_id":2322667273,"tag":"Tony Blair","tag_set":"cliff_people","tag_sets_id":2389,"tags_id":9365601},{"stories_id":2322667273,"tag":"Labour Party","tag_set":"cliff_organizations","tag_sets_id":2388,"tags_id":9367396},{"stories_id":2322667273,"tag":"Burnley","tag_set":"cliff_organizations","tag_sets_id":2388,"tags_id":9370678},{"stories_id":2322667273,"tag":"Wigan","tag_set":"cliff_organizations","tag_sets_id":2388,"tags_id":9373839},{"stories_id":2322667273,"tag":"Seema Malhotra","tag_set":"cliff_people","tag_sets_id":2389,"tags_id":9378603},{"stories_id":2322667273,"tag":"National Party","tag_set":"cliff_organizations","tag_sets_id":2388,"tags_id":9392530},{"stories_id":2322667273,"tag":"Ennis","tag_set":"cliff_people","tag_sets_id":2389,"tags_id":9463950},{"stories_id":2322667273,"tag":"customs","tag_set":"cliff_organizations","tag_sets_id":2388,"tags_id":9705363},{"stories_id":2322667273,"tag":"John McTernan","tag_set":"cliff_people","tag_sets_id":2389,"tags_id":9768942},{"stories_id":2322667273,"tag":"Burnley College","tag_set":"cliff_organizations","tag_sets_id":2388,"tags_id":35556753},{"stories_id":2322667273,"tag":"readability-lxml-0.8.1","tag_set":"extractor_version","tag_sets_id":1354,"tags_id":228516910},{"stories_id":2322667273,"tag":"cliff_clavin_v2.6.1","tag_set":"geocoder_version","tag_sets_id":1937,"tags_id":228516911}],"title":"As Boris Johnson Stumbles, Labour Struggles to Offer a Clear Message","url":"https://www.nytimes.com/2022/05/29/world/europe/labour-struggles-rust-belt-britain.html","word_count":null}]