[{"ap_syndicated":null,"collect_date":"2022-06-20 18:28:54.893908","feeds":null,"guid":"SB10876083733986784107704588608364058840362","language":"en","media_id":1150,"media_name":null,"media_url":null,"processed_stories_id":null,"publish_date":"2022-06-20 11:10:00","stories_id":2343717949,"story_tags":[{"stories_id":2343717949,"tag":"geonames_6252001","tag_set":"mc-geocoder@media.mit.edu","tag_sets_id":1011,"tags_id":8878461},{"stories_id":2343717949,"tag":"geonames_5128638","tag_set":"mc-geocoder@media.mit.edu","tag_sets_id":1011,"tags_id":8878463},{"stories_id":2343717949,"tag":"geonames_1269750","tag_set":"mc-geocoder@media.mit.edu","tag_sets_id":1011,"tags_id":8878677},{"stories_id":2343717949,"tag":"geonames_1253626","tag_set":"mc-geocoder@media.mit.edu","tag_sets_id":1011,"tags_id":8880766},{"stories_id":2343717949,"tag":"geonames_1275715","tag_set":"mc-geocoder@media.mit.edu","tag_sets_id":1011,"tags_id":8881617},{"stories_id":2343717949,"tag":"geonames_5113681","tag_set":"mc-geocoder@media.mit.edu","tag_sets_id":1011,"tags_id":8887039},{"stories_id":2343717949,"tag":"nyt_labeller_v1.0.0","tag_set":"nyt_labels_version","tag_sets_id":1964,"tags_id":9360669},{"stories_id":2343717949,"tag":"oil (petroleum) and gasoline","tag_set":"nyt_labels","tag_sets_id":1963,"tags_id":9360884},{"stories_id":2343717949,"tag":"international trade and world market","tag_set":"nyt_labels","tag_sets_id":1963,"tags_id":9360983},{"stories_id":2343717949,"tag":"economic conditions and trends","tag_set":"nyt_labels","tag_sets_id":1963,"tags_id":9360989},{"stories_id":2343717949,"tag":"energy and power","tag_set":"nyt_labels","tag_sets_id":1963,"tags_id":9360997},{"stories_id":2343717949,"tag":"electric light and power","tag_set":"nyt_labels","tag_sets_id":1963,"tags_id":9361013},{"stories_id":2343717949,"tag":"light","tag_set":"nyt_labels","tag_sets_id":1963,"tags_id":9361014},{"stories_id":2343717949,"tag":"World Health Organization","tag_set":"cliff_organizations","tag_sets_id":2388,"tags_id":9363392},{"stories_id":2343717949,"tag":"Stanford","tag_set":"cliff_organizations","tag_sets_id":2388,"tags_id":9364478},{"stories_id":2343717949,"tag":"Yemi Osinbajo","tag_set":"cliff_people","tag_sets_id":2389,"tags_id":9366154},{"stories_id":2343717949,"tag":"Greenpeace","tag_set":"cliff_organizations","tag_sets_id":2388,"tags_id":9366431},{"stories_id":2343717949,"tag":"Hoover Institution","tag_set":"cliff_organizations","tag_sets_id":2388,"tags_id":9368213},{"stories_id":2343717949,"tag":"International Energy Agency","tag_set":"cliff_organizations","tag_sets_id":2388,"tags_id":9387130},{"stories_id":2343717949,"tag":"Dow Jones & Company, Inc","tag_set":"cliff_organizations","tag_sets_id":2388,"tags_id":9448258},{"stories_id":2343717949,"tag":"Lomborg","tag_set":"cliff_people","tag_sets_id":2389,"tags_id":9848112},{"stories_id":2343717949,"tag":"Dharnai","tag_set":"cliff_people","tag_sets_id":2389,"tags_id":11342138},{"stories_id":2343717949,"tag":"geonames_10833400","tag_set":"mc-geocoder@media.mit.edu","tag_sets_id":1011,"tags_id":187675904},{"stories_id":2343717949,"tag":"readability-lxml-0.8.1","tag_set":"extractor_version","tag_sets_id":1354,"tags_id":228516910},{"stories_id":2343717949,"tag":"cliff_clavin_v2.6.1","tag_set":"geocoder_version","tag_sets_id":1937,"tags_id":228516911}],"title":"The Rich World's Climate Hypocrisy","url":"https://www.wsj.com/articles/the-rich-worlds-climate-hypocrisy-energy-fossil-fuel-wind-solar-panel-india-poverty-power-battery-storage-11655654331","word_count":null}]