[{"ap_syndicated":null,"collect_date":"2022-07-01 16:41:39.960788","feeds":null,"guid":"https://www.nytimes.com/2022/07/01/podcasts/epa-climate-al-gore.html","language":"en","media_id":1,"media_name":null,"media_url":null,"processed_stories_id":null,"publish_date":"2022-07-01 16:32:07","stories_id":2354508198,"story_tags":[{"stories_id":2354508198,"tag":"geonames_6252001","tag_set":"mc-geocoder@media.mit.edu","tag_sets_id":1011,"tags_id":8878461},{"stories_id":2354508198,"tag":"nyt_labeller_v1.0.0","tag_set":"nyt_labels_version","tag_sets_id":1964,"tags_id":9360669},{"stories_id":2354508198,"tag":"politics and government","tag_set":"nyt_labels","tag_sets_id":1963,"tags_id":9360836},{"stories_id":2354508198,"tag":"united states politics and government","tag_set":"nyt_labels","tag_sets_id":1963,"tags_id":9360846},{"stories_id":2354508198,"tag":"global warming","tag_set":"nyt_labels","tag_sets_id":1963,"tags_id":9360886},{"stories_id":2354508198,"tag":"environment","tag_set":"nyt_labels","tag_sets_id":1963,"tags_id":9360887},{"stories_id":2354508198,"tag":"editorials","tag_set":"nyt_labels","tag_sets_id":1963,"tags_id":9360894},{"stories_id":2354508198,"tag":"air pollution","tag_set":"nyt_labels","tag_sets_id":1963,"tags_id":9361007},{"stories_id":2354508198,"tag":"Supreme Court","tag_set":"cliff_organizations","tag_sets_id":2388,"tags_id":9362719},{"stories_id":2354508198,"tag":"Congress","tag_set":"cliff_organizations","tag_sets_id":2388,"tags_id":9362962},{"stories_id":2354508198,"tag":"Putin","tag_set":"cliff_people","tag_sets_id":2389,"tags_id":9363338},{"stories_id":2354508198,"tag":"Environmental Protection Agency","tag_set":"cliff_organizations","tag_sets_id":2388,"tags_id":9363956},{"stories_id":2354508198,"tag":"Biden","tag_set":"cliff_people","tag_sets_id":2389,"tags_id":9365736},{"stories_id":2354508198,"tag":"Al Gore","tag_set":"cliff_people","tag_sets_id":2389,"tags_id":9367577},{"stories_id":2354508198,"tag":"E.P.A.","tag_set":"cliff_organizations","tag_sets_id":2388,"tags_id":9539205},{"stories_id":2354508198,"tag":"L.G.B.T.Q.","tag_set":"cliff_organizations","tag_sets_id":2388,"tags_id":11196386},{"stories_id":2354508198,"tag":"West Virginia v. Environmental Protection Agency","tag_set":"cliff_organizations","tag_sets_id":2388,"tags_id":11905719},{"stories_id":2354508198,"tag":"readability-lxml-0.8.1","tag_set":"extractor_version","tag_sets_id":1354,"tags_id":228516910},{"stories_id":2354508198,"tag":"cliff_clavin_v2.6.1","tag_set":"geocoder_version","tag_sets_id":1937,"tags_id":228516911}],"title":"Where Does the Climate Movement Go Next?","url":"https://www.nytimes.com/2022/07/01/podcasts/epa-climate-al-gore.html","word_count":null}]