[{"ap_syndicated":null,"collect_date":"2022-07-07 01:06:42.383066","feeds":null,"guid":"https://www.nytimes.com/2022/07/07/briefing/ukraine-displacement-boris-johnson.html","language":"en","media_id":1,"media_name":null,"media_url":null,"processed_stories_id":null,"publish_date":"2022-07-07 00:55:50","stories_id":2359141916,"story_tags":[{"stories_id":2359141916,"tag":"geonames_690791","tag_set":"mc-geocoder@media.mit.edu","tag_sets_id":1011,"tags_id":8878855},{"stories_id":2359141916,"tag":"geonames_2973783","tag_set":"mc-geocoder@media.mit.edu","tag_sets_id":1011,"tags_id":8880429},{"stories_id":2359141916,"tag":"nyt_labeller_v1.0.0","tag_set":"nyt_labels_version","tag_sets_id":1964,"tags_id":9360669},{"stories_id":2359141916,"tag":"politics and government","tag_set":"nyt_labels","tag_sets_id":1963,"tags_id":9360836},{"stories_id":2359141916,"tag":"elections","tag_set":"nyt_labels","tag_sets_id":1963,"tags_id":9360851},{"stories_id":2359141916,"tag":"suspensions, dismissals and resignations","tag_set":"nyt_labels","tag_sets_id":1963,"tags_id":9361019},{"stories_id":2359141916,"tag":"European Parliament","tag_set":"cliff_organizations","tag_sets_id":2388,"tags_id":9363193},{"stories_id":2359141916,"tag":"U.N.","tag_set":"cliff_organizations","tag_sets_id":2388,"tags_id":9363619},{"stories_id":2359141916,"tag":"Boris Johnson","tag_set":"cliff_people","tag_sets_id":2389,"tags_id":9363715},{"stories_id":2359141916,"tag":"Michael Gove","tag_set":"cliff_people","tag_sets_id":2389,"tags_id":9366786},{"stories_id":2359141916,"tag":"European Commission","tag_set":"cliff_organizations","tag_sets_id":2388,"tags_id":9374069},{"stories_id":2359141916,"tag":"Elizabeth II","tag_set":"cliff_people","tag_sets_id":2389,"tags_id":9388266},{"stories_id":2359141916,"tag":"Simon Hart","tag_set":"cliff_people","tag_sets_id":2389,"tags_id":11057969},{"stories_id":2359141916,"tag":"Calum Marsh","tag_set":"cliff_people","tag_sets_id":2389,"tags_id":11252594},{"stories_id":2359141916,"tag":"Greta Thunberg","tag_set":"cliff_people","tag_sets_id":2389,"tags_id":73335219},{"stories_id":2359141916,"tag":"readability-lxml-0.8.1","tag_set":"extractor_version","tag_sets_id":1354,"tags_id":228516910},{"stories_id":2359141916,"tag":"cliff_clavin_v2.6.1","tag_set":"geocoder_version","tag_sets_id":1937,"tags_id":228516911}],"title":"Your Thursday Briefing","url":"https://www.nytimes.com/2022/07/07/briefing/ukraine-displacement-boris-johnson.html","word_count":null}]