[{"ap_syndicated":null,"collect_date":"2022-07-08 02:38:49.889723","feeds":null,"guid":"https://www.washingtonpost.com/world/2022/07/08/china-floods-heat-wave-climate-change/?utm_source=rss&utm_medium=referral&utm_campaign=wp_world","language":"en","media_id":2,"media_name":null,"media_url":null,"processed_stories_id":null,"publish_date":"2022-07-08 02:30:58","stories_id":2360250074,"story_tags":[{"stories_id":2360250074,"tag":"geonames_1814991","tag_set":"mc-geocoder@media.mit.edu","tag_sets_id":1011,"tags_id":8878478},{"stories_id":2360250074,"tag":"geonames_1816670","tag_set":"mc-geocoder@media.mit.edu","tag_sets_id":1011,"tags_id":8878606},{"stories_id":2360250074,"tag":"geonames_1809935","tag_set":"mc-geocoder@media.mit.edu","tag_sets_id":1011,"tags_id":8881889},{"stories_id":2360250074,"tag":"geonames_1784658","tag_set":"mc-geocoder@media.mit.edu","tag_sets_id":1011,"tags_id":8883051},{"stories_id":2360250074,"tag":"geonames_1814906","tag_set":"mc-geocoder@media.mit.edu","tag_sets_id":1011,"tags_id":8883863},{"stories_id":2360250074,"tag":"geonames_1814905","tag_set":"mc-geocoder@media.mit.edu","tag_sets_id":1011,"tags_id":8884718},{"stories_id":2360250074,"tag":"nyt_labeller_v1.0.0","tag_set":"nyt_labels_version","tag_sets_id":1964,"tags_id":9360669},{"stories_id":2360250074,"tag":"weather","tag_set":"nyt_labels","tag_sets_id":1963,"tags_id":9360902},{"stories_id":2360250074,"tag":"hurricanes and tropical storms","tag_set":"nyt_labels","tag_sets_id":1963,"tags_id":9360925},{"stories_id":2360250074,"tag":"floods","tag_set":"nyt_labels","tag_sets_id":1963,"tags_id":9360927},{"stories_id":2360250074,"tag":"energy and power","tag_set":"nyt_labels","tag_sets_id":1963,"tags_id":9360997},{"stories_id":2360250074,"tag":"electric light and power","tag_set":"nyt_labels","tag_sets_id":1963,"tags_id":9361013},{"stories_id":2360250074,"tag":"light","tag_set":"nyt_labels","tag_sets_id":1963,"tags_id":9361014},{"stories_id":2360250074,"tag":"water","tag_set":"nyt_labels","tag_sets_id":1963,"tags_id":9361151},{"stories_id":2360250074,"tag":"drought","tag_set":"nyt_labels","tag_sets_id":1963,"tags_id":9361230},{"stories_id":2360250074,"tag":"rain","tag_set":"nyt_labels","tag_sets_id":1963,"tags_id":9361277},{"stories_id":2360250074,"tag":"Xi Jinping","tag_set":"cliff_people","tag_sets_id":2389,"tags_id":9363823},{"stories_id":2360250074,"tag":"Chinese Communist Party","tag_set":"cliff_organizations","tag_sets_id":2388,"tags_id":9365349},{"stories_id":2360250074,"tag":"Li Shuo","tag_set":"cliff_people","tag_sets_id":2389,"tags_id":9394686},{"stories_id":2360250074,"tag":"Shepherd","tag_set":"cliff_people","tag_sets_id":2389,"tags_id":9483834},{"stories_id":2360250074,"tag":"Wu","tag_set":"cliff_people","tag_sets_id":2389,"tags_id":9541621},{"stories_id":2360250074,"tag":"CREA","tag_set":"cliff_people","tag_sets_id":2389,"tags_id":9809354},{"stories_id":2360250074,"tag":"East China Normal University","tag_set":"cliff_organizations","tag_sets_id":2388,"tags_id":10524716},{"stories_id":2360250074,"tag":"Dou","tag_set":"cliff_people","tag_sets_id":2389,"tags_id":11936936},{"stories_id":2360250074,"tag":"Ministry of Emergency Management","tag_set":"cliff_organizations","tag_sets_id":2388,"tags_id":53453931},{"stories_id":2360250074,"tag":"Yin Jie","tag_set":"cliff_people","tag_sets_id":2389,"tags_id":64547964},{"stories_id":2360250074,"tag":"Zhang Xinghua","tag_set":"cliff_people","tag_sets_id":2389,"tags_id":128387162},{"stories_id":2360250074,"tag":"Center for Research on Energy","tag_set":"cliff_organizations","tag_sets_id":2388,"tags_id":178703542},{"stories_id":2360250074,"tag":"readability-lxml-0.8.1","tag_set":"extractor_version","tag_sets_id":1354,"tags_id":228516910},{"stories_id":2360250074,"tag":"cliff_clavin_v2.6.1","tag_set":"geocoder_version","tag_sets_id":1937,"tags_id":228516911},{"stories_id":2360250074,"tag":"Li Zhongfu","tag_set":"cliff_people","tag_sets_id":2389,"tags_id":240554955},{"stories_id":2360250074,"tag":"Nanjing University of Science Information","tag_set":"cliff_organizations","tag_sets_id":2388,"tags_id":257445627},{"stories_id":2360250074,"tag":"Luo Jingjia","tag_set":"cliff_people","tag_sets_id":2389,"tags_id":257445628}],"title":"China’s summer floods and heat waves fuel plans for a changing climate","url":"https://www.washingtonpost.com/world/2022/07/08/china-floods-heat-wave-climate-change/?utm_source=rss&utm_medium=referral&utm_campaign=wp_world","word_count":null}]