[{"ap_syndicated":null,"collect_date":"2022-07-14 06:33:27.830683","feeds":null,"guid":"https://www.nytimes.com/2022/07/14/business/china-data-privacy.html","language":"en","media_id":1,"media_name":null,"media_url":null,"processed_stories_id":null,"publish_date":"2022-07-14 05:00:27","stories_id":2365805100,"story_tags":[{"stories_id":2365805100,"tag":"geonames_1814991","tag_set":"mc-geocoder@media.mit.edu","tag_sets_id":1011,"tags_id":8878478},{"stories_id":2365805100,"tag":"geonames_2038349","tag_set":"mc-geocoder@media.mit.edu","tag_sets_id":1011,"tags_id":8878603},{"stories_id":2365805100,"tag":"geonames_1816670","tag_set":"mc-geocoder@media.mit.edu","tag_sets_id":1011,"tags_id":8878606},{"stories_id":2365805100,"tag":"geonames_1796231","tag_set":"mc-geocoder@media.mit.edu","tag_sets_id":1011,"tags_id":8879213},{"stories_id":2365805100,"tag":"geonames_1796236","tag_set":"mc-geocoder@media.mit.edu","tag_sets_id":1011,"tags_id":8879237},{"stories_id":2365805100,"tag":"geonames_1784658","tag_set":"mc-geocoder@media.mit.edu","tag_sets_id":1011,"tags_id":8883051},{"stories_id":2365805100,"tag":"nyt_labeller_v1.0.0","tag_set":"nyt_labels_version","tag_sets_id":1964,"tags_id":9360669},{"stories_id":2365805100,"tag":"privacy","tag_set":"nyt_labels","tag_sets_id":1963,"tags_id":9360835},{"stories_id":2365805100,"tag":"politics and government","tag_set":"nyt_labels","tag_sets_id":1963,"tags_id":9360836},{"stories_id":2365805100,"tag":"computers and the internet","tag_set":"nyt_labels","tag_sets_id":1963,"tags_id":9360839},{"stories_id":2365805100,"tag":"recordings (audio)","tag_set":"nyt_labels","tag_sets_id":1963,"tags_id":9360856},{"stories_id":2365805100,"tag":"suits and litigation","tag_set":"nyt_labels","tag_sets_id":1963,"tags_id":9360860},{"stories_id":2365805100,"tag":"freedom of speech and expression","tag_set":"nyt_labels","tag_sets_id":1963,"tags_id":9360919},{"stories_id":2365805100,"tag":"censorship","tag_set":"nyt_labels","tag_sets_id":1963,"tags_id":9361210},{"stories_id":2365805100,"tag":"New York Times","tag_set":"cliff_organizations","tag_sets_id":2388,"tags_id":9362756},{"stories_id":2365805100,"tag":"European Union","tag_set":"cliff_organizations","tag_sets_id":2388,"tags_id":9362999},{"stories_id":2365805100,"tag":"Yale Law School","tag_set":"cliff_organizations","tag_sets_id":2388,"tags_id":9363743},{"stories_id":2365805100,"tag":"Communist Party","tag_set":"cliff_organizations","tag_sets_id":2388,"tags_id":9365010},{"stories_id":2365805100,"tag":"Times","tag_set":"cliff_organizations","tag_sets_id":2388,"tags_id":9365707},{"stories_id":2365805100,"tag":"Li Keqiang","tag_set":"cliff_people","tag_sets_id":2389,"tags_id":9377530},{"stories_id":2365805100,"tag":"Pandora","tag_set":"cliff_people","tag_sets_id":2389,"tags_id":9379361},{"stories_id":2365805100,"tag":"Weibo","tag_set":"cliff_people","tag_sets_id":2389,"tags_id":9381503},{"stories_id":2365805100,"tag":"Xinhua News Agency","tag_set":"cliff_organizations","tag_sets_id":2388,"tags_id":9660300},{"stories_id":2365805100,"tag":"General Data Protection Regulation","tag_set":"cliff_organizations","tag_sets_id":2388,"tags_id":9711596},{"stories_id":2365805100,"tag":"Zhihu","tag_set":"cliff_people","tag_sets_id":2389,"tags_id":9838863},{"stories_id":2365805100,"tag":"Samm Sacks","tag_set":"cliff_people","tag_sets_id":2389,"tags_id":11088487},{"stories_id":2365805100,"tag":"power electric","tag_set":"cliff_organizations","tag_sets_id":2388,"tags_id":28338548},{"stories_id":2365805100,"tag":"Zixu Wang","tag_set":"cliff_people","tag_sets_id":2389,"tags_id":153469812},{"stories_id":2365805100,"tag":"readability-lxml-0.8.1","tag_set":"extractor_version","tag_sets_id":1354,"tags_id":228516910},{"stories_id":2365805100,"tag":"cliff_clavin_v2.6.1","tag_set":"geocoder_version","tag_sets_id":1937,"tags_id":228516911},{"stories_id":2365805100,"tag":"Jewel Liao","tag_set":"cliff_people","tag_sets_id":2389,"tags_id":257762054},{"stories_id":2365805100,"tag":"Silvia Si","tag_set":"cliff_people","tag_sets_id":2389,"tags_id":257762055},{"stories_id":2365805100,"tag":"Dragon Zheng","tag_set":"cliff_people","tag_sets_id":2389,"tags_id":257762056},{"stories_id":2365805100,"tag":"Xu Peilin","tag_set":"cliff_people","tag_sets_id":2389,"tags_id":257762057}],"title":"China’s Surveillance State Encounters Public Resistance","url":"https://www.nytimes.com/2022/07/14/business/china-data-privacy.html","word_count":null}]