[{"ap_syndicated":null,"collect_date":"2022-07-20 10:03:10.756222","feeds":null,"guid":"https://www.washingtonpost.com/business/energy/its-time-for-ge-to-let-go-of-ge/2022/07/20/9bb0cede-0823-11ed-80b6-43f2bfcc6662_story.html?utm_source=rss&utm_medium=referral&utm_campaign=wp_business","language":"en","media_id":2,"media_name":null,"media_url":null,"processed_stories_id":null,"publish_date":"2022-07-20 09:35:29","stories_id":2371469748,"story_tags":[{"stories_id":2371469748,"tag":"geonames_3175395","tag_set":"mc-geocoder@media.mit.edu","tag_sets_id":1011,"tags_id":8878643},{"stories_id":2371469748,"tag":"geonames_3174618","tag_set":"mc-geocoder@media.mit.edu","tag_sets_id":1011,"tags_id":8878644},{"stories_id":2371469748,"tag":"geonames_8980256","tag_set":"mc-geocoder@media.mit.edu","tag_sets_id":1011,"tags_id":9141145},{"stories_id":2371469748,"tag":"nyt_labeller_v1.0.0","tag_set":"nyt_labels_version","tag_sets_id":1964,"tags_id":9360669},{"stories_id":2371469748,"tag":"finances","tag_set":"nyt_labels","tag_sets_id":1963,"tags_id":9360840},{"stories_id":2371469748,"tag":"energy and power","tag_set":"nyt_labels","tag_sets_id":1963,"tags_id":9360997},{"stories_id":2371469748,"tag":"electric light and power","tag_set":"nyt_labels","tag_sets_id":1963,"tags_id":9361013},{"stories_id":2371469748,"tag":"light","tag_set":"nyt_labels","tag_sets_id":1963,"tags_id":9361014},{"stories_id":2371469748,"tag":"mergers, acquisitions and divestitures","tag_set":"nyt_labels","tag_sets_id":1963,"tags_id":9361071},{"stories_id":2371469748,"tag":"Facebook","tag_set":"cliff_organizations","tag_sets_id":2388,"tags_id":9362725},{"stories_id":2371469748,"tag":"Bloomberg","tag_set":"cliff_organizations","tag_sets_id":2388,"tags_id":9363116},{"stories_id":2371469748,"tag":"Boeing","tag_set":"cliff_organizations","tag_sets_id":2388,"tags_id":9364153},{"stories_id":2371469748,"tag":"General Electric Co.","tag_set":"cliff_organizations","tag_sets_id":2388,"tags_id":9369202},{"stories_id":2371469748,"tag":"GE","tag_set":"cliff_organizations","tag_sets_id":2388,"tags_id":9369925},{"stories_id":2371469748,"tag":"Boeing Co.","tag_set":"cliff_organizations","tag_sets_id":2388,"tags_id":9372658},{"stories_id":2371469748,"tag":"Bloomberg News","tag_set":"cliff_organizations","tag_sets_id":2388,"tags_id":9377578},{"stories_id":2371469748,"tag":"Baker Hughes","tag_set":"cliff_organizations","tag_sets_id":2388,"tags_id":9387691},{"stories_id":2371469748,"tag":"Volvo","tag_set":"cliff_organizations","tag_sets_id":2388,"tags_id":9394317},{"stories_id":2371469748,"tag":"Jack Welch","tag_set":"cliff_people","tag_sets_id":2389,"tags_id":9405347},{"stories_id":2371469748,"tag":"Baker Hughes","tag_set":"cliff_people","tag_sets_id":2389,"tags_id":9409489},{"stories_id":2371469748,"tag":"Monsanto","tag_set":"cliff_organizations","tag_sets_id":2388,"tags_id":9409959},{"stories_id":2371469748,"tag":"Bloomberg LP","tag_set":"cliff_organizations","tag_sets_id":2388,"tags_id":9451703},{"stories_id":2371469748,"tag":"Bayer AG","tag_set":"cliff_organizations","tag_sets_id":2388,"tags_id":9455467},{"stories_id":2371469748,"tag":"Neil Armstrong","tag_set":"cliff_people","tag_sets_id":2389,"tags_id":9476544},{"stories_id":2371469748,"tag":"Sanford C. Bernstein & Co.","tag_set":"cliff_organizations","tag_sets_id":2388,"tags_id":9545025},{"stories_id":2371469748,"tag":"novus","tag_set":"cliff_organizations","tag_sets_id":2388,"tags_id":9605610},{"stories_id":2371469748,"tag":"Monsanto Co.","tag_set":"cliff_organizations","tag_sets_id":2388,"tags_id":9639677},{"stories_id":2371469748,"tag":"Alstom SA","tag_set":"cliff_organizations","tag_sets_id":2388,"tags_id":9644494},{"stories_id":2371469748,"tag":"Danaher Corp.","tag_set":"cliff_organizations","tag_sets_id":2388,"tags_id":9660258},{"stories_id":2371469748,"tag":"Buzz Aldrin","tag_set":"cliff_people","tag_sets_id":2389,"tags_id":9665482},{"stories_id":2371469748,"tag":"Danaher","tag_set":"cliff_people","tag_sets_id":2389,"tags_id":9675125},{"stories_id":2371469748,"tag":"Brooke Sutherland","tag_set":"cliff_people","tag_sets_id":2389,"tags_id":10051585},{"stories_id":2371469748,"tag":"GE Aerospace","tag_set":"cliff_organizations","tag_sets_id":2388,"tags_id":10176069},{"stories_id":2371469748,"tag":"Ben Schott","tag_set":"cliff_people","tag_sets_id":2389,"tags_id":11419188},{"stories_id":2371469748,"tag":"GE HealthCare","tag_set":"cliff_organizations","tag_sets_id":2388,"tags_id":18557583},{"stories_id":2371469748,"tag":"GE Co.","tag_set":"cliff_organizations","tag_sets_id":2388,"tags_id":28726779},{"stories_id":2371469748,"tag":"Fortive Corp.","tag_set":"cliff_organizations","tag_sets_id":2388,"tags_id":28910793},{"stories_id":2371469748,"tag":"Steven Winoker","tag_set":"cliff_people","tag_sets_id":2389,"tags_id":30825430},{"stories_id":2371469748,"tag":"Larry Culp","tag_set":"cliff_people","tag_sets_id":2389,"tags_id":39531275},{"stories_id":2371469748,"tag":"Baker Hughes Co.","tag_set":"cliff_organizations","tag_sets_id":2388,"tags_id":67059236},{"stories_id":2371469748,"tag":"readability-lxml-0.8.1","tag_set":"extractor_version","tag_sets_id":1354,"tags_id":228516910},{"stories_id":2371469748,"tag":"cliff_clavin_v2.6.1","tag_set":"geocoder_version","tag_sets_id":1937,"tags_id":228516911},{"stories_id":2371469748,"tag":"Meta Platforms Inc.","tag_set":"cliff_organizations","tag_sets_id":2388,"tags_id":248710901},{"stories_id":2371469748,"tag":"GE Vernova","tag_set":"cliff_organizations","tag_sets_id":2388,"tags_id":257963591}],"title":"It’s Time for GE to Let Go of GE","url":"https://www.washingtonpost.com/business/energy/its-time-for-ge-to-let-go-of-ge/2022/07/20/9bb0cede-0823-11ed-80b6-43f2bfcc6662_story.html?utm_source=rss&utm_medium=referral&utm_campaign=wp_business","word_count":null}]