[{"ap_syndicated":null,"collect_date":"2022-07-26 11:01:41.022623","feeds":null,"guid":"{94658735-D3AC-4AD1-B345-D301C2BC36FA}","language":"en","media_id":1150,"media_name":null,"media_url":null,"processed_stories_id":null,"publish_date":"2022-07-26 06:35:23","stories_id":2376873647,"story_tags":[{"stories_id":2376873647,"tag":"nyt_labeller_v1.0.0","tag_set":"nyt_labels_version","tag_sets_id":1964,"tags_id":9360669},{"stories_id":2376873647,"tag":"finances","tag_set":"nyt_labels","tag_sets_id":1963,"tags_id":9360840},{"stories_id":2376873647,"tag":"energy and power","tag_set":"nyt_labels","tag_sets_id":1963,"tags_id":9360997},{"stories_id":2376873647,"tag":"company reports","tag_set":"nyt_labels","tag_sets_id":1963,"tags_id":9361050},{"stories_id":2376873647,"tag":"corporations","tag_set":"nyt_labels","tag_sets_id":1963,"tags_id":9361051},{"stories_id":2376873647,"tag":"S&P","tag_set":"cliff_organizations","tag_sets_id":2388,"tags_id":9368263},{"stories_id":2376873647,"tag":"General Electric Co.","tag_set":"cliff_organizations","tag_sets_id":2388,"tags_id":9369202},{"stories_id":2376873647,"tag":"GE","tag_set":"cliff_organizations","tag_sets_id":2388,"tags_id":9369925},{"stories_id":2376873647,"tag":"FactSet","tag_set":"cliff_organizations","tag_sets_id":2388,"tags_id":9419501},{"stories_id":2376873647,"tag":"Larry Culp","tag_set":"cliff_people","tag_sets_id":2389,"tags_id":39531275},{"stories_id":2376873647,"tag":"readability-lxml-0.8.1","tag_set":"extractor_version","tag_sets_id":1354,"tags_id":228516910},{"stories_id":2376873647,"tag":"cliff_clavin_v2.6.1","tag_set":"geocoder_version","tag_sets_id":1937,"tags_id":228516911}],"title":"GE stock jumps after profit more than doubles expectations, surprise positive free cash flow","url":"http://www.marketwatch.com/news/story/ge-stock-jumps-after-profit/story.aspx?guid=%7B94658735%2DD3AC%2D4AD1%2DB345%2DD301C2BC36FA%7D&siteid=rss","word_count":null}]