[{"ap_syndicated":null,"collect_date":"2022-07-28 15:02:40.158860","feeds":null,"guid":"https://www.usatoday.com/story/news/2022/07/28/whats-inflation-bill-manchins-reversed-attempt-fight-climate-change/10175099002/","language":"en","media_id":4,"media_name":null,"media_url":null,"processed_stories_id":null,"publish_date":"2022-07-28 14:37:34","stories_id":2379153728,"story_tags":[{"stories_id":2379153728,"tag":"geonames_6252001","tag_set":"mc-geocoder@media.mit.edu","tag_sets_id":1011,"tags_id":8878461},{"stories_id":2379153728,"tag":"geonames_4826850","tag_set":"mc-geocoder@media.mit.edu","tag_sets_id":1011,"tags_id":8878580},{"stories_id":2379153728,"tag":"geonames_4662168","tag_set":"mc-geocoder@media.mit.edu","tag_sets_id":1011,"tags_id":8878725},{"stories_id":2379153728,"tag":"nyt_labeller_v1.0.0","tag_set":"nyt_labels_version","tag_sets_id":1964,"tags_id":9360669},{"stories_id":2379153728,"tag":"politics and government","tag_set":"nyt_labels","tag_sets_id":1963,"tags_id":9360836},{"stories_id":2379153728,"tag":"law and legislation","tag_set":"nyt_labels","tag_sets_id":1963,"tags_id":9360837},{"stories_id":2379153728,"tag":"finances","tag_set":"nyt_labels","tag_sets_id":1963,"tags_id":9360840},{"stories_id":2379153728,"tag":"budgets and budgeting","tag_set":"nyt_labels","tag_sets_id":1963,"tags_id":9360850},{"stories_id":2379153728,"tag":"oil (petroleum) and gasoline","tag_set":"nyt_labels","tag_sets_id":1963,"tags_id":9360884},{"stories_id":2379153728,"tag":"global warming","tag_set":"nyt_labels","tag_sets_id":1963,"tags_id":9360886},{"stories_id":2379153728,"tag":"environment","tag_set":"nyt_labels","tag_sets_id":1963,"tags_id":9360887},{"stories_id":2379153728,"tag":"editorials","tag_set":"nyt_labels","tag_sets_id":1963,"tags_id":9360894},{"stories_id":2379153728,"tag":"weather","tag_set":"nyt_labels","tag_sets_id":1963,"tags_id":9360902},{"stories_id":2379153728,"tag":"energy and power","tag_set":"nyt_labels","tag_sets_id":1963,"tags_id":9360997},{"stories_id":2379153728,"tag":"air pollution","tag_set":"nyt_labels","tag_sets_id":1963,"tags_id":9361007},{"stories_id":2379153728,"tag":"electric light and power","tag_set":"nyt_labels","tag_sets_id":1963,"tags_id":9361013},{"stories_id":2379153728,"tag":"light","tag_set":"nyt_labels","tag_sets_id":1963,"tags_id":9361014},{"stories_id":2379153728,"tag":"Joe Manchin","tag_set":"cliff_people","tag_sets_id":2389,"tags_id":9374828},{"stories_id":2379153728,"tag":"U.S. Postal Service","tag_set":"cliff_organizations","tag_sets_id":2388,"tags_id":9380693},{"stories_id":2379153728,"tag":"USA TODAY","tag_set":"cliff_organizations","tag_sets_id":2388,"tags_id":9382850},{"stories_id":2379153728,"tag":"Princeton University","tag_set":"cliff_organizations","tag_sets_id":2388,"tags_id":9384802},{"stories_id":2379153728,"tag":"American Council","tag_set":"cliff_organizations","tag_sets_id":2388,"tags_id":9387518},{"stories_id":2379153728,"tag":"bill","tag_set":"cliff_people","tag_sets_id":2389,"tags_id":9399619},{"stories_id":2379153728,"tag":"Jesse Jenkins","tag_set":"cliff_people","tag_sets_id":2389,"tags_id":9452016},{"stories_id":2379153728,"tag":"American energy","tag_set":"cliff_organizations","tag_sets_id":2388,"tags_id":9469034},{"stories_id":2379153728,"tag":"University of California Santa Barbara","tag_set":"cliff_organizations","tag_sets_id":2388,"tags_id":9506070},{"stories_id":2379153728,"tag":"Kyle Bagenstose","tag_set":"cliff_people","tag_sets_id":2389,"tags_id":9582748},{"stories_id":2379153728,"tag":"Elizabeth Weise","tag_set":"cliff_people","tag_sets_id":2389,"tags_id":9652106},{"stories_id":2379153728,"tag":"Jonathan Foley","tag_set":"cliff_people","tag_sets_id":2389,"tags_id":10425088},{"stories_id":2379153728,"tag":"rural electric cooperatives","tag_set":"cliff_organizations","tag_sets_id":2388,"tags_id":28169223},{"stories_id":2379153728,"tag":"Varshini Prakash","tag_set":"cliff_people","tag_sets_id":2389,"tags_id":29357867},{"stories_id":2379153728,"tag":"Leah Stokes","tag_set":"cliff_people","tag_sets_id":2389,"tags_id":33918733},{"stories_id":2379153728,"tag":"Brianna Knisley","tag_set":"cliff_people","tag_sets_id":2389,"tags_id":141012166},{"stories_id":2379153728,"tag":"U.S. clean energy manufacturing","tag_set":"cliff_organizations","tag_sets_id":2388,"tags_id":193314867},{"stories_id":2379153728,"tag":"readability-lxml-0.8.1","tag_set":"extractor_version","tag_sets_id":1354,"tags_id":228516910},{"stories_id":2379153728,"tag":"cliff_clavin_v2.6.1","tag_set":"geocoder_version","tag_sets_id":1937,"tags_id":228516911}],"title":"'Inflation Reduction Act': What you need to know about major effort to fight climate change","url":"http://rssfeeds.usatoday.com/~/704079486/0/usatodaycomnation-topstories~Inflation-Reduction-Act-What-you-need-to-know-about-major-effort-to-fight-climate-change/","word_count":null}]