[{"ap_syndicated":null,"collect_date":"2022-08-12 12:16:06.943720","feeds":null,"guid":"https://www.washingtonpost.com/transportation/2022/08/12/dulles-airport-solar-farm/","language":"en","media_id":2,"media_name":null,"media_url":null,"processed_stories_id":null,"publish_date":"2022-08-12 12:02:18","stories_id":2392251022,"story_tags":[{"stories_id":2392251022,"tag":"geonames_6252001","tag_set":"mc-geocoder@media.mit.edu","tag_sets_id":1011,"tags_id":8878461},{"stories_id":2392251022,"tag":"geonames_6254928","tag_set":"mc-geocoder@media.mit.edu","tag_sets_id":1011,"tags_id":8878547},{"stories_id":2392251022,"tag":"geonames_4756636","tag_set":"mc-geocoder@media.mit.edu","tag_sets_id":1011,"tags_id":8881052},{"stories_id":2392251022,"tag":"nyt_labeller_v1.0.0","tag_set":"nyt_labels_version","tag_sets_id":1964,"tags_id":9360669},{"stories_id":2392251022,"tag":"environment","tag_set":"nyt_labels","tag_sets_id":1963,"tags_id":9360887},{"stories_id":2392251022,"tag":"energy and power","tag_set":"nyt_labels","tag_sets_id":1963,"tags_id":9360997},{"stories_id":2392251022,"tag":"electric light and power","tag_set":"nyt_labels","tag_sets_id":1963,"tags_id":9361013},{"stories_id":2392251022,"tag":"light","tag_set":"nyt_labels","tag_sets_id":1963,"tags_id":9361014},{"stories_id":2392251022,"tag":"airports","tag_set":"nyt_labels","tag_sets_id":1963,"tags_id":9361150},{"stories_id":2392251022,"tag":"Pavel Molchanov","tag_set":"cliff_people","tag_sets_id":2389,"tags_id":9362947},{"stories_id":2392251022,"tag":"Raymond James","tag_set":"cliff_people","tag_sets_id":2389,"tags_id":9362948},{"stories_id":2392251022,"tag":"Federal Aviation Administration","tag_set":"cliff_organizations","tag_sets_id":2388,"tags_id":9363461},{"stories_id":2392251022,"tag":"authority","tag_set":"cliff_organizations","tag_sets_id":2388,"tags_id":9364558},{"stories_id":2392251022,"tag":"Reagan","tag_set":"cliff_people","tag_sets_id":2389,"tags_id":9365068},{"stories_id":2392251022,"tag":"University of Colorado","tag_set":"cliff_organizations","tag_sets_id":2388,"tags_id":9368512},{"stories_id":2392251022,"tag":"FAA","tag_set":"cliff_organizations","tag_sets_id":2388,"tags_id":9370826},{"stories_id":2392251022,"tag":"Dominion","tag_set":"cliff_organizations","tag_sets_id":2388,"tags_id":9486980},{"stories_id":2392251022,"tag":"U.S. Transportation Department","tag_set":"cliff_organizations","tag_sets_id":2388,"tags_id":9604534},{"stories_id":2392251022,"tag":"Dominion Energy","tag_set":"cliff_organizations","tag_sets_id":2388,"tags_id":9638270},{"stories_id":2392251022,"tag":"the sun","tag_set":"cliff_organizations","tag_sets_id":2388,"tags_id":9699647},{"stories_id":2392251022,"tag":"Metropolitan Washington Airports Authority","tag_set":"cliff_organizations","tag_sets_id":2388,"tags_id":10098991},{"stories_id":2392251022,"tag":"MWAA","tag_set":"cliff_organizations","tag_sets_id":2388,"tags_id":10231432},{"stories_id":2392251022,"tag":"Aaron Ruby","tag_set":"cliff_people","tag_sets_id":2389,"tags_id":11911924},{"stories_id":2392251022,"tag":"Thomas Beatty","tag_set":"cliff_people","tag_sets_id":2389,"tags_id":18648501},{"stories_id":2392251022,"tag":"Piedmont Environmental Council","tag_set":"cliff_organizations","tag_sets_id":2388,"tags_id":29393986},{"stories_id":2392251022,"tag":"Scott Morrissey","tag_set":"cliff_people","tag_sets_id":2389,"tags_id":29981181},{"stories_id":2392251022,"tag":"Serena Kim","tag_set":"cliff_people","tag_sets_id":2389,"tags_id":30399886},{"stories_id":2392251022,"tag":"Kent Ebbing","tag_set":"cliff_people","tag_sets_id":2389,"tags_id":112364387},{"stories_id":2392251022,"tag":"readability-lxml-0.8.1","tag_set":"extractor_version","tag_sets_id":1354,"tags_id":228516910},{"stories_id":2392251022,"tag":"cliff_clavin_v2.6.1","tag_set":"geocoder_version","tag_sets_id":1937,"tags_id":228516911}],"title":"Dulles solar farm would be the nation’s largest at an airport","url":"https://www.washingtonpost.com/transportation/2022/08/12/dulles-airport-solar-farm/","word_count":null}]