[{"ap_syndicated":null,"collect_date":"2022-09-04 15:02:59.967078","feeds":null,"guid":"https://www.nytimes.com/2022/09/04/world/europe/scholz-germany-inflation-energy.html","language":"en","media_id":1,"media_name":null,"media_url":null,"processed_stories_id":null,"publish_date":"2022-09-04 14:50:37","stories_id":2412049541,"story_tags":[{"stories_id":2412049541,"tag":"geonames_2921044","tag_set":"mc-geocoder@media.mit.edu","tag_sets_id":1011,"tags_id":8878575},{"stories_id":2412049541,"tag":"geonames_2950157","tag_set":"mc-geocoder@media.mit.edu","tag_sets_id":1011,"tags_id":8878617},{"stories_id":2412049541,"tag":"geonames_2950159","tag_set":"mc-geocoder@media.mit.edu","tag_sets_id":1011,"tags_id":8878621},{"stories_id":2412049541,"tag":"geonames_524901","tag_set":"mc-geocoder@media.mit.edu","tag_sets_id":1011,"tags_id":8878648},{"stories_id":2412049541,"tag":"nyt_labeller_v1.0.0","tag_set":"nyt_labels_version","tag_sets_id":1964,"tags_id":9360669},{"stories_id":2412049541,"tag":"politics and government","tag_set":"nyt_labels","tag_sets_id":1963,"tags_id":9360836},{"stories_id":2412049541,"tag":"oil (petroleum) and gasoline","tag_set":"nyt_labels","tag_sets_id":1963,"tags_id":9360884},{"stories_id":2412049541,"tag":"international trade and world market","tag_set":"nyt_labels","tag_sets_id":1963,"tags_id":9360983},{"stories_id":2412049541,"tag":"prices (fares, fees and rates)","tag_set":"nyt_labels","tag_sets_id":1963,"tags_id":9360996},{"stories_id":2412049541,"tag":"Liz Truss","tag_set":"cliff_people","tag_sets_id":2389,"tags_id":9362896},{"stories_id":2412049541,"tag":"Gazprom","tag_set":"cliff_organizations","tag_sets_id":2388,"tags_id":9378654},{"stories_id":2412049541,"tag":"Olaf Scholz","tag_set":"cliff_people","tag_sets_id":2389,"tags_id":9437204},{"stories_id":2412049541,"tag":"Christopher F. Schuetze","tag_set":"cliff_people","tag_sets_id":2389,"tags_id":9881688},{"stories_id":2412049541,"tag":"European Union energy","tag_set":"cliff_organizations","tag_sets_id":2388,"tags_id":11664153},{"stories_id":2412049541,"tag":"readability-lxml-0.8.1","tag_set":"extractor_version","tag_sets_id":1354,"tags_id":228516910},{"stories_id":2412049541,"tag":"cliff_clavin_v2.6.1","tag_set":"geocoder_version","tag_sets_id":1937,"tags_id":228516911}],"title":"Germany Announces $65 Billion Relief Package Amid Soaring Inflation","url":"https://www.nytimes.com/2022/09/04/world/europe/scholz-germany-inflation-energy.html","word_count":null}]