[{"ap_syndicated":null,"collect_date":"2022-09-07 23:03:36.898615","feeds":null,"guid":"https://www.washingtonpost.com/politics/2022/09/07/dnc-weighs-manchin-permitting-reform-deal/?utm_source=rss&utm_medium=referral&utm_campaign=wp_climate-environment","language":"en","media_id":2,"media_name":null,"media_url":null,"processed_stories_id":null,"publish_date":"2022-09-07 07:51:29","stories_id":2415080624,"story_tags":[{"stories_id":2415080624,"tag":"geonames_6252001","tag_set":"mc-geocoder@media.mit.edu","tag_sets_id":1011,"tags_id":8878461},{"stories_id":2415080624,"tag":"geonames_5332921","tag_set":"mc-geocoder@media.mit.edu","tag_sets_id":1011,"tags_id":8878533},{"stories_id":2415080624,"tag":"nyt_labeller_v1.0.0","tag_set":"nyt_labels_version","tag_sets_id":1964,"tags_id":9360669},{"stories_id":2415080624,"tag":"politics and government","tag_set":"nyt_labels","tag_sets_id":1963,"tags_id":9360836},{"stories_id":2415080624,"tag":"law and legislation","tag_set":"nyt_labels","tag_sets_id":1963,"tags_id":9360837},{"stories_id":2415080624,"tag":"finances","tag_set":"nyt_labels","tag_sets_id":1963,"tags_id":9360840},{"stories_id":2415080624,"tag":"united states politics and government","tag_set":"nyt_labels","tag_sets_id":1963,"tags_id":9360846},{"stories_id":2415080624,"tag":"oil (petroleum) and gasoline","tag_set":"nyt_labels","tag_sets_id":1963,"tags_id":9360884},{"stories_id":2415080624,"tag":"energy and power","tag_set":"nyt_labels","tag_sets_id":1963,"tags_id":9360997},{"stories_id":2415080624,"tag":"Reuters","tag_set":"cliff_organizations","tag_sets_id":2388,"tags_id":9362267},{"stories_id":2415080624,"tag":"Democratic Party","tag_set":"cliff_organizations","tag_sets_id":2388,"tags_id":9362724},{"stories_id":2415080624,"tag":"White House","tag_set":"cliff_organizations","tag_sets_id":2388,"tags_id":9362736},{"stories_id":2415080624,"tag":"Senate","tag_set":"cliff_organizations","tag_sets_id":2388,"tags_id":9362741},{"stories_id":2415080624,"tag":"Washington Post","tag_set":"cliff_organizations","tag_sets_id":2388,"tags_id":9362798},{"stories_id":2415080624,"tag":"Kremlin","tag_set":"cliff_organizations","tag_sets_id":2388,"tags_id":9362931},{"stories_id":2415080624,"tag":"Charles E. Schumer","tag_set":"cliff_people","tag_sets_id":2389,"tags_id":9362946},{"stories_id":2415080624,"tag":"Congress","tag_set":"cliff_organizations","tag_sets_id":2388,"tags_id":9362962},{"stories_id":2415080624,"tag":"Democratic National Committee","tag_set":"cliff_organizations","tag_sets_id":2388,"tags_id":9363009},{"stories_id":2415080624,"tag":"DNC","tag_set":"cliff_organizations","tag_sets_id":2388,"tags_id":9363010},{"stories_id":2415080624,"tag":"Democrats","tag_set":"cliff_organizations","tag_sets_id":2388,"tags_id":9363166},{"stories_id":2415080624,"tag":"Post","tag_set":"cliff_organizations","tag_sets_id":2388,"tags_id":9363250},{"stories_id":2415080624,"tag":"Ron Wyden","tag_set":"cliff_people","tag_sets_id":2389,"tags_id":9363375},{"stories_id":2415080624,"tag":"Brian Schatz","tag_set":"cliff_people","tag_sets_id":2389,"tags_id":9364207},{"stories_id":2415080624,"tag":"Biden","tag_set":"cliff_people","tag_sets_id":2389,"tags_id":9365736},{"stories_id":2415080624,"tag":"Martin Heinrich","tag_set":"cliff_people","tag_sets_id":2389,"tags_id":9366368},{"stories_id":2415080624,"tag":"Siemens","tag_set":"cliff_organizations","tag_sets_id":2388,"tags_id":9367846},{"stories_id":2415080624,"tag":"House Natural Resources Committee","tag_set":"cliff_organizations","tag_sets_id":2388,"tags_id":9371543},{"stories_id":2415080624,"tag":"Chris Mooney","tag_set":"cliff_people","tag_sets_id":2389,"tags_id":9374895},{"stories_id":2415080624,"tag":"Gazprom","tag_set":"cliff_organizations","tag_sets_id":2388,"tags_id":9378654},{"stories_id":2415080624,"tag":"Joe Manchin III","tag_set":"cliff_people","tag_sets_id":2389,"tags_id":9385885},{"stories_id":2415080624,"tag":"Vladimir Soldatkin","tag_set":"cliff_people","tag_sets_id":2389,"tags_id":9402109},{"stories_id":2415080624,"tag":"Jason Samenow","tag_set":"cliff_people","tag_sets_id":2389,"tags_id":9410048},{"stories_id":2415080624,"tag":"Energy Department","tag_set":"cliff_organizations","tag_sets_id":2388,"tags_id":9415772},{"stories_id":2415080624,"tag":"Jane Kleeb","tag_set":"cliff_people","tag_sets_id":2389,"tags_id":9446498},{"stories_id":2415080624,"tag":"USAToday","tag_set":"cliff_organizations","tag_sets_id":2388,"tags_id":9448528},{"stories_id":2415080624,"tag":"Nebraska Democratic Party","tag_set":"cliff_organizations","tag_sets_id":2388,"tags_id":9455175},{"stories_id":2415080624,"tag":"Jaime Harrison","tag_set":"cliff_people","tag_sets_id":2389,"tags_id":9461591},{"stories_id":2415080624,"tag":"Siemens Energy","tag_set":"cliff_organizations","tag_sets_id":2388,"tags_id":9475662},{"stories_id":2415080624,"tag":"Michelle Deatrick","tag_set":"cliff_people","tag_sets_id":2389,"tags_id":9490113},{"stories_id":2415080624,"tag":"RL Miller","tag_set":"cliff_people","tag_sets_id":2389,"tags_id":9526888},{"stories_id":2415080624,"tag":"Matthew Cappucci","tag_set":"cliff_people","tag_sets_id":2389,"tags_id":9596422},{"stories_id":2415080624,"tag":"M. Grijalva","tag_set":"cliff_people","tag_sets_id":2389,"tags_id":9602060},{"stories_id":2415080624,"tag":"David Crane","tag_set":"cliff_people","tag_sets_id":2389,"tags_id":9603282},{"stories_id":2415080624,"tag":"Thomas Kennedy","tag_set":"cliff_people","tag_sets_id":2389,"tags_id":9646264},{"stories_id":2415080624,"tag":"Nevada State Democratic Party","tag_set":"cliff_organizations","tag_sets_id":2388,"tags_id":10113974},{"stories_id":2415080624,"tag":"Vitaly Markelov","tag_set":"cliff_people","tag_sets_id":2389,"tags_id":11391729},{"stories_id":2415080624,"tag":"Jeff Marootian","tag_set":"cliff_people","tag_sets_id":2389,"tags_id":11815921},{"stories_id":2415080624,"tag":"Judith Whitmer","tag_set":"cliff_people","tag_sets_id":2389,"tags_id":33026760},{"stories_id":2415080624,"tag":"Kasha Patel","tag_set":"cliff_people","tag_sets_id":2389,"tags_id":38284890},{"stories_id":2415080624,"tag":"David Berrios","tag_set":"cliff_people","tag_sets_id":2389,"tags_id":50712223},{"stories_id":2415080624,"tag":"D.C.'s Department of Transportation","tag_set":"cliff_organizations","tag_sets_id":2388,"tags_id":80847548},{"stories_id":2415080624,"tag":"Office of Clean Energy","tag_set":"cliff_organizations","tag_sets_id":2388,"tags_id":88635418},{"stories_id":2415080624,"tag":"geonames_5086915","tag_set":"mc-geocoder@media.mit.edu","tag_sets_id":1011,"tags_id":226215708},{"stories_id":2415080624,"tag":"readability-lxml-0.8.1","tag_set":"extractor_version","tag_sets_id":1354,"tags_id":228516910},{"stories_id":2415080624,"tag":"cliff_clavin_v2.6.1","tag_set":"geocoder_version","tag_sets_id":1937,"tags_id":228516911}],"title":"DNC weighs Manchin's permitting reform deal","url":"https://www.washingtonpost.com/politics/2022/09/07/dnc-weighs-manchin-permitting-reform-deal/?utm_source=rss&utm_medium=referral&utm_campaign=wp_climate-environment","word_count":null}]