[{"ap_syndicated":null,"collect_date":"2022-09-19 16:40:50.902345","feeds":null,"guid":"https://nypost.com/?post_type=article&p=23920231","language":"en","media_id":7,"media_name":null,"media_url":null,"processed_stories_id":null,"publish_date":"2022-09-19 16:24:55","stories_id":2425355146,"story_tags":[{"stories_id":2425355146,"tag":"geonames_1814991","tag_set":"mc-geocoder@media.mit.edu","tag_sets_id":1011,"tags_id":8878478},{"stories_id":2425355146,"tag":"geonames_5909050","tag_set":"mc-geocoder@media.mit.edu","tag_sets_id":1011,"tags_id":8878554},{"stories_id":2425355146,"tag":"geonames_1562822","tag_set":"mc-geocoder@media.mit.edu","tag_sets_id":1011,"tags_id":8878732},{"stories_id":2425355146,"tag":"geonames_1227603","tag_set":"mc-geocoder@media.mit.edu","tag_sets_id":1011,"tags_id":8878890},{"stories_id":2425355146,"tag":"geonames_1210997","tag_set":"mc-geocoder@media.mit.edu","tag_sets_id":1011,"tags_id":8878938},{"stories_id":2425355146,"tag":"geonames_6173331","tag_set":"mc-geocoder@media.mit.edu","tag_sets_id":1011,"tags_id":8879072},{"stories_id":2425355146,"tag":"geonames_1831722","tag_set":"mc-geocoder@media.mit.edu","tag_sets_id":1011,"tags_id":8880588},{"stories_id":2425355146,"tag":"nyt_labeller_v1.0.0","tag_set":"nyt_labels_version","tag_sets_id":1964,"tags_id":9360669},{"stories_id":2425355146,"tag":"environment","tag_set":"nyt_labels","tag_sets_id":1963,"tags_id":9360887},{"stories_id":2425355146,"tag":"apparel","tag_set":"nyt_labels","tag_sets_id":1963,"tags_id":9360953},{"stories_id":2425355146,"tag":"exercise","tag_set":"nyt_labels","tag_sets_id":1963,"tags_id":9360980},{"stories_id":2425355146,"tag":"air pollution","tag_set":"nyt_labels","tag_sets_id":1963,"tags_id":9361007},{"stories_id":2425355146,"tag":"shoes and boots","tag_set":"nyt_labels","tag_sets_id":1963,"tags_id":9361110},{"stories_id":2425355146,"tag":"Harvard","tag_set":"cliff_organizations","tag_sets_id":2388,"tags_id":9362285},{"stories_id":2425355146,"tag":"Lululemon","tag_set":"cliff_organizations","tag_sets_id":2388,"tags_id":9639359},{"stories_id":2425355146,"tag":"Calvin McDonald","tag_set":"cliff_people","tag_sets_id":2389,"tags_id":10911447},{"stories_id":2425355146,"tag":"Gary Cook","tag_set":"cliff_people","tag_sets_id":2389,"tags_id":11126057},{"stories_id":2425355146,"tag":"Yogacharini Maitreyi","tag_set":"cliff_people","tag_sets_id":2389,"tags_id":105052618},{"stories_id":2425355146,"tag":"readability-lxml-0.8.1","tag_set":"extractor_version","tag_sets_id":1354,"tags_id":228516910},{"stories_id":2425355146,"tag":"cliff_clavin_v2.6.1","tag_set":"geocoder_version","tag_sets_id":1937,"tags_id":228516911}],"title":"Lululemon faces backlash  over ‘burning coal to make ‘Hotty Hot pants’","url":"https://nypost.com/2022/09/19/lululemon-faces-backlash-over-using-coal-plants/","word_count":null}]