[{"ap_syndicated":null,"collect_date":"2022-10-21 10:36:54.426694","feeds":null,"guid":"https://www.washingtonpost.com/politics/2022/10/21/taiwan-major-producer-semiconductors-says-it-will-abide-by-us-rules/","language":"en","media_id":2,"media_name":null,"media_url":null,"processed_stories_id":null,"publish_date":"2022-10-21 09:07:54","stories_id":2454534720,"story_tags":[{"stories_id":2454534720,"tag":"geonames_6252001","tag_set":"mc-geocoder@media.mit.edu","tag_sets_id":1011,"tags_id":8878461},{"stories_id":2454534720,"tag":"geonames_4736286","tag_set":"mc-geocoder@media.mit.edu","tag_sets_id":1011,"tags_id":8878538},{"stories_id":2454534720,"tag":"geonames_1816670","tag_set":"mc-geocoder@media.mit.edu","tag_sets_id":1011,"tags_id":8878606},{"stories_id":2454534720,"tag":"nyt_labeller_v1.0.0","tag_set":"nyt_labels_version","tag_sets_id":1964,"tags_id":9360669},{"stories_id":2454534720,"tag":"politics and government","tag_set":"nyt_labels","tag_sets_id":1963,"tags_id":9360836},{"stories_id":2454534720,"tag":"computers and the internet","tag_set":"nyt_labels","tag_sets_id":1963,"tags_id":9360839},{"stories_id":2454534720,"tag":"international trade and world market","tag_set":"nyt_labels","tag_sets_id":1963,"tags_id":9360983},{"stories_id":2454534720,"tag":"computer chips","tag_set":"nyt_labels","tag_sets_id":1963,"tags_id":9361306},{"stories_id":2454534720,"tag":"Reuters","tag_set":"cliff_organizations","tag_sets_id":2388,"tags_id":9362267},{"stories_id":2454534720,"tag":"The Washington Post","tag_set":"cliff_organizations","tag_sets_id":2388,"tags_id":9362994},{"stories_id":2454534720,"tag":"Google","tag_set":"cliff_organizations","tag_sets_id":2388,"tags_id":9363209},{"stories_id":2454534720,"tag":"Twitter","tag_set":"cliff_organizations","tag_sets_id":2388,"tags_id":9363684},{"stories_id":2454534720,"tag":"Biden","tag_set":"cliff_people","tag_sets_id":2389,"tags_id":9365736},{"stories_id":2454534720,"tag":"Faiz Siddiqui","tag_set":"cliff_people","tag_sets_id":2389,"tags_id":9366328},{"stories_id":2454534720,"tag":"Harwell","tag_set":"cliff_people","tag_sets_id":2389,"tags_id":9366645},{"stories_id":2454534720,"tag":"Intel","tag_set":"cliff_organizations","tag_sets_id":2388,"tags_id":9367220},{"stories_id":2454534720,"tag":"GE","tag_set":"cliff_organizations","tag_sets_id":2388,"tags_id":9369925},{"stories_id":2454534720,"tag":"Ken Paxton","tag_set":"cliff_people","tag_sets_id":2389,"tags_id":9378500},{"stories_id":2454534720,"tag":"Elon Musk","tag_set":"cliff_people","tag_sets_id":2389,"tags_id":9384651},{"stories_id":2454534720,"tag":"Elizabeth Dwoskin","tag_set":"cliff_people","tag_sets_id":2389,"tags_id":9408235},{"stories_id":2454534720,"tag":"David Shepardson","tag_set":"cliff_people","tag_sets_id":2389,"tags_id":9431923},{"stories_id":2454534720,"tag":"Taylor Lorenz","tag_set":"cliff_people","tag_sets_id":2389,"tags_id":9470578},{"stories_id":2454534720,"tag":"Diane Bartz","tag_set":"cliff_people","tag_sets_id":2389,"tags_id":9477178},{"stories_id":2454534720,"tag":"Gerrit De Vynck","tag_set":"cliff_people","tag_sets_id":2389,"tags_id":9550290},{"stories_id":2454534720,"tag":"Jeremy B. Merrill","tag_set":"cliff_people","tag_sets_id":2389,"tags_id":9553144},{"stories_id":2454534720,"tag":"Omni Shoreham Hotel","tag_set":"cliff_organizations","tag_sets_id":2388,"tags_id":9598078},{"stories_id":2454534720,"tag":"Ministry of Economic Affairs","tag_set":"cliff_organizations","tag_sets_id":2388,"tags_id":9646486},{"stories_id":2454534720,"tag":"Alex Sherman","tag_set":"cliff_people","tag_sets_id":2389,"tags_id":9662299},{"stories_id":2454534720,"tag":"Jason Goldman","tag_set":"cliff_people","tag_sets_id":2389,"tags_id":9719570},{"stories_id":2454534720,"tag":"Elizabeth Joh","tag_set":"cliff_people","tag_sets_id":2389,"tags_id":9804087},{"stories_id":2454534720,"tag":"Jeanne Whalen","tag_set":"cliff_people","tag_sets_id":2389,"tags_id":10485349},{"stories_id":2454534720,"tag":"Jose Castaneda","tag_set":"cliff_people","tag_sets_id":2389,"tags_id":11184811},{"stories_id":2454534720,"tag":"Wang Mei-hua","tag_set":"cliff_people","tag_sets_id":2389,"tags_id":11842478},{"stories_id":2454534720,"tag":"Hilary McQuaide","tag_set":"cliff_people","tag_sets_id":2389,"tags_id":17326685},{"stories_id":2454534720,"tag":"Aerospace Industrial Development Corporation","tag_set":"cliff_organizations","tag_sets_id":2388,"tags_id":30749767},{"stories_id":2454534720,"tag":"TikTok","tag_set":"cliff_people","tag_sets_id":2389,"tags_id":31849811},{"stories_id":2454534720,"tag":"readability-lxml-0.8.1","tag_set":"extractor_version","tag_sets_id":1354,"tags_id":228516910},{"stories_id":2454534720,"tag":"cliff_clavin_v2.6.1","tag_set":"geocoder_version","tag_sets_id":1937,"tags_id":228516911}],"title":"Taiwan, a major producer of semiconductors, says it will abide by U.S. rules","url":"https://www.washingtonpost.com/politics/2022/10/21/taiwan-major-producer-semiconductors-says-it-will-abide-by-us-rules/","word_count":null}]