[{"ap_syndicated":null,"collect_date":"2022-11-07 21:30:39.366952","feeds":null,"guid":"https://www.washingtonpost.com/opinions/2022/11/07/we-cant-rush-renewable-energy-cost-biodiversity/?utm_source=rss&utm_medium=referral&utm_campaign=wp_opinions-letters-to-the-editor","language":"en","media_id":2,"media_name":null,"media_url":null,"processed_stories_id":null,"publish_date":"2022-11-07 14:17:49","stories_id":2471036009,"story_tags":[{"stories_id":2471036009,"tag":"geonames_6252001","tag_set":"mc-geocoder@media.mit.edu","tag_sets_id":1011,"tags_id":8878461},{"stories_id":2471036009,"tag":"geonames_5509151","tag_set":"mc-geocoder@media.mit.edu","tag_sets_id":1011,"tags_id":8879111},{"stories_id":2471036009,"tag":"geonames_4744091","tag_set":"mc-geocoder@media.mit.edu","tag_sets_id":1011,"tags_id":8913283},{"stories_id":2471036009,"tag":"nyt_labeller_v1.0.0","tag_set":"nyt_labels_version","tag_sets_id":1964,"tags_id":9360669},{"stories_id":2471036009,"tag":"politics and government","tag_set":"nyt_labels","tag_sets_id":1963,"tags_id":9360836},{"stories_id":2471036009,"tag":"environment","tag_set":"nyt_labels","tag_sets_id":1963,"tags_id":9360887},{"stories_id":2471036009,"tag":"energy and power","tag_set":"nyt_labels","tag_sets_id":1963,"tags_id":9360997},{"stories_id":2471036009,"tag":"Washington Post","tag_set":"cliff_organizations","tag_sets_id":2388,"tags_id":9362798},{"stories_id":2471036009,"tag":"Biden","tag_set":"cliff_people","tag_sets_id":2389,"tags_id":9365736},{"stories_id":2471036009,"tag":"geonames_5503050","tag_set":"mc-geocoder@media.mit.edu","tag_sets_id":1011,"tags_id":11615925},{"stories_id":2471036009,"tag":"readability-lxml-0.8.1","tag_set":"extractor_version","tag_sets_id":1354,"tags_id":228516910},{"stories_id":2471036009,"tag":"cliff_clavin_v2.6.1","tag_set":"geocoder_version","tag_sets_id":1937,"tags_id":228516911},{"stories_id":2471036009,"tag":"endangered Dixie Valley toad","tag_set":"cliff_organizations","tag_sets_id":2388,"tags_id":258938386},{"stories_id":2471036009,"tag":"Sarah E. Blanton","tag_set":"cliff_people","tag_sets_id":2389,"tags_id":264340817}],"title":"We can’t rush renewable energy at the cost of biodiversity","url":"https://www.washingtonpost.com/opinions/2022/11/07/we-cant-rush-renewable-energy-cost-biodiversity/?utm_source=rss&utm_medium=referral&utm_campaign=wp_opinions-letters-to-the-editor","word_count":null}]