[{"ap_syndicated":null,"collect_date":"2022-11-09 03:45:52.773944","feeds":null,"guid":"https://www.washingtonpost.com/world/the-latest--un-climate-summit/2022/11/09/30c6ba34-6007-11ed-a131-e900e4a6336b_story.html?utm_source=rss&utm_medium=referral&utm_campaign=wp_world","language":"en","media_id":2,"media_name":null,"media_url":null,"processed_stories_id":null,"publish_date":"2022-11-09 03:31:21","stories_id":2472391610,"story_tags":[{"stories_id":2472391610,"tag":"geonames_2921044","tag_set":"mc-geocoder@media.mit.edu","tag_sets_id":1011,"tags_id":8878575},{"stories_id":2472391610,"tag":"geonames_2950157","tag_set":"mc-geocoder@media.mit.edu","tag_sets_id":1011,"tags_id":8878617},{"stories_id":2472391610,"tag":"geonames_2950159","tag_set":"mc-geocoder@media.mit.edu","tag_sets_id":1011,"tags_id":8878621},{"stories_id":2472391610,"tag":"geonames_357994","tag_set":"mc-geocoder@media.mit.edu","tag_sets_id":1011,"tags_id":8879007},{"stories_id":2472391610,"tag":"geonames_355182","tag_set":"mc-geocoder@media.mit.edu","tag_sets_id":1011,"tags_id":8882968},{"stories_id":2472391610,"tag":"geonames_349340","tag_set":"mc-geocoder@media.mit.edu","tag_sets_id":1011,"tags_id":8892348},{"stories_id":2472391610,"tag":"nyt_labeller_v1.0.0","tag_set":"nyt_labels_version","tag_sets_id":1964,"tags_id":9360669},{"stories_id":2472391610,"tag":"global warming","tag_set":"nyt_labels","tag_sets_id":1963,"tags_id":9360886},{"stories_id":2472391610,"tag":"environment","tag_set":"nyt_labels","tag_sets_id":1963,"tags_id":9360887},{"stories_id":2472391610,"tag":"weather","tag_set":"nyt_labels","tag_sets_id":1963,"tags_id":9360902},{"stories_id":2472391610,"tag":"air pollution","tag_set":"nyt_labels","tag_sets_id":1963,"tags_id":9361007},{"stories_id":2472391610,"tag":"chemistry","tag_set":"nyt_labels","tag_sets_id":1963,"tags_id":9361262},{"stories_id":2472391610,"tag":"UN","tag_set":"cliff_organizations","tag_sets_id":2388,"tags_id":9362786},{"stories_id":2472391610,"tag":"AP","tag_set":"cliff_organizations","tag_sets_id":2388,"tags_id":9362920},{"stories_id":2472391610,"tag":"U.N.","tag_set":"cliff_organizations","tag_sets_id":2388,"tags_id":9363619},{"stories_id":2472391610,"tag":"Lutheran Church","tag_set":"cliff_organizations","tag_sets_id":2388,"tags_id":9449130},{"stories_id":2472391610,"tag":"DanChurchAid","tag_set":"cliff_people","tag_sets_id":2389,"tags_id":11398718},{"stories_id":2472391610,"tag":"readability-lxml-0.8.1","tag_set":"extractor_version","tag_sets_id":1354,"tags_id":228516910},{"stories_id":2472391610,"tag":"cliff_clavin_v2.6.1","tag_set":"geocoder_version","tag_sets_id":1937,"tags_id":228516911}],"title":"The Latest | UN Climate Summit","url":"https://www.washingtonpost.com/world/the-latest--un-climate-summit/2022/11/09/30c6ba34-6007-11ed-a131-e900e4a6336b_story.html?utm_source=rss&utm_medium=referral&utm_campaign=wp_world","word_count":null}]