[{"ap_syndicated":null,"collect_date":"2018-03-29 09:19:31.361613","feeds":null,"guid":"https://www.usatoday.com/story/money/2018/03/29/elon-musk-tripped-legal-ruling-over-teslas-2-6-b-acquisition-solarcity/468627002/","language":"en","media_id":4,"media_name":null,"media_url":null,"processed_stories_id":null,"publish_date":"2018-03-29 08:56:39","stories_id":835267787,"story_tags":[{"stories_id":835267787,"tag":"geonames_6252001","tag_set":"mc-geocoder@media.mit.edu","tag_sets_id":1011,"tags_id":8878461},{"stories_id":835267787,"tag":"geonames_5332921","tag_set":"mc-geocoder@media.mit.edu","tag_sets_id":1011,"tags_id":8878533},{"stories_id":835267787,"tag":"geonames_4149959","tag_set":"mc-geocoder@media.mit.edu","tag_sets_id":1011,"tags_id":8879311},{"stories_id":835267787,"tag":"geonames_5375480","tag_set":"mc-geocoder@media.mit.edu","tag_sets_id":1011,"tags_id":8879340},{"stories_id":835267787,"tag":"geonames_4824539","tag_set":"mc-geocoder@media.mit.edu","tag_sets_id":1011,"tags_id":8886229},{"stories_id":835267787,"tag":"geonames_5392423","tag_set":"mc-geocoder@media.mit.edu","tag_sets_id":1011,"tags_id":8953439},{"stories_id":835267787,"tag":"readability-lxml-0.6.2","tag_set":"extractor_version","tag_sets_id":1354,"tags_id":9325058},{"stories_id":835267787,"tag":"nyt_labeller_v1.0.0","tag_set":"nyt_labels_version","tag_sets_id":1964,"tags_id":9360669},{"stories_id":835267787,"tag":"finances","tag_set":"nyt_labels","tag_sets_id":1963,"tags_id":9360840},{"stories_id":835267787,"tag":"suits and litigation","tag_set":"nyt_labels","tag_sets_id":1963,"tags_id":9360860},{"stories_id":835267787,"tag":"mergers, acquisitions and divestitures","tag_set":"nyt_labels","tag_sets_id":1963,"tags_id":9361071},{"stories_id":835267787,"tag":"AP","tag_set":"cliff_organizations","tag_sets_id":2388,"tags_id":9362920},{"stories_id":835267787,"tag":"SpaceX","tag_set":"cliff_organizations","tag_sets_id":2388,"tags_id":9363689},{"stories_id":835267787,"tag":"Musk","tag_set":"cliff_people","tag_sets_id":2389,"tags_id":9363695},{"stories_id":835267787,"tag":"Elon Musk","tag_set":"cliff_organizations","tag_sets_id":2388,"tags_id":9365056},{"stories_id":835267787,"tag":"Tesla","tag_set":"cliff_people","tag_sets_id":2389,"tags_id":9369660},{"stories_id":835267787,"tag":"Tesla","tag_set":"cliff_organizations","tag_sets_id":2388,"tags_id":9370176},{"stories_id":835267787,"tag":"USA TODAY","tag_set":"cliff_organizations","tag_sets_id":2388,"tags_id":9382850},{"stories_id":835267787,"tag":"John Raoux","tag_set":"cliff_people","tag_sets_id":2389,"tags_id":9388531},{"stories_id":835267787,"tag":"NTSB","tag_set":"cliff_organizations","tag_sets_id":2388,"tags_id":9412048},{"stories_id":835267787,"tag":"Musk","tag_set":"cliff_organizations","tag_sets_id":2388,"tags_id":9418389},{"stories_id":835267787,"tag":"National Transportation Safety Board","tag_set":"cliff_organizations","tag_sets_id":2388,"tags_id":9475303},{"stories_id":835267787,"tag":"Marco della Cava","tag_set":"cliff_people","tag_sets_id":2389,"tags_id":9476991},{"stories_id":835267787,"tag":"Kevin McCoy","tag_set":"cliff_people","tag_sets_id":2389,"tags_id":9506116},{"stories_id":835267787,"tag":"Kennedy Space Center","tag_set":"cliff_organizations","tag_sets_id":2388,"tags_id":9509394},{"stories_id":835267787,"tag":"Tesla electric","tag_set":"cliff_organizations","tag_sets_id":2388,"tags_id":9550446},{"stories_id":835267787,"tag":"Lyndon Rive","tag_set":"cliff_people","tag_sets_id":2389,"tags_id":9553733},{"stories_id":835267787,"tag":"cliff_clavin_v2.4.1","tag_set":"geocoder_version","tag_sets_id":1937,"tags_id":9696677},{"stories_id":835267787,"tag":"Delaware Chancery Court","tag_set":"cliff_organizations","tag_sets_id":2388,"tags_id":9703408},{"stories_id":835267787,"tag":"SolarCity","tag_set":"cliff_organizations","tag_sets_id":2388,"tags_id":9713276},{"stories_id":835267787,"tag":"Kimbal Musk","tag_set":"cliff_organizations","tag_sets_id":2388,"tags_id":10275369},{"stories_id":835267787,"tag":"Peter Rive","tag_set":"cliff_people","tag_sets_id":2389,"tags_id":10283035},{"stories_id":835267787,"tag":"Chelsea Land for USA TODAY","tag_set":"cliff_organizations","tag_sets_id":2388,"tags_id":11271508},{"stories_id":835267787,"tag":"Joseph Slights","tag_set":"cliff_people","tag_sets_id":2389,"tags_id":34292003},{"stories_id":835267787,"tag":"Tesla Board","tag_set":"cliff_organizations","tag_sets_id":2388,"tags_id":36709701},{"stories_id":835267787,"tag":"Tesla's SolarCity","tag_set":"cliff_organizations","tag_sets_id":2388,"tags_id":56126400}],"title":"Elon Musk tripped by legal ruling over Tesla's $2.6B acquisition of SolarCity","url":"http://rssfeeds.usatoday.com/~/535830548/0/usatoday-newstopstories~Elon-Musk-tripped-by-legal-ruling-over-Teslas-B-acquisition-of-SolarCity/","word_count":null}]