[{"ap_syndicated":null,"collect_date":"2018-09-05 06:59:16.126072","feeds":null,"guid":"https://www.nytimes.com/2018/09/05/opinion/jerry-brown-climate-california.html","language":"en","media_id":1,"media_name":null,"media_url":null,"processed_stories_id":null,"publish_date":"2018-09-05 10:00:05","stories_id":972095273,"story_tags":[{"stories_id":972095273,"tag":"geonames_6252001","tag_set":"mc-geocoder@media.mit.edu","tag_sets_id":1011,"tags_id":8878461},{"stories_id":972095273,"tag":"geonames_5332921","tag_set":"mc-geocoder@media.mit.edu","tag_sets_id":1011,"tags_id":8878533},{"stories_id":972095273,"tag":"readability-lxml-0.6.2","tag_set":"extractor_version","tag_sets_id":1354,"tags_id":9325058},{"stories_id":972095273,"tag":"nyt_labeller_v1.0.0","tag_set":"nyt_labels_version","tag_sets_id":1964,"tags_id":9360669},{"stories_id":972095273,"tag":"politics and government","tag_set":"nyt_labels","tag_sets_id":1963,"tags_id":9360836},{"stories_id":972095273,"tag":"law and legislation","tag_set":"nyt_labels","tag_sets_id":1963,"tags_id":9360837},{"stories_id":972095273,"tag":"environment","tag_set":"nyt_labels","tag_sets_id":1963,"tags_id":9360887},{"stories_id":972095273,"tag":"energy and power","tag_set":"nyt_labels","tag_sets_id":1963,"tags_id":9360997},{"stories_id":972095273,"tag":"electric light and power","tag_set":"nyt_labels","tag_sets_id":1963,"tags_id":9361013},{"stories_id":972095273,"tag":"light","tag_set":"nyt_labels","tag_sets_id":1963,"tags_id":9361014},{"stories_id":972095273,"tag":"Trump","tag_set":"cliff_people","tag_sets_id":2389,"tags_id":9362872},{"stories_id":972095273,"tag":"Jerry Brown","tag_set":"cliff_people","tag_sets_id":2389,"tags_id":9367511},{"stories_id":972095273,"tag":"Arnold Schwarzenegger","tag_set":"cliff_people","tag_sets_id":2389,"tags_id":9391108},{"stories_id":972095273,"tag":"cliff_clavin_v2.4.1","tag_set":"geocoder_version","tag_sets_id":1937,"tags_id":9696677}],"title":"How Jerry Brown Can Seal His Legacy as a Climate Champion","url":"https://www.nytimes.com/2018/09/05/opinion/jerry-brown-climate-california.html","word_count":null}]